id,image_name,type
0,glioma/Tr-gl_84.jpg,glioma
1,pituitary/Tr-pi_628.jpg,pituitary
2,pituitary/Tr-pi_145.jpg,pituitary
3,pituitary/Tr-pi_1376.jpg,pituitary
4,meningioma/Tr-me_1211.jpg,meningioma
5,glioma/Tr-gl_38.jpg,glioma
6,glioma/Tr-gl_1213.jpg,glioma
7,pituitary/Tr-pi_1358.jpg,pituitary
8,pituitary/Tr-pi_643.jpg,pituitary
9,notumor/Tr-no_425.jpg,notumor
10,glioma/Tr-gl_726.jpg,glioma
11,pituitary/Tr-pi_806.jpg,pituitary
12,notumor/Tr-no_1126.jpg,notumor
13,meningioma/Tr-me_192.jpg,meningioma
14,pituitary/Tr-pi_487.jpg,pituitary
15,pituitary/Tr-pi_710.jpg,pituitary
16,notumor/Tr-no_1046.jpg,notumor
17,pituitary/Tr-pi_555.jpg,pituitary
18,meningioma/Tr-me_788.jpg,meningioma
19,meningioma/Tr-me_1088.jpg,meningioma
20,meningioma/Tr-aug-me_57.jpg,meningioma
21,notumor/Tr-no_595.jpg,notumor
22,notumor/Tr-no_592.jpg,notumor
23,pituitary/Tr-pi_615.jpg,pituitary
24,notumor/Tr-no_295.jpg,notumor
25,pituitary/Tr-pi_517.jpg,pituitary
26,meningioma/Tr-me_736.jpg,meningioma
27,meningioma/Tr-me_1167.jpg,meningioma
28,glioma/Tr-gl_667.jpg,glioma
29,notumor/Tr-no_239.jpg,notumor
30,pituitary/Tr-pi_1176.jpg,pituitary
31,pituitary/Tr-pi_88.jpg,pituitary
32,notumor/Tr-no_736.jpg,notumor
33,pituitary/Tr-pi_813.jpg,pituitary
34,notumor/Tr-no_746.jpg,notumor
35,meningioma/Tr-aug-me_77.jpg,meningioma
36,glioma/Tr-gl_1035.jpg,glioma
37,pituitary/Tr-pi_981.jpg,pituitary
38,glioma/Tr-gl_347.jpg,glioma
39,glioma/Tr-gl_345.jpg,glioma
40,glioma/Tr-gl_1385.jpg,glioma
41,notumor/Tr-no_1251.jpg,notumor
42,glioma/Tr-gl_1118.jpg,glioma
43,pituitary/Tr-pi_653.jpg,pituitary
44,glioma/Tr-gl_505.jpg,glioma
45,notumor/Tr-no_130.jpg,notumor
46,glioma/Tr-gl_808.jpg,glioma
47,notumor/Tr-no_229.jpg,notumor
48,meningioma/Tr-me_1092.jpg,meningioma
49,notumor/Tr-no_885.jpg,notumor
50,pituitary/Tr-pi_640.jpg,pituitary
51,meningioma/Tr-me_1230.jpg,meningioma
52,glioma/Tr-gl_1206.jpg,glioma
53,notumor/Tr-no_263.jpg,notumor
54,glioma/Tr-gl_191.jpg,glioma
55,pituitary/Tr-pi_952.jpg,pituitary
56,pituitary/Tr-pi_791.jpg,pituitary
57,notumor/Tr-no_508.jpg,notumor
58,pituitary/Tr-pi_609.jpg,pituitary
59,notumor/Tr-no_1337.jpg,notumor
60,pituitary/Tr-pi_1244.jpg,pituitary
61,pituitary/Tr-pi_260.jpg,pituitary
62,pituitary/Tr-pi_480.jpg,pituitary
63,pituitary/Tr-pi_1007.jpg,pituitary
64,pituitary/Tr-pi_103.jpg,pituitary
65,meningioma/Tr-me_118.jpg,meningioma
66,glioma/Tr-gl_389.jpg,glioma
67,notumor/Tr-no_223.jpg,notumor
68,notumor/Tr-no_637.jpg,notumor
69,notumor/Tr-no_1005.jpg,notumor
70,notumor/Tr-no_861.jpg,notumor
71,pituitary/Tr-pi_1276.jpg,pituitary
72,pituitary/Tr-pi_1116.jpg,pituitary
73,meningioma/Tr-me_125.jpg,meningioma
74,pituitary/Tr-pi_1068.jpg,pituitary
75,meningioma/Tr-me_563.jpg,meningioma
76,meningioma/Tr-me_707.jpg,meningioma
77,glioma/Tr-gl_1083.jpg,glioma
78,glioma/Tr-gl_336.jpg,glioma
79,notumor/Tr-no_689.jpg,notumor
80,meningioma/Tr-me_1215.jpg,meningioma
81,glioma/Tr-gl_803.jpg,glioma
82,glioma/Tr-gl_921.jpg,glioma
83,pituitary/Tr-pi_468.jpg,pituitary
84,pituitary/Tr-pi_811.jpg,pituitary
85,glioma/Tr-gl_790.jpg,glioma
86,pituitary/Tr-pi_602.jpg,pituitary
87,notumor/Tr-no_801.jpg,notumor
88,pituitary/Tr-pi_567.jpg,pituitary
89,glioma/Tr-gl_509.jpg,glioma
90,pituitary/Tr-pi_215.jpg,pituitary
91,glioma/Tr-gl_627.jpg,glioma
92,pituitary/Tr-pi_1352.jpg,pituitary
93,notumor/Tr-no_146.jpg,notumor
94,meningioma/Tr-me_136.jpg,meningioma
95,notumor/Tr-no_905.jpg,notumor
96,glioma/Tr-gl_384.jpg,glioma
97,glioma/Tr-gl_178.jpg,glioma
98,notumor/Tr-no_851.jpg,notumor
99,pituitary/Tr-pi_634.jpg,pituitary
100,pituitary/Tr-pi_671.jpg,pituitary
101,notumor/Tr-no_414.jpg,notumor
102,pituitary/Tr-pi_300.jpg,pituitary
103,glioma/Tr-gl_1178.jpg,glioma
104,glioma/Tr-gl_993.jpg,glioma
105,meningioma/Tr-me_861.jpg,meningioma
106,glioma/Tr-gl_776.jpg,glioma
107,notumor/Tr-no_378.jpg,notumor
108,pituitary/Tr-pi_18.jpg,pituitary
109,pituitary/Tr-pi_553.jpg,pituitary
110,pituitary/Tr-pi_1079.jpg,pituitary
111,notumor/Tr-no_763.jpg,notumor
112,notumor/Tr-no_1008.jpg,notumor
113,meningioma/Tr-me_623.jpg,meningioma
114,notumor/Tr-no_42.jpg,notumor
115,notumor/Tr-no_59.jpg,notumor
116,notumor/Tr-no_781.jpg,notumor
117,pituitary/Tr-pi_612.jpg,pituitary
118,pituitary/Tr-pi_1196.jpg,pituitary
119,pituitary/Tr-pi_581.jpg,pituitary
120,pituitary/Tr-pi_1237.jpg,pituitary
121,pituitary/Tr-pi_327.jpg,pituitary
122,notumor/Tr-no_1090.jpg,notumor
123,notumor/Tr-no_97.jpg,notumor
124,meningioma/Tr-me_337.jpg,meningioma
125,glioma/Tr-gl_624.jpg,glioma
126,glioma/Tr-gl_230.jpg,glioma
127,glioma/Tr-gl_300.jpg,glioma
128,pituitary/Tr-pi_695.jpg,pituitary
129,glioma/Tr-gl_324.jpg,glioma
130,meningioma/Tr-me_1083.jpg,meningioma
131,glioma/Tr-gl_259.jpg,glioma
132,meningioma/Tr-me_1206.jpg,meningioma
133,meningioma/Tr-me_479.jpg,meningioma
134,meningioma/Tr-me_48.jpg,meningioma
135,meningioma/Tr-me_1048.jpg,meningioma
136,pituitary/Tr-pi_682.jpg,pituitary
137,meningioma/Tr-me_94.jpg,meningioma
138,pituitary/Tr-pi_1320.jpg,pituitary
139,notumor/Tr-no_974.jpg,notumor
140,glioma/Tr-gl_187.jpg,glioma
141,notumor/Tr-no_1206.jpg,notumor
142,pituitary/Tr-pi_925.jpg,pituitary
143,pituitary/Tr-pi_802.jpg,pituitary
144,pituitary/Tr-pi_61.jpg,pituitary
145,glioma/Tr-gl_150.jpg,glioma
146,pituitary/Tr-pi_1292.jpg,pituitary
147,meningioma/Tr-me_159.jpg,meningioma
148,notumor/Tr-no_1357.jpg,notumor
149,notumor/Tr-no_730.jpg,notumor
150,glioma/Tr-gl_801.jpg,glioma
151,pituitary/Tr-pi_420.jpg,pituitary
152,pituitary/Tr-pi_408.jpg,pituitary
153,glioma/Tr-gl_662.jpg,glioma
154,meningioma/Tr-me_816.jpg,meningioma
155,notumor/Tr-no_839.jpg,notumor
156,glioma/Tr-gl_278.jpg,glioma
157,glioma/Tr-gl_454.jpg,glioma
158,notumor/Tr-no_635.jpg,notumor
159,meningioma/Tr-me_433.jpg,meningioma
160,meningioma/Tr-me_873.jpg,meningioma
161,glioma/Tr-gl_747.jpg,glioma
162,notumor/Tr-no_852.jpg,notumor
163,notumor/Tr-no_1182.jpg,notumor
164,glioma/Tr-gl_419.jpg,glioma
165,glioma/Tr-gl_1028.jpg,glioma
166,pituitary/Tr-pi_533.jpg,pituitary
167,glioma/Tr-gl_588.jpg,glioma
168,notumor/Tr-no_778.jpg,notumor
169,glioma/Tr-gl_1380.jpg,glioma
170,glioma/Tr-gl_364.jpg,glioma
171,glioma/Tr-gl_23.jpg,glioma
172,pituitary/Tr-pi_1161.jpg,pituitary
173,pituitary/Tr-pi_524.jpg,pituitary
174,glioma/Tr-gl_114.jpg,glioma
175,pituitary/Tr-pi_485.jpg,pituitary
176,meningioma/Tr-me_67.jpg,meningioma
177,notumor/Tr-no_743.jpg,notumor
178,glioma/Tr-gl_571.jpg,glioma
179,notumor/Tr-no_840.jpg,notumor
180,meningioma/Tr-me_1175.jpg,meningioma
181,meningioma/Tr-me_1062.jpg,meningioma
182,glioma/Tr-gl_1264.jpg,glioma
183,meningioma/Tr-me_1112.jpg,meningioma
184,glioma/Tr-gl_633.jpg,glioma
185,notumor/Tr-no_1092.jpg,notumor
186,pituitary/Tr-pi_381.jpg,pituitary
187,glioma/Tr-gl_1358.jpg,glioma
188,notumor/Tr-no_211.jpg,notumor
189,notumor/Tr-no_805.jpg,notumor
190,notumor/Tr-no_292.jpg,notumor
191,notumor/Tr-no_501.jpg,notumor
192,notumor/Tr-no_527.jpg,notumor
193,glioma/Tr-gl_1019.jpg,glioma
194,pituitary/Tr-pi_998.jpg,pituitary
195,pituitary/Tr-pi_1302.jpg,pituitary
196,meningioma/Tr-me_286.jpg,meningioma
197,meningioma/Tr-me_1134.jpg,meningioma
198,meningioma/Tr-aug-me_11.jpg,meningioma
199,notumor/Tr-no_1116.jpg,notumor
200,meningioma/Tr-me_75.jpg,meningioma
201,glioma/Tr-gl_1244.jpg,glioma
202,meningioma/Tr-me_66.jpg,meningioma
203,meningioma/Tr-me_636.jpg,meningioma
204,pituitary/Tr-pi_1088.jpg,pituitary
205,notumor/Tr-no_871.jpg,notumor
206,meningioma/Tr-me_955.jpg,meningioma
207,glioma/Tr-gl_539.jpg,glioma
208,pituitary/Tr-pi_984.jpg,pituitary
209,glioma/Tr-gl_664.jpg,glioma
210,pituitary/Tr-pi_547.jpg,pituitary
211,notumor/Tr-no_535.jpg,notumor
212,meningioma/Tr-me_674.jpg,meningioma
213,glioma/Tr-gl_1043.jpg,glioma
214,pituitary/Tr-pi_393.jpg,pituitary
215,glioma/Tr-gl_1156.jpg,glioma
216,pituitary/Tr-pi_968.jpg,pituitary
217,notumor/Tr-no_653.jpg,notumor
218,notumor/Tr-no_1067.jpg,notumor
219,glioma/Tr-gl_984.jpg,glioma
220,meningioma/Tr-me_1194.jpg,meningioma
221,notumor/Tr-no_1350.jpg,notumor
222,meningioma/Tr-me_832.jpg,meningioma
223,glioma/Tr-gl_901.jpg,glioma
224,pituitary/Tr-pi_796.jpg,pituitary
225,notumor/Tr-no_551.jpg,notumor
226,glioma/Tr-gl_752.jpg,glioma
227,pituitary/Tr-pi_996.jpg,pituitary
228,meningioma/Tr-me_1187.jpg,meningioma
229,glioma/Tr-gl_255.jpg,glioma
230,notumor/Tr-no_1082.jpg,notumor
231,notumor/Tr-no_1344.jpg,notumor
232,glioma/Tr-gl_437.jpg,glioma
233,meningioma/Tr-me_464.jpg,meningioma
234,glioma/Tr-gl_1163.jpg,glioma
235,glioma/Tr-gl_702.jpg,glioma
236,pituitary/Tr-pi_1055.jpg,pituitary
237,glioma/Tr-gl_1152.jpg,glioma
238,notumor/Tr-no_1144.jpg,notumor
239,pituitary/Tr-pi_1397.jpg,pituitary
240,meningioma/Tr-me_831.jpg,meningioma
241,pituitary/Tr-pi_688.jpg,pituitary
242,meningioma/Tr-me_128.jpg,meningioma
243,glioma/Tr-gl_1013.jpg,glioma
244,glioma/Tr-gl_807.jpg,glioma
245,pituitary/Tr-pi_259.jpg,pituitary
246,glioma/Tr-gl_736.jpg,glioma
247,glioma/Tr-gl_1252.jpg,glioma
248,notumor/Tr-no_96.jpg,notumor
249,glioma/Tr-gl_1093.jpg,glioma
250,glioma/Tr-gl_306.jpg,glioma
251,glioma/Tr-gl_1079.jpg,glioma
252,glioma/Tr-gl_1011.jpg,glioma
253,glioma/Tr-gl_1066.jpg,glioma
254,pituitary/Tr-pi_90.jpg,pituitary
255,pituitary/Tr-pi_1016.jpg,pituitary
256,pituitary/Tr-pi_248.jpg,pituitary
257,meningioma/Tr-me_640.jpg,meningioma
258,notumor/Tr-no_628.jpg,notumor
259,glioma/Tr-gl_1304.jpg,glioma
260,glioma/Tr-gl_15.jpg,glioma
261,glioma/Tr-gl_448.jpg,glioma
262,pituitary/Tr-pi_478.jpg,pituitary
263,meningioma/Tr-me_647.jpg,meningioma
264,notumor/Tr-no_273.jpg,notumor
265,glioma/Tr-gl_1090.jpg,glioma
266,notumor/Tr-no_1034.jpg,notumor
267,notumor/Tr-no_324.jpg,notumor
268,glioma/Tr-gl_168.jpg,glioma
269,notumor/Tr-no_646.jpg,notumor
270,pituitary/Tr-pi_1316.jpg,pituitary
271,glioma/Tr-gl_655.jpg,glioma
272,meningioma/Tr-me_1003.jpg,meningioma
273,notumor/Tr-no_180.jpg,notumor
274,glioma/Tr-gl_1012.jpg,glioma
275,glioma/Tr-gl_593.jpg,glioma
276,pituitary/Tr-pi_721.jpg,pituitary
277,notumor/Tr-no_1370.jpg,notumor
278,meningioma/Tr-me_253.jpg,meningioma
279,pituitary/Tr-pi_466.jpg,pituitary
280,notumor/Tr-no_165.jpg,notumor
281,glioma/Tr-gl_1022.jpg,glioma
282,meningioma/Tr-me_123.jpg,meningioma
283,notumor/Tr-no_1232.jpg,notumor
284,meningioma/Tr-me_898.jpg,meningioma
285,notumor/Tr-no_226.jpg,notumor
286,pituitary/Tr-pi_203.jpg,pituitary
287,pituitary/Tr-pi_516.jpg,pituitary
288,notumor/Tr-no_62.jpg,notumor
289,glioma/Tr-gl_1234.jpg,glioma
290,pituitary/Tr-pi_795.jpg,pituitary
291,pituitary/Tr-pi_40.jpg,pituitary
292,meningioma/Tr-me_980.jpg,meningioma
293,pituitary/Tr-pi_20.jpg,pituitary
294,meningioma/Tr-me_918.jpg,meningioma
295,notumor/Tr-no_114.jpg,notumor
296,meningioma/Tr-me_900.jpg,meningioma
297,meningioma/Tr-me_817.jpg,meningioma
298,pituitary/Tr-pi_787.jpg,pituitary
299,pituitary/Tr-pi_863.jpg,pituitary
300,glioma/Tr-gl_911.jpg,glioma
301,pituitary/Tr-pi_172.jpg,pituitary
302,glioma/Tr-gl_636.jpg,glioma
303,meningioma/Tr-me_7.jpg,meningioma
304,glioma/Tr-gl_68.jpg,glioma
305,pituitary/Tr-pi_192.jpg,pituitary
306,pituitary/Tr-pi_28.jpg,pituitary
307,glioma/Tr-gl_1139.jpg,glioma
308,pituitary/Tr-pi_46.jpg,pituitary
309,pituitary/Tr-pi_1389.jpg,pituitary
310,pituitary/Tr-pi_136.jpg,pituitary
311,pituitary/Tr-pi_1141.jpg,pituitary
312,pituitary/Tr-pi_761.jpg,pituitary
313,meningioma/Tr-me_644.jpg,meningioma
314,glioma/Tr-gl_613.jpg,glioma
315,glioma/Tr-gl_491.jpg,glioma
316,meningioma/Tr-me_290.jpg,meningioma
317,notumor/Tr-no_502.jpg,notumor
318,pituitary/Tr-pi_94.jpg,pituitary
319,glioma/Tr-gl_542.jpg,glioma
320,notumor/Tr-no_666.jpg,notumor
321,pituitary/Tr-pi_1009.jpg,pituitary
322,pituitary/Tr-pi_693.jpg,pituitary
323,pituitary/Tr-pi_805.jpg,pituitary
324,notumor/Tr-no_1222.jpg,notumor
325,glioma/Tr-gl_949.jpg,glioma
326,meningioma/Tr-me_631.jpg,meningioma
327,notumor/Tr-no_312.jpg,notumor
328,meningioma/Tr-me_1026.jpg,meningioma
329,notumor/Tr-no_1164.jpg,notumor
330,glioma/Tr-gl_100.jpg,glioma
331,notumor/Tr-no_1135.jpg,notumor
332,glioma/Tr-gl_835.jpg,glioma
333,glioma/Tr-gl_755.jpg,glioma
334,meningioma/Tr-me_130.jpg,meningioma
335,meningioma/Tr-me_693.jpg,meningioma
336,meningioma/Tr-me_1157.jpg,meningioma
337,glioma/Tr-gl_1208.jpg,glioma
338,notumor/Tr-no_1217.jpg,notumor
339,glioma/Tr-gl_822.jpg,glioma
340,meningioma/Tr-me_1171.jpg,meningioma
341,meningioma/Tr-me_220.jpg,meningioma
342,pituitary/Tr-pi_193.jpg,pituitary
343,notumor/Tr-no_418.jpg,notumor
344,notumor/Tr-no_1287.jpg,notumor
345,pituitary/Tr-pi_151.jpg,pituitary
346,meningioma/Tr-me_306.jpg,meningioma
347,glioma/Tr-gl_1219.jpg,glioma
348,pituitary/Tr-pi_141.jpg,pituitary
349,pituitary/Tr-pi_1290.jpg,pituitary
350,glioma/Tr-gl_1272.jpg,glioma
351,glioma/Tr-gl_229.jpg,glioma
352,glioma/Tr-gl_414.jpg,glioma
353,meningioma/Tr-me_715.jpg,meningioma
354,glioma/Tr-gl_628.jpg,glioma
355,notumor/Tr-no_98.jpg,notumor
356,glioma/Tr-gl_78.jpg,glioma
357,glioma/Tr-gl_1263.jpg,glioma
358,meningioma/Tr-me_305.jpg,meningioma
359,glioma/Tr-gl_329.jpg,glioma
360,glioma/Tr-gl_397.jpg,glioma
361,notumor/Tr-no_442.jpg,notumor
362,meningioma/Tr-me_353.jpg,meningioma
363,pituitary/Tr-pi_349.jpg,pituitary
364,notumor/Tr-no_823.jpg,notumor
365,glioma/Tr-gl_904.jpg,glioma
366,notumor/Tr-no_64.jpg,notumor
367,notumor/Tr-no_1298.jpg,notumor
368,glioma/Tr-gl_508.jpg,glioma
369,pituitary/Tr-pi_205.jpg,pituitary
370,glioma/Tr-gl_934.jpg,glioma
371,pituitary/Tr-pi_224.jpg,pituitary
372,notumor/Tr-no_684.jpg,notumor
373,pituitary/Tr-pi_679.jpg,pituitary
374,glioma/Tr-gl_450.jpg,glioma
375,notumor/Tr-no_835.jpg,notumor
376,notumor/Tr-no_1139.jpg,notumor
377,pituitary/Tr-pi_888.jpg,pituitary
378,meningioma/Tr-aug-me_72.jpg,meningioma
379,meningioma/Tr-me_885.jpg,meningioma
380,pituitary/Tr-pi_692.jpg,pituitary
381,pituitary/Tr-pi_309.jpg,pituitary
382,glioma/Tr-gl_680.jpg,glioma
383,meningioma/Tr-me_84.jpg,meningioma
384,meningioma/Tr-me_24.jpg,meningioma
385,glioma/Tr-gl_402.jpg,glioma
386,meningioma/Tr-me_699.jpg,meningioma
387,pituitary/Tr-pi_1001.jpg,pituitary
388,meningioma/Tr-me_93.jpg,meningioma
389,pituitary/Tr-pi_1086.jpg,pituitary
390,meningioma/Tr-me_103.jpg,meningioma
391,meningioma/Tr-me_321.jpg,meningioma
392,pituitary/Tr-pi_429.jpg,pituitary
393,notumor/Tr-no_664.jpg,notumor
394,pituitary/Tr-pi_632.jpg,pituitary
395,glioma/Tr-gl_1397.jpg,glioma
396,pituitary/Tr-pi_1345.jpg,pituitary
397,notumor/Tr-no_1183.jpg,notumor
398,pituitary/Tr-pi_955.jpg,pituitary
399,glioma/Tr-gl_77.jpg,glioma
400,glioma/Tr-gl_893.jpg,glioma
401,glioma/Tr-gl_456.jpg,glioma
402,meningioma/Tr-me_316.jpg,meningioma
403,meningioma/Tr-me_841.jpg,meningioma
404,pituitary/Tr-pi_1012.jpg,pituitary
405,pituitary/Tr-pi_882.jpg,pituitary
406,glioma/Tr-gl_538.jpg,glioma
407,notumor/Tr-no_342.jpg,notumor
408,notumor/Tr-no_523.jpg,notumor
409,pituitary/Tr-pi_472.jpg,pituitary
410,notumor/Tr-no_84.jpg,notumor
411,pituitary/Tr-pi_435.jpg,pituitary
412,pituitary/Tr-pi_164.jpg,pituitary
413,pituitary/Tr-pi_12.jpg,pituitary
414,meningioma/Tr-me_1256.jpg,meningioma
415,glioma/Tr-gl_75.jpg,glioma
416,pituitary/Tr-pi_1329.jpg,pituitary
417,pituitary/Tr-pi_86.jpg,pituitary
418,meningioma/Tr-me_1091.jpg,meningioma
419,pituitary/Tr-pi_479.jpg,pituitary
420,meningioma/Tr-me_807.jpg,meningioma
421,pituitary/Tr-pi_1156.jpg,pituitary
422,notumor/Tr-no_693.jpg,notumor
423,notumor/Tr-no_512.jpg,notumor
424,meningioma/Tr-me_8.jpg,meningioma
425,pituitary/Tr-pi_160.jpg,pituitary
426,glioma/Tr-gl_1104.jpg,glioma
427,meningioma/Tr-me_1156.jpg,meningioma
428,pituitary/Tr-pi_296.jpg,pituitary
429,notumor/Tr-no_166.jpg,notumor
430,notumor/Tr-no_1070.jpg,notumor
431,pituitary/Tr-pi_503.jpg,pituitary
432,notumor/Tr-no_578.jpg,notumor
433,pituitary/Tr-pi_241.jpg,pituitary
434,pituitary/Tr-pi_1214.jpg,pituitary
435,notumor/Tr-no_1273.jpg,notumor
436,meningioma/Tr-me_696.jpg,meningioma
437,meningioma/Tr-me_498.jpg,meningioma
438,glioma/Tr-gl_307.jpg,glioma
439,glioma/Tr-gl_457.jpg,glioma
440,pituitary/Tr-pi_434.jpg,pituitary
441,glioma/Tr-gl_974.jpg,glioma
442,notumor/Tr-no_598.jpg,notumor
443,glioma/Tr-gl_1212.jpg,glioma
444,meningioma/Tr-me_9.jpg,meningioma
445,glioma/Tr-gl_256.jpg,glioma
446,glioma/Tr-gl_793.jpg,glioma
447,notumor/Tr-no_123.jpg,notumor
448,glioma/Tr-gl_1157.jpg,glioma
449,glioma/Tr-gl_1338.jpg,glioma
450,meningioma/Tr-aug-me_66.jpg,meningioma
451,notumor/Tr-no_857.jpg,notumor
452,notumor/Tr-no_1281.jpg,notumor
453,glioma/Tr-gl_746.jpg,glioma
454,meningioma/Tr-me_429.jpg,meningioma
455,meningioma/Tr-me_221.jpg,meningioma
456,pituitary/Tr-pi_39.jpg,pituitary
457,pituitary/Tr-pi_936.jpg,pituitary
458,meningioma/Tr-me_1237.jpg,meningioma
459,pituitary/Tr-pi_299.jpg,pituitary
460,notumor/Tr-no_1275.jpg,notumor
461,notumor/Tr-no_790.jpg,notumor
462,meningioma/Tr-me_1195.jpg,meningioma
463,notumor/Tr-no_507.jpg,notumor
464,glioma/Tr-gl_1382.jpg,glioma
465,meningioma/Tr-me_928.jpg,meningioma
466,notumor/Tr-no_1151.jpg,notumor
467,meningioma/Tr-me_845.jpg,meningioma
468,pituitary/Tr-pi_701.jpg,pituitary
469,glioma/Tr-gl_462.jpg,glioma
470,glioma/Tr-gl_1390.jpg,glioma
471,meningioma/Tr-me_940.jpg,meningioma
472,glioma/Tr-gl_602.jpg,glioma
473,meningioma/Tr-me_1160.jpg,meningioma
474,pituitary/Tr-pi_835.jpg,pituitary
475,meningioma/Tr-me_80.jpg,meningioma
476,notumor/Tr-no_884.jpg,notumor
477,pituitary/Tr-pi_256.jpg,pituitary
478,meningioma/Tr-me_840.jpg,meningioma
479,meningioma/Tr-me_1189.jpg,meningioma
480,glioma/Tr-gl_183.jpg,glioma
481,meningioma/Tr-me_182.jpg,meningioma
482,notumor/Tr-no_883.jpg,notumor
483,pituitary/Tr-pi_696.jpg,pituitary
484,meningioma/Tr-me_342.jpg,meningioma
485,notumor/Tr-no_1051.jpg,notumor
486,pituitary/Tr-pi_719.jpg,pituitary
487,meningioma/Tr-me_652.jpg,meningioma
488,notumor/Tr-no_1361.jpg,notumor
489,pituitary/Tr-pi_475.jpg,pituitary
490,notumor/Tr-no_1392.jpg,notumor
491,pituitary/Tr-pi_548.jpg,pituitary
492,notumor/Tr-no_1380.jpg,notumor
493,notumor/Tr-no_817.jpg,notumor
494,meningioma/Tr-me_1128.jpg,meningioma
495,meningioma/Tr-me_1067.jpg,meningioma
496,pituitary/Tr-pi_407.jpg,pituitary
497,meningioma/Tr-me_606.jpg,meningioma
498,meningioma/Tr-me_46.jpg,meningioma
499,meningioma/Tr-aug-me_48.jpg,meningioma
500,pituitary/Tr-pi_1168.jpg,pituitary
501,notumor/Tr-no_185.jpg,notumor
502,notumor/Tr-no_555.jpg,notumor
503,pituitary/Tr-pi_178.jpg,pituitary
504,pituitary/Tr-pi_474.jpg,pituitary
505,notumor/Tr-no_985.jpg,notumor
506,glioma/Tr-gl_515.jpg,glioma
507,pituitary/Tr-pi_750.jpg,pituitary
508,meningioma/Tr-me_420.jpg,meningioma
509,notumor/Tr-no_539.jpg,notumor
510,notumor/Tr-no_872.jpg,notumor
511,meningioma/Tr-me_780.jpg,meningioma
512,notumor/Tr-no_1193.jpg,notumor
513,pituitary/Tr-pi_249.jpg,pituitary
514,pituitary/Tr-pi_360.jpg,pituitary
515,glioma/Tr-gl_774.jpg,glioma
516,notumor/Tr-no_1102.jpg,notumor
517,meningioma/Tr-aug-me_10.jpg,meningioma
518,meningioma/Tr-me_767.jpg,meningioma
519,notumor/Tr-no_482.jpg,notumor
520,meningioma/Tr-me_222.jpg,meningioma
521,notumor/Tr-no_1047.jpg,notumor
522,meningioma/Tr-me_949.jpg,meningioma
523,glioma/Tr-gl_784.jpg,glioma
524,meningioma/Tr-me_954.jpg,meningioma
525,glioma/Tr-gl_36.jpg,glioma
526,pituitary/Tr-pi_702.jpg,pituitary
527,glioma/Tr-gl_844.jpg,glioma
528,notumor/Tr-no_478.jpg,notumor
529,meningioma/Tr-me_1121.jpg,meningioma
530,pituitary/Tr-pi_451.jpg,pituitary
531,meningioma/Tr-me_649.jpg,meningioma
532,glioma/Tr-gl_873.jpg,glioma
533,glioma/Tr-gl_582.jpg,glioma
534,notumor/Tr-no_1395.jpg,notumor
535,notumor/Tr-no_1305.jpg,notumor
536,notumor/Tr-no_1038.jpg,notumor
537,meningioma/Tr-me_213.jpg,meningioma
538,glioma/Tr-gl_704.jpg,glioma
539,notumor/Tr-no_715.jpg,notumor
540,pituitary/Tr-pi_140.jpg,pituitary
541,glioma/Tr-gl_202.jpg,glioma
542,meningioma/Tr-me_1093.jpg,meningioma
543,glioma/Tr-gl_916.jpg,glioma
544,meningioma/Tr-me_1163.jpg,meningioma
545,notumor/Tr-no_497.jpg,notumor
546,pituitary/Tr-pi_1038.jpg,pituitary
547,notumor/Tr-no_694.jpg,notumor
548,notumor/Tr-no_988.jpg,notumor
549,notumor/Tr-no_1035.jpg,notumor
550,notumor/Tr-no_821.jpg,notumor
551,pituitary/Tr-pi_899.jpg,pituitary
552,glioma/Tr-gl_1351.jpg,glioma
553,meningioma/Tr-me_781.jpg,meningioma
554,notumor/Tr-no_894.jpg,notumor
555,glioma/Tr-gl_326.jpg,glioma
556,glioma/Tr-gl_398.jpg,glioma
557,notumor/Tr-no_1111.jpg,notumor
558,notumor/Tr-no_51.jpg,notumor
559,notumor/Tr-no_951.jpg,notumor
560,pituitary/Tr-pi_165.jpg,pituitary
561,meningioma/Tr-me_379.jpg,meningioma
562,pituitary/Tr-pi_1297.jpg,pituitary
563,notumor/Tr-no_6.jpg,notumor
564,pituitary/Tr-pi_1124.jpg,pituitary
565,meningioma/Tr-me_1271.jpg,meningioma
566,glioma/Tr-gl_133.jpg,glioma
567,meningioma/Tr-me_467.jpg,meningioma
568,notumor/Tr-no_542.jpg,notumor
569,glioma/Tr-gl_619.jpg,glioma
570,meningioma/Tr-me_355.jpg,meningioma
571,meningioma/Tr-me_2.jpg,meningioma
572,pituitary/Tr-pi_778.jpg,pituitary
573,pituitary/Tr-pi_292.jpg,pituitary
574,meningioma/Tr-me_1275.jpg,meningioma
575,pituitary/Tr-pi_1219.jpg,pituitary
576,meningioma/Tr-me_551.jpg,meningioma
577,glioma/Tr-gl_435.jpg,glioma
578,notumor/Tr-no_1368.jpg,notumor
579,pituitary/Tr-pi_217.jpg,pituitary
580,notumor/Tr-no_795.jpg,notumor
581,glioma/Tr-gl_1202.jpg,glioma
582,meningioma/Tr-me_1257.jpg,meningioma
583,meningioma/Tr-me_1114.jpg,meningioma
584,glioma/Tr-gl_615.jpg,glioma
585,pituitary/Tr-pi_347.jpg,pituitary
586,notumor/Tr-no_461.jpg,notumor
587,meningioma/Tr-aug-me_86.jpg,meningioma
588,glioma/Tr-gl_507.jpg,glioma
589,meningioma/Tr-me_543.jpg,meningioma
590,meningioma/Tr-me_815.jpg,meningioma
591,notumor/Tr-no_1178.jpg,notumor
592,meningioma/Tr-me_983.jpg,meningioma
593,meningioma/Tr-me_902.jpg,meningioma
594,pituitary/Tr-pi_645.jpg,pituitary
595,notumor/Tr-no_1201.jpg,notumor
596,notumor/Tr-no_177.jpg,notumor
597,pituitary/Tr-pi_544.jpg,pituitary
598,meningioma/Tr-me_545.jpg,meningioma
599,notumor/Tr-no_1312.jpg,notumor
600,glioma/Tr-gl_749.jpg,glioma
601,pituitary/Tr-pi_958.jpg,pituitary
602,pituitary/Tr-pi_156.jpg,pituitary
603,meningioma/Tr-me_1.jpg,meningioma
604,pituitary/Tr-pi_304.jpg,pituitary
605,meningioma/Tr-me_1071.jpg,meningioma
606,glioma/Tr-gl_395.jpg,glioma
607,notumor/Tr-no_819.jpg,notumor
608,notumor/Tr-no_25.jpg,notumor
609,pituitary/Tr-pi_460.jpg,pituitary
610,glioma/Tr-gl_4.jpg,glioma
611,pituitary/Tr-pi_1289.jpg,pituitary
612,meningioma/Tr-me_415.jpg,meningioma
613,pituitary/Tr-pi_966.jpg,pituitary
614,pituitary/Tr-pi_41.jpg,pituitary
615,pituitary/Tr-pi_150.jpg,pituitary
616,notumor/Tr-no_354.jpg,notumor
617,meningioma/Tr-me_478.jpg,meningioma
618,pituitary/Tr-pi_405.jpg,pituitary
619,notumor/Tr-no_956.jpg,notumor
620,pituitary/Tr-pi_829.jpg,pituitary
621,meningioma/Tr-me_497.jpg,meningioma
622,notumor/Tr-no_665.jpg,notumor
623,glioma/Tr-gl_140.jpg,glioma
624,pituitary/Tr-pi_1025.jpg,pituitary
625,glioma/Tr-gl_346.jpg,glioma
626,glioma/Tr-gl_887.jpg,glioma
627,notumor/Tr-no_533.jpg,notumor
628,meningioma/Tr-me_1278.jpg,meningioma
629,meningioma/Tr-me_185.jpg,meningioma
630,pituitary/Tr-pi_1072.jpg,pituitary
631,glioma/Tr-gl_413.jpg,glioma
632,notumor/Tr-no_429.jpg,notumor
633,glioma/Tr-gl_690.jpg,glioma
634,meningioma/Tr-me_137.jpg,meningioma
635,glioma/Tr-gl_906.jpg,glioma
636,glioma/Tr-gl_884.jpg,glioma
637,meningioma/Tr-me_1130.jpg,meningioma
638,glioma/Tr-gl_1285.jpg,glioma
639,pituitary/Tr-pi_574.jpg,pituitary
640,pituitary/Tr-pi_1298.jpg,pituitary
641,notumor/Tr-no_40.jpg,notumor
642,glioma/Tr-gl_1345.jpg,glioma
643,pituitary/Tr-pi_268.jpg,pituitary
644,pituitary/Tr-pi_320.jpg,pituitary
645,notumor/Tr-no_788.jpg,notumor
646,notumor/Tr-no_338.jpg,notumor
647,glioma/Tr-gl_1096.jpg,glioma
648,meningioma/Tr-me_572.jpg,meningioma
649,glioma/Tr-gl_1055.jpg,glioma
650,pituitary/Tr-pi_286.jpg,pituitary
651,pituitary/Tr-pi_380.jpg,pituitary
652,meningioma/Tr-me_275.jpg,meningioma
653,pituitary/Tr-pi_426.jpg,pituitary
654,meningioma/Tr-me_283.jpg,meningioma
655,meningioma/Tr-me_730.jpg,meningioma
656,pituitary/Tr-pi_188.jpg,pituitary
657,glioma/Tr-gl_1389.jpg,glioma
658,notumor/Tr-no_355.jpg,notumor
659,meningioma/Tr-me_1216.jpg,meningioma
660,meningioma/Tr-me_279.jpg,meningioma
661,meningioma/Tr-aug-me_44.jpg,meningioma
662,meningioma/Tr-me_1097.jpg,meningioma
663,meningioma/Tr-me_820.jpg,meningioma
664,glioma/Tr-gl_999.jpg,glioma
665,meningioma/Tr-me_917.jpg,meningioma
666,meningioma/Tr-me_750.jpg,meningioma
667,pituitary/Tr-pi_1046.jpg,pituitary
668,meningioma/Tr-me_1144.jpg,meningioma
669,glioma/Tr-gl_480.jpg,glioma
670,pituitary/Tr-pi_1020.jpg,pituitary
671,pituitary/Tr-pi_1073.jpg,pituitary
672,notumor/Tr-no_457.jpg,notumor
673,notumor/Tr-no_749.jpg,notumor
674,meningioma/Tr-me_588.jpg,meningioma
675,meningioma/Tr-me_1113.jpg,meningioma
676,notumor/Tr-no_405.jpg,notumor
677,meningioma/Tr-me_1198.jpg,meningioma
678,notumor/Tr-no_310.jpg,notumor
679,pituitary/Tr-pi_511.jpg,pituitary
680,glioma/Tr-gl_52.jpg,glioma
681,glioma/Tr-gl_1038.jpg,glioma
682,pituitary/Tr-pi_157.jpg,pituitary
683,pituitary/Tr-pi_819.jpg,pituitary
684,glioma/Tr-gl_1276.jpg,glioma
685,notumor/Tr-no_1037.jpg,notumor
686,pituitary/Tr-pi_1136.jpg,pituitary
687,glioma/Tr-gl_127.jpg,glioma
688,notumor/Tr-no_543.jpg,notumor
689,glioma/Tr-gl_575.jpg,glioma
690,meningioma/Tr-me_512.jpg,meningioma
691,notumor/Tr-no_50.jpg,notumor
692,notumor/Tr-no_604.jpg,notumor
693,pituitary/Tr-pi_5.jpg,pituitary
694,meningioma/Tr-me_570.jpg,meningioma
695,pituitary/Tr-pi_1101.jpg,pituitary
696,pituitary/Tr-pi_673.jpg,pituitary
697,notumor/Tr-no_1197.jpg,notumor
698,meningioma/Tr-me_338.jpg,meningioma
699,notumor/Tr-no_24.jpg,notumor
700,meningioma/Tr-me_973.jpg,meningioma
701,meningioma/Tr-me_309.jpg,meningioma
702,meningioma/Tr-me_1186.jpg,meningioma
703,notumor/Tr-no_1125.jpg,notumor
704,meningioma/Tr-me_556.jpg,meningioma
705,glioma/Tr-gl_1143.jpg,glioma
706,glioma/Tr-gl_970.jpg,glioma
707,pituitary/Tr-pi_706.jpg,pituitary
708,notumor/Tr-no_519.jpg,notumor
709,pituitary/Tr-pi_1271.jpg,pituitary
710,meningioma/Tr-me_455.jpg,meningioma
711,pituitary/Tr-pi_910.jpg,pituitary
712,notumor/Tr-no_975.jpg,notumor
713,meningioma/Tr-me_624.jpg,meningioma
714,glioma/Tr-gl_1315.jpg,glioma
715,pituitary/Tr-pi_869.jpg,pituitary
716,pituitary/Tr-pi_1245.jpg,pituitary
717,notumor/Tr-no_76.jpg,notumor
718,notumor/Tr-no_808.jpg,notumor
719,glioma/Tr-gl_1030.jpg,glioma
720,meningioma/Tr-me_56.jpg,meningioma
721,glioma/Tr-gl_406.jpg,glioma
722,glioma/Tr-gl_1366.jpg,glioma
723,notumor/Tr-no_627.jpg,notumor
724,meningioma/Tr-me_946.jpg,meningioma
725,meningioma/Tr-me_460.jpg,meningioma
726,meningioma/Tr-me_735.jpg,meningioma
727,glioma/Tr-gl_890.jpg,glioma
728,meningioma/Tr-me_277.jpg,meningioma
729,meningioma/Tr-me_214.jpg,meningioma
730,pituitary/Tr-pi_194.jpg,pituitary
731,glioma/Tr-gl_361.jpg,glioma
732,meningioma/Tr-me_276.jpg,meningioma
733,glioma/Tr-gl_369.jpg,glioma
734,glioma/Tr-gl_939.jpg,glioma
735,glioma/Tr-gl_1283.jpg,glioma
736,pituitary/Tr-pi_799.jpg,pituitary
737,meningioma/Tr-aug-me_50.jpg,meningioma
738,glioma/Tr-gl_242.jpg,glioma
739,glioma/Tr-gl_1158.jpg,glioma
740,pituitary/Tr-pi_529.jpg,pituitary
741,pituitary/Tr-pi_651.jpg,pituitary
742,pituitary/Tr-pi_716.jpg,pituitary
743,notumor/Tr-no_1043.jpg,notumor
744,pituitary/Tr-pi_608.jpg,pituitary
745,notumor/Tr-no_1239.jpg,notumor
746,glioma/Tr-gl_1065.jpg,glioma
747,notumor/Tr-no_219.jpg,notumor
748,glioma/Tr-gl_1081.jpg,glioma
749,pituitary/Tr-pi_973.jpg,pituitary
750,pituitary/Tr-pi_562.jpg,pituitary
751,pituitary/Tr-pi_370.jpg,pituitary
752,pituitary/Tr-pi_1356.jpg,pituitary
753,pituitary/Tr-pi_1185.jpg,pituitary
754,meningioma/Tr-aug-me_42.jpg,meningioma
755,glioma/Tr-gl_1162.jpg,glioma
756,pituitary/Tr-pi_1084.jpg,pituitary
757,pituitary/Tr-pi_523.jpg,pituitary
758,glioma/Tr-gl_1049.jpg,glioma
759,meningioma/Tr-me_242.jpg,meningioma
760,pituitary/Tr-pi_143.jpg,pituitary
761,notumor/Tr-no_279.jpg,notumor
762,notumor/Tr-no_359.jpg,notumor
763,meningioma/Tr-me_669.jpg,meningioma
764,pituitary/Tr-pi_278.jpg,pituitary
765,meningioma/Tr-me_986.jpg,meningioma
766,glioma/Tr-gl_1114.jpg,glioma
767,glioma/Tr-gl_63.jpg,glioma
768,glioma/Tr-gl_244.jpg,glioma
769,meningioma/Tr-me_602.jpg,meningioma
770,meningioma/Tr-me_618.jpg,meningioma
771,notumor/Tr-no_1089.jpg,notumor
772,glioma/Tr-gl_258.jpg,glioma
773,glioma/Tr-gl_1024.jpg,glioma
774,pituitary/Tr-pi_1361.jpg,pituitary
775,meningioma/Tr-me_157.jpg,meningioma
776,notumor/Tr-no_373.jpg,notumor
777,pituitary/Tr-pi_368.jpg,pituitary
778,glioma/Tr-gl_228.jpg,glioma
779,glioma/Tr-gl_778.jpg,glioma
780,notumor/Tr-no_220.jpg,notumor
781,notumor/Tr-no_979.jpg,notumor
782,glioma/Tr-gl_676.jpg,glioma
783,notumor/Tr-no_1297.jpg,notumor
784,pituitary/Tr-pi_1362.jpg,pituitary
785,meningioma/Tr-me_149.jpg,meningioma
786,notumor/Tr-no_702.jpg,notumor
787,meningioma/Tr-me_531.jpg,meningioma
788,glioma/Tr-gl_831.jpg,glioma
789,meningioma/Tr-me_1076.jpg,meningioma
790,meningioma/Tr-me_3.jpg,meningioma
791,meningioma/Tr-me_818.jpg,meningioma
792,notumor/Tr-no_1367.jpg,notumor
793,meningioma/Tr-me_701.jpg,meningioma
794,pituitary/Tr-pi_794.jpg,pituitary
795,pituitary/Tr-pi_1212.jpg,pituitary
796,notumor/Tr-no_92.jpg,notumor
797,pituitary/Tr-pi_354.jpg,pituitary
798,notumor/Tr-no_659.jpg,notumor
799,glioma/Tr-gl_330.jpg,glioma
800,pituitary/Tr-pi_456.jpg,pituitary
801,pituitary/Tr-pi_106.jpg,pituitary
802,pituitary/Tr-pi_495.jpg,pituitary
803,glioma/Tr-gl_130.jpg,glioma
804,notumor/Tr-no_910.jpg,notumor
805,notumor/Tr-no_1149.jpg,notumor
806,pituitary/Tr-pi_1319.jpg,pituitary
807,notumor/Tr-no_1118.jpg,notumor
808,pituitary/Tr-pi_536.jpg,pituitary
809,glioma/Tr-gl_442.jpg,glioma
810,notumor/Tr-no_291.jpg,notumor
811,meningioma/Tr-me_971.jpg,meningioma
812,glioma/Tr-gl_1387.jpg,glioma
813,meningioma/Tr-me_951.jpg,meningioma
814,glioma/Tr-gl_82.jpg,glioma
815,pituitary/Tr-pi_859.jpg,pituitary
816,meningioma/Tr-me_1139.jpg,meningioma
817,glioma/Tr-gl_486.jpg,glioma
818,meningioma/Tr-aug-me_9.jpg,meningioma
819,pituitary/Tr-pi_23.jpg,pituitary
820,pituitary/Tr-pi_1369.jpg,pituitary
821,meningioma/Tr-me_54.jpg,meningioma
822,meningioma/Tr-me_494.jpg,meningioma
823,meningioma/Tr-me_456.jpg,meningioma
824,pituitary/Tr-pi_506.jpg,pituitary
825,notumor/Tr-no_1248.jpg,notumor
826,meningioma/Tr-me_1135.jpg,meningioma
827,meningioma/Tr-me_430.jpg,meningioma
828,meningioma/Tr-me_272.jpg,meningioma
829,notumor/Tr-no_332.jpg,notumor
830,pituitary/Tr-pi_471.jpg,pituitary
831,notumor/Tr-no_281.jpg,notumor
832,pituitary/Tr-pi_631.jpg,pituitary
833,glioma/Tr-gl_1337.jpg,glioma
834,meningioma/Tr-me_615.jpg,meningioma
835,pituitary/Tr-pi_775.jpg,pituitary
836,pituitary/Tr-pi_1023.jpg,pituitary
837,pituitary/Tr-pi_1092.jpg,pituitary
838,glioma/Tr-gl_800.jpg,glioma
839,notumor/Tr-no_1277.jpg,notumor
840,notumor/Tr-no_329.jpg,notumor
841,pituitary/Tr-pi_994.jpg,pituitary
842,meningioma/Tr-me_375.jpg,meningioma
843,notumor/Tr-no_822.jpg,notumor
844,pituitary/Tr-pi_130.jpg,pituitary
845,glioma/Tr-gl_520.jpg,glioma
846,glioma/Tr-gl_1154.jpg,glioma
847,glioma/Tr-gl_1.jpg,glioma
848,glioma/Tr-gl_458.jpg,glioma
849,meningioma/Tr-me_867.jpg,meningioma
850,meningioma/Tr-aug-me_28.jpg,meningioma
851,meningioma/Tr-me_285.jpg,meningioma
852,notumor/Tr-no_1042.jpg,notumor
853,pituitary/Tr-pi_1045.jpg,pituitary
854,glioma/Tr-gl_806.jpg,glioma
855,glioma/Tr-gl_622.jpg,glioma
856,notumor/Tr-no_1081.jpg,notumor
857,pituitary/Tr-pi_745.jpg,pituitary
858,pituitary/Tr-pi_674.jpg,pituitary
859,glioma/Tr-gl_452.jpg,glioma
860,notumor/Tr-no_577.jpg,notumor
861,meningioma/Tr-me_179.jpg,meningioma
862,meningioma/Tr-me_1241.jpg,meningioma
863,glioma/Tr-gl_1314.jpg,glioma
864,meningioma/Tr-me_752.jpg,meningioma
865,pituitary/Tr-pi_155.jpg,pituitary
866,meningioma/Tr-aug-me_27.jpg,meningioma
867,glioma/Tr-gl_1295.jpg,glioma
868,pituitary/Tr-pi_1167.jpg,pituitary
869,glioma/Tr-gl_905.jpg,glioma
870,meningioma/Tr-me_501.jpg,meningioma
871,meningioma/Tr-me_634.jpg,meningioma
872,glioma/Tr-gl_101.jpg,glioma
873,glioma/Tr-gl_914.jpg,glioma
874,glioma/Tr-gl_659.jpg,glioma
875,glioma/Tr-gl_1270.jpg,glioma
876,meningioma/Tr-me_1001.jpg,meningioma
877,notumor/Tr-no_999.jpg,notumor
878,pituitary/Tr-pi_939.jpg,pituitary
879,notumor/Tr-no_1080.jpg,notumor
880,glioma/Tr-gl_148.jpg,glioma
881,notumor/Tr-no_213.jpg,notumor
882,notumor/Tr-no_283.jpg,notumor
883,pituitary/Tr-pi_1216.jpg,pituitary
884,meningioma/Tr-me_368.jpg,meningioma
885,glioma/Tr-gl_599.jpg,glioma
886,meningioma/Tr-me_69.jpg,meningioma
887,notumor/Tr-no_209.jpg,notumor
888,notumor/Tr-no_1233.jpg,notumor
889,meningioma/Tr-me_1100.jpg,meningioma
890,glioma/Tr-gl_195.jpg,glioma
891,notumor/Tr-no_993.jpg,notumor
892,glioma/Tr-gl_231.jpg,glioma
893,pituitary/Tr-pi_962.jpg,pituitary
894,meningioma/Tr-me_1161.jpg,meningioma
895,glioma/Tr-gl_1177.jpg,glioma
896,notumor/Tr-no_352.jpg,notumor
897,meningioma/Tr-me_808.jpg,meningioma
898,glioma/Tr-gl_315.jpg,glioma
899,pituitary/Tr-pi_990.jpg,pituitary
900,pituitary/Tr-pi_1273.jpg,pituitary
901,glioma/Tr-gl_109.jpg,glioma
902,notumor/Tr-no_402.jpg,notumor
903,pituitary/Tr-pi_1078.jpg,pituitary
904,notumor/Tr-no_528.jpg,notumor
905,meningioma/Tr-me_62.jpg,meningioma
906,glioma/Tr-gl_1080.jpg,glioma
907,meningioma/Tr-me_82.jpg,meningioma
908,glioma/Tr-gl_995.jpg,glioma
909,meningioma/Tr-me_444.jpg,meningioma
910,pituitary/Tr-pi_1172.jpg,pituitary
911,notumor/Tr-no_667.jpg,notumor
912,glioma/Tr-gl_394.jpg,glioma
913,notumor/Tr-no_513.jpg,notumor
914,notumor/Tr-no_375.jpg,notumor
915,pituitary/Tr-pi_594.jpg,pituitary
916,meningioma/Tr-me_763.jpg,meningioma
917,pituitary/Tr-pi_71.jpg,pituitary
918,glioma/Tr-gl_1400.jpg,glioma
919,notumor/Tr-no_945.jpg,notumor
920,notumor/Tr-no_818.jpg,notumor
921,notumor/Tr-no_77.jpg,notumor
922,pituitary/Tr-pi_572.jpg,pituitary
923,glioma/Tr-gl_908.jpg,glioma
924,pituitary/Tr-pi_866.jpg,pituitary
925,pituitary/Tr-pi_1240.jpg,pituitary
926,pituitary/Tr-pi_137.jpg,pituitary
927,pituitary/Tr-pi_604.jpg,pituitary
928,meningioma/Tr-me_869.jpg,meningioma
929,glioma/Tr-gl_540.jpg,glioma
930,meningioma/Tr-me_1165.jpg,meningioma
931,meningioma/Tr-me_783.jpg,meningioma
932,notumor/Tr-no_214.jpg,notumor
933,pituitary/Tr-pi_1132.jpg,pituitary
934,meningioma/Tr-me_265.jpg,meningioma
935,meningioma/Tr-me_1011.jpg,meningioma
936,notumor/Tr-no_1028.jpg,notumor
937,glioma/Tr-gl_1029.jpg,glioma
938,pituitary/Tr-pi_746.jpg,pituitary
939,notumor/Tr-no_446.jpg,notumor
940,notumor/Tr-no_101.jpg,notumor
941,pituitary/Tr-pi_446.jpg,pituitary
942,pituitary/Tr-pi_539.jpg,pituitary
943,meningioma/Tr-me_258.jpg,meningioma
944,meningioma/Tr-me_953.jpg,meningioma
945,notumor/Tr-no_469.jpg,notumor
946,meningioma/Tr-aug-me_4.jpg,meningioma
947,pituitary/Tr-pi_697.jpg,pituitary
948,pituitary/Tr-pi_1076.jpg,pituitary
949,glioma/Tr-gl_108.jpg,glioma
950,pituitary/Tr-pi_765.jpg,pituitary
951,notumor/Tr-no_908.jpg,notumor
952,pituitary/Tr-pi_1299.jpg,pituitary
953,notumor/Tr-no_1062.jpg,notumor
954,notumor/Tr-no_630.jpg,notumor
955,meningioma/Tr-me_822.jpg,meningioma
956,notumor/Tr-no_1146.jpg,notumor
957,meningioma/Tr-me_226.jpg,meningioma
958,pituitary/Tr-pi_798.jpg,pituitary
959,pituitary/Tr-pi_55.jpg,pituitary
960,meningioma/Tr-me_1296.jpg,meningioma
961,pituitary/Tr-pi_96.jpg,pituitary
962,meningioma/Tr-me_1294.jpg,meningioma
963,pituitary/Tr-pi_81.jpg,pituitary
964,meningioma/Tr-me_1023.jpg,meningioma
965,notumor/Tr-no_557.jpg,notumor
966,pituitary/Tr-pi_901.jpg,pituitary
967,pituitary/Tr-pi_477.jpg,pituitary
968,notumor/Tr-no_1307.jpg,notumor
969,glioma/Tr-gl_782.jpg,glioma
970,glioma/Tr-gl_550.jpg,glioma
971,pituitary/Tr-pi_1326.jpg,pituitary
972,glioma/Tr-gl_428.jpg,glioma
973,glioma/Tr-gl_24.jpg,glioma
974,notumor/Tr-no_321.jpg,notumor
975,glioma/Tr-gl_385.jpg,glioma
976,notumor/Tr-no_57.jpg,notumor
977,meningioma/Tr-me_741.jpg,meningioma
978,notumor/Tr-no_296.jpg,notumor
979,pituitary/Tr-pi_1155.jpg,pituitary
980,pituitary/Tr-pi_915.jpg,pituitary
981,pituitary/Tr-pi_277.jpg,pituitary
982,meningioma/Tr-me_805.jpg,meningioma
983,meningioma/Tr-me_653.jpg,meningioma
984,notumor/Tr-no_541.jpg,notumor
985,glioma/Tr-gl_767.jpg,glioma
986,meningioma/Tr-me_804.jpg,meningioma
987,pituitary/Tr-pi_965.jpg,pituitary
988,glioma/Tr-gl_528.jpg,glioma
989,meningioma/Tr-me_252.jpg,meningioma
990,pituitary/Tr-pi_680.jpg,pituitary
991,pituitary/Tr-pi_662.jpg,pituitary
992,meningioma/Tr-me_203.jpg,meningioma
993,glioma/Tr-gl_568.jpg,glioma
994,glioma/Tr-gl_174.jpg,glioma
995,glioma/Tr-gl_1373.jpg,glioma
996,meningioma/Tr-me_595.jpg,meningioma
997,meningioma/Tr-me_176.jpg,meningioma
998,glioma/Tr-gl_725.jpg,glioma
999,pituitary/Tr-pi_125.jpg,pituitary
1000,meningioma/Tr-me_172.jpg,meningioma
1001,meningioma/Tr-me_516.jpg,meningioma
1002,glioma/Tr-gl_9.jpg,glioma
1003,glioma/Tr-gl_669.jpg,glioma
1004,notumor/Tr-no_302.jpg,notumor
1005,glioma/Tr-gl_688.jpg,glioma
1006,meningioma/Tr-me_19.jpg,meningioma
1007,glioma/Tr-gl_1203.jpg,glioma
1008,meningioma/Tr-me_1265.jpg,meningioma
1009,glioma/Tr-gl_281.jpg,glioma
1010,pituitary/Tr-pi_371.jpg,pituitary
1011,notumor/Tr-no_517.jpg,notumor
1012,pituitary/Tr-pi_352.jpg,pituitary
1013,pituitary/Tr-pi_121.jpg,pituitary
1014,meningioma/Tr-me_1277.jpg,meningioma
1015,glioma/Tr-gl_42.jpg,glioma
1016,meningioma/Tr-me_10.jpg,meningioma
1017,meningioma/Tr-me_96.jpg,meningioma
1018,notumor/Tr-no_644.jpg,notumor
1019,notumor/Tr-no_707.jpg,notumor
1020,pituitary/Tr-pi_1024.jpg,pituitary
1021,meningioma/Tr-me_36.jpg,meningioma
1022,meningioma/Tr-me_1096.jpg,meningioma
1023,meningioma/Tr-me_200.jpg,meningioma
1024,pituitary/Tr-pi_947.jpg,pituitary
1025,notumor/Tr-no_171.jpg,notumor
1026,notumor/Tr-no_966.jpg,notumor
1027,meningioma/Tr-aug-me_91.jpg,meningioma
1028,glioma/Tr-gl_91.jpg,glioma
1029,notumor/Tr-no_1120.jpg,notumor
1030,pituitary/Tr-pi_335.jpg,pituitary
1031,notumor/Tr-no_1194.jpg,notumor
1032,pituitary/Tr-pi_191.jpg,pituitary
1033,notumor/Tr-no_1351.jpg,notumor
1034,glioma/Tr-gl_1106.jpg,glioma
1035,meningioma/Tr-me_1085.jpg,meningioma
1036,pituitary/Tr-pi_1304.jpg,pituitary
1037,glioma/Tr-gl_1395.jpg,glioma
1038,glioma/Tr-gl_199.jpg,glioma
1039,glioma/Tr-gl_365.jpg,glioma
1040,notumor/Tr-no_639.jpg,notumor
1041,notumor/Tr-no_1156.jpg,notumor
1042,glioma/Tr-gl_378.jpg,glioma
1043,pituitary/Tr-pi_822.jpg,pituitary
1044,glioma/Tr-gl_265.jpg,glioma
1045,meningioma/Tr-me_119.jpg,meningioma
1046,pituitary/Tr-pi_159.jpg,pituitary
1047,pituitary/Tr-pi_865.jpg,pituitary
1048,pituitary/Tr-pi_463.jpg,pituitary
1049,glioma/Tr-gl_1073.jpg,glioma
1050,glioma/Tr-gl_547.jpg,glioma
1051,pituitary/Tr-pi_186.jpg,pituitary
1052,pituitary/Tr-pi_198.jpg,pituitary
1053,pituitary/Tr-pi_65.jpg,pituitary
1054,meningioma/Tr-me_960.jpg,meningioma
1055,notumor/Tr-no_1.jpg,notumor
1056,notumor/Tr-no_227.jpg,notumor
1057,notumor/Tr-no_1260.jpg,notumor
1058,pituitary/Tr-pi_713.jpg,pituitary
1059,meningioma/Tr-me_657.jpg,meningioma
1060,glioma/Tr-gl_1196.jpg,glioma
1061,meningioma/Tr-me_850.jpg,meningioma
1062,meningioma/Tr-me_378.jpg,meningioma
1063,glioma/Tr-gl_543.jpg,glioma
1064,notumor/Tr-no_864.jpg,notumor
1065,pituitary/Tr-pi_1026.jpg,pituitary
1066,meningioma/Tr-me_1180.jpg,meningioma
1067,glioma/Tr-gl_1342.jpg,glioma
1068,pituitary/Tr-pi_481.jpg,pituitary
1069,meningioma/Tr-me_638.jpg,meningioma
1070,glioma/Tr-gl_1328.jpg,glioma
1071,notumor/Tr-no_20.jpg,notumor
1072,glioma/Tr-gl_196.jpg,glioma
1073,notumor/Tr-no_1212.jpg,notumor
1074,pituitary/Tr-pi_1060.jpg,pituitary
1075,meningioma/Tr-me_331.jpg,meningioma
1076,glioma/Tr-gl_26.jpg,glioma
1077,glioma/Tr-gl_761.jpg,glioma
1078,notumor/Tr-no_838.jpg,notumor
1079,pituitary/Tr-pi_1249.jpg,pituitary
1080,meningioma/Tr-me_1000.jpg,meningioma
1081,pituitary/Tr-pi_1315.jpg,pituitary
1082,meningioma/Tr-me_753.jpg,meningioma
1083,notumor/Tr-no_692.jpg,notumor
1084,meningioma/Tr-me_1242.jpg,meningioma
1085,notumor/Tr-no_455.jpg,notumor
1086,glioma/Tr-gl_1310.jpg,glioma
1087,meningioma/Tr-me_490.jpg,meningioma
1088,meningioma/Tr-me_915.jpg,meningioma
1089,notumor/Tr-no_713.jpg,notumor
1090,meningioma/Tr-aug-me_59.jpg,meningioma
1091,glioma/Tr-gl_245.jpg,glioma
1092,meningioma/Tr-me_1123.jpg,meningioma
1093,notumor/Tr-no_1040.jpg,notumor
1094,glioma/Tr-gl_6.jpg,glioma
1095,pituitary/Tr-pi_273.jpg,pituitary
1096,pituitary/Tr-pi_1391.jpg,pituitary
1097,meningioma/Tr-me_193.jpg,meningioma
1098,pituitary/Tr-pi_526.jpg,pituitary
1099,glioma/Tr-gl_724.jpg,glioma
1100,glioma/Tr-gl_687.jpg,glioma
1101,meningioma/Tr-me_883.jpg,meningioma
1102,glioma/Tr-gl_478.jpg,glioma
1103,meningioma/Tr-aug-me_51.jpg,meningioma
1104,glioma/Tr-gl_1369.jpg,glioma
1105,notumor/Tr-no_802.jpg,notumor
1106,glioma/Tr-gl_359.jpg,glioma
1107,notumor/Tr-no_657.jpg,notumor
1108,notumor/Tr-no_562.jpg,notumor
1109,meningioma/Tr-me_205.jpg,meningioma
1110,glioma/Tr-gl_501.jpg,glioma
1111,glioma/Tr-gl_1097.jpg,glioma
1112,notumor/Tr-no_1014.jpg,notumor
1113,meningioma/Tr-me_846.jpg,meningioma
1114,glioma/Tr-gl_29.jpg,glioma
1115,pituitary/Tr-pi_1327.jpg,pituitary
1116,glioma/Tr-gl_122.jpg,glioma
1117,meningioma/Tr-me_1013.jpg,meningioma
1118,glioma/Tr-gl_665.jpg,glioma
1119,notumor/Tr-no_231.jpg,notumor
1120,pituitary/Tr-pi_493.jpg,pituitary
1121,notumor/Tr-no_638.jpg,notumor
1122,pituitary/Tr-pi_666.jpg,pituitary
1123,meningioma/Tr-me_770.jpg,meningioma
1124,notumor/Tr-no_1259.jpg,notumor
1125,meningioma/Tr-me_950.jpg,meningioma
1126,notumor/Tr-no_1306.jpg,notumor
1127,glioma/Tr-gl_922.jpg,glioma
1128,notumor/Tr-no_259.jpg,notumor
1129,meningioma/Tr-me_936.jpg,meningioma
1130,glioma/Tr-gl_390.jpg,glioma
1131,notumor/Tr-no_1398.jpg,notumor
1132,pituitary/Tr-pi_396.jpg,pituitary
1133,notumor/Tr-no_1174.jpg,notumor
1134,notumor/Tr-no_868.jpg,notumor
1135,notumor/Tr-no_46.jpg,notumor
1136,glioma/Tr-gl_418.jpg,glioma
1137,meningioma/Tr-me_706.jpg,meningioma
1138,meningioma/Tr-me_1146.jpg,meningioma
1139,glioma/Tr-gl_279.jpg,glioma
1140,glioma/Tr-gl_94.jpg,glioma
1141,glioma/Tr-gl_606.jpg,glioma
1142,meningioma/Tr-me_1149.jpg,meningioma
1143,meningioma/Tr-me_894.jpg,meningioma
1144,meningioma/Tr-me_271.jpg,meningioma
1145,meningioma/Tr-me_409.jpg,meningioma
1146,glioma/Tr-gl_836.jpg,glioma
1147,pituitary/Tr-pi_149.jpg,pituitary
1148,meningioma/Tr-me_231.jpg,meningioma
1149,meningioma/Tr-me_1212.jpg,meningioma
1150,notumor/Tr-no_926.jpg,notumor
1151,glioma/Tr-gl_1248.jpg,glioma
1152,meningioma/Tr-me_446.jpg,meningioma
1153,glioma/Tr-gl_926.jpg,glioma
1154,meningioma/Tr-me_190.jpg,meningioma
1155,pituitary/Tr-pi_234.jpg,pituitary
1156,pituitary/Tr-pi_1227.jpg,pituitary
1157,glioma/Tr-gl_1070.jpg,glioma
1158,meningioma/Tr-me_61.jpg,meningioma
1159,meningioma/Tr-me_133.jpg,meningioma
1160,notumor/Tr-no_1145.jpg,notumor
1161,meningioma/Tr-me_726.jpg,meningioma
1162,notumor/Tr-no_152.jpg,notumor
1163,glioma/Tr-gl_525.jpg,glioma
1164,pituitary/Tr-pi_233.jpg,pituitary
1165,notumor/Tr-no_1202.jpg,notumor
1166,glioma/Tr-gl_576.jpg,glioma
1167,notumor/Tr-no_15.jpg,notumor
1168,glioma/Tr-gl_1014.jpg,glioma
1169,meningioma/Tr-me_682.jpg,meningioma
1170,glioma/Tr-gl_423.jpg,glioma
1171,pituitary/Tr-pi_4.jpg,pituitary
1172,glioma/Tr-gl_630.jpg,glioma
1173,glioma/Tr-gl_110.jpg,glioma
1174,notumor/Tr-no_370.jpg,notumor
1175,notumor/Tr-no_183.jpg,notumor
1176,pituitary/Tr-pi_1394.jpg,pituitary
1177,notumor/Tr-no_254.jpg,notumor
1178,meningioma/Tr-aug-me_76.jpg,meningioma
1179,notumor/Tr-no_915.jpg,notumor
1180,meningioma/Tr-me_565.jpg,meningioma
1181,notumor/Tr-no_28.jpg,notumor
1182,glioma/Tr-gl_1211.jpg,glioma
1183,meningioma/Tr-me_708.jpg,meningioma
1184,notumor/Tr-no_1250.jpg,notumor
1185,glioma/Tr-gl_1100.jpg,glioma
1186,glioma/Tr-gl_592.jpg,glioma
1187,notumor/Tr-no_567.jpg,notumor
1188,pituitary/Tr-pi_1175.jpg,pituitary
1189,glioma/Tr-gl_536.jpg,glioma
1190,pituitary/Tr-pi_1330.jpg,pituitary
1191,meningioma/Tr-me_317.jpg,meningioma
1192,pituitary/Tr-pi_1107.jpg,pituitary
1193,meningioma/Tr-me_751.jpg,meningioma
1194,notumor/Tr-no_216.jpg,notumor
1195,pituitary/Tr-pi_740.jpg,pituitary
1196,meningioma/Tr-me_194.jpg,meningioma
1197,glioma/Tr-gl_333.jpg,glioma
1198,meningioma/Tr-aug-me_39.jpg,meningioma
1199,pituitary/Tr-pi_291.jpg,pituitary
1200,notumor/Tr-no_124.jpg,notumor
1201,notumor/Tr-no_112.jpg,notumor
1202,glioma/Tr-gl_1023.jpg,glioma
1203,glioma/Tr-gl_920.jpg,glioma
1204,glioma/Tr-gl_666.jpg,glioma
1205,meningioma/Tr-me_147.jpg,meningioma
1206,notumor/Tr-no_687.jpg,notumor
1207,pituitary/Tr-pi_425.jpg,pituitary
1208,notumor/Tr-no_411.jpg,notumor
1209,meningioma/Tr-me_934.jpg,meningioma
1210,pituitary/Tr-pi_1049.jpg,pituitary
1211,glioma/Tr-gl_49.jpg,glioma
1212,glioma/Tr-gl_511.jpg,glioma
1213,notumor/Tr-no_612.jpg,notumor
1214,meningioma/Tr-me_1103.jpg,meningioma
1215,notumor/Tr-no_1330.jpg,notumor
1216,notumor/Tr-no_621.jpg,notumor
1217,meningioma/Tr-me_924.jpg,meningioma
1218,pituitary/Tr-pi_956.jpg,pituitary
1219,meningioma/Tr-me_515.jpg,meningioma
1220,pituitary/Tr-pi_378.jpg,pituitary
1221,glioma/Tr-gl_634.jpg,glioma
1222,glioma/Tr-gl_28.jpg,glioma
1223,meningioma/Tr-me_599.jpg,meningioma
1224,pituitary/Tr-pi_578.jpg,pituitary
1225,pituitary/Tr-pi_1231.jpg,pituitary
1226,glioma/Tr-gl_446.jpg,glioma
1227,glioma/Tr-gl_436.jpg,glioma
1228,notumor/Tr-no_700.jpg,notumor
1229,notumor/Tr-no_91.jpg,notumor
1230,notumor/Tr-no_391.jpg,notumor
1231,pituitary/Tr-pi_521.jpg,pituitary
1232,notumor/Tr-no_335.jpg,notumor
1233,pituitary/Tr-pi_392.jpg,pituitary
1234,glioma/Tr-gl_899.jpg,glioma
1235,notumor/Tr-no_764.jpg,notumor
1236,glioma/Tr-gl_598.jpg,glioma
1237,glioma/Tr-gl_1224.jpg,glioma
1238,meningioma/Tr-me_243.jpg,meningioma
1239,pituitary/Tr-pi_656.jpg,pituitary
1240,meningioma/Tr-me_863.jpg,meningioma
1241,glioma/Tr-gl_106.jpg,glioma
1242,notumor/Tr-no_855.jpg,notumor
1243,glioma/Tr-gl_1042.jpg,glioma
1244,notumor/Tr-no_916.jpg,notumor
1245,meningioma/Tr-me_1203.jpg,meningioma
1246,glioma/Tr-gl_1193.jpg,glioma
1247,notumor/Tr-no_1274.jpg,notumor
1248,notumor/Tr-no_589.jpg,notumor
1249,meningioma/Tr-me_95.jpg,meningioma
1250,meningioma/Tr-me_607.jpg,meningioma
1251,glioma/Tr-gl_111.jpg,glioma
1252,notumor/Tr-no_1076.jpg,notumor
1253,glioma/Tr-gl_76.jpg,glioma
1254,meningioma/Tr-me_398.jpg,meningioma
1255,glioma/Tr-gl_513.jpg,glioma
1256,glioma/Tr-gl_1374.jpg,glioma
1257,glioma/Tr-gl_1194.jpg,glioma
1258,meningioma/Tr-me_281.jpg,meningioma
1259,pituitary/Tr-pi_976.jpg,pituitary
1260,pituitary/Tr-pi_817.jpg,pituitary
1261,meningioma/Tr-me_347.jpg,meningioma
1262,notumor/Tr-no_436.jpg,notumor
1263,glioma/Tr-gl_572.jpg,glioma
1264,glioma/Tr-gl_81.jpg,glioma
1265,notumor/Tr-no_891.jpg,notumor
1266,glioma/Tr-gl_251.jpg,glioma
1267,notumor/Tr-no_206.jpg,notumor
1268,notumor/Tr-no_406.jpg,notumor
1269,notumor/Tr-no_1060.jpg,notumor
1270,notumor/Tr-no_1304.jpg,notumor
1271,glioma/Tr-gl_527.jpg,glioma
1272,meningioma/Tr-me_1232.jpg,meningioma
1273,glioma/Tr-gl_595.jpg,glioma
1274,glioma/Tr-gl_180.jpg,glioma
1275,meningioma/Tr-me_257.jpg,meningioma
1276,meningioma/Tr-me_468.jpg,meningioma
1277,glioma/Tr-gl_1112.jpg,glioma
1278,glioma/Tr-gl_832.jpg,glioma
1279,notumor/Tr-no_181.jpg,notumor
1280,meningioma/Tr-me_399.jpg,meningioma
1281,notumor/Tr-no_924.jpg,notumor
1282,notumor/Tr-no_967.jpg,notumor
1283,notumor/Tr-no_1295.jpg,notumor
1284,pituitary/Tr-pi_338.jpg,pituitary
1285,notumor/Tr-no_677.jpg,notumor
1286,meningioma/Tr-me_993.jpg,meningioma
1287,meningioma/Tr-me_944.jpg,meningioma
1288,notumor/Tr-no_271.jpg,notumor
1289,meningioma/Tr-me_1057.jpg,meningioma
1290,meningioma/Tr-me_315.jpg,meningioma
1291,glioma/Tr-gl_57.jpg,glioma
1292,meningioma/Tr-me_713.jpg,meningioma
1293,pituitary/Tr-pi_146.jpg,pituitary
1294,notumor/Tr-no_1004.jpg,notumor
1295,pituitary/Tr-pi_1307.jpg,pituitary
1296,meningioma/Tr-me_41.jpg,meningioma
1297,notumor/Tr-no_1360.jpg,notumor
1298,pituitary/Tr-pi_986.jpg,pituitary
1299,pituitary/Tr-pi_163.jpg,pituitary
1300,pituitary/Tr-pi_597.jpg,pituitary
1301,meningioma/Tr-me_386.jpg,meningioma
1302,meningioma/Tr-me_553.jpg,meningioma
1303,pituitary/Tr-pi_585.jpg,pituitary
1304,notumor/Tr-no_1031.jpg,notumor
1305,pituitary/Tr-pi_1248.jpg,pituitary
1306,glioma/Tr-gl_1229.jpg,glioma
1307,notumor/Tr-no_943.jpg,notumor
1308,meningioma/Tr-me_23.jpg,meningioma
1309,notumor/Tr-no_1336.jpg,notumor
1310,meningioma/Tr-me_358.jpg,meningioma
1311,glioma/Tr-gl_804.jpg,glioma
1312,meningioma/Tr-me_141.jpg,meningioma
1313,glioma/Tr-gl_35.jpg,glioma
1314,notumor/Tr-no_1313.jpg,notumor
1315,notumor/Tr-no_157.jpg,notumor
1316,pituitary/Tr-pi_1314.jpg,pituitary
1317,meningioma/Tr-me_672.jpg,meningioma
1318,glioma/Tr-gl_994.jpg,glioma
1319,meningioma/Tr-me_1111.jpg,meningioma
1320,glioma/Tr-gl_303.jpg,glioma
1321,meningioma/Tr-me_921.jpg,meningioma
1322,meningioma/Tr-me_797.jpg,meningioma
1323,notumor/Tr-no_1065.jpg,notumor
1324,glioma/Tr-gl_1230.jpg,glioma
1325,meningioma/Tr-me_410.jpg,meningioma
1326,glioma/Tr-gl_54.jpg,glioma
1327,glioma/Tr-gl_377.jpg,glioma
1328,glioma/Tr-gl_744.jpg,glioma
1329,notumor/Tr-no_1302.jpg,notumor
1330,pituitary/Tr-pi_199.jpg,pituitary
1331,glioma/Tr-gl_1186.jpg,glioma
1332,pituitary/Tr-pi_1247.jpg,pituitary
1333,meningioma/Tr-me_1054.jpg,meningioma
1334,pituitary/Tr-pi_57.jpg,pituitary
1335,pituitary/Tr-pi_1204.jpg,pituitary
1336,pituitary/Tr-pi_759.jpg,pituitary
1337,glioma/Tr-gl_1254.jpg,glioma
1338,notumor/Tr-no_649.jpg,notumor
1339,meningioma/Tr-me_1053.jpg,meningioma
1340,notumor/Tr-no_710.jpg,notumor
1341,pituitary/Tr-pi_560.jpg,pituitary
1342,pituitary/Tr-pi_1040.jpg,pituitary
1343,notumor/Tr-no_1347.jpg,notumor
1344,meningioma/Tr-aug-me_34.jpg,meningioma
1345,notumor/Tr-no_71.jpg,notumor
1346,notumor/Tr-no_1161.jpg,notumor
1347,glioma/Tr-gl_678.jpg,glioma
1348,notumor/Tr-no_647.jpg,notumor
1349,notumor/Tr-no_875.jpg,notumor
1350,glioma/Tr-gl_276.jpg,glioma
1351,meningioma/Tr-me_1037.jpg,meningioma
1352,glioma/Tr-gl_415.jpg,glioma
1353,glioma/Tr-gl_788.jpg,glioma
1354,glioma/Tr-gl_1060.jpg,glioma
1355,notumor/Tr-no_525.jpg,notumor
1356,glioma/Tr-gl_1155.jpg,glioma
1357,pituitary/Tr-pi_377.jpg,pituitary
1358,notumor/Tr-no_681.jpg,notumor
1359,pituitary/Tr-pi_985.jpg,pituitary
1360,notumor/Tr-no_846.jpg,notumor
1361,meningioma/Tr-me_247.jpg,meningioma
1362,meningioma/Tr-me_1190.jpg,meningioma
1363,pituitary/Tr-pi_85.jpg,pituitary
1364,glioma/Tr-gl_1256.jpg,glioma
1365,pituitary/Tr-pi_183.jpg,pituitary
1366,pituitary/Tr-pi_1170.jpg,pituitary
1367,meningioma/Tr-me_240.jpg,meningioma
1368,glioma/Tr-gl_1239.jpg,glioma
1369,meningioma/Tr-me_27.jpg,meningioma
1370,glioma/Tr-gl_119.jpg,glioma
1371,glioma/Tr-gl_362.jpg,glioma
1372,glioma/Tr-gl_1330.jpg,glioma
1373,meningioma/Tr-me_396.jpg,meningioma
1374,meningioma/Tr-me_847.jpg,meningioma
1375,notumor/Tr-no_1214.jpg,notumor
1376,meningioma/Tr-me_1137.jpg,meningioma
1377,notumor/Tr-no_47.jpg,notumor
1378,glioma/Tr-gl_965.jpg,glioma
1379,notumor/Tr-no_54.jpg,notumor
1380,notumor/Tr-no_909.jpg,notumor
1381,notumor/Tr-no_1366.jpg,notumor
1382,notumor/Tr-no_552.jpg,notumor
1383,meningioma/Tr-me_1014.jpg,meningioma
1384,notumor/Tr-no_742.jpg,notumor
1385,meningioma/Tr-me_116.jpg,meningioma
1386,pituitary/Tr-pi_590.jpg,pituitary
1387,meningioma/Tr-me_470.jpg,meningioma
1388,notumor/Tr-no_362.jpg,notumor
1389,pituitary/Tr-pi_647.jpg,pituitary
1390,pituitary/Tr-pi_1187.jpg,pituitary
1391,glioma/Tr-gl_1059.jpg,glioma
1392,pituitary/Tr-pi_623.jpg,pituitary
1393,notumor/Tr-no_1002.jpg,notumor
1394,pituitary/Tr-pi_1250.jpg,pituitary
1395,pituitary/Tr-pi_810.jpg,pituitary
1396,meningioma/Tr-me_267.jpg,meningioma
1397,meningioma/Tr-me_802.jpg,meningioma
1398,glioma/Tr-gl_371.jpg,glioma
1399,notumor/Tr-no_1148.jpg,notumor
1400,notumor/Tr-no_591.jpg,notumor
1401,glioma/Tr-gl_318.jpg,glioma
1402,glioma/Tr-gl_586.jpg,glioma
1403,notumor/Tr-no_1188.jpg,notumor
1404,glioma/Tr-gl_1298.jpg,glioma
1405,meningioma/Tr-me_209.jpg,meningioma
1406,meningioma/Tr-aug-me_55.jpg,meningioma
1407,glioma/Tr-gl_1020.jpg,glioma
1408,notumor/Tr-no_1012.jpg,notumor
1409,pituitary/Tr-pi_1246.jpg,pituitary
1410,notumor/Tr-no_115.jpg,notumor
1411,meningioma/Tr-me_171.jpg,meningioma
1412,notumor/Tr-no_1169.jpg,notumor
1413,notumor/Tr-no_476.jpg,notumor
1414,notumor/Tr-no_445.jpg,notumor
1415,glioma/Tr-gl_584.jpg,glioma
1416,meningioma/Tr-me_829.jpg,meningioma
1417,notumor/Tr-no_1383.jpg,notumor
1418,glioma/Tr-gl_325.jpg,glioma
1419,notumor/Tr-no_783.jpg,notumor
1420,meningioma/Tr-me_249.jpg,meningioma
1421,meningioma/Tr-me_866.jpg,meningioma
1422,pituitary/Tr-pi_753.jpg,pituitary
1423,meningioma/Tr-me_844.jpg,meningioma
1424,pituitary/Tr-pi_831.jpg,pituitary
1425,meningioma/Tr-me_113.jpg,meningioma
1426,notumor/Tr-no_480.jpg,notumor
1427,meningioma/Tr-me_785.jpg,meningioma
1428,meningioma/Tr-me_1267.jpg,meningioma
1429,notumor/Tr-no_1286.jpg,notumor
1430,meningioma/Tr-me_1201.jpg,meningioma
1431,meningioma/Tr-me_63.jpg,meningioma
1432,notumor/Tr-no_1170.jpg,notumor
1433,notumor/Tr-no_244.jpg,notumor
1434,notumor/Tr-no_1315.jpg,notumor
1435,meningioma/Tr-me_1254.jpg,meningioma
1436,glioma/Tr-gl_940.jpg,glioma
1437,pituitary/Tr-pi_290.jpg,pituitary
1438,notumor/Tr-no_609.jpg,notumor
1439,notumor/Tr-no_99.jpg,notumor
1440,pituitary/Tr-pi_167.jpg,pituitary
1441,notumor/Tr-no_174.jpg,notumor
1442,meningioma/Tr-me_268.jpg,meningioma
1443,notumor/Tr-no_510.jpg,notumor
1444,meningioma/Tr-me_1108.jpg,meningioma
1445,notumor/Tr-no_1198.jpg,notumor
1446,glioma/Tr-gl_535.jpg,glioma
1447,pituitary/Tr-pi_1027.jpg,pituitary
1448,glioma/Tr-gl_826.jpg,glioma
1449,glioma/Tr-gl_357.jpg,glioma
1450,pituitary/Tr-pi_221.jpg,pituitary
1451,glioma/Tr-gl_870.jpg,glioma
1452,notumor/Tr-no_913.jpg,notumor
1453,meningioma/Tr-me_533.jpg,meningioma
1454,meningioma/Tr-me_1059.jpg,meningioma
1455,notumor/Tr-no_536.jpg,notumor
1456,pituitary/Tr-pi_247.jpg,pituitary
1457,notumor/Tr-no_1322.jpg,notumor
1458,pituitary/Tr-pi_329.jpg,pituitary
1459,pituitary/Tr-pi_1341.jpg,pituitary
1460,pituitary/Tr-pi_616.jpg,pituitary
1461,glioma/Tr-gl_494.jpg,glioma
1462,pituitary/Tr-pi_122.jpg,pituitary
1463,pituitary/Tr-pi_313.jpg,pituitary
1464,glioma/Tr-gl_192.jpg,glioma
1465,glioma/Tr-gl_360.jpg,glioma
1466,meningioma/Tr-me_39.jpg,meningioma
1467,glioma/Tr-gl_96.jpg,glioma
1468,pituitary/Tr-pi_501.jpg,pituitary
1469,meningioma/Tr-me_527.jpg,meningioma
1470,meningioma/Tr-me_1287.jpg,meningioma
1471,glioma/Tr-gl_766.jpg,glioma
1472,pituitary/Tr-pi_1336.jpg,pituitary
1473,meningioma/Tr-me_1046.jpg,meningioma
1474,notumor/Tr-no_1384.jpg,notumor
1475,meningioma/Tr-me_230.jpg,meningioma
1476,meningioma/Tr-me_675.jpg,meningioma
1477,meningioma/Tr-me_472.jpg,meningioma
1478,notumor/Tr-no_119.jpg,notumor
1479,meningioma/Tr-me_1234.jpg,meningioma
1480,pituitary/Tr-pi_1195.jpg,pituitary
1481,notumor/Tr-no_1117.jpg,notumor
1482,pituitary/Tr-pi_363.jpg,pituitary
1483,notumor/Tr-no_489.jpg,notumor
1484,meningioma/Tr-me_216.jpg,meningioma
1485,glioma/Tr-gl_1072.jpg,glioma
1486,glioma/Tr-gl_830.jpg,glioma
1487,meningioma/Tr-me_978.jpg,meningioma
1488,pituitary/Tr-pi_902.jpg,pituitary
1489,notumor/Tr-no_43.jpg,notumor
1490,meningioma/Tr-me_380.jpg,meningioma
1491,notumor/Tr-no_1345.jpg,notumor
1492,meningioma/Tr-me_1045.jpg,meningioma
1493,pituitary/Tr-pi_280.jpg,pituitary
1494,pituitary/Tr-pi_490.jpg,pituitary
1495,pituitary/Tr-pi_358.jpg,pituitary
1496,notumor/Tr-no_825.jpg,notumor
1497,meningioma/Tr-me_768.jpg,meningioma
1498,glioma/Tr-gl_891.jpg,glioma
1499,notumor/Tr-no_139.jpg,notumor
1500,notumor/Tr-no_118.jpg,notumor
1501,glioma/Tr-gl_1242.jpg,glioma
1502,pituitary/Tr-pi_591.jpg,pituitary
1503,glioma/Tr-gl_350.jpg,glioma
1504,pituitary/Tr-pi_99.jpg,pituitary
1505,pituitary/Tr-pi_722.jpg,pituitary
1506,notumor/Tr-no_80.jpg,notumor
1507,pituitary/Tr-pi_325.jpg,pituitary
1508,notumor/Tr-no_1389.jpg,notumor
1509,meningioma/Tr-me_667.jpg,meningioma
1510,notumor/Tr-no_1187.jpg,notumor
1511,notumor/Tr-no_1335.jpg,notumor
1512,glioma/Tr-gl_684.jpg,glioma
1513,notumor/Tr-no_961.jpg,notumor
1514,pituitary/Tr-pi_1275.jpg,pituitary
1515,pituitary/Tr-pi_116.jpg,pituitary
1516,meningioma/Tr-me_554.jpg,meningioma
1517,pituitary/Tr-pi_32.jpg,pituitary
1518,pituitary/Tr-pi_43.jpg,pituitary
1519,pituitary/Tr-pi_1305.jpg,pituitary
1520,glioma/Tr-gl_464.jpg,glioma
1521,pituitary/Tr-pi_730.jpg,pituitary
1522,meningioma/Tr-me_870.jpg,meningioma
1523,notumor/Tr-no_1253.jpg,notumor
1524,pituitary/Tr-pi_1044.jpg,pituitary
1525,pituitary/Tr-pi_1157.jpg,pituitary
1526,notumor/Tr-no_38.jpg,notumor
1527,glioma/Tr-gl_1116.jpg,glioma
1528,meningioma/Tr-me_612.jpg,meningioma
1529,notumor/Tr-no_1231.jpg,notumor
1530,glioma/Tr-gl_532.jpg,glioma
1531,meningioma/Tr-me_977.jpg,meningioma
1532,glioma/Tr-gl_847.jpg,glioma
1533,meningioma/Tr-me_162.jpg,meningioma
1534,notumor/Tr-no_1184.jpg,notumor
1535,notumor/Tr-no_156.jpg,notumor
1536,meningioma/Tr-me_668.jpg,meningioma
1537,pituitary/Tr-pi_1109.jpg,pituitary
1538,meningioma/Tr-me_972.jpg,meningioma
1539,pituitary/Tr-pi_566.jpg,pituitary
1540,meningioma/Tr-aug-me_31.jpg,meningioma
1541,glioma/Tr-gl_882.jpg,glioma
1542,meningioma/Tr-me_1079.jpg,meningioma
1543,glioma/Tr-gl_128.jpg,glioma
1544,glioma/Tr-gl_74.jpg,glioma
1545,pituitary/Tr-pi_1257.jpg,pituitary
1546,pituitary/Tr-pi_321.jpg,pituitary
1547,notumor/Tr-no_723.jpg,notumor
1548,glioma/Tr-gl_1191.jpg,glioma
1549,pituitary/Tr-pi_410.jpg,pituitary
1550,notumor/Tr-no_1390.jpg,notumor
1551,meningioma/Tr-me_146.jpg,meningioma
1552,meningioma/Tr-me_423.jpg,meningioma
1553,pituitary/Tr-pi_307.jpg,pituitary
1554,notumor/Tr-no_616.jpg,notumor
1555,glioma/Tr-gl_583.jpg,glioma
1556,pituitary/Tr-pi_323.jpg,pituitary
1557,notumor/Tr-no_87.jpg,notumor
1558,notumor/Tr-no_35.jpg,notumor
1559,notumor/Tr-no_323.jpg,notumor
1560,pituitary/Tr-pi_1334.jpg,pituitary
1561,pituitary/Tr-pi_449.jpg,pituitary
1562,meningioma/Tr-me_796.jpg,meningioma
1563,pituitary/Tr-pi_1171.jpg,pituitary
1564,notumor/Tr-no_485.jpg,notumor
1565,glioma/Tr-gl_1003.jpg,glioma
1566,notumor/Tr-no_1393.jpg,notumor
1567,meningioma/Tr-me_801.jpg,meningioma
1568,notumor/Tr-no_500.jpg,notumor
1569,pituitary/Tr-pi_397.jpg,pituitary
1570,pituitary/Tr-pi_789.jpg,pituitary
1571,glioma/Tr-gl_616.jpg,glioma
1572,glioma/Tr-gl_131.jpg,glioma
1573,pituitary/Tr-pi_1052.jpg,pituitary
1574,meningioma/Tr-me_691.jpg,meningioma
1575,pituitary/Tr-pi_689.jpg,pituitary
1576,glioma/Tr-gl_121.jpg,glioma
1577,meningioma/Tr-aug-me_38.jpg,meningioma
1578,meningioma/Tr-me_760.jpg,meningioma
1579,notumor/Tr-no_1127.jpg,notumor
1580,pituitary/Tr-pi_725.jpg,pituitary
1581,glioma/Tr-gl_977.jpg,glioma
1582,meningioma/Tr-me_610.jpg,meningioma
1583,meningioma/Tr-me_1173.jpg,meningioma
1584,pituitary/Tr-pi_838.jpg,pituitary
1585,pituitary/Tr-pi_1057.jpg,pituitary
1586,meningioma/Tr-me_369.jpg,meningioma
1587,pituitary/Tr-pi_531.jpg,pituitary
1588,pituitary/Tr-pi_1134.jpg,pituitary
1589,notumor/Tr-no_1072.jpg,notumor
1590,glioma/Tr-gl_787.jpg,glioma
1591,glioma/Tr-gl_250.jpg,glioma
1592,meningioma/Tr-me_322.jpg,meningioma
1593,meningioma/Tr-me_282.jpg,meningioma
1594,notumor/Tr-no_1061.jpg,notumor
1595,notumor/Tr-no_962.jpg,notumor
1596,glioma/Tr-gl_941.jpg,glioma
1597,meningioma/Tr-me_728.jpg,meningioma
1598,meningioma/Tr-me_626.jpg,meningioma
1599,notumor/Tr-no_1190.jpg,notumor
1600,pituitary/Tr-pi_1010.jpg,pituitary
1601,pituitary/Tr-pi_318.jpg,pituitary
1602,meningioma/Tr-me_1233.jpg,meningioma
1603,meningioma/Tr-me_278.jpg,meningioma
1604,notumor/Tr-no_1094.jpg,notumor
1605,meningioma/Tr-me_872.jpg,meningioma
1606,meningioma/Tr-me_160.jpg,meningioma
1607,meningioma/Tr-me_411.jpg,meningioma
1608,pituitary/Tr-pi_263.jpg,pituitary
1609,pituitary/Tr-pi_654.jpg,pituitary
1610,meningioma/Tr-me_684.jpg,meningioma
1611,notumor/Tr-no_780.jpg,notumor
1612,pituitary/Tr-pi_275.jpg,pituitary
1613,meningioma/Tr-me_686.jpg,meningioma
1614,notumor/Tr-no_49.jpg,notumor
1615,glioma/Tr-gl_204.jpg,glioma
1616,notumor/Tr-no_69.jpg,notumor
1617,meningioma/Tr-me_227.jpg,meningioma
1618,meningioma/Tr-aug-me_47.jpg,meningioma
1619,glioma/Tr-gl_973.jpg,glioma
1620,glioma/Tr-gl_1183.jpg,glioma
1621,meningioma/Tr-me_224.jpg,meningioma
1622,pituitary/Tr-pi_853.jpg,pituitary
1623,notumor/Tr-no_421.jpg,notumor
1624,meningioma/Tr-me_725.jpg,meningioma
1625,glioma/Tr-gl_212.jpg,glioma
1626,pituitary/Tr-pi_267.jpg,pituitary
1627,glioma/Tr-gl_1273.jpg,glioma
1628,glioma/Tr-gl_1105.jpg,glioma
1629,pituitary/Tr-pi_684.jpg,pituitary
1630,notumor/Tr-no_1121.jpg,notumor
1631,glioma/Tr-gl_99.jpg,glioma
1632,notumor/Tr-no_1110.jpg,notumor
1633,glioma/Tr-gl_1365.jpg,glioma
1634,notumor/Tr-no_1261.jpg,notumor
1635,pituitary/Tr-pi_113.jpg,pituitary
1636,meningioma/Tr-me_1125.jpg,meningioma
1637,pituitary/Tr-pi_1383.jpg,pituitary
1638,notumor/Tr-no_998.jpg,notumor
1639,pituitary/Tr-pi_401.jpg,pituitary
1640,meningioma/Tr-me_299.jpg,meningioma
1641,pituitary/Tr-pi_1089.jpg,pituitary
1642,notumor/Tr-no_793.jpg,notumor
1643,pituitary/Tr-pi_15.jpg,pituitary
1644,glioma/Tr-gl_759.jpg,glioma
1645,glioma/Tr-gl_342.jpg,glioma
1646,glioma/Tr-gl_301.jpg,glioma
1647,meningioma/Tr-me_963.jpg,meningioma
1648,glioma/Tr-gl_1326.jpg,glioma
1649,meningioma/Tr-me_729.jpg,meningioma
1650,glioma/Tr-gl_407.jpg,glioma
1651,pituitary/Tr-pi_6.jpg,pituitary
1652,notumor/Tr-no_320.jpg,notumor
1653,pituitary/Tr-pi_588.jpg,pituitary
1654,meningioma/Tr-me_414.jpg,meningioma
1655,glioma/Tr-gl_112.jpg,glioma
1656,notumor/Tr-no_1189.jpg,notumor
1657,glioma/Tr-gl_626.jpg,glioma
1658,notumor/Tr-no_834.jpg,notumor
1659,pituitary/Tr-pi_282.jpg,pituitary
1660,notumor/Tr-no_965.jpg,notumor
1661,meningioma/Tr-me_1004.jpg,meningioma
1662,meningioma/Tr-aug-me_88.jpg,meningioma
1663,notumor/Tr-no_481.jpg,notumor
1664,glioma/Tr-gl_21.jpg,glioma
1665,pituitary/Tr-pi_564.jpg,pituitary
1666,pituitary/Tr-pi_896.jpg,pituitary
1667,pituitary/Tr-pi_1346.jpg,pituitary
1668,meningioma/Tr-me_22.jpg,meningioma
1669,pituitary/Tr-pi_174.jpg,pituitary
1670,meningioma/Tr-me_199.jpg,meningioma
1671,glioma/Tr-gl_184.jpg,glioma
1672,glioma/Tr-gl_1238.jpg,glioma
1673,pituitary/Tr-pi_348.jpg,pituitary
1674,pituitary/Tr-pi_1143.jpg,pituitary
1675,pituitary/Tr-pi_557.jpg,pituitary
1676,pituitary/Tr-pi_675.jpg,pituitary
1677,glioma/Tr-gl_781.jpg,glioma
1678,pituitary/Tr-pi_402.jpg,pituitary
1679,notumor/Tr-no_751.jpg,notumor
1680,glioma/Tr-gl_1085.jpg,glioma
1681,glioma/Tr-gl_1331.jpg,glioma
1682,notumor/Tr-no_938.jpg,notumor
1683,notumor/Tr-no_488.jpg,notumor
1684,glioma/Tr-gl_1021.jpg,glioma
1685,notumor/Tr-no_1045.jpg,notumor
1686,meningioma/Tr-me_235.jpg,meningioma
1687,pituitary/Tr-pi_736.jpg,pituitary
1688,meningioma/Tr-me_1029.jpg,meningioma
1689,pituitary/Tr-pi_152.jpg,pituitary
1690,pituitary/Tr-pi_269.jpg,pituitary
1691,meningioma/Tr-me_451.jpg,meningioma
1692,notumor/Tr-no_516.jpg,notumor
1693,meningioma/Tr-me_901.jpg,meningioma
1694,glioma/Tr-gl_829.jpg,glioma
1695,glioma/Tr-gl_253.jpg,glioma
1696,notumor/Tr-no_385.jpg,notumor
1697,meningioma/Tr-me_236.jpg,meningioma
1698,meningioma/Tr-me_639.jpg,meningioma
1699,pituitary/Tr-pi_785.jpg,pituitary
1700,glioma/Tr-gl_652.jpg,glioma
1701,notumor/Tr-no_252.jpg,notumor
1702,glioma/Tr-gl_990.jpg,glioma
1703,glioma/Tr-gl_843.jpg,glioma
1704,pituitary/Tr-pi_1126.jpg,pituitary
1705,meningioma/Tr-aug-me_15.jpg,meningioma
1706,meningioma/Tr-me_509.jpg,meningioma
1707,meningioma/Tr-me_1292.jpg,meningioma
1708,notumor/Tr-no_1262.jpg,notumor
1709,meningioma/Tr-me_489.jpg,meningioma
1710,meningioma/Tr-me_487.jpg,meningioma
1711,notumor/Tr-no_1186.jpg,notumor
1712,pituitary/Tr-pi_978.jpg,pituitary
1713,pituitary/Tr-pi_582.jpg,pituitary
1714,glioma/Tr-gl_1041.jpg,glioma
1715,meningioma/Tr-me_449.jpg,meningioma
1716,notumor/Tr-no_568.jpg,notumor
1717,notumor/Tr-no_982.jpg,notumor
1718,meningioma/Tr-me_1288.jpg,meningioma
1719,pituitary/Tr-pi_652.jpg,pituitary
1720,pituitary/Tr-pi_613.jpg,pituitary
1721,meningioma/Tr-me_1227.jpg,meningioma
1722,meningioma/Tr-me_810.jpg,meningioma
1723,meningioma/Tr-me_417.jpg,meningioma
1724,pituitary/Tr-pi_1287.jpg,pituitary
1725,glioma/Tr-gl_1062.jpg,glioma
1726,pituitary/Tr-pi_635.jpg,pituitary
1727,glioma/Tr-gl_657.jpg,glioma
1728,meningioma/Tr-me_187.jpg,meningioma
1729,meningioma/Tr-me_328.jpg,meningioma
1730,notumor/Tr-no_1166.jpg,notumor
1731,pituitary/Tr-pi_1270.jpg,pituitary
1732,notumor/Tr-no_48.jpg,notumor
1733,pituitary/Tr-pi_1153.jpg,pituitary
1734,glioma/Tr-gl_220.jpg,glioma
1735,glioma/Tr-gl_56.jpg,glioma
1736,notumor/Tr-no_1252.jpg,notumor
1737,glioma/Tr-gl_409.jpg,glioma
1738,meningioma/Tr-me_732.jpg,meningioma
1739,notumor/Tr-no_1054.jpg,notumor
1740,pituitary/Tr-pi_162.jpg,pituitary
1741,notumor/Tr-no_1168.jpg,notumor
1742,notumor/Tr-no_1374.jpg,notumor
1743,glioma/Tr-gl_420.jpg,glioma
1744,notumor/Tr-no_384.jpg,notumor
1745,pituitary/Tr-pi_469.jpg,pituitary
1746,pituitary/Tr-pi_110.jpg,pituitary
1747,notumor/Tr-no_1265.jpg,notumor
1748,pituitary/Tr-pi_1002.jpg,pituitary
1749,glioma/Tr-gl_675.jpg,glioma
1750,pituitary/Tr-pi_946.jpg,pituitary
1751,meningioma/Tr-me_507.jpg,meningioma
1752,meningioma/Tr-me_952.jpg,meningioma
1753,pituitary/Tr-pi_1142.jpg,pituitary
1754,meningioma/Tr-aug-me_18.jpg,meningioma
1755,notumor/Tr-no_1086.jpg,notumor
1756,meningioma/Tr-me_163.jpg,meningioma
1757,meningioma/Tr-me_105.jpg,meningioma
1758,glioma/Tr-gl_267.jpg,glioma
1759,notumor/Tr-no_942.jpg,notumor
1760,notumor/Tr-no_407.jpg,notumor
1761,pituitary/Tr-pi_1279.jpg,pituitary
1762,pituitary/Tr-pi_963.jpg,pituitary
1763,notumor/Tr-no_1391.jpg,notumor
1764,glioma/Tr-gl_799.jpg,glioma
1765,pituitary/Tr-pi_438.jpg,pituitary
1766,pituitary/Tr-pi_1056.jpg,pituitary
1767,pituitary/Tr-pi_771.jpg,pituitary
1768,meningioma/Tr-me_421.jpg,meningioma
1769,pituitary/Tr-pi_620.jpg,pituitary
1770,notumor/Tr-no_994.jpg,notumor
1771,notumor/Tr-no_341.jpg,notumor
1772,pituitary/Tr-pi_1148.jpg,pituitary
1773,pituitary/Tr-pi_1215.jpg,pituitary
1774,notumor/Tr-no_303.jpg,notumor
1775,pituitary/Tr-pi_112.jpg,pituitary
1776,pituitary/Tr-pi_1360.jpg,pituitary
1777,glioma/Tr-gl_479.jpg,glioma
1778,notumor/Tr-no_1348.jpg,notumor
1779,notumor/Tr-no_1053.jpg,notumor
1780,pituitary/Tr-pi_668.jpg,pituitary
1781,notumor/Tr-no_1153.jpg,notumor
1782,pituitary/Tr-pi_1399.jpg,pituitary
1783,notumor/Tr-no_1219.jpg,notumor
1784,meningioma/Tr-me_1197.jpg,meningioma
1785,pituitary/Tr-pi_880.jpg,pituitary
1786,glioma/Tr-gl_366.jpg,glioma
1787,notumor/Tr-no_1052.jpg,notumor
1788,notumor/Tr-no_1199.jpg,notumor
1789,pituitary/Tr-pi_941.jpg,pituitary
1790,pituitary/Tr-pi_444.jpg,pituitary
1791,notumor/Tr-no_1224.jpg,notumor
1792,glioma/Tr-gl_61.jpg,glioma
1793,pituitary/Tr-pi_340.jpg,pituitary
1794,glioma/Tr-gl_712.jpg,glioma
1795,meningioma/Tr-aug-me_12.jpg,meningioma
1796,pituitary/Tr-pi_1004.jpg,pituitary
1797,pituitary/Tr-pi_1236.jpg,pituitary
1798,notumor/Tr-no_325.jpg,notumor
1799,glioma/Tr-gl_472.jpg,glioma
1800,notumor/Tr-no_932.jpg,notumor
1801,meningioma/Tr-me_988.jpg,meningioma
1802,pituitary/Tr-pi_1347.jpg,pituitary
1803,notumor/Tr-no_103.jpg,notumor
1804,glioma/Tr-gl_996.jpg,glioma
1805,glioma/Tr-gl_1149.jpg,glioma
1806,glioma/Tr-gl_1305.jpg,glioma
1807,meningioma/Tr-me_911.jpg,meningioma
1808,notumor/Tr-no_699.jpg,notumor
1809,glioma/Tr-gl_504.jpg,glioma
1810,notumor/Tr-no_603.jpg,notumor
1811,glioma/Tr-gl_982.jpg,glioma
1812,pituitary/Tr-pi_1062.jpg,pituitary
1813,glioma/Tr-gl_170.jpg,glioma
1814,pituitary/Tr-pi_735.jpg,pituitary
1815,glioma/Tr-gl_1168.jpg,glioma
1816,glioma/Tr-gl_344.jpg,glioma
1817,meningioma/Tr-me_799.jpg,meningioma
1818,meningioma/Tr-me_403.jpg,meningioma
1819,pituitary/Tr-pi_1190.jpg,pituitary
1820,glioma/Tr-gl_849.jpg,glioma
1821,pituitary/Tr-pi_950.jpg,pituitary
1822,meningioma/Tr-me_1264.jpg,meningioma
1823,glioma/Tr-gl_1301.jpg,glioma
1824,notumor/Tr-no_554.jpg,notumor
1825,notumor/Tr-no_540.jpg,notumor
1826,meningioma/Tr-me_1196.jpg,meningioma
1827,glioma/Tr-gl_635.jpg,glioma
1828,glioma/Tr-gl_816.jpg,glioma
1829,notumor/Tr-no_674.jpg,notumor
1830,meningioma/Tr-me_424.jpg,meningioma
1831,notumor/Tr-no_756.jpg,notumor
1832,notumor/Tr-no_518.jpg,notumor
1833,notumor/Tr-no_1365.jpg,notumor
1834,notumor/Tr-no_1200.jpg,notumor
1835,glioma/Tr-gl_1132.jpg,glioma
1836,glioma/Tr-gl_433.jpg,glioma
1837,pituitary/Tr-pi_29.jpg,pituitary
1838,notumor/Tr-no_545.jpg,notumor
1839,notumor/Tr-no_824.jpg,notumor
1840,notumor/Tr-no_695.jpg,notumor
1841,meningioma/Tr-me_326.jpg,meningioma
1842,notumor/Tr-no_198.jpg,notumor
1843,glioma/Tr-gl_558.jpg,glioma
1844,notumor/Tr-no_760.jpg,notumor
1845,glioma/Tr-gl_861.jpg,glioma
1846,notumor/Tr-no_810.jpg,notumor
1847,pituitary/Tr-pi_535.jpg,pituitary
1848,meningioma/Tr-me_560.jpg,meningioma
1849,notumor/Tr-no_1058.jpg,notumor
1850,glioma/Tr-gl_270.jpg,glioma
1851,notumor/Tr-no_262.jpg,notumor
1852,notumor/Tr-no_1069.jpg,notumor
1853,pituitary/Tr-pi_297.jpg,pituitary
1854,notumor/Tr-no_298.jpg,notumor
1855,glioma/Tr-gl_1359.jpg,glioma
1856,glioma/Tr-gl_608.jpg,glioma
1857,notumor/Tr-no_459.jpg,notumor
1858,glioma/Tr-gl_1167.jpg,glioma
1859,notumor/Tr-no_1181.jpg,notumor
1860,notumor/Tr-no_230.jpg,notumor
1861,notumor/Tr-no_435.jpg,notumor
1862,meningioma/Tr-aug-me_69.jpg,meningioma
1863,notumor/Tr-no_313.jpg,notumor
1864,meningioma/Tr-me_619.jpg,meningioma
1865,meningioma/Tr-me_1239.jpg,meningioma
1866,notumor/Tr-no_668.jpg,notumor
1867,notumor/Tr-no_836.jpg,notumor
1868,pituitary/Tr-pi_1218.jpg,pituitary
1869,meningioma/Tr-me_450.jpg,meningioma
1870,notumor/Tr-no_1179.jpg,notumor
1871,pituitary/Tr-pi_1144.jpg,pituitary
1872,notumor/Tr-no_1093.jpg,notumor
1873,notumor/Tr-no_1382.jpg,notumor
1874,notumor/Tr-no_432.jpg,notumor
1875,notumor/Tr-no_17.jpg,notumor
1876,meningioma/Tr-me_704.jpg,meningioma
1877,meningioma/Tr-me_967.jpg,meningioma
1878,notumor/Tr-no_1207.jpg,notumor
1879,pituitary/Tr-pi_861.jpg,pituitary
1880,notumor/Tr-no_121.jpg,notumor
1881,pituitary/Tr-pi_639.jpg,pituitary
1882,meningioma/Tr-me_465.jpg,meningioma
1883,notumor/Tr-no_1154.jpg,notumor
1884,meningioma/Tr-me_938.jpg,meningioma
1885,glioma/Tr-gl_811.jpg,glioma
1886,meningioma/Tr-me_825.jpg,meningioma
1887,notumor/Tr-no_44.jpg,notumor
1888,notumor/Tr-no_663.jpg,notumor
1889,glioma/Tr-gl_948.jpg,glioma
1890,notumor/Tr-no_548.jpg,notumor
1891,meningioma/Tr-me_1033.jpg,meningioma
1892,pituitary/Tr-pi_1229.jpg,pituitary
1893,pituitary/Tr-pi_927.jpg,pituitary
1894,meningioma/Tr-me_787.jpg,meningioma
1895,notumor/Tr-no_761.jpg,notumor
1896,pituitary/Tr-pi_443.jpg,pituitary
1897,notumor/Tr-no_1311.jpg,notumor
1898,glioma/Tr-gl_1260.jpg,glioma
1899,glioma/Tr-gl_1171.jpg,glioma
1900,notumor/Tr-no_626.jpg,notumor
1901,pituitary/Tr-pi_33.jpg,pituitary
1902,meningioma/Tr-me_778.jpg,meningioma
1903,glioma/Tr-gl_47.jpg,glioma
1904,glioma/Tr-gl_1052.jpg,glioma
1905,meningioma/Tr-me_1209.jpg,meningioma
1906,pituitary/Tr-pi_389.jpg,pituitary
1907,glioma/Tr-gl_129.jpg,glioma
1908,pituitary/Tr-pi_1367.jpg,pituitary
1909,pituitary/Tr-pi_611.jpg,pituitary
1910,meningioma/Tr-me_947.jpg,meningioma
1911,glioma/Tr-gl_283.jpg,glioma
1912,glioma/Tr-gl_631.jpg,glioma
1913,notumor/Tr-no_870.jpg,notumor
1914,notumor/Tr-no_346.jpg,notumor
1915,glioma/Tr-gl_1394.jpg,glioma
1916,glioma/Tr-gl_372.jpg,glioma
1917,glioma/Tr-gl_739.jpg,glioma
1918,meningioma/Tr-me_992.jpg,meningioma
1919,pituitary/Tr-pi_824.jpg,pituitary
1920,meningioma/Tr-me_1052.jpg,meningioma
1921,notumor/Tr-no_620.jpg,notumor
1922,notumor/Tr-no_11.jpg,notumor
1923,pituitary/Tr-pi_687.jpg,pituitary
1924,glioma/Tr-gl_909.jpg,glioma
1925,meningioma/Tr-me_789.jpg,meningioma
1926,glioma/Tr-gl_877.jpg,glioma
1927,notumor/Tr-no_969.jpg,notumor
1928,notumor/Tr-no_1291.jpg,notumor
1929,glioma/Tr-gl_1340.jpg,glioma
1930,pituitary/Tr-pi_180.jpg,pituitary
1931,notumor/Tr-no_886.jpg,notumor
1932,pituitary/Tr-pi_415.jpg,pituitary
1933,pituitary/Tr-pi_1277.jpg,pituitary
1934,meningioma/Tr-me_1259.jpg,meningioma
1935,pituitary/Tr-pi_1093.jpg,pituitary
1936,meningioma/Tr-me_1105.jpg,meningioma
1937,notumor/Tr-no_483.jpg,notumor
1938,pituitary/Tr-pi_532.jpg,pituitary
1939,notumor/Tr-no_413.jpg,notumor
1940,notumor/Tr-no_463.jpg,notumor
1941,glioma/Tr-gl_233.jpg,glioma
1942,notumor/Tr-no_617.jpg,notumor
1943,notumor/Tr-no_268.jpg,notumor
1944,notumor/Tr-no_388.jpg,notumor
1945,meningioma/Tr-me_1148.jpg,meningioma
1946,notumor/Tr-no_1123.jpg,notumor
1947,glioma/Tr-gl_62.jpg,glioma
1948,notumor/Tr-no_21.jpg,notumor
1949,glioma/Tr-gl_334.jpg,glioma
1950,pituitary/Tr-pi_708.jpg,pituitary
1951,notumor/Tr-no_670.jpg,notumor
1952,glioma/Tr-gl_810.jpg,glioma
1953,glioma/Tr-gl_1129.jpg,glioma
1954,glioma/Tr-gl_962.jpg,glioma
1955,glioma/Tr-gl_1282.jpg,glioma
1956,glioma/Tr-gl_580.jpg,glioma
1957,glioma/Tr-gl_135.jpg,glioma
1958,meningioma/Tr-aug-me_81.jpg,meningioma
1959,notumor/Tr-no_1083.jpg,notumor
1960,pituitary/Tr-pi_661.jpg,pituitary
1961,glioma/Tr-gl_677.jpg,glioma
1962,pituitary/Tr-pi_77.jpg,pituitary
1963,pituitary/Tr-pi_537.jpg,pituitary
1964,glioma/Tr-gl_80.jpg,glioma
1965,glioma/Tr-gl_155.jpg,glioma
1966,notumor/Tr-no_1340.jpg,notumor
1967,pituitary/Tr-pi_1035.jpg,pituitary
1968,pituitary/Tr-pi_875.jpg,pituitary
1969,meningioma/Tr-me_574.jpg,meningioma
1970,notumor/Tr-no_897.jpg,notumor
1971,glioma/Tr-gl_132.jpg,glioma
1972,notumor/Tr-no_587.jpg,notumor
1973,notumor/Tr-no_191.jpg,notumor
1974,meningioma/Tr-me_1158.jpg,meningioma
1975,pituitary/Tr-pi_773.jpg,pituitary
1976,glioma/Tr-gl_260.jpg,glioma
1977,meningioma/Tr-me_899.jpg,meningioma
1978,notumor/Tr-no_602.jpg,notumor
1979,pituitary/Tr-pi_403.jpg,pituitary
1980,notumor/Tr-no_1055.jpg,notumor
1981,pituitary/Tr-pi_123.jpg,pituitary
1982,pituitary/Tr-pi_573.jpg,pituitary
1983,meningioma/Tr-me_584.jpg,meningioma
1984,pituitary/Tr-pi_455.jpg,pituitary
1985,notumor/Tr-no_349.jpg,notumor
1986,glioma/Tr-gl_860.jpg,glioma
1987,meningioma/Tr-me_254.jpg,meningioma
1988,pituitary/Tr-pi_1069.jpg,pituitary
1989,pituitary/Tr-pi_484.jpg,pituitary
1990,glioma/Tr-gl_854.jpg,glioma
1991,notumor/Tr-no_465.jpg,notumor
1992,glioma/Tr-gl_727.jpg,glioma
1993,pituitary/Tr-pi_344.jpg,pituitary
1994,glioma/Tr-gl_1299.jpg,glioma
1995,meningioma/Tr-me_809.jpg,meningioma
1996,meningioma/Tr-me_591.jpg,meningioma
1997,notumor/Tr-no_1266.jpg,notumor
1998,glioma/Tr-gl_143.jpg,glioma
1999,pituitary/Tr-pi_382.jpg,pituitary
2000,glioma/Tr-gl_89.jpg,glioma
2001,meningioma/Tr-me_418.jpg,meningioma
2002,notumor/Tr-no_661.jpg,notumor
2003,glioma/Tr-gl_380.jpg,glioma
2004,glioma/Tr-gl_156.jpg,glioma
2005,notumor/Tr-no_327.jpg,notumor
2006,meningioma/Tr-me_893.jpg,meningioma
2007,meningioma/Tr-me_1084.jpg,meningioma
2008,notumor/Tr-no_1159.jpg,notumor
2009,notumor/Tr-no_1237.jpg,notumor
2010,notumor/Tr-no_12.jpg,notumor
2011,notumor/Tr-no_1269.jpg,notumor
2012,glioma/Tr-gl_1354.jpg,glioma
2013,glioma/Tr-gl_67.jpg,glioma
2014,glioma/Tr-gl_942.jpg,glioma
2015,notumor/Tr-no_842.jpg,notumor
2016,notumor/Tr-no_833.jpg,notumor
2017,notumor/Tr-no_1185.jpg,notumor
2018,meningioma/Tr-me_1110.jpg,meningioma
2019,glioma/Tr-gl_1288.jpg,glioma
2020,meningioma/Tr-me_165.jpg,meningioma
2021,notumor/Tr-no_334.jpg,notumor
2022,glioma/Tr-gl_1064.jpg,glioma
2023,glioma/Tr-gl_885.jpg,glioma
2024,notumor/Tr-no_434.jpg,notumor
2025,pituitary/Tr-pi_1164.jpg,pituitary
2026,glioma/Tr-gl_1098.jpg,glioma
2027,notumor/Tr-no_74.jpg,notumor
2028,pituitary/Tr-pi_1283.jpg,pituitary
2029,meningioma/Tr-me_532.jpg,meningioma
2030,pituitary/Tr-pi_44.jpg,pituitary
2031,glioma/Tr-gl_429.jpg,glioma
2032,notumor/Tr-no_269.jpg,notumor
2033,pituitary/Tr-pi_727.jpg,pituitary
2034,pituitary/Tr-pi_1296.jpg,pituitary
2035,pituitary/Tr-pi_1260.jpg,pituitary
2036,meningioma/Tr-me_1208.jpg,meningioma
2037,meningioma/Tr-me_50.jpg,meningioma
2038,glioma/Tr-gl_827.jpg,glioma
2039,meningioma/Tr-me_1060.jpg,meningioma
2040,glioma/Tr-gl_1187.jpg,glioma
2041,glioma/Tr-gl_490.jpg,glioma
2042,meningioma/Tr-me_373.jpg,meningioma
2043,meningioma/Tr-me_20.jpg,meningioma
2044,notumor/Tr-no_709.jpg,notumor
2045,notumor/Tr-no_1177.jpg,notumor
2046,pituitary/Tr-pi_104.jpg,pituitary
2047,notumor/Tr-no_1019.jpg,notumor
2048,meningioma/Tr-me_122.jpg,meningioma
2049,glioma/Tr-gl_497.jpg,glioma
2050,pituitary/Tr-pi_364.jpg,pituitary
2051,notumor/Tr-no_721.jpg,notumor
2052,notumor/Tr-no_58.jpg,notumor
2053,meningioma/Tr-me_484.jpg,meningioma
2054,notumor/Tr-no_566.jpg,notumor
2055,meningioma/Tr-me_229.jpg,meningioma
2056,glioma/Tr-gl_55.jpg,glioma
2057,notumor/Tr-no_472.jpg,notumor
2058,meningioma/Tr-me_318.jpg,meningioma
2059,meningioma/Tr-me_598.jpg,meningioma
2060,pituitary/Tr-pi_784.jpg,pituitary
2061,pituitary/Tr-pi_681.jpg,pituitary
2062,meningioma/Tr-me_666.jpg,meningioma
2063,pituitary/Tr-pi_482.jpg,pituitary
2064,pituitary/Tr-pi_1220.jpg,pituitary
2065,pituitary/Tr-pi_458.jpg,pituitary
2066,pituitary/Tr-pi_1104.jpg,pituitary
2067,meningioma/Tr-aug-me_40.jpg,meningioma
2068,notumor/Tr-no_882.jpg,notumor
2069,glioma/Tr-gl_757.jpg,glioma
2070,glioma/Tr-gl_978.jpg,glioma
2071,pituitary/Tr-pi_951.jpg,pituitary
2072,notumor/Tr-no_1205.jpg,notumor
2073,notumor/Tr-no_717.jpg,notumor
2074,meningioma/Tr-me_884.jpg,meningioma
2075,notumor/Tr-no_515.jpg,notumor
2076,notumor/Tr-no_169.jpg,notumor
2077,meningioma/Tr-me_719.jpg,meningioma
2078,meningioma/Tr-me_578.jpg,meningioma
2079,notumor/Tr-no_816.jpg,notumor
2080,meningioma/Tr-me_520.jpg,meningioma
2081,notumor/Tr-no_170.jpg,notumor
2082,meningioma/Tr-me_152.jpg,meningioma
2083,pituitary/Tr-pi_669.jpg,pituitary
2084,notumor/Tr-no_729.jpg,notumor
2085,meningioma/Tr-me_383.jpg,meningioma
2086,meningioma/Tr-me_1008.jpg,meningioma
2087,meningioma/Tr-me_60.jpg,meningioma
2088,meningioma/Tr-me_1188.jpg,meningioma
2089,glioma/Tr-gl_743.jpg,glioma
2090,pituitary/Tr-pi_219.jpg,pituitary
2091,glioma/Tr-gl_417.jpg,glioma
2092,pituitary/Tr-pi_1063.jpg,pituitary
2093,meningioma/Tr-me_790.jpg,meningioma
2094,meningioma/Tr-me_641.jpg,meningioma
2095,pituitary/Tr-pi_972.jpg,pituitary
2096,glioma/Tr-gl_951.jpg,glioma
2097,notumor/Tr-no_155.jpg,notumor
2098,glioma/Tr-gl_200.jpg,glioma
2099,glioma/Tr-gl_698.jpg,glioma
2100,notumor/Tr-no_726.jpg,notumor
2101,meningioma/Tr-me_550.jpg,meningioma
2102,meningioma/Tr-me_975.jpg,meningioma
2103,notumor/Tr-no_584.jpg,notumor
2104,glioma/Tr-gl_828.jpg,glioma
2105,glioma/Tr-gl_968.jpg,glioma
2106,glioma/Tr-gl_157.jpg,glioma
2107,meningioma/Tr-aug-me_33.jpg,meningioma
2108,meningioma/Tr-me_827.jpg,meningioma
2109,glioma/Tr-gl_1121.jpg,glioma
2110,meningioma/Tr-aug-me_95.jpg,meningioma
2111,notumor/Tr-no_14.jpg,notumor
2112,glioma/Tr-gl_1306.jpg,glioma
2113,glioma/Tr-gl_95.jpg,glioma
2114,glioma/Tr-gl_203.jpg,glioma
2115,pituitary/Tr-pi_102.jpg,pituitary
2116,notumor/Tr-no_898.jpg,notumor
2117,pituitary/Tr-pi_897.jpg,pituitary
2118,notumor/Tr-no_1078.jpg,notumor
2119,glioma/Tr-gl_273.jpg,glioma
2120,glioma/Tr-gl_1317.jpg,glioma
2121,glioma/Tr-gl_578.jpg,glioma
2122,glioma/Tr-gl_594.jpg,glioma
2123,notumor/Tr-no_878.jpg,notumor
2124,glioma/Tr-gl_960.jpg,glioma
2125,glioma/Tr-gl_1099.jpg,glioma
2126,meningioma/Tr-me_362.jpg,meningioma
2127,pituitary/Tr-pi_16.jpg,pituitary
2128,glioma/Tr-gl_555.jpg,glioma
2129,meningioma/Tr-me_237.jpg,meningioma
2130,glioma/Tr-gl_396.jpg,glioma
2131,meningioma/Tr-me_259.jpg,meningioma
2132,glioma/Tr-gl_416.jpg,glioma
2133,pituitary/Tr-pi_509.jpg,pituitary
2134,notumor/Tr-no_571.jpg,notumor
2135,notumor/Tr-no_148.jpg,notumor
2136,meningioma/Tr-me_341.jpg,meningioma
2137,meningioma/Tr-me_480.jpg,meningioma
2138,notumor/Tr-no_392.jpg,notumor
2139,meningioma/Tr-me_1222.jpg,meningioma
2140,pituitary/Tr-pi_216.jpg,pituitary
2141,meningioma/Tr-me_15.jpg,meningioma
2142,pituitary/Tr-pi_812.jpg,pituitary
2143,pituitary/Tr-pi_698.jpg,pituitary
2144,glioma/Tr-gl_733.jpg,glioma
2145,pituitary/Tr-pi_242.jpg,pituitary
2146,pituitary/Tr-pi_851.jpg,pituitary
2147,notumor/Tr-no_1301.jpg,notumor
2148,notumor/Tr-no_19.jpg,notumor
2149,notumor/Tr-no_1216.jpg,notumor
2150,glioma/Tr-gl_499.jpg,glioma
2151,pituitary/Tr-pi_646.jpg,pituitary
2152,glioma/Tr-gl_277.jpg,glioma
2153,glioma/Tr-gl_1396.jpg,glioma
2154,notumor/Tr-no_728.jpg,notumor
2155,notumor/Tr-no_200.jpg,notumor
2156,notumor/Tr-no_85.jpg,notumor
2157,glioma/Tr-gl_1164.jpg,glioma
2158,notumor/Tr-no_37.jpg,notumor
2159,glioma/Tr-gl_620.jpg,glioma
2160,notumor/Tr-no_493.jpg,notumor
2161,pituitary/Tr-pi_587.jpg,pituitary
2162,meningioma/Tr-me_1231.jpg,meningioma
2163,pituitary/Tr-pi_1342.jpg,pituitary
2164,pituitary/Tr-pi_726.jpg,pituitary
2165,glioma/Tr-gl_1381.jpg,glioma
2166,glioma/Tr-gl_206.jpg,glioma
2167,glioma/Tr-gl_728.jpg,glioma
2168,meningioma/Tr-me_564.jpg,meningioma
2169,glioma/Tr-gl_1067.jpg,glioma
2170,notumor/Tr-no_774.jpg,notumor
2171,glioma/Tr-gl_285.jpg,glioma
2172,notumor/Tr-no_505.jpg,notumor
2173,meningioma/Tr-me_329.jpg,meningioma
2174,glioma/Tr-gl_16.jpg,glioma
2175,meningioma/Tr-me_613.jpg,meningioma
2176,pituitary/Tr-pi_419.jpg,pituitary
2177,glioma/Tr-gl_33.jpg,glioma
2178,meningioma/Tr-me_1183.jpg,meningioma
2179,notumor/Tr-no_904.jpg,notumor
2180,meningioma/Tr-me_689.jpg,meningioma
2181,glioma/Tr-gl_120.jpg,glioma
2182,meningioma/Tr-me_990.jpg,meningioma
2183,pituitary/Tr-pi_244.jpg,pituitary
2184,glioma/Tr-gl_483.jpg,glioma
2185,pituitary/Tr-pi_843.jpg,pituitary
2186,notumor/Tr-no_686.jpg,notumor
2187,meningioma/Tr-me_198.jpg,meningioma
2188,pituitary/Tr-pi_839.jpg,pituitary
2189,pituitary/Tr-pi_1355.jpg,pituitary
2190,meningioma/Tr-me_1007.jpg,meningioma
2191,glioma/Tr-gl_679.jpg,glioma
2192,glioma/Tr-gl_813.jpg,glioma
2193,pituitary/Tr-pi_190.jpg,pituitary
2194,meningioma/Tr-me_300.jpg,meningioma
2195,glioma/Tr-gl_1222.jpg,glioma
2196,pituitary/Tr-pi_334.jpg,pituitary
2197,pituitary/Tr-pi_139.jpg,pituitary
2198,notumor/Tr-no_682.jpg,notumor
2199,meningioma/Tr-me_586.jpg,meningioma
2200,pituitary/Tr-pi_1221.jpg,pituitary
2201,pituitary/Tr-pi_413.jpg,pituitary
2202,notumor/Tr-no_930.jpg,notumor
2203,pituitary/Tr-pi_804.jpg,pituitary
2204,pituitary/Tr-pi_945.jpg,pituitary
2205,pituitary/Tr-pi_331.jpg,pituitary
2206,meningioma/Tr-me_55.jpg,meningioma
2207,pituitary/Tr-pi_202.jpg,pituitary
2208,notumor/Tr-no_1333.jpg,notumor
2209,notumor/Tr-no_1377.jpg,notumor
2210,meningioma/Tr-me_643.jpg,meningioma
2211,meningioma/Tr-me_148.jpg,meningioma
2212,meningioma/Tr-me_999.jpg,meningioma
2213,notumor/Tr-no_1338.jpg,notumor
2214,notumor/Tr-no_120.jpg,notumor
2215,pituitary/Tr-pi_618.jpg,pituitary
2216,notumor/Tr-no_138.jpg,notumor
2217,meningioma/Tr-me_1069.jpg,meningioma
2218,pituitary/Tr-pi_1265.jpg,pituitary
2219,glioma/Tr-gl_881.jpg,glioma
2220,notumor/Tr-no_1317.jpg,notumor
2221,meningioma/Tr-me_1094.jpg,meningioma
2222,glioma/Tr-gl_1069.jpg,glioma
2223,glioma/Tr-gl_1082.jpg,glioma
2224,pituitary/Tr-pi_133.jpg,pituitary
2225,notumor/Tr-no_642.jpg,notumor
2226,meningioma/Tr-me_942.jpg,meningioma
2227,notumor/Tr-no_858.jpg,notumor
2228,notumor/Tr-no_534.jpg,notumor
2229,meningioma/Tr-me_178.jpg,meningioma
2230,pituitary/Tr-pi_1259.jpg,pituitary
2231,notumor/Tr-no_247.jpg,notumor
2232,notumor/Tr-no_1017.jpg,notumor
2233,glioma/Tr-gl_1145.jpg,glioma
2234,pituitary/Tr-pi_1254.jpg,pituitary
2235,glioma/Tr-gl_864.jpg,glioma
2236,pituitary/Tr-pi_1111.jpg,pituitary
2237,pituitary/Tr-pi_685.jpg,pituitary
2238,pituitary/Tr-pi_448.jpg,pituitary
2239,meningioma/Tr-me_839.jpg,meningioma
2240,meningioma/Tr-me_389.jpg,meningioma
2241,pituitary/Tr-pi_317.jpg,pituitary
2242,pituitary/Tr-pi_11.jpg,pituitary
2243,notumor/Tr-no_662.jpg,notumor
2244,pituitary/Tr-pi_1335.jpg,pituitary
2245,notumor/Tr-no_188.jpg,notumor
2246,glioma/Tr-gl_848.jpg,glioma
2247,meningioma/Tr-me_821.jpg,meningioma
2248,meningioma/Tr-me_685.jpg,meningioma
2249,glioma/Tr-gl_604.jpg,glioma
2250,meningioma/Tr-me_397.jpg,meningioma
2251,meningioma/Tr-me_1039.jpg,meningioma
2252,meningioma/Tr-me_1017.jpg,meningioma
2253,notumor/Tr-no_240.jpg,notumor
2254,glioma/Tr-gl_13.jpg,glioma
2255,notumor/Tr-no_306.jpg,notumor
2256,pituitary/Tr-pi_1262.jpg,pituitary
2257,glioma/Tr-gl_8.jpg,glioma
2258,pituitary/Tr-pi_1388.jpg,pituitary
2259,notumor/Tr-no_613.jpg,notumor
2260,pituitary/Tr-pi_905.jpg,pituitary
2261,notumor/Tr-no_451.jpg,notumor
2262,glioma/Tr-gl_1383.jpg,glioma
2263,meningioma/Tr-me_982.jpg,meningioma
2264,meningioma/Tr-me_485.jpg,meningioma
2265,notumor/Tr-no_86.jpg,notumor
2266,notumor/Tr-no_366.jpg,notumor
2267,meningioma/Tr-me_800.jpg,meningioma
2268,notumor/Tr-no_1245.jpg,notumor
2269,meningioma/Tr-me_1179.jpg,meningioma
2270,meningioma/Tr-me_720.jpg,meningioma
2271,notumor/Tr-no_879.jpg,notumor
2272,glioma/Tr-gl_1392.jpg,glioma
2273,notumor/Tr-no_586.jpg,notumor
2274,notumor/Tr-no_732.jpg,notumor
2275,meningioma/Tr-me_941.jpg,meningioma
2276,meningioma/Tr-me_349.jpg,meningioma
2277,meningioma/Tr-me_491.jpg,meningioma
2278,notumor/Tr-no_734.jpg,notumor
2279,notumor/Tr-no_1210.jpg,notumor
2280,pituitary/Tr-pi_964.jpg,pituitary
2281,glioma/Tr-gl_48.jpg,glioma
2282,pituitary/Tr-pi_1075.jpg,pituitary
2283,meningioma/Tr-me_207.jpg,meningioma
2284,meningioma/Tr-me_724.jpg,meningioma
2285,glioma/Tr-gl_541.jpg,glioma
2286,notumor/Tr-no_34.jpg,notumor
2287,glioma/Tr-gl_1004.jpg,glioma
2288,notumor/Tr-no_1036.jpg,notumor
2289,notumor/Tr-no_560.jpg,notumor
2290,pituitary/Tr-pi_957.jpg,pituitary
2291,notumor/Tr-no_470.jpg,notumor
2292,glioma/Tr-gl_1147.jpg,glioma
2293,meningioma/Tr-me_297.jpg,meningioma
2294,notumor/Tr-no_1097.jpg,notumor
2295,notumor/Tr-no_622.jpg,notumor
2296,notumor/Tr-no_972.jpg,notumor
2297,glioma/Tr-gl_553.jpg,glioma
2298,pituitary/Tr-pi_1354.jpg,pituitary
2299,notumor/Tr-no_1255.jpg,notumor
2300,pituitary/Tr-pi_507.jpg,pituitary
2301,glioma/Tr-gl_742.jpg,glioma
2302,notumor/Tr-no_632.jpg,notumor
2303,notumor/Tr-no_837.jpg,notumor
2304,glioma/Tr-gl_1279.jpg,glioma
2305,pituitary/Tr-pi_621.jpg,pituitary
2306,meningioma/Tr-aug-me_84.jpg,meningioma
2307,glioma/Tr-gl_601.jpg,glioma
2308,notumor/Tr-no_261.jpg,notumor
2309,glioma/Tr-gl_603.jpg,glioma
2310,notumor/Tr-no_1319.jpg,notumor
2311,notumor/Tr-no_509.jpg,notumor
2312,meningioma/Tr-me_511.jpg,meningioma
2313,notumor/Tr-no_849.jpg,notumor
2314,meningioma/Tr-aug-me_63.jpg,meningioma
2315,notumor/Tr-no_187.jpg,notumor
2316,notumor/Tr-no_164.jpg,notumor
2317,meningioma/Tr-me_1244.jpg,meningioma
2318,pituitary/Tr-pi_911.jpg,pituitary
2319,pituitary/Tr-pi_919.jpg,pituitary
2320,notumor/Tr-no_1107.jpg,notumor
2321,notumor/Tr-no_914.jpg,notumor
2322,meningioma/Tr-me_428.jpg,meningioma
2323,notumor/Tr-no_326.jpg,notumor
2324,pituitary/Tr-pi_319.jpg,pituitary
2325,glioma/Tr-gl_1341.jpg,glioma
2326,meningioma/Tr-me_518.jpg,meningioma
2327,glioma/Tr-gl_469.jpg,glioma
2328,pituitary/Tr-pi_1017.jpg,pituitary
2329,meningioma/Tr-me_1166.jpg,meningioma
2330,glioma/Tr-gl_1249.jpg,glioma
2331,notumor/Tr-no_899.jpg,notumor
2332,glioma/Tr-gl_809.jpg,glioma
2333,notumor/Tr-no_245.jpg,notumor
2334,pituitary/Tr-pi_864.jpg,pituitary
2335,meningioma/Tr-me_1250.jpg,meningioma
2336,notumor/Tr-no_859.jpg,notumor
2337,glioma/Tr-gl_522.jpg,glioma
2338,notumor/Tr-no_1343.jpg,notumor
2339,glioma/Tr-gl_495.jpg,glioma
2340,glioma/Tr-gl_207.jpg,glioma
2341,pituitary/Tr-pi_1325.jpg,pituitary
2342,glioma/Tr-gl_670.jpg,glioma
2343,glioma/Tr-gl_590.jpg,glioma
2344,meningioma/Tr-me_486.jpg,meningioma
2345,glioma/Tr-gl_894.jpg,glioma
2346,pituitary/Tr-pi_1268.jpg,pituitary
2347,pituitary/Tr-pi_400.jpg,pituitary
2348,notumor/Tr-no_490.jpg,notumor
2349,meningioma/Tr-me_395.jpg,meningioma
2350,pituitary/Tr-pi_1122.jpg,pituitary
2351,glioma/Tr-gl_340.jpg,glioma
2352,meningioma/Tr-me_998.jpg,meningioma
2353,glioma/Tr-gl_700.jpg,glioma
2354,pituitary/Tr-pi_187.jpg,pituitary
2355,glioma/Tr-gl_673.jpg,glioma
2356,notumor/Tr-no_1349.jpg,notumor
2357,pituitary/Tr-pi_1054.jpg,pituitary
2358,pituitary/Tr-pi_552.jpg,pituitary
2359,glioma/Tr-gl_5.jpg,glioma
2360,notumor/Tr-no_45.jpg,notumor
2361,notumor/Tr-no_1279.jpg,notumor
2362,glioma/Tr-gl_1223.jpg,glioma
2363,meningioma/Tr-me_26.jpg,meningioma
2364,glioma/Tr-gl_1205.jpg,glioma
2365,pituitary/Tr-pi_303.jpg,pituitary
2366,meningioma/Tr-me_158.jpg,meningioma
2367,pituitary/Tr-pi_372.jpg,pituitary
2368,pituitary/Tr-pi_832.jpg,pituitary
2369,notumor/Tr-no_1290.jpg,notumor
2370,notumor/Tr-no_372.jpg,notumor
2371,glioma/Tr-gl_451.jpg,glioma
2372,pituitary/Tr-pi_744.jpg,pituitary
2373,notumor/Tr-no_900.jpg,notumor
2374,notumor/Tr-no_78.jpg,notumor
2375,glioma/Tr-gl_959.jpg,glioma
2376,meningioma/Tr-me_646.jpg,meningioma
2377,notumor/Tr-no_129.jpg,notumor
2378,pituitary/Tr-pi_748.jpg,pituitary
2379,meningioma/Tr-me_909.jpg,meningioma
2380,notumor/Tr-no_876.jpg,notumor
2381,pituitary/Tr-pi_779.jpg,pituitary
2382,meningioma/Tr-me_1106.jpg,meningioma
2383,glioma/Tr-gl_310.jpg,glioma
2384,pituitary/Tr-pi_583.jpg,pituitary
2385,pituitary/Tr-pi_1211.jpg,pituitary
2386,pituitary/Tr-pi_889.jpg,pituitary
2387,pituitary/Tr-pi_571.jpg,pituitary
2388,pituitary/Tr-pi_559.jpg,pituitary
2389,meningioma/Tr-me_1009.jpg,meningioma
2390,meningioma/Tr-me_580.jpg,meningioma
2391,glioma/Tr-gl_1071.jpg,glioma
2392,meningioma/Tr-me_1116.jpg,meningioma
2393,notumor/Tr-no_202.jpg,notumor
2394,notumor/Tr-no_1241.jpg,notumor
2395,pituitary/Tr-pi_877.jpg,pituitary
2396,meningioma/Tr-me_705.jpg,meningioma
2397,meningioma/Tr-me_371.jpg,meningioma
2398,notumor/Tr-no_594.jpg,notumor
2399,meningioma/Tr-me_58.jpg,meningioma
2400,glioma/Tr-gl_86.jpg,glioma
2401,glioma/Tr-gl_506.jpg,glioma
2402,notumor/Tr-no_282.jpg,notumor
2403,pituitary/Tr-pi_815.jpg,pituitary
2404,glioma/Tr-gl_268.jpg,glioma
2405,pituitary/Tr-pi_357.jpg,pituitary
2406,pituitary/Tr-pi_659.jpg,pituitary
2407,glioma/Tr-gl_1159.jpg,glioma
2408,meningioma/Tr-me_6.jpg,meningioma
2409,glioma/Tr-gl_383.jpg,glioma
2410,meningioma/Tr-me_722.jpg,meningioma
2411,notumor/Tr-no_820.jpg,notumor
2412,pituitary/Tr-pi_1368.jpg,pituitary
2413,notumor/Tr-no_318.jpg,notumor
2414,notumor/Tr-no_1296.jpg,notumor
2415,pituitary/Tr-pi_603.jpg,pituitary
2416,pituitary/Tr-pi_1106.jpg,pituitary
2417,glioma/Tr-gl_327.jpg,glioma
2418,notumor/Tr-no_854.jpg,notumor
2419,pituitary/Tr-pi_1042.jpg,pituitary
2420,glioma/Tr-gl_976.jpg,glioma
2421,pituitary/Tr-pi_312.jpg,pituitary
2422,notumor/Tr-no_1075.jpg,notumor
2423,meningioma/Tr-me_1221.jpg,meningioma
2424,glioma/Tr-gl_477.jpg,glioma
2425,pituitary/Tr-pi_751.jpg,pituitary
2426,notumor/Tr-no_804.jpg,notumor
2427,meningioma/Tr-me_244.jpg,meningioma
2428,meningioma/Tr-me_1068.jpg,meningioma
2429,glioma/Tr-gl_1044.jpg,glioma
2430,glioma/Tr-gl_1141.jpg,glioma
2431,glioma/Tr-gl_305.jpg,glioma
2432,pituitary/Tr-pi_196.jpg,pituitary
2433,meningioma/Tr-me_442.jpg,meningioma
2434,notumor/Tr-no_569.jpg,notumor
2435,meningioma/Tr-me_1293.jpg,meningioma
2436,meningioma/Tr-me_1118.jpg,meningioma
2437,meningioma/Tr-me_931.jpg,meningioma
2438,glioma/Tr-gl_1095.jpg,glioma
2439,notumor/Tr-no_471.jpg,notumor
2440,meningioma/Tr-me_1099.jpg,meningioma
2441,meningioma/Tr-me_188.jpg,meningioma
2442,meningioma/Tr-me_537.jpg,meningioma
2443,glioma/Tr-gl_165.jpg,glioma
2444,notumor/Tr-no_754.jpg,notumor
2445,pituitary/Tr-pi_781.jpg,pituitary
2446,notumor/Tr-no_514.jpg,notumor
2447,meningioma/Tr-me_1159.jpg,meningioma
2448,glioma/Tr-gl_17.jpg,glioma
2449,pituitary/Tr-pi_175.jpg,pituitary
2450,meningioma/Tr-me_1207.jpg,meningioma
2451,meningioma/Tr-me_504.jpg,meningioma
2452,meningioma/Tr-me_291.jpg,meningioma
2453,notumor/Tr-no_453.jpg,notumor
2454,meningioma/Tr-me_905.jpg,meningioma
2455,pituitary/Tr-pi_75.jpg,pituitary
2456,notumor/Tr-no_179.jpg,notumor
2457,notumor/Tr-no_16.jpg,notumor
2458,notumor/Tr-no_1003.jpg,notumor
2459,notumor/Tr-no_725.jpg,notumor
2460,pituitary/Tr-pi_406.jpg,pituitary
2461,notumor/Tr-no_1095.jpg,notumor
2462,glioma/Tr-gl_46.jpg,glioma
2463,meningioma/Tr-me_880.jpg,meningioma
2464,notumor/Tr-no_284.jpg,notumor
2465,meningioma/Tr-me_143.jpg,meningioma
2466,glioma/Tr-gl_249.jpg,glioma
2467,meningioma/Tr-me_974.jpg,meningioma
2468,glioma/Tr-gl_90.jpg,glioma
2469,meningioma/Tr-me_70.jpg,meningioma
2470,pituitary/Tr-pi_1349.jpg,pituitary
2471,pituitary/Tr-pi_384.jpg,pituitary
2472,glioma/Tr-gl_339.jpg,glioma
2473,glioma/Tr-gl_686.jpg,glioma
2474,glioma/Tr-gl_69.jpg,glioma
2475,pituitary/Tr-pi_31.jpg,pituitary
2476,meningioma/Tr-me_168.jpg,meningioma
2477,glioma/Tr-gl_683.jpg,glioma
2478,notumor/Tr-no_70.jpg,notumor
2479,meningioma/Tr-me_364.jpg,meningioma
2480,glioma/Tr-gl_317.jpg,glioma
2481,notumor/Tr-no_386.jpg,notumor
2482,glioma/Tr-gl_818.jpg,glioma
2483,notumor/Tr-no_412.jpg,notumor
2484,glioma/Tr-gl_855.jpg,glioma
2485,glioma/Tr-gl_107.jpg,glioma
2486,glioma/Tr-gl_294.jpg,glioma
2487,pituitary/Tr-pi_1213.jpg,pituitary
2488,meningioma/Tr-me_412.jpg,meningioma
2489,notumor/Tr-no_1103.jpg,notumor
2490,pituitary/Tr-pi_577.jpg,pituitary
2491,pituitary/Tr-pi_1135.jpg,pituitary
2492,pituitary/Tr-pi_703.jpg,pituitary
2493,glioma/Tr-gl_545.jpg,glioma
2494,meningioma/Tr-me_104.jpg,meningioma
2495,glioma/Tr-gl_1302.jpg,glioma
2496,meningioma/Tr-me_251.jpg,meningioma
2497,glioma/Tr-gl_512.jpg,glioma
2498,glioma/Tr-gl_1148.jpg,glioma
2499,notumor/Tr-no_1084.jpg,notumor
2500,notumor/Tr-no_1108.jpg,notumor
2501,meningioma/Tr-me_419.jpg,meningioma
2502,pituitary/Tr-pi_369.jpg,pituitary
2503,glioma/Tr-gl_60.jpg,glioma
2504,meningioma/Tr-me_592.jpg,meningioma
2505,notumor/Tr-no_95.jpg,notumor
2506,notumor/Tr-no_31.jpg,notumor
2507,glioma/Tr-gl_1117.jpg,glioma
2508,glioma/Tr-gl_930.jpg,glioma
2509,glioma/Tr-gl_232.jpg,glioma
2510,pituitary/Tr-pi_486.jpg,pituitary
2511,pituitary/Tr-pi_942.jpg,pituitary
2512,glioma/Tr-gl_272.jpg,glioma
2513,pituitary/Tr-pi_1138.jpg,pituitary
2514,notumor/Tr-no_1324.jpg,notumor
2515,meningioma/Tr-aug-me_89.jpg,meningioma
2516,meningioma/Tr-me_882.jpg,meningioma
2517,glioma/Tr-gl_1151.jpg,glioma
2518,pituitary/Tr-pi_717.jpg,pituitary
2519,meningioma/Tr-me_164.jpg,meningioma
2520,notumor/Tr-no_755.jpg,notumor
2521,meningioma/Tr-me_650.jpg,meningioma
2522,pituitary/Tr-pi_1061.jpg,pituitary
2523,meningioma/Tr-aug-me_83.jpg,meningioma
2524,glioma/Tr-gl_498.jpg,glioma
2525,meningioma/Tr-me_289.jpg,meningioma
2526,notumor/Tr-no_841.jpg,notumor
2527,pituitary/Tr-pi_1179.jpg,pituitary
2528,meningioma/Tr-me_906.jpg,meningioma
2529,glioma/Tr-gl_1297.jpg,glioma
2530,pituitary/Tr-pi_305.jpg,pituitary
2531,glioma/Tr-gl_866.jpg,glioma
2532,pituitary/Tr-pi_747.jpg,pituitary
2533,meningioma/Tr-me_482.jpg,meningioma
2534,notumor/Tr-no_1140.jpg,notumor
2535,notumor/Tr-no_473.jpg,notumor
2536,glioma/Tr-gl_1277.jpg,glioma
2537,notumor/Tr-no_1029.jpg,notumor
2538,notumor/Tr-no_257.jpg,notumor
2539,glioma/Tr-gl_197.jpg,glioma
2540,notumor/Tr-no_970.jpg,notumor
2541,pituitary/Tr-pi_881.jpg,pituitary
2542,notumor/Tr-no_893.jpg,notumor
2543,glioma/Tr-gl_845.jpg,glioma
2544,pituitary/Tr-pi_637.jpg,pituitary
2545,notumor/Tr-no_1025.jpg,notumor
2546,meningioma/Tr-aug-me_49.jpg,meningioma
2547,pituitary/Tr-pi_452.jpg,pituitary
2548,glioma/Tr-gl_721.jpg,glioma
2549,meningioma/Tr-me_923.jpg,meningioma
2550,notumor/Tr-no_1230.jpg,notumor
2551,pituitary/Tr-pi_95.jpg,pituitary
2552,pituitary/Tr-pi_1081.jpg,pituitary
2553,glioma/Tr-gl_1240.jpg,glioma
2554,glioma/Tr-gl_703.jpg,glioma
2555,glioma/Tr-gl_1124.jpg,glioma
2556,glioma/Tr-gl_141.jpg,glioma
2557,meningioma/Tr-me_833.jpg,meningioma
2558,glioma/Tr-gl_986.jpg,glioma
2559,glioma/Tr-gl_79.jpg,glioma
2560,pituitary/Tr-pi_1177.jpg,pituitary
2561,glioma/Tr-gl_546.jpg,glioma
2562,pituitary/Tr-pi_1095.jpg,pituitary
2563,meningioma/Tr-me_1041.jpg,meningioma
2564,meningioma/Tr-me_876.jpg,meningioma
2565,notumor/Tr-no_946.jpg,notumor
2566,notumor/Tr-no_957.jpg,notumor
2567,pituitary/Tr-pi_316.jpg,pituitary
2568,meningioma/Tr-aug-me_45.jpg,meningioma
2569,meningioma/Tr-me_37.jpg,meningioma
2570,meningioma/Tr-me_195.jpg,meningioma
2571,meningioma/Tr-me_769.jpg,meningioma
2572,pituitary/Tr-pi_937.jpg,pituitary
2573,meningioma/Tr-me_88.jpg,meningioma
2574,meningioma/Tr-me_246.jpg,meningioma
2575,notumor/Tr-no_1223.jpg,notumor
2576,notumor/Tr-no_1285.jpg,notumor
2577,meningioma/Tr-me_566.jpg,meningioma
2578,glioma/Tr-gl_367.jpg,glioma
2579,meningioma/Tr-me_140.jpg,meningioma
2580,pituitary/Tr-pi_1100.jpg,pituitary
2581,glioma/Tr-gl_19.jpg,glioma
2582,notumor/Tr-no_210.jpg,notumor
2583,notumor/Tr-no_953.jpg,notumor
2584,notumor/Tr-no_1276.jpg,notumor
2585,notumor/Tr-no_182.jpg,notumor
2586,meningioma/Tr-me_744.jpg,meningioma
2587,notumor/Tr-no_718.jpg,notumor
2588,glioma/Tr-gl_865.jpg,glioma
2589,meningioma/Tr-me_655.jpg,meningioma
2590,pituitary/Tr-pi_201.jpg,pituitary
2591,pituitary/Tr-pi_711.jpg,pituitary
2592,notumor/Tr-no_844.jpg,notumor
2593,notumor/Tr-no_614.jpg,notumor
2594,meningioma/Tr-me_1064.jpg,meningioma
2595,notumor/Tr-no_477.jpg,notumor
2596,meningioma/Tr-me_854.jpg,meningioma
2597,pituitary/Tr-pi_1261.jpg,pituitary
2598,meningioma/Tr-me_1274.jpg,meningioma
2599,notumor/Tr-no_1158.jpg,notumor
2600,glioma/Tr-gl_160.jpg,glioma
2601,meningioma/Tr-aug-me_23.jpg,meningioma
2602,glioma/Tr-gl_952.jpg,glioma
2603,pituitary/Tr-pi_1357.jpg,pituitary
2604,glioma/Tr-gl_1344.jpg,glioma
2605,meningioma/Tr-me_441.jpg,meningioma
2606,notumor/Tr-no_314.jpg,notumor
2607,notumor/Tr-no_747.jpg,notumor
2608,meningioma/Tr-me_269.jpg,meningioma
2609,pituitary/Tr-pi_355.jpg,pituitary
2610,notumor/Tr-no_750.jpg,notumor
2611,meningioma/Tr-me_1177.jpg,meningioma
2612,notumor/Tr-no_467.jpg,notumor
2613,glioma/Tr-gl_1075.jpg,glioma
2614,pituitary/Tr-pi_1192.jpg,pituitary
2615,pituitary/Tr-pi_1053.jpg,pituitary
2616,meningioma/Tr-me_1295.jpg,meningioma
2617,meningioma/Tr-me_676.jpg,meningioma
2618,pituitary/Tr-pi_230.jpg,pituitary
2619,glioma/Tr-gl_488.jpg,glioma
2620,notumor/Tr-no_727.jpg,notumor
2621,meningioma/Tr-me_1235.jpg,meningioma
2622,pituitary/Tr-pi_644.jpg,pituitary
2623,meningioma/Tr-me_559.jpg,meningioma
2624,glioma/Tr-gl_274.jpg,glioma
2625,meningioma/Tr-me_477.jpg,meningioma
2626,notumor/Tr-no_258.jpg,notumor
2627,pituitary/Tr-pi_68.jpg,pituitary
2628,notumor/Tr-no_9.jpg,notumor
2629,pituitary/Tr-pi_431.jpg,pituitary
2630,pituitary/Tr-pi_1223.jpg,pituitary
2631,meningioma/Tr-me_529.jpg,meningioma
2632,notumor/Tr-no_394.jpg,notumor
2633,glioma/Tr-gl_1009.jpg,glioma
2634,glioma/Tr-gl_460.jpg,glioma
2635,meningioma/Tr-me_1147.jpg,meningioma
2636,notumor/Tr-no_937.jpg,notumor
2637,glioma/Tr-gl_1287.jpg,glioma
2638,notumor/Tr-no_1268.jpg,notumor
2639,meningioma/Tr-me_68.jpg,meningioma
2640,meningioma/Tr-me_585.jpg,meningioma
2641,pituitary/Tr-pi_769.jpg,pituitary
2642,pituitary/Tr-pi_664.jpg,pituitary
2643,notumor/Tr-no_565.jpg,notumor
2644,meningioma/Tr-me_857.jpg,meningioma
2645,pituitary/Tr-pi_683.jpg,pituitary
2646,meningioma/Tr-me_1228.jpg,meningioma
2647,notumor/Tr-no_856.jpg,notumor
2648,meningioma/Tr-me_284.jpg,meningioma
2649,pituitary/Tr-pi_758.jpg,pituitary
2650,pituitary/Tr-pi_1189.jpg,pituitary
2651,glioma/Tr-gl_946.jpg,glioma
2652,pituitary/Tr-pi_755.jpg,pituitary
2653,glioma/Tr-gl_463.jpg,glioma
2654,pituitary/Tr-pi_1032.jpg,pituitary
2655,notumor/Tr-no_492.jpg,notumor
2656,notumor/Tr-no_739.jpg,notumor
2657,pituitary/Tr-pi_934.jpg,pituitary
2658,pituitary/Tr-pi_45.jpg,pituitary
2659,meningioma/Tr-me_594.jpg,meningioma
2660,pituitary/Tr-pi_306.jpg,pituitary
2661,meningioma/Tr-me_91.jpg,meningioma
2662,meningioma/Tr-me_632.jpg,meningioma
2663,notumor/Tr-no_655.jpg,notumor
2664,pituitary/Tr-pi_60.jpg,pituitary
2665,notumor/Tr-no_460.jpg,notumor
2666,notumor/Tr-no_847.jpg,notumor
2667,notumor/Tr-no_826.jpg,notumor
2668,notumor/Tr-no_1074.jpg,notumor
2669,meningioma/Tr-me_1176.jpg,meningioma
2670,glioma/Tr-gl_730.jpg,glioma
2671,meningioma/Tr-me_202.jpg,meningioma
2672,pituitary/Tr-pi_977.jpg,pituitary
2673,pituitary/Tr-pi_1065.jpg,pituitary
2674,meningioma/Tr-me_1019.jpg,meningioma
2675,notumor/Tr-no_923.jpg,notumor
2676,notumor/Tr-no_426.jpg,notumor
2677,notumor/Tr-no_1079.jpg,notumor
2678,glioma/Tr-gl_331.jpg,glioma
2679,glioma/Tr-gl_969.jpg,glioma
2680,glioma/Tr-gl_354.jpg,glioma
2681,pituitary/Tr-pi_982.jpg,pituitary
2682,glioma/Tr-gl_998.jpg,glioma
2683,pituitary/Tr-pi_814.jpg,pituitary
2684,notumor/Tr-no_1271.jpg,notumor
2685,meningioma/Tr-me_78.jpg,meningioma
2686,notumor/Tr-no_379.jpg,notumor
2687,notumor/Tr-no_399.jpg,notumor
2688,glioma/Tr-gl_935.jpg,glioma
2689,notumor/Tr-no_1021.jpg,notumor
2690,meningioma/Tr-me_308.jpg,meningioma
2691,notumor/Tr-no_1175.jpg,notumor
2692,pituitary/Tr-pi_840.jpg,pituitary
2693,pituitary/Tr-pi_738.jpg,pituitary
2694,glioma/Tr-gl_1243.jpg,glioma
2695,meningioma/Tr-me_1028.jpg,meningioma
2696,glioma/Tr-gl_263.jpg,glioma
2697,notumor/Tr-no_243.jpg,notumor
2698,pituitary/Tr-pi_1284.jpg,pituitary
2699,notumor/Tr-no_1209.jpg,notumor
2700,notumor/Tr-no_1013.jpg,notumor
2701,pituitary/Tr-pi_1003.jpg,pituitary
2702,meningioma/Tr-me_1285.jpg,meningioma
2703,meningioma/Tr-me_28.jpg,meningioma
2704,meningioma/Tr-me_503.jpg,meningioma
2705,glioma/Tr-gl_1123.jpg,glioma
2706,meningioma/Tr-me_348.jpg,meningioma
2707,notumor/Tr-no_1236.jpg,notumor
2708,notumor/Tr-no_1225.jpg,notumor
2709,pituitary/Tr-pi_867.jpg,pituitary
2710,pituitary/Tr-pi_969.jpg,pituitary
2711,notumor/Tr-no_757.jpg,notumor
2712,pituitary/Tr-pi_1253.jpg,pituitary
2713,notumor/Tr-no_773.jpg,notumor
2714,glioma/Tr-gl_176.jpg,glioma
2715,glioma/Tr-gl_146.jpg,glioma
2716,pituitary/Tr-pi_271.jpg,pituitary
2717,pituitary/Tr-pi_1169.jpg,pituitary
2718,meningioma/Tr-me_502.jpg,meningioma
2719,glioma/Tr-gl_1218.jpg,glioma
2720,meningioma/Tr-me_404.jpg,meningioma
2721,notumor/Tr-no_204.jpg,notumor
2722,notumor/Tr-no_731.jpg,notumor
2723,glioma/Tr-gl_731.jpg,glioma
2724,notumor/Tr-no_1115.jpg,notumor
2725,notumor/Tr-no_1044.jpg,notumor
2726,meningioma/Tr-me_548.jpg,meningioma
2727,pituitary/Tr-pi_678.jpg,pituitary
2728,glioma/Tr-gl_614.jpg,glioma
2729,pituitary/Tr-pi_59.jpg,pituitary
2730,glioma/Tr-gl_316.jpg,glioma
2731,meningioma/Tr-me_1155.jpg,meningioma
2732,meningioma/Tr-me_856.jpg,meningioma
2733,meningioma/Tr-me_743.jpg,meningioma
2734,pituitary/Tr-pi_543.jpg,pituitary
2735,notumor/Tr-no_56.jpg,notumor
2736,notumor/Tr-no_1119.jpg,notumor
2737,notumor/Tr-no_458.jpg,notumor
2738,pituitary/Tr-pi_255.jpg,pituitary
2739,glioma/Tr-gl_234.jpg,glioma
2740,notumor/Tr-no_382.jpg,notumor
2741,notumor/Tr-no_172.jpg,notumor
2742,notumor/Tr-no_4.jpg,notumor
2743,pituitary/Tr-pi_660.jpg,pituitary
2744,notumor/Tr-no_1030.jpg,notumor
2745,pituitary/Tr-pi_176.jpg,pituitary
2746,pituitary/Tr-pi_788.jpg,pituitary
2747,meningioma/Tr-me_625.jpg,meningioma
2748,pituitary/Tr-pi_834.jpg,pituitary
2749,meningioma/Tr-me_601.jpg,meningioma
2750,pituitary/Tr-pi_119.jpg,pituitary
2751,pituitary/Tr-pi_1364.jpg,pituitary
2752,glioma/Tr-gl_1057.jpg,glioma
2753,glioma/Tr-gl_475.jpg,glioma
2754,meningioma/Tr-me_1109.jpg,meningioma
2755,notumor/Tr-no_1133.jpg,notumor
2756,meningioma/Tr-me_1133.jpg,meningioma
2757,meningioma/Tr-me_568.jpg,meningioma
2758,glioma/Tr-gl_1308.jpg,glioma
2759,glioma/Tr-gl_1311.jpg,glioma
2760,glioma/Tr-gl_607.jpg,glioma
2761,pituitary/Tr-pi_1310.jpg,pituitary
2762,glioma/Tr-gl_152.jpg,glioma
2763,notumor/Tr-no_610.jpg,notumor
2764,notumor/Tr-no_1032.jpg,notumor
2765,pituitary/Tr-pi_1201.jpg,pituitary
2766,pituitary/Tr-pi_527.jpg,pituitary
2767,glioma/Tr-gl_768.jpg,glioma
2768,glioma/Tr-gl_158.jpg,glioma
2769,meningioma/Tr-me_129.jpg,meningioma
2770,glioma/Tr-gl_1367.jpg,glioma
2771,meningioma/Tr-me_453.jpg,meningioma
2772,notumor/Tr-no_168.jpg,notumor
2773,pituitary/Tr-pi_974.jpg,pituitary
2774,pituitary/Tr-pi_849.jpg,pituitary
2775,glioma/Tr-gl_1356.jpg,glioma
2776,glioma/Tr-gl_237.jpg,glioma
2777,meningioma/Tr-me_1243.jpg,meningioma
2778,notumor/Tr-no_1226.jpg,notumor
2779,meningioma/Tr-me_445.jpg,meningioma
2780,meningioma/Tr-me_25.jpg,meningioma
2781,meningioma/Tr-me_721.jpg,meningioma
2782,meningioma/Tr-me_264.jpg,meningioma
2783,pituitary/Tr-pi_288.jpg,pituitary
2784,glioma/Tr-gl_789.jpg,glioma
2785,glioma/Tr-gl_474.jpg,glioma
2786,meningioma/Tr-me_448.jpg,meningioma
2787,notumor/Tr-no_186.jpg,notumor
2788,notumor/Tr-no_438.jpg,notumor
2789,meningioma/Tr-me_350.jpg,meningioma
2790,pituitary/Tr-pi_518.jpg,pituitary
2791,notumor/Tr-no_403.jpg,notumor
2792,notumor/Tr-no_65.jpg,notumor
2793,meningioma/Tr-me_935.jpg,meningioma
2794,meningioma/Tr-me_784.jpg,meningioma
2795,notumor/Tr-no_1400.jpg,notumor
2796,pituitary/Tr-pi_1374.jpg,pituitary
2797,pituitary/Tr-pi_204.jpg,pituitary
2798,glioma/Tr-gl_1220.jpg,glioma
2799,glioma/Tr-gl_434.jpg,glioma
2800,meningioma/Tr-me_762.jpg,meningioma
2801,notumor/Tr-no_1098.jpg,notumor
2802,pituitary/Tr-pi_767.jpg,pituitary
2803,notumor/Tr-no_848.jpg,notumor
2804,notumor/Tr-no_895.jpg,notumor
2805,glioma/Tr-gl_720.jpg,glioma
2806,pituitary/Tr-pi_66.jpg,pituitary
2807,pituitary/Tr-pi_1021.jpg,pituitary
2808,notumor/Tr-no_744.jpg,notumor
2809,meningioma/Tr-me_1002.jpg,meningioma
2810,pituitary/Tr-pi_522.jpg,pituitary
2811,glioma/Tr-gl_709.jpg,glioma
2812,pituitary/Tr-pi_705.jpg,pituitary
2813,meningioma/Tr-me_333.jpg,meningioma
2814,notumor/Tr-no_615.jpg,notumor
2815,meningioma/Tr-me_1172.jpg,meningioma
2816,pituitary/Tr-pi_118.jpg,pituitary
2817,glioma/Tr-gl_823.jpg,glioma
2818,notumor/Tr-no_160.jpg,notumor
2819,notumor/Tr-no_887.jpg,notumor
2820,glioma/Tr-gl_1134.jpg,glioma
2821,pituitary/Tr-pi_677.jpg,pituitary
2822,pituitary/Tr-pi_450.jpg,pituitary
2823,notumor/Tr-no_1272.jpg,notumor
2824,pituitary/Tr-pi_412.jpg,pituitary
2825,meningioma/Tr-me_49.jpg,meningioma
2826,pituitary/Tr-pi_350.jpg,pituitary
2827,glioma/Tr-gl_432.jpg,glioma
2828,meningioma/Tr-me_970.jpg,meningioma
2829,notumor/Tr-no_487.jpg,notumor
2830,pituitary/Tr-pi_928.jpg,pituitary
2831,glioma/Tr-gl_1320.jpg,glioma
2832,notumor/Tr-no_1213.jpg,notumor
2833,glioma/Tr-gl_618.jpg,glioma
2834,notumor/Tr-no_1132.jpg,notumor
2835,pituitary/Tr-pi_873.jpg,pituitary
2836,pituitary/Tr-pi_135.jpg,pituitary
2837,glioma/Tr-gl_292.jpg,glioma
2838,glioma/Tr-gl_328.jpg,glioma
2839,meningioma/Tr-aug-me_5.jpg,meningioma
2840,meningioma/Tr-me_294.jpg,meningioma
2841,meningioma/Tr-me_1136.jpg,meningioma
2842,pituitary/Tr-pi_704.jpg,pituitary
2843,glioma/Tr-gl_289.jpg,glioma
2844,meningioma/Tr-me_132.jpg,meningioma
2845,meningioma/Tr-me_167.jpg,meningioma
2846,meningioma/Tr-me_539.jpg,meningioma
2847,meningioma/Tr-me_916.jpg,meningioma
2848,meningioma/Tr-me_1122.jpg,meningioma
2849,notumor/Tr-no_799.jpg,notumor
2850,pituitary/Tr-pi_252.jpg,pituitary
2851,notumor/Tr-no_55.jpg,notumor
2852,meningioma/Tr-aug-me_82.jpg,meningioma
2853,pituitary/Tr-pi_1137.jpg,pituitary
2854,meningioma/Tr-me_688.jpg,meningioma
2855,notumor/Tr-no_748.jpg,notumor
2856,notumor/Tr-no_368.jpg,notumor
2857,pituitary/Tr-pi_1255.jpg,pituitary
2858,pituitary/Tr-pi_69.jpg,pituitary
2859,meningioma/Tr-me_169.jpg,meningioma
2860,pituitary/Tr-pi_483.jpg,pituitary
2861,glioma/Tr-gl_705.jpg,glioma
2862,notumor/Tr-no_921.jpg,notumor
2863,pituitary/Tr-pi_385.jpg,pituitary
2864,pituitary/Tr-pi_1083.jpg,pituitary
2865,notumor/Tr-no_7.jpg,notumor
2866,glioma/Tr-gl_1399.jpg,glioma
2867,glioma/Tr-gl_370.jpg,glioma
2868,glioma/Tr-gl_1379.jpg,glioma
2869,glioma/Tr-gl_796.jpg,glioma
2870,glioma/Tr-gl_1291.jpg,glioma
2871,glioma/Tr-gl_445.jpg,glioma
2872,pituitary/Tr-pi_1222.jpg,pituitary
2873,glioma/Tr-gl_386.jpg,glioma
2874,notumor/Tr-no_880.jpg,notumor
2875,meningioma/Tr-me_223.jpg,meningioma
2876,meningioma/Tr-aug-me_22.jpg,meningioma
2877,glioma/Tr-gl_681.jpg,glioma
2878,meningioma/Tr-me_1154.jpg,meningioma
2879,notumor/Tr-no_607.jpg,notumor
2880,glioma/Tr-gl_1209.jpg,glioma
2881,glioma/Tr-gl_1325.jpg,glioma
2882,notumor/Tr-no_776.jpg,notumor
2883,notumor/Tr-no_1009.jpg,notumor
2884,meningioma/Tr-me_177.jpg,meningioma
2885,meningioma/Tr-me_530.jpg,meningioma
2886,glioma/Tr-gl_780.jpg,glioma
2887,notumor/Tr-no_869.jpg,notumor
2888,meningioma/Tr-me_35.jpg,meningioma
2889,glioma/Tr-gl_496.jpg,glioma
2890,meningioma/Tr-me_904.jpg,meningioma
2891,meningioma/Tr-me_1066.jpg,meningioma
2892,meningioma/Tr-me_295.jpg,meningioma
2893,pituitary/Tr-pi_229.jpg,pituitary
2894,pituitary/Tr-pi_447.jpg,pituitary
2895,glioma/Tr-gl_771.jpg,glioma
2896,pituitary/Tr-pi_1182.jpg,pituitary
2897,meningioma/Tr-aug-me_16.jpg,meningioma
2898,pituitary/Tr-pi_561.jpg,pituitary
2899,notumor/Tr-no_1068.jpg,notumor
2900,glioma/Tr-gl_1228.jpg,glioma
2901,pituitary/Tr-pi_949.jpg,pituitary
2902,meningioma/Tr-me_747.jpg,meningioma
2903,notumor/Tr-no_593.jpg,notumor
2904,glioma/Tr-gl_537.jpg,glioma
2905,glioma/Tr-gl_219.jpg,glioma
2906,pituitary/Tr-pi_1263.jpg,pituitary
2907,pituitary/Tr-pi_301.jpg,pituitary
2908,meningioma/Tr-me_1266.jpg,meningioma
2909,glioma/Tr-gl_644.jpg,glioma
2910,meningioma/Tr-me_1162.jpg,meningioma
2911,notumor/Tr-no_1359.jpg,notumor
2912,meningioma/Tr-me_858.jpg,meningioma
2913,glioma/Tr-gl_136.jpg,glioma
2914,notumor/Tr-no_1138.jpg,notumor
2915,meningioma/Tr-me_1279.jpg,meningioma
2916,glioma/Tr-gl_514.jpg,glioma
2917,meningioma/Tr-me_919.jpg,meningioma
2918,notumor/Tr-no_23.jpg,notumor
2919,pituitary/Tr-pi_916.jpg,pituitary
2920,glioma/Tr-gl_1053.jpg,glioma
2921,meningioma/Tr-me_1056.jpg,meningioma
2922,pituitary/Tr-pi_732.jpg,pituitary
2923,notumor/Tr-no_251.jpg,notumor
2924,pituitary/Tr-pi_70.jpg,pituitary
2925,meningioma/Tr-me_962.jpg,meningioma
2926,notumor/Tr-no_30.jpg,notumor
2927,meningioma/Tr-me_1073.jpg,meningioma
2928,pituitary/Tr-pi_1059.jpg,pituitary
2929,pituitary/Tr-pi_142.jpg,pituitary
2930,notumor/Tr-no_1293.jpg,notumor
2931,notumor/Tr-no_877.jpg,notumor
2932,pituitary/Tr-pi_98.jpg,pituitary
2933,notumor/Tr-no_766.jpg,notumor
2934,notumor/Tr-no_1399.jpg,notumor
2935,glioma/Tr-gl_254.jpg,glioma
2936,pituitary/Tr-pi_395.jpg,pituitary
2937,notumor/Tr-no_367.jpg,notumor
2938,glioma/Tr-gl_533.jpg,glioma
2939,notumor/Tr-no_309.jpg,notumor
2940,notumor/Tr-no_1227.jpg,notumor
2941,pituitary/Tr-pi_1400.jpg,pituitary
2942,notumor/Tr-no_178.jpg,notumor
2943,notumor/Tr-no_553.jpg,notumor
2944,meningioma/Tr-me_541.jpg,meningioma
2945,notumor/Tr-no_449.jpg,notumor
2946,meningioma/Tr-me_161.jpg,meningioma
2947,meningioma/Tr-me_1131.jpg,meningioma
2948,meningioma/Tr-me_274.jpg,meningioma
2949,glioma/Tr-gl_208.jpg,glioma
2950,pituitary/Tr-pi_1110.jpg,pituitary
2951,notumor/Tr-no_1104.jpg,notumor
2952,glioma/Tr-gl_351.jpg,glioma
2953,pituitary/Tr-pi_1096.jpg,pituitary
2954,notumor/Tr-no_1284.jpg,notumor
2955,meningioma/Tr-me_372.jpg,meningioma
2956,pituitary/Tr-pi_545.jpg,pituitary
2957,notumor/Tr-no_912.jpg,notumor
2958,notumor/Tr-no_597.jpg,notumor
2959,meningioma/Tr-me_426.jpg,meningioma
2960,meningioma/Tr-me_248.jpg,meningioma
2961,glioma/Tr-gl_308.jpg,glioma
2962,pituitary/Tr-pi_27.jpg,pituitary
2963,notumor/Tr-no_575.jpg,notumor
2964,pituitary/Tr-pi_774.jpg,pituitary
2965,meningioma/Tr-me_773.jpg,meningioma
2966,glioma/Tr-gl_40.jpg,glioma
2967,notumor/Tr-no_611.jpg,notumor
2968,pituitary/Tr-pi_1309.jpg,pituitary
2969,notumor/Tr-no_1264.jpg,notumor
2970,notumor/Tr-no_1372.jpg,notumor
2971,pituitary/Tr-pi_667.jpg,pituitary
2972,meningioma/Tr-me_1129.jpg,meningioma
2973,glioma/Tr-gl_105.jpg,glioma
2974,meningioma/Tr-me_892.jpg,meningioma
2975,notumor/Tr-no_1294.jpg,notumor
2976,pituitary/Tr-pi_367.jpg,pituitary
2977,glioma/Tr-gl_487.jpg,glioma
2978,notumor/Tr-no_222.jpg,notumor
2979,glioma/Tr-gl_609.jpg,glioma
2980,meningioma/Tr-me_83.jpg,meningioma
2981,notumor/Tr-no_163.jpg,notumor
2982,notumor/Tr-no_404.jpg,notumor
2983,pituitary/Tr-pi_274.jpg,pituitary
2984,meningioma/Tr-me_126.jpg,meningioma
2985,notumor/Tr-no_52.jpg,notumor
2986,glioma/Tr-gl_1150.jpg,glioma
2987,glioma/Tr-gl_1058.jpg,glioma
2988,glioma/Tr-gl_484.jpg,glioma
2989,notumor/Tr-no_360.jpg,notumor
2990,meningioma/Tr-me_957.jpg,meningioma
2991,glioma/Tr-gl_1364.jpg,glioma
2992,meningioma/Tr-me_85.jpg,meningioma
2993,notumor/Tr-no_1056.jpg,notumor
2994,glioma/Tr-gl_34.jpg,glioma
2995,meningioma/Tr-me_1276.jpg,meningioma
2996,meningioma/Tr-me_590.jpg,meningioma
2997,meningioma/Tr-me_42.jpg,meningioma
2998,meningioma/Tr-me_1119.jpg,meningioma
2999,notumor/Tr-no_860.jpg,notumor
3000,glioma/Tr-gl_332.jpg,glioma
3001,glioma/Tr-gl_945.jpg,glioma
3002,meningioma/Tr-me_52.jpg,meningioma
3003,notumor/Tr-no_863.jpg,notumor
3004,notumor/Tr-no_753.jpg,notumor
3005,pituitary/Tr-pi_213.jpg,pituitary
3006,pituitary/Tr-pi_83.jpg,pituitary
3007,meningioma/Tr-me_288.jpg,meningioma
3008,glioma/Tr-gl_641.jpg,glioma
3009,pituitary/Tr-pi_1064.jpg,pituitary
3010,glioma/Tr-gl_1160.jpg,glioma
3011,notumor/Tr-no_430.jpg,notumor
3012,glioma/Tr-gl_147.jpg,glioma
3013,meningioma/Tr-me_210.jpg,meningioma
3014,notumor/Tr-no_1026.jpg,notumor
3015,meningioma/Tr-me_1218.jpg,meningioma
3016,glioma/Tr-gl_1360.jpg,glioma
3017,glioma/Tr-gl_741.jpg,glioma
3018,notumor/Tr-no_526.jpg,notumor
3019,pituitary/Tr-pi_1074.jpg,pituitary
3020,pituitary/Tr-pi_1232.jpg,pituitary
3021,notumor/Tr-no_10.jpg,notumor
3022,notumor/Tr-no_437.jpg,notumor
3023,meningioma/Tr-me_814.jpg,meningioma
3024,pituitary/Tr-pi_1006.jpg,pituitary
3025,meningioma/Tr-me_117.jpg,meningioma
3026,notumor/Tr-no_116.jpg,notumor
3027,pituitary/Tr-pi_850.jpg,pituitary
3028,meningioma/Tr-me_1299.jpg,meningioma
3029,pituitary/Tr-pi_64.jpg,pituitary
3030,pituitary/Tr-pi_655.jpg,pituitary
3031,meningioma/Tr-me_670.jpg,meningioma
3032,pituitary/Tr-pi_1194.jpg,pituitary
3033,notumor/Tr-no_350.jpg,notumor
3034,pituitary/Tr-pi_332.jpg,pituitary
3035,glioma/Tr-gl_476.jpg,glioma
3036,glioma/Tr-gl_1346.jpg,glioma
3037,glioma/Tr-gl_837.jpg,glioma
3038,meningioma/Tr-me_671.jpg,meningioma
3039,pituitary/Tr-pi_879.jpg,pituitary
3040,glioma/Tr-gl_1040.jpg,glioma
3041,glioma/Tr-gl_493.jpg,glioma
3042,pituitary/Tr-pi_8.jpg,pituitary
3043,glioma/Tr-gl_455.jpg,glioma
3044,notumor/Tr-no_931.jpg,notumor
3045,glioma/Tr-gl_153.jpg,glioma
3046,pituitary/Tr-pi_1015.jpg,pituitary
3047,glioma/Tr-gl_1221.jpg,glioma
3048,pituitary/Tr-pi_743.jpg,pituitary
3049,meningioma/Tr-me_106.jpg,meningioma
3050,meningioma/Tr-me_813.jpg,meningioma
3051,notumor/Tr-no_307.jpg,notumor
3052,glioma/Tr-gl_889.jpg,glioma
3053,pituitary/Tr-pi_1224.jpg,pituitary
3054,pituitary/Tr-pi_423.jpg,pituitary
3055,pituitary/Tr-pi_30.jpg,pituitary
3056,notumor/Tr-no_648.jpg,notumor
3057,glioma/Tr-gl_291.jpg,glioma
3058,pituitary/Tr-pi_700.jpg,pituitary
3059,notumor/Tr-no_241.jpg,notumor
3060,notumor/Tr-no_1292.jpg,notumor
3061,notumor/Tr-no_992.jpg,notumor
3062,meningioma/Tr-me_208.jpg,meningioma
3063,notumor/Tr-no_775.jpg,notumor
3064,notumor/Tr-no_605.jpg,notumor
3065,meningioma/Tr-me_360.jpg,meningioma
3066,meningioma/Tr-me_260.jpg,meningioma
3067,notumor/Tr-no_1314.jpg,notumor
3068,meningioma/Tr-me_1102.jpg,meningioma
3069,glioma/Tr-gl_422.jpg,glioma
3070,meningioma/Tr-aug-me_92.jpg,meningioma
3071,glioma/Tr-gl_989.jpg,glioma
3072,notumor/Tr-no_1024.jpg,notumor
3073,notumor/Tr-no_600.jpg,notumor
3074,notumor/Tr-no_1235.jpg,notumor
3075,notumor/Tr-no_228.jpg,notumor
3076,notumor/Tr-no_629.jpg,notumor
3077,meningioma/Tr-me_761.jpg,meningioma
3078,notumor/Tr-no_631.jpg,notumor
3079,meningioma/Tr-me_642.jpg,meningioma
3080,pituitary/Tr-pi_63.jpg,pituitary
3081,pituitary/Tr-pi_257.jpg,pituitary
3082,meningioma/Tr-me_191.jpg,meningioma
3083,meningioma/Tr-me_483.jpg,meningioma
3084,notumor/Tr-no_3.jpg,notumor
3085,pituitary/Tr-pi_821.jpg,pituitary
3086,glioma/Tr-gl_1125.jpg,glioma
3087,meningioma/Tr-me_1225.jpg,meningioma
3088,glioma/Tr-gl_961.jpg,glioma
3089,meningioma/Tr-me_496.jpg,meningioma
3090,pituitary/Tr-pi_776.jpg,pituitary
3091,notumor/Tr-no_344.jpg,notumor
3092,glioma/Tr-gl_544.jpg,glioma
3093,meningioma/Tr-me_522.jpg,meningioma
3094,notumor/Tr-no_1129.jpg,notumor
3095,glioma/Tr-gl_1388.jpg,glioma
3096,notumor/Tr-no_1141.jpg,notumor
3097,pituitary/Tr-pi_715.jpg,pituitary
3098,glioma/Tr-gl_264.jpg,glioma
3099,meningioma/Tr-me_280.jpg,meningioma
3100,glioma/Tr-gl_963.jpg,glioma
3101,pituitary/Tr-pi_629.jpg,pituitary
3102,pituitary/Tr-pi_1033.jpg,pituitary
3103,glioma/Tr-gl_858.jpg,glioma
3104,notumor/Tr-no_791.jpg,notumor
3105,notumor/Tr-no_1254.jpg,notumor
3106,pituitary/Tr-pi_314.jpg,pituitary
3107,glioma/Tr-gl_1174.jpg,glioma
3108,pituitary/Tr-pi_210.jpg,pituitary
3109,meningioma/Tr-me_499.jpg,meningioma
3110,notumor/Tr-no_1308.jpg,notumor
3111,notumor/Tr-no_563.jpg,notumor
3112,notumor/Tr-no_1196.jpg,notumor
3113,glioma/Tr-gl_689.jpg,glioma
3114,meningioma/Tr-me_519.jpg,meningioma
3115,notumor/Tr-no_524.jpg,notumor
3116,glioma/Tr-gl_821.jpg,glioma
3117,notumor/Tr-no_447.jpg,notumor
3118,meningioma/Tr-me_255.jpg,meningioma
3119,pituitary/Tr-pi_398.jpg,pituitary
3120,pituitary/Tr-pi_932.jpg,pituitary
3121,meningioma/Tr-me_351.jpg,meningioma
3122,notumor/Tr-no_276.jpg,notumor
3123,glioma/Tr-gl_1122.jpg,glioma
3124,meningioma/Tr-me_848.jpg,meningioma
3125,pituitary/Tr-pi_1267.jpg,pituitary
3126,pituitary/Tr-pi_1278.jpg,pituitary
3127,notumor/Tr-no_189.jpg,notumor
3128,meningioma/Tr-me_256.jpg,meningioma
3129,pituitary/Tr-pi_1291.jpg,pituitary
3130,pituitary/Tr-pi_383.jpg,pituitary
3131,notumor/Tr-no_285.jpg,notumor
3132,glioma/Tr-gl_871.jpg,glioma
3133,pituitary/Tr-pi_120.jpg,pituitary
3134,pituitary/Tr-pi_1365.jpg,pituitary
3135,glioma/Tr-gl_859.jpg,glioma
3136,notumor/Tr-no_234.jpg,notumor
3137,meningioma/Tr-me_683.jpg,meningioma
3138,glioma/Tr-gl_932.jpg,glioma
3139,meningioma/Tr-me_1224.jpg,meningioma
3140,pituitary/Tr-pi_409.jpg,pituitary
3141,pituitary/Tr-pi_1030.jpg,pituitary
3142,meningioma/Tr-me_697.jpg,meningioma
3143,glioma/Tr-gl_674.jpg,glioma
3144,pituitary/Tr-pi_871.jpg,pituitary
3145,notumor/Tr-no_381.jpg,notumor
3146,glioma/Tr-gl_1192.jpg,glioma
3147,glioma/Tr-gl_1140.jpg,glioma
3148,pituitary/Tr-pi_89.jpg,pituitary
3149,pituitary/Tr-pi_519.jpg,pituitary
3150,notumor/Tr-no_1299.jpg,notumor
3151,notumor/Tr-no_1099.jpg,notumor
3152,glioma/Tr-gl_12.jpg,glioma
3153,pituitary/Tr-pi_1098.jpg,pituitary
3154,meningioma/Tr-me_742.jpg,meningioma
3155,meningioma/Tr-me_439.jpg,meningioma
3156,glioma/Tr-gl_756.jpg,glioma
3157,glioma/Tr-gl_1217.jpg,glioma
3158,glioma/Tr-gl_955.jpg,glioma
3159,glioma/Tr-gl_1015.jpg,glioma
3160,notumor/Tr-no_973.jpg,notumor
3161,meningioma/Tr-me_540.jpg,meningioma
3162,notumor/Tr-no_645.jpg,notumor
3163,meningioma/Tr-me_1030.jpg,meningioma
3164,pituitary/Tr-pi_967.jpg,pituitary
3165,pituitary/Tr-pi_465.jpg,pituitary
3166,meningioma/Tr-me_1006.jpg,meningioma
3167,pituitary/Tr-pi_549.jpg,pituitary
3168,meningioma/Tr-aug-me_62.jpg,meningioma
3169,meningioma/Tr-me_605.jpg,meningioma
3170,pituitary/Tr-pi_691.jpg,pituitary
3171,pituitary/Tr-pi_1340.jpg,pituitary
3172,glioma/Tr-gl_179.jpg,glioma
3173,glioma/Tr-gl_1275.jpg,glioma
3174,pituitary/Tr-pi_676.jpg,pituitary
3175,glioma/Tr-gl_408.jpg,glioma
3176,pituitary/Tr-pi_1390.jpg,pituitary
3177,notumor/Tr-no_136.jpg,notumor
3178,pituitary/Tr-pi_993.jpg,pituitary
3179,glioma/Tr-gl_762.jpg,glioma
3180,pituitary/Tr-pi_453.jpg,pituitary
3181,pituitary/Tr-pi_184.jpg,pituitary
3182,pituitary/Tr-pi_541.jpg,pituitary
3183,pituitary/Tr-pi_505.jpg,pituitary
3184,glioma/Tr-gl_938.jpg,glioma
3185,notumor/Tr-no_862.jpg,notumor
3186,notumor/Tr-no_345.jpg,notumor
3187,meningioma/Tr-aug-me_17.jpg,meningioma
3188,pituitary/Tr-pi_195.jpg,pituitary
3189,meningioma/Tr-aug-me_30.jpg,meningioma
3190,pituitary/Tr-pi_262.jpg,pituitary
3191,notumor/Tr-no_1229.jpg,notumor
3192,meningioma/Tr-me_110.jpg,meningioma
3193,pituitary/Tr-pi_127.jpg,pituitary
3194,glioma/Tr-gl_275.jpg,glioma
3195,glioma/Tr-gl_440.jpg,glioma
3196,pituitary/Tr-pi_961.jpg,pituitary
3197,glioma/Tr-gl_1357.jpg,glioma
3198,notumor/Tr-no_573.jpg,notumor
3199,notumor/Tr-no_397.jpg,notumor
3200,pituitary/Tr-pi_1208.jpg,pituitary
3201,pituitary/Tr-pi_502.jpg,pituitary
3202,glioma/Tr-gl_1109.jpg,glioma
3203,pituitary/Tr-pi_168.jpg,pituitary
3204,glioma/Tr-gl_1130.jpg,glioma
3205,pituitary/Tr-pi_1097.jpg,pituitary
3206,pituitary/Tr-pi_209.jpg,pituitary
3207,meningioma/Tr-me_887.jpg,meningioma
3208,pituitary/Tr-pi_724.jpg,pituitary
3209,pituitary/Tr-pi_270.jpg,pituitary
3210,glioma/Tr-gl_262.jpg,glioma
3211,notumor/Tr-no_1364.jpg,notumor
3212,meningioma/Tr-me_287.jpg,meningioma
3213,glioma/Tr-gl_222.jpg,glioma
3214,glioma/Tr-gl_1269.jpg,glioma
3215,glioma/Tr-gl_172.jpg,glioma
3216,pituitary/Tr-pi_540.jpg,pituitary
3217,meningioma/Tr-me_1036.jpg,meningioma
3218,notumor/Tr-no_911.jpg,notumor
3219,meningioma/Tr-me_991.jpg,meningioma
3220,pituitary/Tr-pi_876.jpg,pituitary
3221,meningioma/Tr-me_1115.jpg,meningioma
3222,meningioma/Tr-me_212.jpg,meningioma
3223,notumor/Tr-no_294.jpg,notumor
3224,notumor/Tr-no_364.jpg,notumor
3225,pituitary/Tr-pi_3.jpg,pituitary
3226,notumor/Tr-no_456.jpg,notumor
3227,meningioma/Tr-me_51.jpg,meningioma
3228,pituitary/Tr-pi_980.jpg,pituitary
3229,glioma/Tr-gl_812.jpg,glioma
3230,notumor/Tr-no_724.jpg,notumor
3231,notumor/Tr-no_711.jpg,notumor
3232,pituitary/Tr-pi_1087.jpg,pituitary
3233,glioma/Tr-gl_773.jpg,glioma
3234,meningioma/Tr-me_363.jpg,meningioma
3235,pituitary/Tr-pi_844.jpg,pituitary
3236,notumor/Tr-no_660.jpg,notumor
3237,glioma/Tr-gl_1370.jpg,glioma
3238,glioma/Tr-gl_900.jpg,glioma
3239,meningioma/Tr-me_1120.jpg,meningioma
3240,glioma/Tr-gl_1092.jpg,glioma
3241,glioma/Tr-gl_182.jpg,glioma
3242,pituitary/Tr-pi_1151.jpg,pituitary
3243,pituitary/Tr-pi_132.jpg,pituitary
3244,meningioma/Tr-me_263.jpg,meningioma
3245,notumor/Tr-no_475.jpg,notumor
3246,pituitary/Tr-pi_1266.jpg,pituitary
3247,meningioma/Tr-me_738.jpg,meningioma
3248,glioma/Tr-gl_123.jpg,glioma
3249,notumor/Tr-no_1316.jpg,notumor
3250,glioma/Tr-gl_2.jpg,glioma
3251,glioma/Tr-gl_840.jpg,glioma
3252,meningioma/Tr-me_87.jpg,meningioma
3253,glioma/Tr-gl_320.jpg,glioma
3254,glioma/Tr-gl_1386.jpg,glioma
3255,glioma/Tr-gl_1002.jpg,glioma
3256,meningioma/Tr-me_77.jpg,meningioma
3257,pituitary/Tr-pi_134.jpg,pituitary
3258,meningioma/Tr-me_11.jpg,meningioma
3259,notumor/Tr-no_1356.jpg,notumor
3260,notumor/Tr-no_390.jpg,notumor
3261,pituitary/Tr-pi_830.jpg,pituitary
3262,pituitary/Tr-pi_1180.jpg,pituitary
3263,glioma/Tr-gl_1214.jpg,glioma
3264,glioma/Tr-gl_1267.jpg,glioma
3265,pituitary/Tr-pi_1377.jpg,pituitary
3266,pituitary/Tr-pi_731.jpg,pituitary
3267,glioma/Tr-gl_44.jpg,glioma
3268,meningioma/Tr-me_614.jpg,meningioma
3269,meningioma/Tr-me_889.jpg,meningioma
3270,glioma/Tr-gl_468.jpg,glioma
3271,meningioma/Tr-me_234.jpg,meningioma
3272,notumor/Tr-no_27.jpg,notumor
3273,glioma/Tr-gl_862.jpg,glioma
3274,pituitary/Tr-pi_500.jpg,pituitary
3275,pituitary/Tr-pi_1197.jpg,pituitary
3276,glioma/Tr-gl_953.jpg,glioma
3277,pituitary/Tr-pi_1234.jpg,pituitary
3278,meningioma/Tr-me_764.jpg,meningioma
3279,pituitary/Tr-pi_1184.jpg,pituitary
3280,glioma/Tr-gl_523.jpg,glioma
3281,pituitary/Tr-pi_1371.jpg,pituitary
3282,glioma/Tr-gl_825.jpg,glioma
3283,meningioma/Tr-me_1018.jpg,meningioma
3284,pituitary/Tr-pi_1029.jpg,pituitary
3285,meningioma/Tr-me_1038.jpg,meningioma
3286,notumor/Tr-no_889.jpg,notumor
3287,glioma/Tr-gl_1294.jpg,glioma
3288,pituitary/Tr-pi_253.jpg,pituitary
3289,meningioma/Tr-aug-me_13.jpg,meningioma
3290,glioma/Tr-gl_869.jpg,glioma
3291,meningioma/Tr-aug-me_94.jpg,meningioma
3292,meningioma/Tr-me_174.jpg,meningioma
3293,glioma/Tr-gl_1010.jpg,glioma
3294,meningioma/Tr-me_1021.jpg,meningioma
3295,pituitary/Tr-pi_1154.jpg,pituitary
3296,notumor/Tr-no_1027.jpg,notumor
3297,glioma/Tr-gl_896.jpg,glioma
3298,pituitary/Tr-pi_1113.jpg,pituitary
3299,pituitary/Tr-pi_418.jpg,pituitary
3300,notumor/Tr-no_311.jpg,notumor
3301,pituitary/Tr-pi_254.jpg,pituitary
3302,notumor/Tr-no_1112.jpg,notumor
3303,notumor/Tr-no_300.jpg,notumor
3304,notumor/Tr-no_733.jpg,notumor
3305,pituitary/Tr-pi_538.jpg,pituitary
3306,meningioma/Tr-me_13.jpg,meningioma
3307,notumor/Tr-no_479.jpg,notumor
3308,meningioma/Tr-me_81.jpg,meningioma
3309,meningioma/Tr-me_981.jpg,meningioma
3310,glioma/Tr-gl_353.jpg,glioma
3311,notumor/Tr-no_233.jpg,notumor
3312,glioma/Tr-gl_392.jpg,glioma
3313,glioma/Tr-gl_213.jpg,glioma
3314,notumor/Tr-no_1381.jpg,notumor
3315,pituitary/Tr-pi_497.jpg,pituitary
3316,pituitary/Tr-pi_322.jpg,pituitary
3317,pituitary/Tr-pi_129.jpg,pituitary
3318,notumor/Tr-no_798.jpg,notumor
3319,meningioma/Tr-me_681.jpg,meningioma
3320,notumor/Tr-no_36.jpg,notumor
3321,pituitary/Tr-pi_1094.jpg,pituitary
3322,notumor/Tr-no_738.jpg,notumor
3323,meningioma/Tr-me_659.jpg,meningioma
3324,pituitary/Tr-pi_658.jpg,pituitary
3325,meningioma/Tr-me_579.jpg,meningioma
3326,notumor/Tr-no_1192.jpg,notumor
3327,meningioma/Tr-me_238.jpg,meningioma
3328,pituitary/Tr-pi_1146.jpg,pituitary
3329,notumor/Tr-no_440.jpg,notumor
3330,meningioma/Tr-me_1298.jpg,meningioma
3331,notumor/Tr-no_1050.jpg,notumor
3332,meningioma/Tr-me_1178.jpg,meningioma
3333,glioma/Tr-gl_579.jpg,glioma
3334,glioma/Tr-gl_1199.jpg,glioma
3335,glioma/Tr-gl_531.jpg,glioma
3336,pituitary/Tr-pi_918.jpg,pituitary
3337,glioma/Tr-gl_943.jpg,glioma
3338,pituitary/Tr-pi_1034.jpg,pituitary
3339,notumor/Tr-no_330.jpg,notumor
3340,meningioma/Tr-me_327.jpg,meningioma
3341,pituitary/Tr-pi_1193.jpg,pituitary
3342,pituitary/Tr-pi_222.jpg,pituitary
3343,glioma/Tr-gl_1261.jpg,glioma
3344,glioma/Tr-gl_648.jpg,glioma
3345,glioma/Tr-gl_355.jpg,glioma
3346,glioma/Tr-gl_103.jpg,glioma
3347,meningioma/Tr-me_1280.jpg,meningioma
3348,pituitary/Tr-pi_93.jpg,pituitary
3349,pituitary/Tr-pi_1324.jpg,pituitary
3350,meningioma/Tr-me_74.jpg,meningioma
3351,glioma/Tr-gl_221.jpg,glioma
3352,glioma/Tr-gl_341.jpg,glioma
3353,meningioma/Tr-me_922.jpg,meningioma
3354,glioma/Tr-gl_874.jpg,glioma
3355,notumor/Tr-no_1228.jpg,notumor
3356,meningioma/Tr-me_361.jpg,meningioma
3357,meningioma/Tr-aug-me_78.jpg,meningioma
3358,pituitary/Tr-pi_223.jpg,pituitary
3359,glioma/Tr-gl_834.jpg,glioma
3360,glioma/Tr-gl_764.jpg,glioma
3361,glioma/Tr-gl_151.jpg,glioma
3362,notumor/Tr-no_675.jpg,notumor
3363,pituitary/Tr-pi_54.jpg,pituitary
3364,pituitary/Tr-pi_376.jpg,pituitary
3365,meningioma/Tr-me_964.jpg,meningioma
3366,notumor/Tr-no_779.jpg,notumor
3367,glioma/Tr-gl_682.jpg,glioma
3368,glioma/Tr-gl_530.jpg,glioma
3369,notumor/Tr-no_1321.jpg,notumor
3370,notumor/Tr-no_1001.jpg,notumor
3371,pituitary/Tr-pi_607.jpg,pituitary
3372,pituitary/Tr-pi_1145.jpg,pituitary
3373,meningioma/Tr-me_654.jpg,meningioma
3374,pituitary/Tr-pi_1186.jpg,pituitary
3375,meningioma/Tr-me_877.jpg,meningioma
3376,pituitary/Tr-pi_1226.jpg,pituitary
3377,pituitary/Tr-pi_218.jpg,pituitary
3378,glioma/Tr-gl_22.jpg,glioma
3379,meningioma/Tr-me_324.jpg,meningioma
3380,glioma/Tr-gl_650.jpg,glioma
3381,meningioma/Tr-me_514.jpg,meningioma
3382,glioma/Tr-gl_1349.jpg,glioma
3383,notumor/Tr-no_941.jpg,notumor
3384,glioma/Tr-gl_211.jpg,glioma
3385,glioma/Tr-gl_438.jpg,glioma
3386,glioma/Tr-gl_236.jpg,glioma
3387,pituitary/Tr-pi_50.jpg,pituitary
3388,glioma/Tr-gl_447.jpg,glioma
3389,meningioma/Tr-me_727.jpg,meningioma
3390,pituitary/Tr-pi_906.jpg,pituitary
3391,glioma/Tr-gl_819.jpg,glioma
3392,meningioma/Tr-me_1090.jpg,meningioma
3393,glioma/Tr-gl_563.jpg,glioma
3394,notumor/Tr-no_290.jpg,notumor
3395,pituitary/Tr-pi_293.jpg,pituitary
3396,pituitary/Tr-pi_147.jpg,pituitary
3397,pituitary/Tr-pi_1140.jpg,pituitary
3398,pituitary/Tr-pi_1127.jpg,pituitary
3399,notumor/Tr-no_348.jpg,notumor
3400,pituitary/Tr-pi_764.jpg,pituitary
3401,meningioma/Tr-me_44.jpg,meningioma
3402,glioma/Tr-gl_1144.jpg,glioma
3403,glioma/Tr-gl_223.jpg,glioma
3404,notumor/Tr-no_154.jpg,notumor
3405,meningioma/Tr-me_432.jpg,meningioma
3406,notumor/Tr-no_784.jpg,notumor
3407,pituitary/Tr-pi_1031.jpg,pituitary
3408,notumor/Tr-no_987.jpg,notumor
3409,pituitary/Tr-pi_101.jpg,pituitary
3410,glioma/Tr-gl_857.jpg,glioma
3411,notumor/Tr-no_1329.jpg,notumor
3412,notumor/Tr-no_1355.jpg,notumor
3413,meningioma/Tr-me_1132.jpg,meningioma
3414,glioma/Tr-gl_596.jpg,glioma
3415,meningioma/Tr-me_250.jpg,meningioma
3416,notumor/Tr-no_322.jpg,notumor
3417,meningioma/Tr-me_1077.jpg,meningioma
3418,notumor/Tr-no_996.jpg,notumor
3419,glioma/Tr-gl_1076.jpg,glioma
3420,meningioma/Tr-me_1124.jpg,meningioma
3421,meningioma/Tr-me_718.jpg,meningioma
3422,pituitary/Tr-pi_114.jpg,pituitary
3423,meningioma/Tr-me_1012.jpg,meningioma
3424,glioma/Tr-gl_691.jpg,glioma
3425,notumor/Tr-no_420.jpg,notumor
3426,pituitary/Tr-pi_1274.jpg,pituitary
3427,glioma/Tr-gl_284.jpg,glioma
3428,glioma/Tr-gl_653.jpg,glioma
3429,notumor/Tr-no_745.jpg,notumor
3430,glioma/Tr-gl_14.jpg,glioma
3431,notumor/Tr-no_419.jpg,notumor
3432,pituitary/Tr-pi_1206.jpg,pituitary
3433,notumor/Tr-no_398.jpg,notumor
3434,notumor/Tr-no_133.jpg,notumor
3435,notumor/Tr-no_1020.jpg,notumor
3436,meningioma/Tr-me_407.jpg,meningioma
3437,glioma/Tr-gl_154.jpg,glioma
3438,pituitary/Tr-pi_417.jpg,pituitary
3439,meningioma/Tr-me_1263.jpg,meningioma
3440,meningioma/Tr-me_469.jpg,meningioma
3441,notumor/Tr-no_1203.jpg,notumor
3442,notumor/Tr-no_1332.jpg,notumor
3443,glioma/Tr-gl_243.jpg,glioma
3444,glioma/Tr-gl_32.jpg,glioma
3445,pituitary/Tr-pi_1242.jpg,pituitary
3446,pituitary/Tr-pi_913.jpg,pituitary
3447,meningioma/Tr-me_495.jpg,meningioma
3448,pituitary/Tr-pi_780.jpg,pituitary
3449,pituitary/Tr-pi_1373.jpg,pituitary
3450,meningioma/Tr-me_1042.jpg,meningioma
3451,notumor/Tr-no_83.jpg,notumor
3452,glioma/Tr-gl_411.jpg,glioma
3453,meningioma/Tr-me_571.jpg,meningioma
3454,glioma/Tr-gl_73.jpg,glioma
3455,glioma/Tr-gl_1146.jpg,glioma
3456,notumor/Tr-no_1022.jpg,notumor
3457,pituitary/Tr-pi_1039.jpg,pituitary
3458,pituitary/Tr-pi_124.jpg,pituitary
3459,pituitary/Tr-pi_891.jpg,pituitary
3460,pituitary/Tr-pi_342.jpg,pituitary
3461,pituitary/Tr-pi_783.jpg,pituitary
3462,meningioma/Tr-aug-me_87.jpg,meningioma
3463,meningioma/Tr-me_828.jpg,meningioma
3464,meningioma/Tr-me_731.jpg,meningioma
3465,glioma/Tr-gl_1007.jpg,glioma
3466,glioma/Tr-gl_70.jpg,glioma
3467,pituitary/Tr-pi_436.jpg,pituitary
3468,pituitary/Tr-pi_1339.jpg,pituitary
3469,glioma/Tr-gl_632.jpg,glioma
3470,glioma/Tr-gl_1237.jpg,glioma
3471,pituitary/Tr-pi_238.jpg,pituitary
3472,glioma/Tr-gl_610.jpg,glioma
3473,pituitary/Tr-pi_723.jpg,pituitary
3474,pituitary/Tr-pi_1051.jpg,pituitary
3475,pituitary/Tr-pi_243.jpg,pituitary
3476,pituitary/Tr-pi_558.jpg,pituitary
3477,pituitary/Tr-pi_1372.jpg,pituitary
3478,pituitary/Tr-pi_473.jpg,pituitary
3479,glioma/Tr-gl_226.jpg,glioma
3480,pituitary/Tr-pi_1152.jpg,pituitary
3481,pituitary/Tr-pi_1181.jpg,pituitary
3482,notumor/Tr-no_159.jpg,notumor
3483,meningioma/Tr-me_1270.jpg,meningioma
3484,notumor/Tr-no_94.jpg,notumor
3485,pituitary/Tr-pi_837.jpg,pituitary
3486,notumor/Tr-no_1105.jpg,notumor
3487,pituitary/Tr-pi_499.jpg,pituitary
3488,pituitary/Tr-pi_890.jpg,pituitary
3489,glioma/Tr-gl_124.jpg,glioma
3490,glioma/Tr-gl_1258.jpg,glioma
3491,glioma/Tr-gl_181.jpg,glioma
3492,meningioma/Tr-me_57.jpg,meningioma
3493,meningioma/Tr-me_627.jpg,meningioma
3494,pituitary/Tr-pi_1.jpg,pituitary
3495,glioma/Tr-gl_145.jpg,glioma
3496,glioma/Tr-gl_928.jpg,glioma
3497,glioma/Tr-gl_376.jpg,glioma
3498,meningioma/Tr-me_12.jpg,meningioma
3499,notumor/Tr-no_920.jpg,notumor
3500,glioma/Tr-gl_1126.jpg,glioma
3501,glioma/Tr-gl_1034.jpg,glioma
3502,glioma/Tr-gl_902.jpg,glioma
3503,notumor/Tr-no_212.jpg,notumor
3504,glioma/Tr-gl_116.jpg,glioma
3505,meningioma/Tr-me_189.jpg,meningioma
3506,notumor/Tr-no_814.jpg,notumor
3507,pituitary/Tr-pi_445.jpg,pituitary
3508,notumor/Tr-no_131.jpg,notumor
3509,notumor/Tr-no_308.jpg,notumor
3510,notumor/Tr-no_1091.jpg,notumor
3511,meningioma/Tr-me_836.jpg,meningioma
3512,meningioma/Tr-me_834.jpg,meningioma
3513,meningioma/Tr-me_775.jpg,meningioma
3514,pituitary/Tr-pi_883.jpg,pituitary
3515,glioma/Tr-gl_1257.jpg,glioma
3516,meningioma/Tr-me_73.jpg,meningioma
3517,pituitary/Tr-pi_359.jpg,pituitary
3518,notumor/Tr-no_396.jpg,notumor
3519,glioma/Tr-gl_1232.jpg,glioma
3520,pituitary/Tr-pi_161.jpg,pituitary
3521,meningioma/Tr-me_621.jpg,meningioma
3522,notumor/Tr-no_486.jpg,notumor
3523,glioma/Tr-gl_561.jpg,glioma
3524,glioma/Tr-gl_1008.jpg,glioma
3525,glioma/Tr-gl_500.jpg,glioma
3526,glioma/Tr-gl_1039.jpg,glioma
3527,glioma/Tr-gl_1045.jpg,glioma
3528,notumor/Tr-no_275.jpg,notumor
3529,meningioma/Tr-me_204.jpg,meningioma
3530,meningioma/Tr-aug-me_29.jpg,meningioma
3531,glioma/Tr-gl_188.jpg,glioma
3532,meningioma/Tr-me_611.jpg,meningioma
3533,meningioma/Tr-me_304.jpg,meningioma
3534,meningioma/Tr-me_196.jpg,meningioma
3535,meningioma/Tr-aug-me_52.jpg,meningioma
3536,pituitary/Tr-pi_341.jpg,pituitary
3537,glioma/Tr-gl_1016.jpg,glioma
3538,notumor/Tr-no_890.jpg,notumor
3539,glioma/Tr-gl_792.jpg,glioma
3540,glioma/Tr-gl_161.jpg,glioma
3541,glioma/Tr-gl_554.jpg,glioma
3542,glioma/Tr-gl_92.jpg,glioma
3543,meningioma/Tr-me_1081.jpg,meningioma
3544,pituitary/Tr-pi_752.jpg,pituitary
3545,glioma/Tr-gl_323.jpg,glioma
3546,meningioma/Tr-me_1181.jpg,meningioma
3547,pituitary/Tr-pi_665.jpg,pituitary
3548,meningioma/Tr-me_135.jpg,meningioma
3549,glioma/Tr-gl_639.jpg,glioma
3550,glioma/Tr-gl_1235.jpg,glioma
3551,glioma/Tr-gl_748.jpg,glioma
3552,meningioma/Tr-me_835.jpg,meningioma
3553,pituitary/Tr-pi_1162.jpg,pituitary
3554,glioma/Tr-gl_58.jpg,glioma
3555,glioma/Tr-gl_337.jpg,glioma
3556,glioma/Tr-gl_1247.jpg,glioma
3557,notumor/Tr-no_1310.jpg,notumor
3558,notumor/Tr-no_830.jpg,notumor
3559,glioma/Tr-gl_980.jpg,glioma
3560,meningioma/Tr-me_340.jpg,meningioma
3561,glioma/Tr-gl_186.jpg,glioma
3562,glioma/Tr-gl_820.jpg,glioma
3563,meningioma/Tr-me_32.jpg,meningioma
3564,meningioma/Tr-me_538.jpg,meningioma
3565,pituitary/Tr-pi_818.jpg,pituitary
3566,pituitary/Tr-pi_510.jpg,pituitary
3567,glioma/Tr-gl_637.jpg,glioma
3568,pituitary/Tr-pi_739.jpg,pituitary
3569,notumor/Tr-no_990.jpg,notumor
3570,notumor/Tr-no_768.jpg,notumor
3571,meningioma/Tr-me_1200.jpg,meningioma
3572,notumor/Tr-no_850.jpg,notumor
3573,pituitary/Tr-pi_1183.jpg,pituitary
3574,meningioma/Tr-me_759.jpg,meningioma
3575,pituitary/Tr-pi_181.jpg,pituitary
3576,notumor/Tr-no_286.jpg,notumor
3577,glioma/Tr-gl_1179.jpg,glioma
3578,pituitary/Tr-pi_898.jpg,pituitary
3579,notumor/Tr-no_948.jpg,notumor
3580,notumor/Tr-no_1211.jpg,notumor
3581,notumor/Tr-no_192.jpg,notumor
3582,pituitary/Tr-pi_862.jpg,pituitary
3583,pituitary/Tr-pi_1022.jpg,pituitary
3584,meningioma/Tr-me_385.jpg,meningioma
3585,pituitary/Tr-pi_782.jpg,pituitary
3586,notumor/Tr-no_672.jpg,notumor
3587,notumor/Tr-no_831.jpg,notumor
3588,glioma/Tr-gl_45.jpg,glioma
3589,meningioma/Tr-me_853.jpg,meningioma
3590,pituitary/Tr-pi_1317.jpg,pituitary
3591,glioma/Tr-gl_517.jpg,glioma
3592,meningioma/Tr-aug-me_85.jpg,meningioma
3593,meningioma/Tr-me_101.jpg,meningioma
3594,pituitary/Tr-pi_1322.jpg,pituitary
3595,glioma/Tr-gl_43.jpg,glioma
3596,pituitary/Tr-pi_272.jpg,pituitary
3597,meningioma/Tr-me_920.jpg,meningioma
3598,pituitary/Tr-pi_641.jpg,pituitary
3599,glioma/Tr-gl_1056.jpg,glioma
3600,notumor/Tr-no_843.jpg,notumor
3601,glioma/Tr-gl_503.jpg,glioma
3602,pituitary/Tr-pi_931.jpg,pituitary
3603,pituitary/Tr-pi_1311.jpg,pituitary
3604,meningioma/Tr-aug-me_24.jpg,meningioma
3605,meningioma/Tr-aug-me_56.jpg,meningioma
3606,glioma/Tr-gl_164.jpg,glioma
3607,meningioma/Tr-me_1098.jpg,meningioma
3608,glioma/Tr-gl_20.jpg,glioma
3609,pituitary/Tr-pi_992.jpg,pituitary
3610,glioma/Tr-gl_295.jpg,glioma
3611,notumor/Tr-no_495.jpg,notumor
3612,glioma/Tr-gl_913.jpg,glioma
3613,meningioma/Tr-me_367.jpg,meningioma
3614,pituitary/Tr-pi_914.jpg,pituitary
3615,pituitary/Tr-pi_411.jpg,pituitary
3616,meningioma/Tr-me_932.jpg,meningioma
3617,glioma/Tr-gl_1077.jpg,glioma
3618,pituitary/Tr-pi_266.jpg,pituitary
3619,notumor/Tr-no_976.jpg,notumor
3620,pituitary/Tr-pi_404.jpg,pituitary
3621,pituitary/Tr-pi_1165.jpg,pituitary
3622,glioma/Tr-gl_1215.jpg,glioma
3623,glioma/Tr-gl_72.jpg,glioma
3624,pituitary/Tr-pi_589.jpg,pituitary
3625,glioma/Tr-gl_564.jpg,glioma
3626,glioma/Tr-gl_924.jpg,glioma
3627,pituitary/Tr-pi_860.jpg,pituitary
3628,pituitary/Tr-pi_514.jpg,pituitary
3629,pituitary/Tr-pi_1286.jpg,pituitary
3630,glioma/Tr-gl_600.jpg,glioma
3631,notumor/Tr-no_377.jpg,notumor
3632,meningioma/Tr-me_1297.jpg,meningioma
3633,notumor/Tr-no_376.jpg,notumor
3634,notumor/Tr-no_1124.jpg,notumor
3635,glioma/Tr-gl_872.jpg,glioma
3636,notumor/Tr-no_315.jpg,notumor
3637,glioma/Tr-gl_551.jpg,glioma
3638,meningioma/Tr-me_151.jpg,meningioma
3639,meningioma/Tr-me_694.jpg,meningioma
3640,glioma/Tr-gl_374.jpg,glioma
3641,glioma/Tr-gl_1005.jpg,glioma
3642,pituitary/Tr-pi_1252.jpg,pituitary
3643,meningioma/Tr-me_138.jpg,meningioma
3644,notumor/Tr-no_1397.jpg,notumor
3645,notumor/Tr-no_680.jpg,notumor
3646,glioma/Tr-gl_888.jpg,glioma
3647,glioma/Tr-gl_957.jpg,glioma
3648,notumor/Tr-no_1073.jpg,notumor
3649,glioma/Tr-gl_1006.jpg,glioma
3650,pituitary/Tr-pi_74.jpg,pituitary
3651,glioma/Tr-gl_929.jpg,glioma
3652,glioma/Tr-gl_126.jpg,glioma
3653,pituitary/Tr-pi_10.jpg,pituitary
3654,pituitary/Tr-pi_569.jpg,pituitary
3655,glioma/Tr-gl_658.jpg,glioma
3656,meningioma/Tr-me_965.jpg,meningioma
3657,notumor/Tr-no_293.jpg,notumor
3658,meningioma/Tr-me_703.jpg,meningioma
3659,notumor/Tr-no_393.jpg,notumor
3660,glioma/Tr-gl_937.jpg,glioma
3661,notumor/Tr-no_1289.jpg,notumor
3662,pituitary/Tr-pi_924.jpg,pituitary
3663,glioma/Tr-gl_1391.jpg,glioma
3664,pituitary/Tr-pi_279.jpg,pituitary
3665,glioma/Tr-gl_1377.jpg,glioma
3666,notumor/Tr-no_1023.jpg,notumor
3667,meningioma/Tr-aug-me_97.jpg,meningioma
3668,glioma/Tr-gl_1339.jpg,glioma
3669,meningioma/Tr-me_976.jpg,meningioma
3670,glioma/Tr-gl_1378.jpg,glioma
3671,pituitary/Tr-pi_1350.jpg,pituitary
3672,meningioma/Tr-me_431.jpg,meningioma
3673,meningioma/Tr-me_811.jpg,meningioma
3674,pituitary/Tr-pi_870.jpg,pituitary
3675,notumor/Tr-no_866.jpg,notumor
3676,glioma/Tr-gl_216.jpg,glioma
3677,glioma/Tr-gl_481.jpg,glioma
3678,meningioma/Tr-me_313.jpg,meningioma
3679,meningioma/Tr-me_89.jpg,meningioma
3680,notumor/Tr-no_796.jpg,notumor
3681,meningioma/Tr-me_416.jpg,meningioma
3682,meningioma/Tr-me_408.jpg,meningioma
3683,glioma/Tr-gl_1204.jpg,glioma
3684,pituitary/Tr-pi_596.jpg,pituitary
3685,meningioma/Tr-me_772.jpg,meningioma
3686,notumor/Tr-no_939.jpg,notumor
3687,notumor/Tr-no_110.jpg,notumor
3688,pituitary/Tr-pi_117.jpg,pituitary
3689,pituitary/Tr-pi_1207.jpg,pituitary
3690,pituitary/Tr-pi_1112.jpg,pituitary
3691,pituitary/Tr-pi_214.jpg,pituitary
3692,notumor/Tr-no_108.jpg,notumor
3693,pituitary/Tr-pi_227.jpg,pituitary
3694,glioma/Tr-gl_1031.jpg,glioma
3695,pituitary/Tr-pi_226.jpg,pituitary
3696,notumor/Tr-no_1328.jpg,notumor
3697,glioma/Tr-gl_802.jpg,glioma
3698,pituitary/Tr-pi_807.jpg,pituitary
3699,pituitary/Tr-pi_494.jpg,pituitary
3700,pituitary/Tr-pi_756.jpg,pituitary
3701,meningioma/Tr-me_534.jpg,meningioma
3702,glioma/Tr-gl_1253.jpg,glioma
3703,notumor/Tr-no_671.jpg,notumor
3704,notumor/Tr-no_636.jpg,notumor
3705,meningioma/Tr-me_656.jpg,meningioma
3706,pituitary/Tr-pi_508.jpg,pituitary
3707,meningioma/Tr-me_792.jpg,meningioma
3708,glioma/Tr-gl_1091.jpg,glioma
3709,glioma/Tr-gl_356.jpg,glioma
3710,notumor/Tr-no_66.jpg,notumor
3711,notumor/Tr-no_278.jpg,notumor
3712,meningioma/Tr-me_314.jpg,meningioma
3713,notumor/Tr-no_113.jpg,notumor
3714,glioma/Tr-gl_441.jpg,glioma
3715,glioma/Tr-gl_852.jpg,glioma
3716,pituitary/Tr-pi_424.jpg,pituitary
3717,notumor/Tr-no_809.jpg,notumor
3718,meningioma/Tr-me_332.jpg,meningioma
3719,notumor/Tr-no_8.jpg,notumor
3720,notumor/Tr-no_651.jpg,notumor
3721,pituitary/Tr-pi_575.jpg,pituitary
3722,meningioma/Tr-me_837.jpg,meningioma
3723,glioma/Tr-gl_1350.jpg,glioma
3724,pituitary/Tr-pi_686.jpg,pituitary
3725,meningioma/Tr-me_459.jpg,meningioma
3726,glioma/Tr-gl_297.jpg,glioma
3727,glioma/Tr-gl_1296.jpg,glioma
3728,glioma/Tr-gl_7.jpg,glioma
3729,pituitary/Tr-pi_663.jpg,pituitary
3730,glioma/Tr-gl_754.jpg,glioma
3731,meningioma/Tr-me_886.jpg,meningioma
3732,glioma/Tr-gl_668.jpg,glioma
3733,pituitary/Tr-pi_842.jpg,pituitary
3734,glioma/Tr-gl_895.jpg,glioma
3735,meningioma/Tr-me_910.jpg,meningioma
3736,glioma/Tr-gl_290.jpg,glioma
3737,pituitary/Tr-pi_208.jpg,pituitary
3738,glioma/Tr-gl_1169.jpg,glioma
3739,meningioma/Tr-me_1192.jpg,meningioma
3740,meningioma/Tr-me_142.jpg,meningioma
3741,meningioma/Tr-me_366.jpg,meningioma
3742,pituitary/Tr-pi_1174.jpg,pituitary
3743,pituitary/Tr-pi_416.jpg,pituitary
3744,meningioma/Tr-me_824.jpg,meningioma
3745,meningioma/Tr-me_739.jpg,meningioma
3746,pituitary/Tr-pi_441.jpg,pituitary
3747,notumor/Tr-no_454.jpg,notumor
3748,notumor/Tr-no_1334.jpg,notumor
3749,notumor/Tr-no_1353.jpg,notumor
3750,pituitary/Tr-pi_169.jpg,pituitary
3751,notumor/Tr-no_811.jpg,notumor
3752,meningioma/Tr-me_620.jpg,meningioma
3753,pituitary/Tr-pi_908.jpg,pituitary
3754,notumor/Tr-no_549.jpg,notumor
3755,meningioma/Tr-me_645.jpg,meningioma
3756,glioma/Tr-gl_312.jpg,glioma
3757,pituitary/Tr-pi_803.jpg,pituitary
3758,notumor/Tr-no_640.jpg,notumor
3759,glioma/Tr-gl_714.jpg,glioma
3760,glioma/Tr-gl_373.jpg,glioma
3761,notumor/Tr-no_274.jpg,notumor
3762,pituitary/Tr-pi_551.jpg,pituitary
3763,notumor/Tr-no_63.jpg,notumor
3764,meningioma/Tr-me_100.jpg,meningioma
3765,pituitary/Tr-pi_648.jpg,pituitary
3766,meningioma/Tr-me_786.jpg,meningioma
3767,meningioma/Tr-aug-me_79.jpg,meningioma
3768,pituitary/Tr-pi_729.jpg,pituitary
3769,notumor/Tr-no_193.jpg,notumor
3770,notumor/Tr-no_558.jpg,notumor
3771,glioma/Tr-gl_113.jpg,glioma
3772,notumor/Tr-no_708.jpg,notumor
3773,glioma/Tr-gl_898.jpg,glioma
3774,notumor/Tr-no_1122.jpg,notumor
3775,notumor/Tr-no_1049.jpg,notumor
3776,notumor/Tr-no_175.jpg,notumor
3777,meningioma/Tr-me_630.jpg,meningioma
3778,pituitary/Tr-pi_909.jpg,pituitary
3779,glioma/Tr-gl_838.jpg,glioma
3780,glioma/Tr-gl_685.jpg,glioma
3781,pituitary/Tr-pi_330.jpg,pituitary
3782,notumor/Tr-no_564.jpg,notumor
3783,meningioma/Tr-me_1049.jpg,meningioma
3784,glioma/Tr-gl_1133.jpg,glioma
3785,pituitary/Tr-pi_921.jpg,pituitary
3786,notumor/Tr-no_125.jpg,notumor
3787,meningioma/Tr-me_14.jpg,meningioma
3788,pituitary/Tr-pi_923.jpg,pituitary
3789,pituitary/Tr-pi_943.jpg,pituitary
3790,glioma/Tr-gl_209.jpg,glioma
3791,meningioma/Tr-me_1291.jpg,meningioma
3792,glioma/Tr-gl_645.jpg,glioma
3793,notumor/Tr-no_201.jpg,notumor
3794,notumor/Tr-no_356.jpg,notumor
3795,meningioma/Tr-me_717.jpg,meningioma
3796,pituitary/Tr-pi_592.jpg,pituitary
3797,meningioma/Tr-me_4.jpg,meningioma
3798,meningioma/Tr-me_473.jpg,meningioma
3799,meningioma/Tr-me_376.jpg,meningioma
3800,notumor/Tr-no_102.jpg,notumor
3801,meningioma/Tr-me_1089.jpg,meningioma
3802,notumor/Tr-no_423.jpg,notumor
3803,pituitary/Tr-pi_900.jpg,pituitary
3804,pituitary/Tr-pi_749.jpg,pituitary
3805,meningioma/Tr-me_871.jpg,meningioma
3806,meningioma/Tr-me_709.jpg,meningioma
3807,meningioma/Tr-me_908.jpg,meningioma
3808,glioma/Tr-gl_246.jpg,glioma
3809,pituitary/Tr-pi_857.jpg,pituitary
3810,meningioma/Tr-me_301.jpg,meningioma
3811,meningioma/Tr-me_1151.jpg,meningioma
3812,meningioma/Tr-me_127.jpg,meningioma
3813,pituitary/Tr-pi_568.jpg,pituitary
3814,meningioma/Tr-me_232.jpg,meningioma
3815,meningioma/Tr-me_984.jpg,meningioma
3816,pituitary/Tr-pi_1380.jpg,pituitary
3817,notumor/Tr-no_176.jpg,notumor
3818,meningioma/Tr-me_1080.jpg,meningioma
3819,pituitary/Tr-pi_336.jpg,pituitary
3820,meningioma/Tr-me_1051.jpg,meningioma
3821,meningioma/Tr-me_608.jpg,meningioma
3822,meningioma/Tr-aug-me_90.jpg,meningioma
3823,pituitary/Tr-pi_79.jpg,pituitary
3824,glioma/Tr-gl_671.jpg,glioma
3825,glioma/Tr-gl_401.jpg,glioma
3826,glioma/Tr-gl_51.jpg,glioma
3827,pituitary/Tr-pi_1200.jpg,pituitary
3828,notumor/Tr-no_242.jpg,notumor
3829,glioma/Tr-gl_169.jpg,glioma
3830,meningioma/Tr-me_712.jpg,meningioma
3831,notumor/Tr-no_538.jpg,notumor
3832,glioma/Tr-gl_573.jpg,glioma
3833,glioma/Tr-gl_375.jpg,glioma
3834,notumor/Tr-no_1147.jpg,notumor
3835,notumor/Tr-no_225.jpg,notumor
3836,glioma/Tr-gl_992.jpg,glioma
3837,notumor/Tr-no_964.jpg,notumor
3838,meningioma/Tr-me_589.jpg,meningioma
3839,glioma/Tr-gl_280.jpg,glioma
3840,glioma/Tr-gl_719.jpg,glioma
3841,notumor/Tr-no_415.jpg,notumor
3842,pituitary/Tr-pi_491.jpg,pituitary
3843,meningioma/Tr-me_776.jpg,meningioma
3844,pituitary/Tr-pi_1294.jpg,pituitary
3845,glioma/Tr-gl_1259.jpg,glioma
3846,notumor/Tr-no_82.jpg,notumor
3847,pituitary/Tr-pi_109.jpg,pituitary
3848,pituitary/Tr-pi_1338.jpg,pituitary
3849,glioma/Tr-gl_944.jpg,glioma
3850,meningioma/Tr-me_888.jpg,meningioma
3851,pituitary/Tr-pi_630.jpg,pituitary
3852,notumor/Tr-no_1244.jpg,notumor
3853,pituitary/Tr-pi_1128.jpg,pituitary
3854,meningioma/Tr-me_849.jpg,meningioma
3855,meningioma/Tr-aug-me_46.jpg,meningioma
3856,pituitary/Tr-pi_858.jpg,pituitary
3857,notumor/Tr-no_72.jpg,notumor
3858,glioma/Tr-gl_1274.jpg,glioma
3859,meningioma/Tr-me_794.jpg,meningioma
3860,meningioma/Tr-me_357.jpg,meningioma
3861,pituitary/Tr-pi_373.jpg,pituitary
3862,meningioma/Tr-aug-me_32.jpg,meningioma
3863,glioma/Tr-gl_159.jpg,glioma
3864,notumor/Tr-no_669.jpg,notumor
3865,pituitary/Tr-pi_1202.jpg,pituitary
3866,pituitary/Tr-pi_42.jpg,pituitary
3867,glioma/Tr-gl_473.jpg,glioma
3868,glioma/Tr-gl_1102.jpg,glioma
3869,notumor/Tr-no_1386.jpg,notumor
3870,glioma/Tr-gl_597.jpg,glioma
3871,glioma/Tr-gl_931.jpg,glioma
3872,glioma/Tr-gl_1313.jpg,glioma
3873,meningioma/Tr-me_549.jpg,meningioma
3874,glioma/Tr-gl_286.jpg,glioma
3875,glioma/Tr-gl_27.jpg,glioma
3876,meningioma/Tr-me_1031.jpg,meningioma
3877,meningioma/Tr-me_878.jpg,meningioma
3878,glioma/Tr-gl_737.jpg,glioma
3879,notumor/Tr-no_357.jpg,notumor
3880,glioma/Tr-gl_1111.jpg,glioma
3881,meningioma/Tr-aug-me_71.jpg,meningioma
3882,notumor/Tr-no_906.jpg,notumor
3883,meningioma/Tr-me_293.jpg,meningioma
3884,meningioma/Tr-aug-me_68.jpg,meningioma
3885,pituitary/Tr-pi_251.jpg,pituitary
3886,notumor/Tr-no_333.jpg,notumor
3887,glioma/Tr-gl_850.jpg,glioma
3888,meningioma/Tr-me_38.jpg,meningioma
3889,notumor/Tr-no_79.jpg,notumor
3890,notumor/Tr-no_288.jpg,notumor
3891,meningioma/Tr-me_153.jpg,meningioma
3892,notumor/Tr-no_208.jpg,notumor
3893,pituitary/Tr-pi_34.jpg,pituitary
3894,pituitary/Tr-pi_800.jpg,pituitary
3895,pituitary/Tr-pi_78.jpg,pituitary
3896,meningioma/Tr-aug-me_54.jpg,meningioma
3897,glioma/Tr-gl_824.jpg,glioma
3898,meningioma/Tr-me_700.jpg,meningioma
3899,meningioma/Tr-me_754.jpg,meningioma
3900,meningioma/Tr-me_658.jpg,meningioma
3901,pituitary/Tr-pi_1379.jpg,pituitary
3902,pituitary/Tr-pi_760.jpg,pituitary
3903,notumor/Tr-no_1172.jpg,notumor
3904,glioma/Tr-gl_925.jpg,glioma
3905,pituitary/Tr-pi_827.jpg,pituitary
3906,meningioma/Tr-me_879.jpg,meningioma
3907,pituitary/Tr-pi_1158.jpg,pituitary
3908,glioma/Tr-gl_1241.jpg,glioma
3909,meningioma/Tr-me_1223.jpg,meningioma
3910,pituitary/Tr-pi_128.jpg,pituitary
3911,pituitary/Tr-pi_627.jpg,pituitary
3912,glioma/Tr-gl_430.jpg,glioma
3913,notumor/Tr-no_1096.jpg,notumor
3914,notumor/Tr-no_530.jpg,notumor
3915,meningioma/Tr-me_678.jpg,meningioma
3916,pituitary/Tr-pi_2.jpg,pituitary
3917,notumor/Tr-no_901.jpg,notumor
3918,pituitary/Tr-pi_975.jpg,pituitary
3919,meningioma/Tr-me_17.jpg,meningioma
3920,glioma/Tr-gl_1200.jpg,glioma
3921,meningioma/Tr-me_687.jpg,meningioma
3922,meningioma/Tr-me_989.jpg,meningioma
3923,meningioma/Tr-me_864.jpg,meningioma
3924,notumor/Tr-no_1354.jpg,notumor
3925,notumor/Tr-no_2.jpg,notumor
3926,glioma/Tr-gl_697.jpg,glioma
3927,pituitary/Tr-pi_422.jpg,pituitary
3928,notumor/Tr-no_1048.jpg,notumor
3929,notumor/Tr-no_762.jpg,notumor
3930,notumor/Tr-no_134.jpg,notumor
3931,meningioma/Tr-me_604.jpg,meningioma
3932,pituitary/Tr-pi_1119.jpg,pituitary
3933,meningioma/Tr-me_803.jpg,meningioma
3934,pituitary/Tr-pi_289.jpg,pituitary
3935,pituitary/Tr-pi_1041.jpg,pituitary
3936,pituitary/Tr-pi_386.jpg,pituitary
3937,notumor/Tr-no_1394.jpg,notumor
3938,notumor/Tr-no_576.jpg,notumor
3939,meningioma/Tr-me_573.jpg,meningioma
3940,meningioma/Tr-me_628.jpg,meningioma
3941,pituitary/Tr-pi_1166.jpg,pituitary
3942,glioma/Tr-gl_1233.jpg,glioma
3943,glioma/Tr-gl_1322.jpg,glioma
3944,meningioma/Tr-me_109.jpg,meningioma
3945,glioma/Tr-gl_1266.jpg,glioma
3946,meningioma/Tr-me_400.jpg,meningioma
3947,meningioma/Tr-me_698.jpg,meningioma
3948,glioma/Tr-gl_570.jpg,glioma
3949,pituitary/Tr-pi_1028.jpg,pituitary
3950,pituitary/Tr-pi_959.jpg,pituitary
3951,notumor/Tr-no_928.jpg,notumor
3952,meningioma/Tr-me_1281.jpg,meningioma
3953,notumor/Tr-no_144.jpg,notumor
3954,glioma/Tr-gl_1216.jpg,glioma
3955,notumor/Tr-no_1134.jpg,notumor
3956,glioma/Tr-gl_611.jpg,glioma
3957,notumor/Tr-no_786.jpg,notumor
3958,pituitary/Tr-pi_1285.jpg,pituitary
3959,meningioma/Tr-me_413.jpg,meningioma
3960,notumor/Tr-no_1057.jpg,notumor
3961,meningioma/Tr-me_842.jpg,meningioma
3962,notumor/Tr-no_608.jpg,notumor
3963,meningioma/Tr-aug-me_67.jpg,meningioma
3964,glioma/Tr-gl_1355.jpg,glioma
3965,glioma/Tr-gl_529.jpg,glioma
3966,pituitary/Tr-pi_1353.jpg,pituitary
3967,meningioma/Tr-me_830.jpg,meningioma
3968,notumor/Tr-no_1163.jpg,notumor
3969,notumor/Tr-no_1363.jpg,notumor
3970,notumor/Tr-no_1167.jpg,notumor
3971,notumor/Tr-no_466.jpg,notumor
3972,pituitary/Tr-pi_476.jpg,pituitary
3973,pituitary/Tr-pi_302.jpg,pituitary
3974,meningioma/Tr-me_206.jpg,meningioma
3975,pituitary/Tr-pi_35.jpg,pituitary
3976,meningioma/Tr-me_1153.jpg,meningioma
3977,meningioma/Tr-me_1150.jpg,meningioma
3978,pituitary/Tr-pi_520.jpg,pituitary
3979,notumor/Tr-no_190.jpg,notumor
3980,meningioma/Tr-aug-me_37.jpg,meningioma
3981,pituitary/Tr-pi_49.jpg,pituitary
3982,notumor/Tr-no_625.jpg,notumor
3983,pituitary/Tr-pi_343.jpg,pituitary
3984,meningioma/Tr-aug-me_58.jpg,meningioma
3985,pituitary/Tr-pi_228.jpg,pituitary
3986,glioma/Tr-gl_947.jpg,glioma
3987,notumor/Tr-no_29.jpg,notumor
3988,notumor/Tr-no_716.jpg,notumor
3989,pituitary/Tr-pi_231.jpg,pituitary
3990,pituitary/Tr-pi_903.jpg,pituitary
3991,notumor/Tr-no_365.jpg,notumor
3992,pituitary/Tr-pi_1048.jpg,pituitary
3993,notumor/Tr-no_1263.jpg,notumor
3994,glioma/Tr-gl_1136.jpg,glioma
3995,notumor/Tr-no_1309.jpg,notumor
3996,glioma/Tr-gl_897.jpg,glioma
3997,pituitary/Tr-pi_1243.jpg,pituitary
3998,notumor/Tr-no_491.jpg,notumor
3999,notumor/Tr-no_792.jpg,notumor
4000,glioma/Tr-gl_629.jpg,glioma
4001,meningioma/Tr-me_868.jpg,meningioma
4002,meningioma/Tr-me_622.jpg,meningioma
4003,notumor/Tr-no_1041.jpg,notumor
4004,glioma/Tr-gl_1286.jpg,glioma
4005,notumor/Tr-no_1015.jpg,notumor
4006,pituitary/Tr-pi_1328.jpg,pituitary
4007,pituitary/Tr-pi_239.jpg,pituitary
4008,glioma/Tr-gl_1142.jpg,glioma
4009,pituitary/Tr-pi_1281.jpg,pituitary
4010,meningioma/Tr-me_765.jpg,meningioma
4011,meningioma/Tr-me_145.jpg,meningioma
4012,meningioma/Tr-me_987.jpg,meningioma
4013,pituitary/Tr-pi_593.jpg,pituitary
4014,glioma/Tr-gl_559.jpg,glioma
4015,glioma/Tr-gl_1166.jpg,glioma
4016,glioma/Tr-gl_842.jpg,glioma
4017,notumor/Tr-no_73.jpg,notumor
4018,glioma/Tr-gl_621.jpg,glioma
4019,pituitary/Tr-pi_324.jpg,pituitary
4020,pituitary/Tr-pi_885.jpg,pituitary
4021,glioma/Tr-gl_524.jpg,glioma
4022,glioma/Tr-gl_738.jpg,glioma
4023,pituitary/Tr-pi_433.jpg,pituitary
4024,pituitary/Tr-pi_346.jpg,pituitary
4025,glioma/Tr-gl_53.jpg,glioma
4026,meningioma/Tr-me_1145.jpg,meningioma
4027,glioma/Tr-gl_171.jpg,glioma
4028,meningioma/Tr-me_812.jpg,meningioma
4029,pituitary/Tr-pi_1228.jpg,pituitary
4030,notumor/Tr-no_1352.jpg,notumor
4031,meningioma/Tr-me_1065.jpg,meningioma
4032,glioma/Tr-gl_163.jpg,glioma
4033,meningioma/Tr-me_155.jpg,meningioma
4034,notumor/Tr-no_874.jpg,notumor
4035,notumor/Tr-no_720.jpg,notumor
4036,pituitary/Tr-pi_657.jpg,pituitary
4037,meningioma/Tr-me_661.jpg,meningioma
4038,pituitary/Tr-pi_58.jpg,pituitary
4039,notumor/Tr-no_580.jpg,notumor
4040,notumor/Tr-no_1249.jpg,notumor
4041,notumor/Tr-no_1234.jpg,notumor
4042,glioma/Tr-gl_707.jpg,glioma
4043,glioma/Tr-gl_867.jpg,glioma
4044,notumor/Tr-no_140.jpg,notumor
4045,notumor/Tr-no_828.jpg,notumor
4046,glioma/Tr-gl_252.jpg,glioma
4047,notumor/Tr-no_238.jpg,notumor
4048,glioma/Tr-gl_379.jpg,glioma
4049,meningioma/Tr-me_997.jpg,meningioma
4050,meningioma/Tr-me_1082.jpg,meningioma
4051,notumor/Tr-no_590.jpg,notumor
4052,pituitary/Tr-pi_337.jpg,pituitary
4053,pituitary/Tr-pi_496.jpg,pituitary
4054,pituitary/Tr-pi_694.jpg,pituitary
4055,notumor/Tr-no_772.jpg,notumor
4056,glioma/Tr-gl_1115.jpg,glioma
4057,meningioma/Tr-me_737.jpg,meningioma
4058,meningioma/Tr-me_663.jpg,meningioma
4059,glioma/Tr-gl_1207.jpg,glioma
4060,notumor/Tr-no_88.jpg,notumor
4061,glioma/Tr-gl_1026.jpg,glioma
4062,glioma/Tr-gl_388.jpg,glioma
4063,glioma/Tr-gl_1284.jpg,glioma
4064,meningioma/Tr-me_173.jpg,meningioma
4065,meningioma/Tr-me_406.jpg,meningioma
4066,meningioma/Tr-me_64.jpg,meningioma
4067,glioma/Tr-gl_319.jpg,glioma
4068,pituitary/Tr-pi_1312.jpg,pituitary
4069,pituitary/Tr-pi_144.jpg,pituitary
4070,meningioma/Tr-me_241.jpg,meningioma
4071,meningioma/Tr-me_239.jpg,meningioma
4072,glioma/Tr-gl_732.jpg,glioma
4073,notumor/Tr-no_691.jpg,notumor
4074,meningioma/Tr-me_1047.jpg,meningioma
4075,pituitary/Tr-pi_250.jpg,pituitary
4076,meningioma/Tr-me_1282.jpg,meningioma
4077,pituitary/Tr-pi_442.jpg,pituitary
4078,glioma/Tr-gl_795.jpg,glioma
4079,meningioma/Tr-me_1290.jpg,meningioma
4080,glioma/Tr-gl_1119.jpg,glioma
4081,pituitary/Tr-pi_852.jpg,pituitary
4082,glioma/Tr-gl_1170.jpg,glioma
4083,meningioma/Tr-aug-me_61.jpg,meningioma
4084,pituitary/Tr-pi_1288.jpg,pituitary
4085,meningioma/Tr-me_1164.jpg,meningioma
4086,meningioma/Tr-me_466.jpg,meningioma
4087,pituitary/Tr-pi_579.jpg,pituitary
4088,notumor/Tr-no_1369.jpg,notumor
4089,meningioma/Tr-me_1127.jpg,meningioma
4090,notumor/Tr-no_940.jpg,notumor
4091,notumor/Tr-no_1016.jpg,notumor
4092,glioma/Tr-gl_149.jpg,glioma
4093,notumor/Tr-no_106.jpg,notumor
4094,meningioma/Tr-me_860.jpg,meningioma
4095,notumor/Tr-no_991.jpg,notumor
4096,glioma/Tr-gl_552.jpg,glioma
4097,notumor/Tr-no_933.jpg,notumor
4098,notumor/Tr-no_1000.jpg,notumor
4099,notumor/Tr-no_61.jpg,notumor
4100,pituitary/Tr-pi_1332.jpg,pituitary
4101,pituitary/Tr-pi_754.jpg,pituitary
4102,notumor/Tr-no_797.jpg,notumor
4103,glioma/Tr-gl_30.jpg,glioma
4104,meningioma/Tr-aug-me_93.jpg,meningioma
4105,pituitary/Tr-pi_245.jpg,pituitary
4106,meningioma/Tr-me_325.jpg,meningioma
4107,meningioma/Tr-me_475.jpg,meningioma
4108,meningioma/Tr-me_979.jpg,meningioma
4109,notumor/Tr-no_759.jpg,notumor
4110,meningioma/Tr-aug-me_35.jpg,meningioma
4111,pituitary/Tr-pi_440.jpg,pituitary
4112,meningioma/Tr-me_660.jpg,meningioma
4113,glioma/Tr-gl_322.jpg,glioma
4114,pituitary/Tr-pi_768.jpg,pituitary
4115,glioma/Tr-gl_868.jpg,glioma
4116,notumor/Tr-no_395.jpg,notumor
4117,glioma/Tr-gl_956.jpg,glioma
4118,meningioma/Tr-me_510.jpg,meningioma
4119,notumor/Tr-no_1256.jpg,notumor
4120,notumor/Tr-no_151.jpg,notumor
4121,pituitary/Tr-pi_1381.jpg,pituitary
4122,notumor/Tr-no_1131.jpg,notumor
4123,glioma/Tr-gl_1226.jpg,glioma
4124,notumor/Tr-no_701.jpg,notumor
4125,pituitary/Tr-pi_826.jpg,pituitary
4126,glioma/Tr-gl_833.jpg,glioma
4127,pituitary/Tr-pi_427.jpg,pituitary
4128,notumor/Tr-no_431.jpg,notumor
4129,notumor/Tr-no_450.jpg,notumor
4130,glioma/Tr-gl_1225.jpg,glioma
4131,meningioma/Tr-me_370.jpg,meningioma
4132,pituitary/Tr-pi_649.jpg,pituitary
4133,glioma/Tr-gl_936.jpg,glioma
4134,meningioma/Tr-me_771.jpg,meningioma
4135,meningioma/Tr-me_1020.jpg,meningioma
4136,pituitary/Tr-pi_1233.jpg,pituitary
4137,notumor/Tr-no_1371.jpg,notumor
4138,glioma/Tr-gl_382.jpg,glioma
4139,glioma/Tr-gl_240.jpg,glioma
4140,pituitary/Tr-pi_636.jpg,pituitary
4141,notumor/Tr-no_427.jpg,notumor
4142,notumor/Tr-no_340.jpg,notumor
4143,notumor/Tr-no_936.jpg,notumor
4144,notumor/Tr-no_1063.jpg,notumor
4145,meningioma/Tr-me_170.jpg,meningioma
4146,pituitary/Tr-pi_333.jpg,pituitary
4147,notumor/Tr-no_167.jpg,notumor
4148,pituitary/Tr-pi_836.jpg,pituitary
4149,pituitary/Tr-pi_605.jpg,pituitary
4150,notumor/Tr-no_1303.jpg,notumor
4151,meningioma/Tr-aug-me_7.jpg,meningioma
4152,meningioma/Tr-me_1202.jpg,meningioma
4153,meningioma/Tr-me_939.jpg,meningioma
4154,glioma/Tr-gl_775.jpg,glioma
4155,pituitary/Tr-pi_107.jpg,pituitary
4156,glioma/Tr-gl_144.jpg,glioma
4157,glioma/Tr-gl_343.jpg,glioma
4158,meningioma/Tr-me_108.jpg,meningioma
4159,meningioma/Tr-me_1140.jpg,meningioma
4160,meningioma/Tr-me_1126.jpg,meningioma
4161,notumor/Tr-no_532.jpg,notumor
4162,meningioma/Tr-me_493.jpg,meningioma
4163,glioma/Tr-gl_104.jpg,glioma
4164,glioma/Tr-gl_1131.jpg,glioma
4165,notumor/Tr-no_706.jpg,notumor
4166,notumor/Tr-no_253.jpg,notumor
4167,notumor/Tr-no_417.jpg,notumor
4168,pituitary/Tr-pi_772.jpg,pituitary
4169,meningioma/Tr-me_852.jpg,meningioma
4170,glioma/Tr-gl_967.jpg,glioma
4171,notumor/Tr-no_705.jpg,notumor
4172,meningioma/Tr-me_600.jpg,meningioma
4173,notumor/Tr-no_173.jpg,notumor
4174,pituitary/Tr-pi_638.jpg,pituitary
4175,glioma/Tr-gl_1347.jpg,glioma
4176,meningioma/Tr-me_637.jpg,meningioma
4177,pituitary/Tr-pi_907.jpg,pituitary
4178,notumor/Tr-no_787.jpg,notumor
4179,pituitary/Tr-pi_138.jpg,pituitary
4180,notumor/Tr-no_950.jpg,notumor
4181,glioma/Tr-gl_919.jpg,glioma
4182,pituitary/Tr-pi_379.jpg,pituitary
4183,glioma/Tr-gl_566.jpg,glioma
4184,pituitary/Tr-pi_1366.jpg,pituitary
4185,pituitary/Tr-pi_1378.jpg,pituitary
4186,pituitary/Tr-pi_17.jpg,pituitary
4187,notumor/Tr-no_299.jpg,notumor
4188,glioma/Tr-gl_381.jpg,glioma
4189,meningioma/Tr-me_583.jpg,meningioma
4190,pituitary/Tr-pi_388.jpg,pituitary
4191,notumor/Tr-no_1388.jpg,notumor
4192,notumor/Tr-no_289.jpg,notumor
4193,pituitary/Tr-pi_1333.jpg,pituitary
4194,meningioma/Tr-me_823.jpg,meningioma
4195,meningioma/Tr-me_859.jpg,meningioma
4196,pituitary/Tr-pi_206.jpg,pituitary
4197,pituitary/Tr-pi_1117.jpg,pituitary
4198,notumor/Tr-no_963.jpg,notumor
4199,pituitary/Tr-pi_207.jpg,pituitary
4200,pituitary/Tr-pi_1050.jpg,pituitary
4201,glioma/Tr-gl_734.jpg,glioma
4202,notumor/Tr-no_1288.jpg,notumor
4203,glioma/Tr-gl_716.jpg,glioma
4204,meningioma/Tr-me_1027.jpg,meningioma
4205,meningioma/Tr-me_695.jpg,meningioma
4206,notumor/Tr-no_767.jpg,notumor
4207,notumor/Tr-no_351.jpg,notumor
4208,meningioma/Tr-me_547.jpg,meningioma
4209,glioma/Tr-gl_798.jpg,glioma
4210,notumor/Tr-no_297.jpg,notumor
4211,notumor/Tr-no_1300.jpg,notumor
4212,glioma/Tr-gl_88.jpg,glioma
4213,glioma/Tr-gl_189.jpg,glioma
4214,notumor/Tr-no_267.jpg,notumor
4215,glioma/Tr-gl_581.jpg,glioma
4216,notumor/Tr-no_336.jpg,notumor
4217,glioma/Tr-gl_1189.jpg,glioma
4218,glioma/Tr-gl_335.jpg,glioma
4219,pituitary/Tr-pi_762.jpg,pituitary
4220,meningioma/Tr-me_1022.jpg,meningioma
4221,notumor/Tr-no_236.jpg,notumor
4222,meningioma/Tr-me_5.jpg,meningioma
4223,pituitary/Tr-pi_173.jpg,pituitary
4224,glioma/Tr-gl_997.jpg,glioma
4225,meningioma/Tr-me_184.jpg,meningioma
4226,meningioma/Tr-me_895.jpg,meningioma
4227,glioma/Tr-gl_853.jpg,glioma
4228,notumor/Tr-no_439.jpg,notumor
4229,notumor/Tr-no_369.jpg,notumor
4230,pituitary/Tr-pi_454.jpg,pituitary
4231,meningioma/Tr-me_702.jpg,meningioma
4232,notumor/Tr-no_158.jpg,notumor
4233,notumor/Tr-no_1087.jpg,notumor
4234,pituitary/Tr-pi_1019.jpg,pituitary
4235,notumor/Tr-no_752.jpg,notumor
4236,notumor/Tr-no_1195.jpg,notumor
4237,glioma/Tr-gl_770.jpg,glioma
4238,glioma/Tr-gl_534.jpg,glioma
4239,glioma/Tr-gl_814.jpg,glioma
4240,notumor/Tr-no_737.jpg,notumor
4241,pituitary/Tr-pi_421.jpg,pituitary
4242,notumor/Tr-no_698.jpg,notumor
4243,glioma/Tr-gl_1319.jpg,glioma
4244,glioma/Tr-gl_198.jpg,glioma
4245,meningioma/Tr-me_59.jpg,meningioma
4246,meningioma/Tr-me_692.jpg,meningioma
4247,notumor/Tr-no_1339.jpg,notumor
4248,meningioma/Tr-me_457.jpg,meningioma
4249,pituitary/Tr-pi_797.jpg,pituitary
4250,pituitary/Tr-pi_920.jpg,pituitary
4251,pituitary/Tr-pi_874.jpg,pituitary
4252,meningioma/Tr-me_714.jpg,meningioma
4253,notumor/Tr-no_1071.jpg,notumor
4254,notumor/Tr-no_249.jpg,notumor
4255,glioma/Tr-gl_241.jpg,glioma
4256,meningioma/Tr-me_72.jpg,meningioma
4257,notumor/Tr-no_358.jpg,notumor
4258,pituitary/Tr-pi_1160.jpg,pituitary
4259,meningioma/Tr-me_567.jpg,meningioma
4260,meningioma/Tr-me_201.jpg,meningioma
4261,pituitary/Tr-pi_1091.jpg,pituitary
4262,glioma/Tr-gl_1281.jpg,glioma
4263,notumor/Tr-no_1142.jpg,notumor
4264,pituitary/Tr-pi_707.jpg,pituitary
4265,glioma/Tr-gl_729.jpg,glioma
4266,pituitary/Tr-pi_461.jpg,pituitary
4267,pituitary/Tr-pi_1295.jpg,pituitary
4268,notumor/Tr-no_100.jpg,notumor
4269,pituitary/Tr-pi_893.jpg,pituitary
4270,meningioma/Tr-me_1213.jpg,meningioma
4271,notumor/Tr-no_794.jpg,notumor
4272,notumor/Tr-no_416.jpg,notumor
4273,notumor/Tr-no_685.jpg,notumor
4274,glioma/Tr-gl_1278.jpg,glioma
4275,meningioma/Tr-me_107.jpg,meningioma
4276,pituitary/Tr-pi_709.jpg,pituitary
4277,glioma/Tr-gl_910.jpg,glioma
4278,glioma/Tr-gl_97.jpg,glioma
4279,glioma/Tr-gl_1047.jpg,glioma
4280,glioma/Tr-gl_1195.jpg,glioma
4281,meningioma/Tr-me_513.jpg,meningioma
4282,notumor/Tr-no_400.jpg,notumor
4283,meningioma/Tr-me_756.jpg,meningioma
4284,meningioma/Tr-me_517.jpg,meningioma
4285,glioma/Tr-gl_37.jpg,glioma
4286,pituitary/Tr-pi_742.jpg,pituitary
4287,glioma/Tr-gl_287.jpg,glioma
4288,pituitary/Tr-pi_1251.jpg,pituitary
4289,glioma/Tr-gl_309.jpg,glioma
4290,pituitary/Tr-pi_917.jpg,pituitary
4291,glioma/Tr-gl_1000.jpg,glioma
4292,notumor/Tr-no_896.jpg,notumor
4293,glioma/Tr-gl_1078.jpg,glioma
4294,pituitary/Tr-pi_457.jpg,pituitary
4295,meningioma/Tr-me_144.jpg,meningioma
4296,notumor/Tr-no_328.jpg,notumor
4297,meningioma/Tr-me_855.jpg,meningioma
4298,pituitary/Tr-pi_912.jpg,pituitary
4299,notumor/Tr-no_1242.jpg,notumor
4300,pituitary/Tr-pi_938.jpg,pituitary
4301,meningioma/Tr-me_793.jpg,meningioma
4302,glioma/Tr-gl_1198.jpg,glioma
4303,meningioma/Tr-me_292.jpg,meningioma
4304,notumor/Tr-no_925.jpg,notumor
4305,glioma/Tr-gl_717.jpg,glioma
4306,meningioma/Tr-me_312.jpg,meningioma
4307,meningioma/Tr-aug-me_36.jpg,meningioma
4308,pituitary/Tr-pi_276.jpg,pituitary
4309,notumor/Tr-no_250.jpg,notumor
4310,pituitary/Tr-pi_1225.jpg,pituitary
4311,glioma/Tr-gl_516.jpg,glioma
4312,pituitary/Tr-pi_515.jpg,pituitary
4313,meningioma/Tr-me_777.jpg,meningioma
4314,glioma/Tr-gl_142.jpg,glioma
4315,notumor/Tr-no_1257.jpg,notumor
4316,glioma/Tr-gl_1087.jpg,glioma
4317,glioma/Tr-gl_981.jpg,glioma
4318,meningioma/Tr-me_862.jpg,meningioma
4319,pituitary/Tr-pi_922.jpg,pituitary
4320,glioma/Tr-gl_817.jpg,glioma
4321,meningioma/Tr-me_968.jpg,meningioma
4322,pituitary/Tr-pi_1077.jpg,pituitary
4323,meningioma/Tr-me_680.jpg,meningioma
4324,pituitary/Tr-pi_464.jpg,pituitary
4325,notumor/Tr-no_1011.jpg,notumor
4326,pituitary/Tr-pi_387.jpg,pituitary
4327,meningioma/Tr-me_723.jpg,meningioma
4328,notumor/Tr-no_1320.jpg,notumor
4329,meningioma/Tr-me_225.jpg,meningioma
4330,notumor/Tr-no_735.jpg,notumor
4331,glioma/Tr-gl_548.jpg,glioma
4332,pituitary/Tr-pi_52.jpg,pituitary
4333,notumor/Tr-no_1341.jpg,notumor
4334,notumor/Tr-no_1143.jpg,notumor
4335,notumor/Tr-no_215.jpg,notumor
4336,meningioma/Tr-me_903.jpg,meningioma
4337,meningioma/Tr-me_865.jpg,meningioma
4338,meningioma/Tr-aug-me_65.jpg,meningioma
4339,pituitary/Tr-pi_1118.jpg,pituitary
4340,meningioma/Tr-me_1300.jpg,meningioma
4341,meningioma/Tr-me_690.jpg,meningioma
4342,meningioma/Tr-me_648.jpg,meningioma
4343,glioma/Tr-gl_777.jpg,glioma
4344,pituitary/Tr-pi_310.jpg,pituitary
4345,pituitary/Tr-pi_550.jpg,pituitary
4346,glioma/Tr-gl_71.jpg,glioma
4347,meningioma/Tr-me_1229.jpg,meningioma
4348,glioma/Tr-gl_404.jpg,glioma
4349,glioma/Tr-gl_1332.jpg,glioma
4350,meningioma/Tr-me_438.jpg,meningioma
4351,notumor/Tr-no_1007.jpg,notumor
4352,meningioma/Tr-me_1184.jpg,meningioma
4353,glioma/Tr-gl_879.jpg,glioma
4354,glioma/Tr-gl_772.jpg,glioma
4355,pituitary/Tr-pi_892.jpg,pituitary
4356,glioma/Tr-gl_856.jpg,glioma
4357,pituitary/Tr-pi_1188.jpg,pituitary
4358,notumor/Tr-no_361.jpg,notumor
4359,pituitary/Tr-pi_1235.jpg,pituitary
4360,meningioma/Tr-me_462.jpg,meningioma
4361,notumor/Tr-no_561.jpg,notumor
4362,notumor/Tr-no_827.jpg,notumor
4363,notumor/Tr-no_26.jpg,notumor
4364,meningioma/Tr-me_1205.jpg,meningioma
4365,meningioma/Tr-me_86.jpg,meningioma
4366,notumor/Tr-no_697.jpg,notumor
4367,meningioma/Tr-me_897.jpg,meningioma
4368,pituitary/Tr-pi_87.jpg,pituitary
4369,glioma/Tr-gl_797.jpg,glioma
4370,meningioma/Tr-me_711.jpg,meningioma
4371,notumor/Tr-no_1373.jpg,notumor
4372,notumor/Tr-no_287.jpg,notumor
4373,meningioma/Tr-me_575.jpg,meningioma
4374,glioma/Tr-gl_587.jpg,glioma
4375,meningioma/Tr-me_71.jpg,meningioma
4376,notumor/Tr-no_978.jpg,notumor
4377,glioma/Tr-gl_839.jpg,glioma
4378,pituitary/Tr-pi_580.jpg,pituitary
4379,pituitary/Tr-pi_734.jpg,pituitary
4380,meningioma/Tr-me_525.jpg,meningioma
4381,notumor/Tr-no_1278.jpg,notumor
4382,glioma/Tr-gl_282.jpg,glioma
4383,meningioma/Tr-me_603.jpg,meningioma
4384,meningioma/Tr-me_1210.jpg,meningioma
4385,glioma/Tr-gl_617.jpg,glioma
4386,meningioma/Tr-me_102.jpg,meningioma
4387,pituitary/Tr-pi_846.jpg,pituitary
4388,glioma/Tr-gl_349.jpg,glioma
4389,glioma/Tr-gl_1182.jpg,glioma
4390,notumor/Tr-no_319.jpg,notumor
4391,glioma/Tr-gl_1037.jpg,glioma
4392,pituitary/Tr-pi_622.jpg,pituitary
4393,pituitary/Tr-pi_1129.jpg,pituitary
4394,pituitary/Tr-pi_47.jpg,pituitary
4395,pituitary/Tr-pi_670.jpg,pituitary
4396,glioma/Tr-gl_224.jpg,glioma
4397,pituitary/Tr-pi_258.jpg,pituitary
4398,pituitary/Tr-pi_828.jpg,pituitary
4399,notumor/Tr-no_1136.jpg,notumor
4400,glioma/Tr-gl_1352.jpg,glioma
4401,notumor/Tr-no_574.jpg,notumor
4402,pituitary/Tr-pi_1386.jpg,pituitary
4403,meningioma/Tr-me_1236.jpg,meningioma
4404,glioma/Tr-gl_1363.jpg,glioma
4405,notumor/Tr-no_1155.jpg,notumor
4406,glioma/Tr-gl_162.jpg,glioma
4407,pituitary/Tr-pi_1313.jpg,pituitary
4408,meningioma/Tr-me_354.jpg,meningioma
4409,glioma/Tr-gl_565.jpg,glioma
4410,meningioma/Tr-me_523.jpg,meningioma
4411,glioma/Tr-gl_1025.jpg,glioma
4412,glioma/Tr-gl_18.jpg,glioma
4413,glioma/Tr-gl_1335.jpg,glioma
4414,notumor/Tr-no_579.jpg,notumor
4415,glioma/Tr-gl_1101.jpg,glioma
4416,glioma/Tr-gl_296.jpg,glioma
4417,meningioma/Tr-me_34.jpg,meningioma
4418,meningioma/Tr-me_1220.jpg,meningioma
4419,notumor/Tr-no_581.jpg,notumor
4420,notumor/Tr-no_520.jpg,notumor
4421,glioma/Tr-gl_266.jpg,glioma
4422,glioma/Tr-gl_1290.jpg,glioma
4423,pituitary/Tr-pi_1159.jpg,pituitary
4424,pituitary/Tr-pi_38.jpg,pituitary
4425,glioma/Tr-gl_1372.jpg,glioma
4426,meningioma/Tr-me_1258.jpg,meningioma
4427,glioma/Tr-gl_66.jpg,glioma
4428,glioma/Tr-gl_470.jpg,glioma
4429,meningioma/Tr-me_826.jpg,meningioma
4430,meningioma/Tr-me_381.jpg,meningioma
4431,glioma/Tr-gl_878.jpg,glioma
4432,pituitary/Tr-pi_459.jpg,pituitary
4433,pituitary/Tr-pi_809.jpg,pituitary
4434,pituitary/Tr-pi_1343.jpg,pituitary
4435,pituitary/Tr-pi_428.jpg,pituitary
4436,meningioma/Tr-me_391.jpg,meningioma
4437,notumor/Tr-no_81.jpg,notumor
4438,notumor/Tr-no_1059.jpg,notumor
4439,pituitary/Tr-pi_1337.jpg,pituitary
4440,notumor/Tr-no_800.jpg,notumor
4441,pituitary/Tr-pi_240.jpg,pituitary
4442,glioma/Tr-gl_1180.jpg,glioma
4443,notumor/Tr-no_537.jpg,notumor
4444,meningioma/Tr-me_582.jpg,meningioma
4445,meningioma/Tr-me_755.jpg,meningioma
4446,glioma/Tr-gl_549.jpg,glioma
4447,meningioma/Tr-me_961.jpg,meningioma
4448,pituitary/Tr-pi_1344.jpg,pituitary
4449,pituitary/Tr-pi_154.jpg,pituitary
4450,glioma/Tr-gl_115.jpg,glioma
4451,meningioma/Tr-me_307.jpg,meningioma
4452,glioma/Tr-gl_1334.jpg,glioma
4453,meningioma/Tr-me_99.jpg,meningioma
4454,glioma/Tr-gl_1176.jpg,glioma
4455,meningioma/Tr-me_1010.jpg,meningioma
4456,glioma/Tr-gl_1300.jpg,glioma
4457,notumor/Tr-no_1280.jpg,notumor
4458,glioma/Tr-gl_1375.jpg,glioma
4459,meningioma/Tr-me_273.jpg,meningioma
4460,notumor/Tr-no_683.jpg,notumor
4461,glioma/Tr-gl_1280.jpg,glioma
4462,notumor/Tr-no_867.jpg,notumor
4463,glioma/Tr-gl_1063.jpg,glioma
4464,meningioma/Tr-me_197.jpg,meningioma
4465,pituitary/Tr-pi_1000.jpg,pituitary
4466,pituitary/Tr-pi_770.jpg,pituitary
4467,meningioma/Tr-me_1283.jpg,meningioma
4468,meningioma/Tr-me_186.jpg,meningioma
4469,notumor/Tr-no_740.jpg,notumor
4470,meningioma/Tr-me_555.jpg,meningioma
4471,meningioma/Tr-me_150.jpg,meningioma
4472,meningioma/Tr-aug-me_43.jpg,meningioma
4473,notumor/Tr-no_981.jpg,notumor
4474,pituitary/Tr-pi_624.jpg,pituitary
4475,glioma/Tr-gl_562.jpg,glioma
4476,notumor/Tr-no_769.jpg,notumor
4477,glioma/Tr-gl_1128.jpg,glioma
4478,pituitary/Tr-pi_929.jpg,pituitary
4479,notumor/Tr-no_448.jpg,notumor
4480,pituitary/Tr-pi_995.jpg,pituitary
4481,meningioma/Tr-me_843.jpg,meningioma
4482,pituitary/Tr-pi_432.jpg,pituitary
4483,glioma/Tr-gl_1001.jpg,glioma
4484,pituitary/Tr-pi_105.jpg,pituitary
4485,meningioma/Tr-me_677.jpg,meningioma
4486,notumor/Tr-no_1173.jpg,notumor
4487,pituitary/Tr-pi_1121.jpg,pituitary
4488,glioma/Tr-gl_138.jpg,glioma
4489,pituitary/Tr-pi_887.jpg,pituitary
4490,notumor/Tr-no_337.jpg,notumor
4491,meningioma/Tr-me_394.jpg,meningioma
4492,notumor/Tr-no_803.jpg,notumor
4493,notumor/Tr-no_109.jpg,notumor
4494,notumor/Tr-no_1238.jpg,notumor
4495,meningioma/Tr-me_593.jpg,meningioma
4496,meningioma/Tr-me_481.jpg,meningioma
4497,notumor/Tr-no_1375.jpg,notumor
4498,notumor/Tr-no_462.jpg,notumor
4499,pituitary/Tr-pi_492.jpg,pituitary
4500,glioma/Tr-gl_425.jpg,glioma
4501,glioma/Tr-gl_903.jpg,glioma
4502,notumor/Tr-no_927.jpg,notumor
4503,meningioma/Tr-me_233.jpg,meningioma
4504,pituitary/Tr-pi_884.jpg,pituitary
4505,notumor/Tr-no_433.jpg,notumor
4506,meningioma/Tr-me_1252.jpg,meningioma
4507,pituitary/Tr-pi_617.jpg,pituitary
4508,glioma/Tr-gl_623.jpg,glioma
4509,notumor/Tr-no_722.jpg,notumor
4510,pituitary/Tr-pi_1258.jpg,pituitary
4511,glioma/Tr-gl_966.jpg,glioma
4512,meningioma/Tr-me_1249.jpg,meningioma
4513,meningioma/Tr-aug-me_96.jpg,meningioma
4514,glioma/Tr-gl_883.jpg,glioma
4515,glioma/Tr-gl_190.jpg,glioma
4516,notumor/Tr-no_529.jpg,notumor
4517,meningioma/Tr-me_377.jpg,meningioma
4518,glioma/Tr-gl_363.jpg,glioma
4519,glioma/Tr-gl_1246.jpg,glioma
4520,pituitary/Tr-pi_786.jpg,pituitary
4521,meningioma/Tr-me_1174.jpg,meningioma
4522,glioma/Tr-gl_1316.jpg,glioma
4523,glioma/Tr-gl_1051.jpg,glioma
4524,meningioma/Tr-me_1226.jpg,meningioma
4525,glioma/Tr-gl_692.jpg,glioma
4526,pituitary/Tr-pi_1085.jpg,pituitary
4527,pituitary/Tr-pi_281.jpg,pituitary
4528,meningioma/Tr-me_1035.jpg,meningioma
4529,meningioma/Tr-me_1217.jpg,meningioma
4530,meningioma/Tr-me_115.jpg,meningioma
4531,glioma/Tr-gl_299.jpg,glioma
4532,pituitary/Tr-pi_1384.jpg,pituitary
4533,glioma/Tr-gl_193.jpg,glioma
4534,glioma/Tr-gl_1185.jpg,glioma
4535,meningioma/Tr-me_819.jpg,meningioma
4536,glioma/Tr-gl_1245.jpg,glioma
4537,pituitary/Tr-pi_1102.jpg,pituitary
4538,glioma/Tr-gl_907.jpg,glioma
4539,pituitary/Tr-pi_895.jpg,pituitary
4540,meningioma/Tr-me_958.jpg,meningioma
4541,notumor/Tr-no_1180.jpg,notumor
4542,glioma/Tr-gl_1323.jpg,glioma
4543,glioma/Tr-gl_134.jpg,glioma
4544,glioma/Tr-gl_1303.jpg,glioma
4545,meningioma/Tr-me_521.jpg,meningioma
4546,meningioma/Tr-me_505.jpg,meningioma
4547,meningioma/Tr-me_320.jpg,meningioma
4548,pituitary/Tr-pi_856.jpg,pituitary
4549,pituitary/Tr-pi_294.jpg,pituitary
4550,pituitary/Tr-pi_546.jpg,pituitary
4551,meningioma/Tr-me_336.jpg,meningioma
4552,meningioma/Tr-me_1238.jpg,meningioma
4553,notumor/Tr-no_1346.jpg,notumor
4554,glioma/Tr-gl_863.jpg,glioma
4555,pituitary/Tr-pi_158.jpg,pituitary
4556,pituitary/Tr-pi_315.jpg,pituitary
4557,meningioma/Tr-me_180.jpg,meningioma
4558,notumor/Tr-no_1100.jpg,notumor
4559,glioma/Tr-gl_972.jpg,glioma
4560,glioma/Tr-gl_1074.jpg,glioma
4561,notumor/Tr-no_266.jpg,notumor
4562,notumor/Tr-no_126.jpg,notumor
4563,meningioma/Tr-me_1032.jpg,meningioma
4564,glioma/Tr-gl_640.jpg,glioma
4565,meningioma/Tr-me_40.jpg,meningioma
4566,meningioma/Tr-me_1273.jpg,meningioma
4567,meningioma/Tr-aug-me_6.jpg,meningioma
4568,pituitary/Tr-pi_1070.jpg,pituitary
4569,pituitary/Tr-pi_626.jpg,pituitary
4570,meningioma/Tr-me_581.jpg,meningioma
4571,glioma/Tr-gl_1188.jpg,glioma
4572,glioma/Tr-gl_918.jpg,glioma
4573,meningioma/Tr-aug-me_20.jpg,meningioma
4574,notumor/Tr-no_1283.jpg,notumor
4575,notumor/Tr-no_145.jpg,notumor
4576,meningioma/Tr-me_1247.jpg,meningioma
4577,meningioma/Tr-me_995.jpg,meningioma
4578,notumor/Tr-no_41.jpg,notumor
4579,glioma/Tr-gl_1250.jpg,glioma
4580,meningioma/Tr-me_154.jpg,meningioma
4581,notumor/Tr-no_317.jpg,notumor
4582,notumor/Tr-no_89.jpg,notumor
4583,pituitary/Tr-pi_1147.jpg,pituitary
4584,glioma/Tr-gl_502.jpg,glioma
4585,glioma/Tr-gl_217.jpg,glioma
4586,pituitary/Tr-pi_1047.jpg,pituitary
4587,glioma/Tr-gl_1027.jpg,glioma
4588,meningioma/Tr-aug-me_41.jpg,meningioma
4589,meningioma/Tr-me_365.jpg,meningioma
4590,meningioma/Tr-me_434.jpg,meningioma
4591,meningioma/Tr-me_956.jpg,meningioma
4592,pituitary/Tr-pi_394.jpg,pituitary
4593,meningioma/Tr-me_528.jpg,meningioma
4594,meningioma/Tr-me_1024.jpg,meningioma
4595,notumor/Tr-no_248.jpg,notumor
4596,pituitary/Tr-pi_904.jpg,pituitary
4597,pituitary/Tr-pi_1103.jpg,pituitary
4598,glioma/Tr-gl_791.jpg,glioma
4599,meningioma/Tr-me_183.jpg,meningioma
4600,glioma/Tr-gl_912.jpg,glioma
4601,notumor/Tr-no_703.jpg,notumor
4602,glioma/Tr-gl_482.jpg,glioma
4603,meningioma/Tr-me_474.jpg,meningioma
4604,pituitary/Tr-pi_1293.jpg,pituitary
4605,glioma/Tr-gl_1265.jpg,glioma
4606,meningioma/Tr-me_617.jpg,meningioma
4607,pituitary/Tr-pi_1300.jpg,pituitary
4608,meningioma/Tr-me_1284.jpg,meningioma
4609,glioma/Tr-gl_41.jpg,glioma
4610,glioma/Tr-gl_950.jpg,glioma
4611,glioma/Tr-gl_876.jpg,glioma
4612,meningioma/Tr-me_1170.jpg,meningioma
4613,meningioma/Tr-me_969.jpg,meningioma
4614,pituitary/Tr-pi_166.jpg,pituitary
4615,notumor/Tr-no_853.jpg,notumor
4616,glioma/Tr-gl_699.jpg,glioma
4617,meningioma/Tr-me_679.jpg,meningioma
4618,meningioma/Tr-aug-me_19.jpg,meningioma
4619,notumor/Tr-no_1064.jpg,notumor
4620,meningioma/Tr-me_76.jpg,meningioma
4621,notumor/Tr-no_18.jpg,notumor
4622,meningioma/Tr-me_454.jpg,meningioma
4623,meningioma/Tr-me_1143.jpg,meningioma
4624,pituitary/Tr-pi_933.jpg,pituitary
4625,meningioma/Tr-me_384.jpg,meningioma
4626,notumor/Tr-no_1033.jpg,notumor
4627,glioma/Tr-gl_954.jpg,glioma
4628,notumor/Tr-no_997.jpg,notumor
4629,pituitary/Tr-pi_414.jpg,pituitary
4630,notumor/Tr-no_5.jpg,notumor
4631,glioma/Tr-gl_988.jpg,glioma
4632,meningioma/Tr-me_673.jpg,meningioma
4633,meningioma/Tr-me_926.jpg,meningioma
4634,meningioma/Tr-me_535.jpg,meningioma
4635,meningioma/Tr-aug-me_99.jpg,meningioma
4636,pituitary/Tr-pi_848.jpg,pituitary
4637,meningioma/Tr-me_913.jpg,meningioma
4638,glioma/Tr-gl_915.jpg,glioma
4639,meningioma/Tr-me_139.jpg,meningioma
4640,pituitary/Tr-pi_1392.jpg,pituitary
4641,glioma/Tr-gl_933.jpg,glioma
4642,glioma/Tr-gl_302.jpg,glioma
4643,notumor/Tr-no_277.jpg,notumor
4644,notumor/Tr-no_585.jpg,notumor
4645,pituitary/Tr-pi_232.jpg,pituitary
4646,glioma/Tr-gl_400.jpg,glioma
4647,notumor/Tr-no_1113.jpg,notumor
4648,glioma/Tr-gl_1054.jpg,glioma
4649,glioma/Tr-gl_1236.jpg,glioma
4650,notumor/Tr-no_256.jpg,notumor
4651,notumor/Tr-no_618.jpg,notumor
4652,pituitary/Tr-pi_25.jpg,pituitary
4653,meningioma/Tr-me_440.jpg,meningioma
4654,pituitary/Tr-pi_100.jpg,pituitary
4655,meningioma/Tr-me_387.jpg,meningioma
4656,notumor/Tr-no_363.jpg,notumor
4657,meningioma/Tr-me_219.jpg,meningioma
4658,glioma/Tr-gl_510.jpg,glioma
4659,meningioma/Tr-me_1101.jpg,meningioma
4660,pituitary/Tr-pi_353.jpg,pituitary
4661,pituitary/Tr-pi_1133.jpg,pituitary
4662,pituitary/Tr-pi_1363.jpg,pituitary
4663,glioma/Tr-gl_439.jpg,glioma
4664,notumor/Tr-no_343.jpg,notumor
4665,meningioma/Tr-me_31.jpg,meningioma
4666,glioma/Tr-gl_694.jpg,glioma
4667,glioma/Tr-gl_1068.jpg,glioma
4668,notumor/Tr-no_815.jpg,notumor
4669,pituitary/Tr-pi_498.jpg,pituitary
4670,glioma/Tr-gl_794.jpg,glioma
4671,pituitary/Tr-pi_488.jpg,pituitary
4672,meningioma/Tr-me_552.jpg,meningioma
4673,notumor/Tr-no_690.jpg,notumor
4674,meningioma/Tr-me_310.jpg,meningioma
4675,pituitary/Tr-pi_237.jpg,pituitary
4676,notumor/Tr-no_1077.jpg,notumor
4677,notumor/Tr-no_39.jpg,notumor
4678,pituitary/Tr-pi_73.jpg,pituitary
4679,meningioma/Tr-me_734.jpg,meningioma
4680,notumor/Tr-no_141.jpg,notumor
4681,meningioma/Tr-me_97.jpg,meningioma
4682,notumor/Tr-no_197.jpg,notumor
4683,meningioma/Tr-me_577.jpg,meningioma
4684,pituitary/Tr-pi_584.jpg,pituitary
4685,notumor/Tr-no_90.jpg,notumor
4686,glioma/Tr-gl_453.jpg,glioma
4687,notumor/Tr-no_652.jpg,notumor
4688,notumor/Tr-no_111.jpg,notumor
4689,notumor/Tr-no_184.jpg,notumor
4690,notumor/Tr-no_107.jpg,notumor
4691,glioma/Tr-gl_1181.jpg,glioma
4692,notumor/Tr-no_422.jpg,notumor
4693,glioma/Tr-gl_987.jpg,glioma
4694,glioma/Tr-gl_647.jpg,glioma
4695,meningioma/Tr-me_544.jpg,meningioma
4696,glioma/Tr-gl_1197.jpg,glioma
4697,glioma/Tr-gl_1268.jpg,glioma
4698,glioma/Tr-gl_646.jpg,glioma
4699,pituitary/Tr-pi_690.jpg,pituitary
4700,glioma/Tr-gl_31.jpg,glioma
4701,glioma/Tr-gl_1361.jpg,glioma
4702,glioma/Tr-gl_713.jpg,glioma
4703,notumor/Tr-no_339.jpg,notumor
4704,notumor/Tr-no_1323.jpg,notumor
4705,meningioma/Tr-me_422.jpg,meningioma
4706,notumor/Tr-no_643.jpg,notumor
4707,notumor/Tr-no_601.jpg,notumor
4708,notumor/Tr-no_301.jpg,notumor
4709,pituitary/Tr-pi_845.jpg,pituitary
4710,meningioma/Tr-me_1191.jpg,meningioma
4711,pituitary/Tr-pi_1139.jpg,pituitary
4712,glioma/Tr-gl_991.jpg,glioma
4713,pituitary/Tr-pi_1013.jpg,pituitary
4714,meningioma/Tr-me_651.jpg,meningioma
4715,glioma/Tr-gl_693.jpg,glioma
4716,notumor/Tr-no_1176.jpg,notumor
4717,pituitary/Tr-pi_356.jpg,pituitary
4718,meningioma/Tr-me_665.jpg,meningioma
4719,notumor/Tr-no_452.jpg,notumor
4720,meningioma/Tr-me_875.jpg,meningioma
4721,notumor/Tr-no_22.jpg,notumor
4722,glioma/Tr-gl_443.jpg,glioma
4723,glioma/Tr-gl_569.jpg,glioma
4724,meningioma/Tr-me_1070.jpg,meningioma
4725,pituitary/Tr-pi_9.jpg,pituitary
4726,meningioma/Tr-me_1240.jpg,meningioma
4727,meningioma/Tr-me_427.jpg,meningioma
4728,glioma/Tr-gl_751.jpg,glioma
4729,pituitary/Tr-pi_1393.jpg,pituitary
4730,glioma/Tr-gl_577.jpg,glioma
4731,meningioma/Tr-aug-me_14.jpg,meningioma
4732,pituitary/Tr-pi_554.jpg,pituitary
4733,meningioma/Tr-me_1104.jpg,meningioma
4734,notumor/Tr-no_207.jpg,notumor
4735,notumor/Tr-no_374.jpg,notumor
4736,meningioma/Tr-me_447.jpg,meningioma
4737,glioma/Tr-gl_1103.jpg,glioma
4738,meningioma/Tr-me_392.jpg,meningioma
4739,notumor/Tr-no_1204.jpg,notumor
4740,meningioma/Tr-me_937.jpg,meningioma
4741,glioma/Tr-gl_235.jpg,glioma
4742,meningioma/Tr-me_629.jpg,meningioma
4743,pituitary/Tr-pi_714.jpg,pituitary
4744,pituitary/Tr-pi_619.jpg,pituitary
4745,glioma/Tr-gl_314.jpg,glioma
4746,glioma/Tr-gl_257.jpg,glioma
4747,notumor/Tr-no_499.jpg,notumor
4748,notumor/Tr-no_977.jpg,notumor
4749,pituitary/Tr-pi_720.jpg,pituitary
4750,notumor/Tr-no_1387.jpg,notumor
4751,meningioma/Tr-me_335.jpg,meningioma
4752,notumor/Tr-no_544.jpg,notumor
4753,glioma/Tr-gl_1398.jpg,glioma
4754,glioma/Tr-gl_763.jpg,glioma
4755,pituitary/Tr-pi_633.jpg,pituitary
4756,pituitary/Tr-pi_374.jpg,pituitary
4757,glioma/Tr-gl_1113.jpg,glioma
4758,meningioma/Tr-aug-me_73.jpg,meningioma
4759,pituitary/Tr-pi_954.jpg,pituitary
4760,pituitary/Tr-pi_999.jpg,pituitary
4761,pituitary/Tr-pi_1058.jpg,pituitary
4762,pituitary/Tr-pi_366.jpg,pituitary
4763,pituitary/Tr-pi_1067.jpg,pituitary
4764,pituitary/Tr-pi_1123.jpg,pituitary
4765,meningioma/Tr-me_98.jpg,meningioma
4766,notumor/Tr-no_688.jpg,notumor
4767,notumor/Tr-no_498.jpg,notumor
4768,glioma/Tr-gl_466.jpg,glioma
4769,pituitary/Tr-pi_361.jpg,pituitary
4770,meningioma/Tr-me_791.jpg,meningioma
4771,glioma/Tr-gl_471.jpg,glioma
4772,meningioma/Tr-me_53.jpg,meningioma
4773,pituitary/Tr-pi_261.jpg,pituitary
4774,notumor/Tr-no_1066.jpg,notumor
4775,notumor/Tr-no_907.jpg,notumor
4776,notumor/Tr-no_1243.jpg,notumor
4777,pituitary/Tr-pi_1149.jpg,pituitary
4778,notumor/Tr-no_217.jpg,notumor
4779,notumor/Tr-no_983.jpg,notumor
4780,pituitary/Tr-pi_36.jpg,pituitary
4781,pituitary/Tr-pi_766.jpg,pituitary
4782,meningioma/Tr-me_1055.jpg,meningioma
4783,pituitary/Tr-pi_1131.jpg,pituitary
4784,glioma/Tr-gl_167.jpg,glioma
4785,notumor/Tr-no_522.jpg,notumor
4786,pituitary/Tr-pi_67.jpg,pituitary
4787,notumor/Tr-no_650.jpg,notumor
4788,pituitary/Tr-pi_177.jpg,pituitary
4789,glioma/Tr-gl_1384.jpg,glioma
4790,pituitary/Tr-pi_1099.jpg,pituitary
4791,pituitary/Tr-pi_728.jpg,pituitary
4792,glioma/Tr-gl_1033.jpg,glioma
4793,meningioma/Tr-me_633.jpg,meningioma
4794,notumor/Tr-no_1282.jpg,notumor
4795,glioma/Tr-gl_1138.jpg,glioma
4796,pituitary/Tr-pi_614.jpg,pituitary
4797,glioma/Tr-gl_979.jpg,glioma
4798,notumor/Tr-no_153.jpg,notumor
4799,pituitary/Tr-pi_1125.jpg,pituitary
4800,glioma/Tr-gl_783.jpg,glioma
4801,pituitary/Tr-pi_48.jpg,pituitary
4802,notumor/Tr-no_960.jpg,notumor
4803,meningioma/Tr-me_435.jpg,meningioma
4804,meningioma/Tr-me_262.jpg,meningioma
4805,meningioma/Tr-me_1246.jpg,meningioma
4806,pituitary/Tr-pi_1318.jpg,pituitary
4807,notumor/Tr-no_958.jpg,notumor
4808,meningioma/Tr-me_228.jpg,meningioma
4809,pituitary/Tr-pi_868.jpg,pituitary
4810,notumor/Tr-no_441.jpg,notumor
4811,pituitary/Tr-pi_283.jpg,pituitary
4812,pituitary/Tr-pi_1395.jpg,pituitary
4813,pituitary/Tr-pi_131.jpg,pituitary
4814,glioma/Tr-gl_25.jpg,glioma
4815,meningioma/Tr-me_1138.jpg,meningioma
4816,glioma/Tr-gl_1309.jpg,glioma
4817,pituitary/Tr-pi_979.jpg,pituitary
4818,notumor/Tr-no_68.jpg,notumor
4819,meningioma/Tr-me_1214.jpg,meningioma
4820,notumor/Tr-no_1106.jpg,notumor
4821,notumor/Tr-no_408.jpg,notumor
4822,pituitary/Tr-pi_970.jpg,pituitary
4823,pituitary/Tr-pi_171.jpg,pituitary
4824,glioma/Tr-gl_815.jpg,glioma
4825,pituitary/Tr-pi_600.jpg,pituitary
4826,notumor/Tr-no_949.jpg,notumor
4827,glioma/Tr-gl_785.jpg,glioma
4828,glioma/Tr-gl_1018.jpg,glioma
4829,notumor/Tr-no_989.jpg,notumor
4830,pituitary/Tr-pi_1080.jpg,pituitary
4831,glioma/Tr-gl_1108.jpg,glioma
4832,meningioma/Tr-me_1078.jpg,meningioma
4833,glioma/Tr-gl_1048.jpg,glioma
4834,meningioma/Tr-me_1152.jpg,meningioma
4835,pituitary/Tr-pi_179.jpg,pituitary
4836,pituitary/Tr-pi_833.jpg,pituitary
4837,meningioma/Tr-me_436.jpg,meningioma
4838,pituitary/Tr-pi_953.jpg,pituitary
4839,notumor/Tr-no_954.jpg,notumor
4840,meningioma/Tr-me_374.jpg,meningioma
4841,pituitary/Tr-pi_1280.jpg,pituitary
4842,glioma/Tr-gl_321.jpg,glioma
4843,meningioma/Tr-me_558.jpg,meningioma
4844,pituitary/Tr-pi_91.jpg,pituitary
4845,meningioma/Tr-me_912.jpg,meningioma
4846,glioma/Tr-gl_137.jpg,glioma
4847,pituitary/Tr-pi_790.jpg,pituitary
4848,glioma/Tr-gl_654.jpg,glioma
4849,pituitary/Tr-pi_823.jpg,pituitary
4850,glioma/Tr-gl_745.jpg,glioma
4851,meningioma/Tr-me_352.jpg,meningioma
4852,notumor/Tr-no_1327.jpg,notumor
4853,glioma/Tr-gl_1036.jpg,glioma
4854,glioma/Tr-gl_1088.jpg,glioma
4855,pituitary/Tr-pi_718.jpg,pituitary
4856,glioma/Tr-gl_403.jpg,glioma
4857,meningioma/Tr-me_121.jpg,meningioma
4858,meningioma/Tr-me_851.jpg,meningioma
4859,meningioma/Tr-me_526.jpg,meningioma
4860,pituitary/Tr-pi_1120.jpg,pituitary
4861,glioma/Tr-gl_427.jpg,glioma
4862,glioma/Tr-gl_387.jpg,glioma
4863,notumor/Tr-no_547.jpg,notumor
4864,glioma/Tr-gl_841.jpg,glioma
4865,notumor/Tr-no_719.jpg,notumor
4866,meningioma/Tr-me_1219.jpg,meningioma
4867,pituitary/Tr-pi_148.jpg,pituitary
4868,notumor/Tr-no_1130.jpg,notumor
4869,meningioma/Tr-me_546.jpg,meningioma
4870,notumor/Tr-no_633.jpg,notumor
4871,pituitary/Tr-pi_1199.jpg,pituitary
4872,meningioma/Tr-me_1095.jpg,meningioma
4873,notumor/Tr-no_147.jpg,notumor
4874,meningioma/Tr-me_1072.jpg,meningioma
4875,pituitary/Tr-pi_825.jpg,pituitary
4876,glioma/Tr-gl_917.jpg,glioma
4877,pituitary/Tr-pi_285.jpg,pituitary
4878,notumor/Tr-no_955.jpg,notumor
4879,glioma/Tr-gl_695.jpg,glioma
4880,glioma/Tr-gl_1172.jpg,glioma
4881,notumor/Tr-no_389.jpg,notumor
4882,glioma/Tr-gl_723.jpg,glioma
4883,pituitary/Tr-pi_991.jpg,pituitary
4884,pituitary/Tr-pi_855.jpg,pituitary
4885,pituitary/Tr-pi_1011.jpg,pituitary
4886,glioma/Tr-gl_239.jpg,glioma
4887,glioma/Tr-gl_1137.jpg,glioma
4888,notumor/Tr-no_980.jpg,notumor
4889,notumor/Tr-no_199.jpg,notumor
4890,pituitary/Tr-pi_971.jpg,pituitary
4891,meningioma/Tr-me_114.jpg,meningioma
4892,meningioma/Tr-me_166.jpg,meningioma
4893,notumor/Tr-no_132.jpg,notumor
4894,meningioma/Tr-me_596.jpg,meningioma
4895,notumor/Tr-no_758.jpg,notumor
4896,glioma/Tr-gl_304.jpg,glioma
4897,pituitary/Tr-pi_365.jpg,pituitary
4898,meningioma/Tr-aug-me_75.jpg,meningioma
4899,pituitary/Tr-pi_610.jpg,pituitary
4900,pituitary/Tr-pi_362.jpg,pituitary
4901,meningioma/Tr-me_1262.jpg,meningioma
4902,glioma/Tr-gl_421.jpg,glioma
4903,meningioma/Tr-me_1251.jpg,meningioma
4904,pituitary/Tr-pi_595.jpg,pituitary
4905,notumor/Tr-no_464.jpg,notumor
4906,meningioma/Tr-me_874.jpg,meningioma
4907,glioma/Tr-gl_638.jpg,glioma
4908,notumor/Tr-no_1240.jpg,notumor
4909,notumor/Tr-no_218.jpg,notumor
4910,pituitary/Tr-pi_284.jpg,pituitary
4911,glioma/Tr-gl_1329.jpg,glioma
4912,glioma/Tr-gl_591.jpg,glioma
4913,meningioma/Tr-me_782.jpg,meningioma
4914,meningioma/Tr-me_33.jpg,meningioma
4915,meningioma/Tr-me_261.jpg,meningioma
4916,pituitary/Tr-pi_1301.jpg,pituitary
4917,glioma/Tr-gl_1017.jpg,glioma
4918,notumor/Tr-no_511.jpg,notumor
4919,pituitary/Tr-pi_56.jpg,pituitary
4920,pituitary/Tr-pi_462.jpg,pituitary
4921,glioma/Tr-gl_1153.jpg,glioma
4922,glioma/Tr-gl_557.jpg,glioma
4923,glioma/Tr-gl_1255.jpg,glioma
4924,glioma/Tr-gl_424.jpg,glioma
4925,notumor/Tr-no_777.jpg,notumor
4926,glioma/Tr-gl_87.jpg,glioma
4927,glioma/Tr-gl_1393.jpg,glioma
4928,glioma/Tr-gl_1293.jpg,glioma
4929,meningioma/Tr-me_506.jpg,meningioma
4930,pituitary/Tr-pi_1217.jpg,pituitary
4931,pituitary/Tr-pi_298.jpg,pituitary
4932,meningioma/Tr-me_536.jpg,meningioma
4933,meningioma/Tr-me_1061.jpg,meningioma
4934,meningioma/Tr-me_1107.jpg,meningioma
4935,meningioma/Tr-me_405.jpg,meningioma
4936,glioma/Tr-gl_59.jpg,glioma
4937,notumor/Tr-no_127.jpg,notumor
4938,meningioma/Tr-me_1044.jpg,meningioma
4939,notumor/Tr-no_813.jpg,notumor
4940,notumor/Tr-no_1342.jpg,notumor
4941,pituitary/Tr-pi_642.jpg,pituitary
4942,pituitary/Tr-pi_76.jpg,pituitary
4943,glioma/Tr-gl_261.jpg,glioma
4944,glioma/Tr-gl_958.jpg,glioma
4945,notumor/Tr-no_353.jpg,notumor
4946,meningioma/Tr-me_881.jpg,meningioma
4947,pituitary/Tr-pi_328.jpg,pituitary
4948,notumor/Tr-no_13.jpg,notumor
4949,notumor/Tr-no_873.jpg,notumor
4950,meningioma/Tr-me_16.jpg,meningioma
4951,glioma/Tr-gl_1327.jpg,glioma
4952,meningioma/Tr-me_298.jpg,meningioma
4953,pituitary/Tr-pi_170.jpg,pituitary
4954,pituitary/Tr-pi_182.jpg,pituitary
4955,meningioma/Tr-me_1269.jpg,meningioma
4956,glioma/Tr-gl_227.jpg,glioma
4957,notumor/Tr-no_918.jpg,notumor
4958,glioma/Tr-gl_735.jpg,glioma
4959,glioma/Tr-gl_880.jpg,glioma
4960,pituitary/Tr-pi_185.jpg,pituitary
4961,glioma/Tr-gl_1324.jpg,glioma
4962,pituitary/Tr-pi_14.jpg,pituitary
4963,notumor/Tr-no_641.jpg,notumor
4964,notumor/Tr-no_224.jpg,notumor
4965,glioma/Tr-gl_465.jpg,glioma
4966,glioma/Tr-gl_248.jpg,glioma
4967,pituitary/Tr-pi_1198.jpg,pituitary
4968,glioma/Tr-gl_485.jpg,glioma
4969,glioma/Tr-gl_1061.jpg,glioma
4970,meningioma/Tr-aug-me_26.jpg,meningioma
4971,meningioma/Tr-me_929.jpg,meningioma
4972,notumor/Tr-no_444.jpg,notumor
4973,notumor/Tr-no_93.jpg,notumor
4974,pituitary/Tr-pi_1238.jpg,pituitary
4975,glioma/Tr-gl_348.jpg,glioma
4976,notumor/Tr-no_588.jpg,notumor
4977,notumor/Tr-no_1326.jpg,notumor
4978,glioma/Tr-gl_85.jpg,glioma
4979,meningioma/Tr-me_120.jpg,meningioma
4980,meningioma/Tr-me_757.jpg,meningioma
4981,meningioma/Tr-me_156.jpg,meningioma
4982,meningioma/Tr-me_18.jpg,meningioma
4983,pituitary/Tr-pi_733.jpg,pituitary
4984,meningioma/Tr-me_748.jpg,meningioma
4985,meningioma/Tr-me_948.jpg,meningioma
4986,glioma/Tr-gl_1271.jpg,glioma
4987,pituitary/Tr-pi_525.jpg,pituitary
4988,notumor/Tr-no_162.jpg,notumor
4989,meningioma/Tr-me_1168.jpg,meningioma
4990,glioma/Tr-gl_393.jpg,glioma
4991,glioma/Tr-gl_805.jpg,glioma
4992,meningioma/Tr-me_635.jpg,meningioma
4993,meningioma/Tr-me_401.jpg,meningioma
4994,meningioma/Tr-me_774.jpg,meningioma
4995,notumor/Tr-no_1218.jpg,notumor
4996,notumor/Tr-no_1267.jpg,notumor
4997,notumor/Tr-no_117.jpg,notumor
4998,pituitary/Tr-pi_1303.jpg,pituitary
4999,pituitary/Tr-pi_1043.jpg,pituitary
5000,notumor/Tr-no_105.jpg,notumor
5001,pituitary/Tr-pi_111.jpg,pituitary
5002,meningioma/Tr-me_131.jpg,meningioma
5003,notumor/Tr-no_401.jpg,notumor
5004,meningioma/Tr-me_124.jpg,meningioma
5005,notumor/Tr-no_658.jpg,notumor
5006,pituitary/Tr-pi_699.jpg,pituitary
5007,glioma/Tr-gl_1251.jpg,glioma
5008,pituitary/Tr-pi_599.jpg,pituitary
5009,notumor/Tr-no_865.jpg,notumor
5010,glioma/Tr-gl_1032.jpg,glioma
5011,glioma/Tr-gl_589.jpg,glioma
5012,glioma/Tr-gl_1110.jpg,glioma
5013,glioma/Tr-gl_923.jpg,glioma
5014,meningioma/Tr-me_576.jpg,meningioma
5015,glioma/Tr-gl_352.jpg,glioma
5016,glioma/Tr-gl_556.jpg,glioma
5017,notumor/Tr-no_60.jpg,notumor
5018,notumor/Tr-no_1101.jpg,notumor
5019,pituitary/Tr-pi_930.jpg,pituitary
5020,pituitary/Tr-pi_960.jpg,pituitary
5021,glioma/Tr-gl_1184.jpg,glioma
5022,notumor/Tr-no_380.jpg,notumor
5023,meningioma/Tr-me_181.jpg,meningioma
5024,pituitary/Tr-pi_246.jpg,pituitary
5025,meningioma/Tr-me_733.jpg,meningioma
5026,pituitary/Tr-pi_22.jpg,pituitary
5027,pituitary/Tr-pi_375.jpg,pituitary
5028,meningioma/Tr-me_749.jpg,meningioma
5029,notumor/Tr-no_504.jpg,notumor
5030,meningioma/Tr-me_296.jpg,meningioma
5031,pituitary/Tr-pi_801.jpg,pituitary
5032,notumor/Tr-no_305.jpg,notumor
5033,glioma/Tr-gl_492.jpg,glioma
5034,glioma/Tr-gl_449.jpg,glioma
5035,meningioma/Tr-me_806.jpg,meningioma
5036,glioma/Tr-gl_1201.jpg,glioma
5037,meningioma/Tr-aug-me_53.jpg,meningioma
5038,notumor/Tr-no_679.jpg,notumor
5039,meningioma/Tr-me_1199.jpg,meningioma
5040,glioma/Tr-gl_298.jpg,glioma
5041,meningioma/Tr-me_542.jpg,meningioma
5042,pituitary/Tr-pi_1308.jpg,pituitary
5043,glioma/Tr-gl_927.jpg,glioma
5044,meningioma/Tr-me_994.jpg,meningioma
5045,notumor/Tr-no_583.jpg,notumor
5046,pituitary/Tr-pi_326.jpg,pituitary
5047,notumor/Tr-no_246.jpg,notumor
5048,glioma/Tr-gl_696.jpg,glioma
5049,glioma/Tr-gl_1107.jpg,glioma
5050,meningioma/Tr-me_217.jpg,meningioma
5051,meningioma/Tr-me_891.jpg,meningioma
5052,notumor/Tr-no_150.jpg,notumor
5053,glioma/Tr-gl_765.jpg,glioma
5054,glioma/Tr-gl_851.jpg,glioma
5055,notumor/Tr-no_503.jpg,notumor
5056,pituitary/Tr-pi_1382.jpg,pituitary
5057,pituitary/Tr-pi_1398.jpg,pituitary
5058,glioma/Tr-gl_1231.jpg,glioma
5059,pituitary/Tr-pi_200.jpg,pituitary
5060,pituitary/Tr-pi_1005.jpg,pituitary
5061,meningioma/Tr-me_211.jpg,meningioma
5062,pituitary/Tr-pi_345.jpg,pituitary
5063,pituitary/Tr-pi_528.jpg,pituitary
5064,pituitary/Tr-pi_211.jpg,pituitary
5065,meningioma/Tr-me_346.jpg,meningioma
5066,notumor/Tr-no_304.jpg,notumor
5067,glioma/Tr-gl_760.jpg,glioma
5068,glioma/Tr-gl_426.jpg,glioma
5069,glioma/Tr-gl_269.jpg,glioma
5070,notumor/Tr-no_265.jpg,notumor
5071,notumor/Tr-no_122.jpg,notumor
5072,notumor/Tr-no_917.jpg,notumor
5073,meningioma/Tr-me_45.jpg,meningioma
5074,notumor/Tr-no_903.jpg,notumor
5075,meningioma/Tr-me_1286.jpg,meningioma
5076,glioma/Tr-gl_50.jpg,glioma
5077,pituitary/Tr-pi_625.jpg,pituitary
5078,notumor/Tr-no_409.jpg,notumor
5079,notumor/Tr-no_785.jpg,notumor
5080,notumor/Tr-no_531.jpg,notumor
5081,meningioma/Tr-me_1016.jpg,meningioma
5082,meningioma/Tr-me_303.jpg,meningioma
5083,notumor/Tr-no_1039.jpg,notumor
5084,glioma/Tr-gl_519.jpg,glioma
5085,pituitary/Tr-pi_1037.jpg,pituitary
5086,meningioma/Tr-me_443.jpg,meningioma
5087,notumor/Tr-no_1246.jpg,notumor
5088,pituitary/Tr-pi_504.jpg,pituitary
5089,meningioma/Tr-me_1075.jpg,meningioma
5090,meningioma/Tr-me_966.jpg,meningioma
5091,glioma/Tr-gl_271.jpg,glioma
5092,notumor/Tr-no_1137.jpg,notumor
5093,glioma/Tr-gl_412.jpg,glioma
5094,notumor/Tr-no_1150.jpg,notumor
5095,meningioma/Tr-me_47.jpg,meningioma
5096,notumor/Tr-no_331.jpg,notumor
5097,notumor/Tr-no_255.jpg,notumor
5098,pituitary/Tr-pi_1269.jpg,pituitary
5099,notumor/Tr-no_596.jpg,notumor
5100,meningioma/Tr-me_890.jpg,meningioma
5101,pituitary/Tr-pi_542.jpg,pituitary
5102,meningioma/Tr-me_359.jpg,meningioma
5103,glioma/Tr-gl_139.jpg,glioma
5104,notumor/Tr-no_161.jpg,notumor
5105,pituitary/Tr-pi_940.jpg,pituitary
5106,notumor/Tr-no_550.jpg,notumor
5107,meningioma/Tr-me_266.jpg,meningioma
5108,notumor/Tr-no_1128.jpg,notumor
5109,meningioma/Tr-aug-me_8.jpg,meningioma
5110,pituitary/Tr-pi_792.jpg,pituitary
5111,glioma/Tr-gl_983.jpg,glioma
5112,meningioma/Tr-me_1248.jpg,meningioma
5113,notumor/Tr-no_971.jpg,notumor
5114,meningioma/Tr-me_557.jpg,meningioma
5115,glioma/Tr-gl_1046.jpg,glioma
5116,notumor/Tr-no_496.jpg,notumor
5117,meningioma/Tr-me_959.jpg,meningioma
5118,meningioma/Tr-me_319.jpg,meningioma
5119,notumor/Tr-no_143.jpg,notumor
5120,glioma/Tr-gl_1321.jpg,glioma
5121,pituitary/Tr-pi_1239.jpg,pituitary
5122,notumor/Tr-no_203.jpg,notumor
5123,pituitary/Tr-pi_1209.jpg,pituitary
5124,glioma/Tr-gl_1348.jpg,glioma
5125,pituitary/Tr-pi_391.jpg,pituitary
5126,meningioma/Tr-me_343.jpg,meningioma
5127,meningioma/Tr-me_746.jpg,meningioma
5128,meningioma/Tr-me_334.jpg,meningioma
5129,notumor/Tr-no_845.jpg,notumor
5130,notumor/Tr-no_264.jpg,notumor
5131,glioma/Tr-gl_173.jpg,glioma
5132,notumor/Tr-no_570.jpg,notumor
5133,glioma/Tr-gl_210.jpg,glioma
5134,glioma/Tr-gl_39.jpg,glioma
5135,glioma/Tr-gl_1307.jpg,glioma
5136,notumor/Tr-no_237.jpg,notumor
5137,pituitary/Tr-pi_1203.jpg,pituitary
5138,meningioma/Tr-me_569.jpg,meningioma
5139,pituitary/Tr-pi_236.jpg,pituitary
5140,notumor/Tr-no_806.jpg,notumor
5141,notumor/Tr-no_986.jpg,notumor
5142,meningioma/Tr-me_524.jpg,meningioma
5143,meningioma/Tr-me_388.jpg,meningioma
5144,glioma/Tr-gl_215.jpg,glioma
5145,notumor/Tr-no_347.jpg,notumor
5146,notumor/Tr-no_137.jpg,notumor
5147,glioma/Tr-gl_64.jpg,glioma
5148,meningioma/Tr-me_745.jpg,meningioma
5149,pituitary/Tr-pi_1114.jpg,pituitary
5150,glioma/Tr-gl_293.jpg,glioma
5151,glioma/Tr-gl_1190.jpg,glioma
5152,notumor/Tr-no_572.jpg,notumor
5153,pituitary/Tr-pi_1230.jpg,pituitary
5154,pituitary/Tr-pi_606.jpg,pituitary
5155,notumor/Tr-no_1006.jpg,notumor
5156,notumor/Tr-no_599.jpg,notumor
5157,pituitary/Tr-pi_650.jpg,pituitary
5158,meningioma/Tr-me_1261.jpg,meningioma
5159,notumor/Tr-no_387.jpg,notumor
5160,pituitary/Tr-pi_470.jpg,pituitary
5161,glioma/Tr-gl_1161.jpg,glioma
5162,pituitary/Tr-pi_51.jpg,pituitary
5163,glioma/Tr-gl_1292.jpg,glioma
5164,pituitary/Tr-pi_1071.jpg,pituitary
5165,notumor/Tr-no_619.jpg,notumor
5166,pituitary/Tr-pi_1385.jpg,pituitary
5167,pituitary/Tr-pi_741.jpg,pituitary
5168,meningioma/Tr-me_562.jpg,meningioma
5169,glioma/Tr-gl_625.jpg,glioma
5170,glioma/Tr-gl_971.jpg,glioma
5171,pituitary/Tr-pi_757.jpg,pituitary
5172,notumor/Tr-no_1379.jpg,notumor
5173,notumor/Tr-no_1215.jpg,notumor
5174,pituitary/Tr-pi_1282.jpg,pituitary
5175,glioma/Tr-gl_311.jpg,glioma
5176,pituitary/Tr-pi_565.jpg,pituitary
5177,pituitary/Tr-pi_598.jpg,pituitary
5178,notumor/Tr-no_624.jpg,notumor
5179,notumor/Tr-no_704.jpg,notumor
5180,pituitary/Tr-pi_1150.jpg,pituitary
5181,pituitary/Tr-pi_1375.jpg,pituitary
5182,glioma/Tr-gl_786.jpg,glioma
5183,glioma/Tr-gl_201.jpg,glioma
5184,notumor/Tr-no_892.jpg,notumor
5185,pituitary/Tr-pi_944.jpg,pituitary
5186,meningioma/Tr-me_311.jpg,meningioma
5187,glioma/Tr-gl_1165.jpg,glioma
5188,pituitary/Tr-pi_235.jpg,pituitary
5189,pituitary/Tr-pi_467.jpg,pituitary
5190,notumor/Tr-no_559.jpg,notumor
5191,notumor/Tr-no_765.jpg,notumor
5192,glioma/Tr-gl_985.jpg,glioma
5193,glioma/Tr-gl_11.jpg,glioma
5194,glioma/Tr-gl_1173.jpg,glioma
5195,pituitary/Tr-pi_21.jpg,pituitary
5196,notumor/Tr-no_316.jpg,notumor
5197,glioma/Tr-gl_651.jpg,glioma
5198,glioma/Tr-gl_83.jpg,glioma
5199,notumor/Tr-no_995.jpg,notumor
5200,notumor/Tr-no_1171.jpg,notumor
5201,notumor/Tr-no_678.jpg,notumor
5202,notumor/Tr-no_1160.jpg,notumor
5203,pituitary/Tr-pi_816.jpg,pituitary
5204,glioma/Tr-gl_238.jpg,glioma
5205,glioma/Tr-gl_166.jpg,glioma
5206,glioma/Tr-gl_1262.jpg,glioma
5207,pituitary/Tr-pi_1008.jpg,pituitary
5208,notumor/Tr-no_1362.jpg,notumor
5209,glioma/Tr-gl_706.jpg,glioma
5210,notumor/Tr-no_1085.jpg,notumor
5211,meningioma/Tr-me_345.jpg,meningioma
5212,glioma/Tr-gl_574.jpg,glioma
5213,meningioma/Tr-me_1063.jpg,meningioma
5214,notumor/Tr-no_1109.jpg,notumor
5215,pituitary/Tr-pi_886.jpg,pituitary
5216,glioma/Tr-gl_431.jpg,glioma
5217,notumor/Tr-no_1165.jpg,notumor
5218,notumor/Tr-no_634.jpg,notumor
5219,glioma/Tr-gl_660.jpg,glioma
5220,glioma/Tr-gl_518.jpg,glioma
5221,glioma/Tr-gl_1084.jpg,glioma
5222,meningioma/Tr-me_330.jpg,meningioma
5223,notumor/Tr-no_984.jpg,notumor
5224,notumor/Tr-no_371.jpg,notumor
5225,notumor/Tr-no_232.jpg,notumor
5226,meningioma/Tr-me_339.jpg,meningioma
5227,glioma/Tr-gl_711.jpg,glioma
5228,notumor/Tr-no_104.jpg,notumor
5229,glioma/Tr-gl_117.jpg,glioma
5230,meningioma/Tr-me_1255.jpg,meningioma
5231,notumor/Tr-no_1088.jpg,notumor
5232,pituitary/Tr-pi_390.jpg,pituitary
5233,glioma/Tr-gl_1120.jpg,glioma
5234,pituitary/Tr-pi_1018.jpg,pituitary
5235,pituitary/Tr-pi_737.jpg,pituitary
5236,glioma/Tr-gl_410.jpg,glioma
5237,meningioma/Tr-aug-me_64.jpg,meningioma
5238,glioma/Tr-gl_1094.jpg,glioma
5239,notumor/Tr-no_782.jpg,notumor
5240,notumor/Tr-no_696.jpg,notumor
5241,notumor/Tr-no_829.jpg,notumor
5242,notumor/Tr-no_142.jpg,notumor
5243,pituitary/Tr-pi_26.jpg,pituitary
5244,glioma/Tr-gl_892.jpg,glioma
5245,notumor/Tr-no_494.jpg,notumor
5246,meningioma/Tr-me_662.jpg,meningioma
5247,meningioma/Tr-me_758.jpg,meningioma
5248,pituitary/Tr-pi_1387.jpg,pituitary
5249,notumor/Tr-no_506.jpg,notumor
5250,notumor/Tr-no_1220.jpg,notumor
5251,notumor/Tr-no_606.jpg,notumor
5252,pituitary/Tr-pi_80.jpg,pituitary
5253,meningioma/Tr-me_1040.jpg,meningioma
5254,pituitary/Tr-pi_84.jpg,pituitary
5255,pituitary/Tr-pi_808.jpg,pituitary
5256,glioma/Tr-gl_560.jpg,glioma
5257,glioma/Tr-gl_750.jpg,glioma
5258,glioma/Tr-gl_391.jpg,glioma
5259,notumor/Tr-no_1258.jpg,notumor
5260,notumor/Tr-no_888.jpg,notumor
5261,glioma/Tr-gl_10.jpg,glioma
5262,pituitary/Tr-pi_1163.jpg,pituitary
5263,notumor/Tr-no_832.jpg,notumor
5264,notumor/Tr-no_75.jpg,notumor
5265,notumor/Tr-no_33.jpg,notumor
5266,meningioma/Tr-me_500.jpg,meningioma
5267,glioma/Tr-gl_461.jpg,glioma
5268,meningioma/Tr-me_779.jpg,meningioma
5269,meningioma/Tr-me_356.jpg,meningioma
5270,pituitary/Tr-pi_1173.jpg,pituitary
5271,glioma/Tr-gl_975.jpg,glioma
5272,glioma/Tr-gl_1318.jpg,glioma
5273,meningioma/Tr-aug-me_100.jpg,meningioma
5274,pituitary/Tr-pi_189.jpg,pituitary
5275,meningioma/Tr-me_1034.jpg,meningioma
5276,glioma/Tr-gl_1343.jpg,glioma
5277,meningioma/Tr-me_930.jpg,meningioma
5278,glioma/Tr-gl_718.jpg,glioma
5279,meningioma/Tr-me_945.jpg,meningioma
5280,pituitary/Tr-pi_777.jpg,pituitary
5281,notumor/Tr-no_196.jpg,notumor
5282,glioma/Tr-gl_642.jpg,glioma
5283,notumor/Tr-no_789.jpg,notumor
5284,glioma/Tr-gl_225.jpg,glioma
5285,meningioma/Tr-me_43.jpg,meningioma
5286,notumor/Tr-no_272.jpg,notumor
5287,meningioma/Tr-me_29.jpg,meningioma
5288,glioma/Tr-gl_177.jpg,glioma
5289,glioma/Tr-gl_489.jpg,glioma
5290,pituitary/Tr-pi_1130.jpg,pituitary
5291,meningioma/Tr-me_716.jpg,meningioma
5292,notumor/Tr-no_428.jpg,notumor
5293,pituitary/Tr-pi_1108.jpg,pituitary
5294,meningioma/Tr-me_798.jpg,meningioma
5295,notumor/Tr-no_67.jpg,notumor
5296,meningioma/Tr-me_1193.jpg,meningioma
5297,glioma/Tr-gl_1227.jpg,glioma
5298,meningioma/Tr-me_1117.jpg,meningioma
5299,pituitary/Tr-pi_586.jpg,pituitary
5300,notumor/Tr-no_443.jpg,notumor
5301,glioma/Tr-gl_585.jpg,glioma
5302,glioma/Tr-gl_567.jpg,glioma
5303,glioma/Tr-gl_1135.jpg,glioma
5304,pituitary/Tr-pi_712.jpg,pituitary
5305,glioma/Tr-gl_205.jpg,glioma
5306,glioma/Tr-gl_740.jpg,glioma
5307,notumor/Tr-no_673.jpg,notumor
5308,notumor/Tr-no_53.jpg,notumor
5309,notumor/Tr-no_1152.jpg,notumor
5310,pituitary/Tr-pi_1396.jpg,pituitary
5311,notumor/Tr-no_1018.jpg,notumor
5312,meningioma/Tr-me_508.jpg,meningioma
5313,meningioma/Tr-me_740.jpg,meningioma
5314,meningioma/Tr-me_476.jpg,meningioma
5315,pituitary/Tr-pi_399.jpg,pituitary
5316,meningioma/Tr-aug-me_98.jpg,meningioma
5317,glioma/Tr-gl_758.jpg,glioma
5318,glioma/Tr-gl_964.jpg,glioma
5319,notumor/Tr-no_1385.jpg,notumor
5320,glioma/Tr-gl_605.jpg,glioma
5321,glioma/Tr-gl_313.jpg,glioma
5322,pituitary/Tr-pi_1191.jpg,pituitary
5323,glioma/Tr-gl_1089.jpg,glioma
5324,pituitary/Tr-pi_220.jpg,pituitary
5325,meningioma/Tr-me_1141.jpg,meningioma
5326,pituitary/Tr-pi_24.jpg,pituitary
5327,glioma/Tr-gl_1086.jpg,glioma
5328,pituitary/Tr-pi_854.jpg,pituitary
5329,pituitary/Tr-pi_82.jpg,pituitary
5330,notumor/Tr-no_474.jpg,notumor
5331,pituitary/Tr-pi_339.jpg,pituitary
5332,glioma/Tr-gl_98.jpg,glioma
5333,glioma/Tr-gl_218.jpg,glioma
5334,notumor/Tr-no_623.jpg,notumor
5335,meningioma/Tr-me_1260.jpg,meningioma
5336,meningioma/Tr-me_461.jpg,meningioma
5337,notumor/Tr-no_714.jpg,notumor
5338,notumor/Tr-no_1208.jpg,notumor
5339,meningioma/Tr-aug-me_74.jpg,meningioma
5340,notumor/Tr-no_712.jpg,notumor
5341,notumor/Tr-no_947.jpg,notumor
5342,meningioma/Tr-me_1185.jpg,meningioma
5343,notumor/Tr-no_771.jpg,notumor
5344,notumor/Tr-no_149.jpg,notumor
5345,meningioma/Tr-aug-me_3.jpg,meningioma
5346,pituitary/Tr-pi_1359.jpg,pituitary
5347,meningioma/Tr-me_616.jpg,meningioma
5348,meningioma/Tr-me_914.jpg,meningioma
5349,glioma/Tr-gl_708.jpg,glioma
5350,notumor/Tr-no_656.jpg,notumor
5351,meningioma/Tr-me_65.jpg,meningioma
5352,glioma/Tr-gl_779.jpg,glioma
5353,notumor/Tr-no_1162.jpg,notumor
5354,pituitary/Tr-pi_512.jpg,pituitary
5355,glioma/Tr-gl_185.jpg,glioma
5356,notumor/Tr-no_383.jpg,notumor
5357,meningioma/Tr-me_458.jpg,meningioma
5358,glioma/Tr-gl_444.jpg,glioma
5359,notumor/Tr-no_424.jpg,notumor
5360,pituitary/Tr-pi_1115.jpg,pituitary
5361,glioma/Tr-gl_722.jpg,glioma
5362,meningioma/Tr-aug-me_80.jpg,meningioma
5363,pituitary/Tr-pi_7.jpg,pituitary
5364,glioma/Tr-gl_1371.jpg,glioma
5365,meningioma/Tr-me_344.jpg,meningioma
5366,glioma/Tr-gl_1312.jpg,glioma
5367,notumor/Tr-no_195.jpg,notumor
5368,pituitary/Tr-pi_935.jpg,pituitary
5369,pituitary/Tr-pi_1036.jpg,pituitary
5370,pituitary/Tr-pi_126.jpg,pituitary
5371,pituitary/Tr-pi_1066.jpg,pituitary
5372,meningioma/Tr-me_710.jpg,meningioma
5373,notumor/Tr-no_1221.jpg,notumor
5374,pituitary/Tr-pi_1210.jpg,pituitary
5375,glioma/Tr-gl_701.jpg,glioma
5376,pituitary/Tr-pi_1105.jpg,pituitary
5377,meningioma/Tr-me_21.jpg,meningioma
5378,glioma/Tr-gl_1353.jpg,glioma
5379,notumor/Tr-no_934.jpg,notumor
5380,notumor/Tr-no_1010.jpg,notumor
5381,glioma/Tr-gl_118.jpg,glioma
5382,pituitary/Tr-pi_530.jpg,pituitary
5383,meningioma/Tr-me_245.jpg,meningioma
5384,glioma/Tr-gl_643.jpg,glioma
5385,notumor/Tr-no_922.jpg,notumor
5386,notumor/Tr-no_902.jpg,notumor
5387,notumor/Tr-no_812.jpg,notumor
5388,glioma/Tr-gl_338.jpg,glioma
5389,pituitary/Tr-pi_989.jpg,pituitary
5390,glioma/Tr-gl_672.jpg,glioma
5391,glioma/Tr-gl_194.jpg,glioma
5392,notumor/Tr-no_770.jpg,notumor
5393,notumor/Tr-no_410.jpg,notumor
5394,notumor/Tr-no_468.jpg,notumor
5395,pituitary/Tr-pi_1323.jpg,pituitary
5396,meningioma/Tr-me_1142.jpg,meningioma
5397,glioma/Tr-gl_886.jpg,glioma
5398,meningioma/Tr-aug-me_1.jpg,meningioma
5399,glioma/Tr-gl_3.jpg,glioma
5400,notumor/Tr-no_952.jpg,notumor
5401,glioma/Tr-gl_175.jpg,glioma
5402,glioma/Tr-gl_247.jpg,glioma
5403,meningioma/Tr-me_1268.jpg,meningioma
5404,pituitary/Tr-pi_115.jpg,pituitary
5405,pituitary/Tr-pi_439.jpg,pituitary
5406,pituitary/Tr-pi_988.jpg,pituitary
5407,notumor/Tr-no_1331.jpg,notumor
5408,notumor/Tr-no_968.jpg,notumor
5409,meningioma/Tr-me_587.jpg,meningioma
5410,glioma/Tr-gl_769.jpg,glioma
5411,pituitary/Tr-pi_894.jpg,pituitary
5412,glioma/Tr-gl_715.jpg,glioma
5413,meningioma/Tr-me_425.jpg,meningioma
5414,notumor/Tr-no_1396.jpg,notumor
5415,pituitary/Tr-pi_430.jpg,pituitary
5416,notumor/Tr-no_1378.jpg,notumor
5417,glioma/Tr-gl_1127.jpg,glioma
5418,glioma/Tr-gl_1210.jpg,glioma
5419,pituitary/Tr-pi_1090.jpg,pituitary
5420,pituitary/Tr-pi_212.jpg,pituitary
5421,meningioma/Tr-me_270.jpg,meningioma
5422,notumor/Tr-no_807.jpg,notumor
5423,notumor/Tr-no_1247.jpg,notumor
5424,meningioma/Tr-me_1086.jpg,meningioma
5425,meningioma/Tr-aug-me_25.jpg,meningioma
5426,notumor/Tr-no_1270.jpg,notumor
5427,meningioma/Tr-me_1182.jpg,meningioma
5428,glioma/Tr-gl_753.jpg,glioma
5429,pituitary/Tr-pi_37.jpg,pituitary
5430,glioma/Tr-gl_65.jpg,glioma
5431,pituitary/Tr-pi_948.jpg,pituitary
5432,meningioma/Tr-me_664.jpg,meningioma
5433,notumor/Tr-no_929.jpg,notumor
5434,pituitary/Tr-pi_534.jpg,pituitary
5435,glioma/Tr-gl_875.jpg,glioma
5436,meningioma/Tr-me_1289.jpg,meningioma
5437,glioma/Tr-gl_649.jpg,glioma
5438,pituitary/Tr-pi_570.jpg,pituitary
5439,notumor/Tr-no_32.jpg,notumor
5440,glioma/Tr-gl_102.jpg,glioma
5441,pituitary/Tr-pi_437.jpg,pituitary
5442,notumor/Tr-no_280.jpg,notumor
5443,pituitary/Tr-pi_926.jpg,pituitary
5444,pituitary/Tr-pi_763.jpg,pituitary
5445,notumor/Tr-no_484.jpg,notumor
5446,notumor/Tr-no_128.jpg,notumor
5447,glioma/Tr-gl_663.jpg,glioma
5448,notumor/Tr-no_919.jpg,notumor
5449,pituitary/Tr-pi_1014.jpg,pituitary
5450,notumor/Tr-no_1114.jpg,notumor
5451,meningioma/Tr-me_92.jpg,meningioma
5452,meningioma/Tr-me_795.jpg,meningioma
5453,meningioma/Tr-me_1043.jpg,meningioma
5454,glioma/Tr-gl_399.jpg,glioma
5455,notumor/Tr-no_654.jpg,notumor
5456,pituitary/Tr-pi_1321.jpg,pituitary
5457,meningioma/Tr-me_609.jpg,meningioma
5458,notumor/Tr-no_1325.jpg,notumor
5459,pituitary/Tr-pi_265.jpg,pituitary
5460,pituitary/Tr-pi_153.jpg,pituitary
5461,notumor/Tr-no_881.jpg,notumor
5462,notumor/Tr-no_135.jpg,notumor
5463,meningioma/Tr-me_471.jpg,meningioma
5464,notumor/Tr-no_270.jpg,notumor
5465,meningioma/Tr-me_175.jpg,meningioma
5466,pituitary/Tr-pi_1370.jpg,pituitary
5467,pituitary/Tr-pi_1348.jpg,pituitary
5468,notumor/Tr-no_582.jpg,notumor
5469,notumor/Tr-no_1157.jpg,notumor
5470,glioma/Tr-gl_93.jpg,glioma
5471,glioma/Tr-gl_661.jpg,glioma
5472,notumor/Tr-no_1191.jpg,notumor
5473,glioma/Tr-gl_1336.jpg,glioma
5474,notumor/Tr-no_1376.jpg,notumor
5475,glioma/Tr-gl_467.jpg,glioma
5476,glioma/Tr-gl_368.jpg,glioma
5477,pituitary/Tr-pi_1331.jpg,pituitary
5478,meningioma/Tr-me_1050.jpg,meningioma
5479,pituitary/Tr-pi_197.jpg,pituitary
5480,notumor/Tr-no_205.jpg,notumor
5481,glioma/Tr-gl_214.jpg,glioma
5482,notumor/Tr-no_546.jpg,notumor
5483,glioma/Tr-gl_521.jpg,glioma
5484,pituitary/Tr-pi_92.jpg,pituitary
5485,glioma/Tr-gl_1362.jpg,glioma
5486,notumor/Tr-no_521.jpg,notumor
5487,glioma/Tr-gl_1289.jpg,glioma
5488,glioma/Tr-gl_1333.jpg,glioma
5489,notumor/Tr-no_221.jpg,notumor
5490,notumor/Tr-no_194.jpg,notumor
5491,glioma/Tr-gl_1050.jpg,glioma
5492,glioma/Tr-gl_288.jpg,glioma
5493,pituitary/Tr-pi_556.jpg,pituitary
5494,glioma/Tr-gl_1368.jpg,glioma
5495,notumor/Tr-no_959.jpg,notumor
5496,notumor/Tr-no_1358.jpg,notumor
5497,glioma/Tr-gl_1376.jpg,glioma
5498,pituitary/Tr-pi_225.jpg,pituitary
5499,pituitary/Tr-pi_820.jpg,pituitary
5500,notumor/Tr-no_944.jpg,notumor
5501,glioma/Tr-gl_710.jpg,glioma
5502,pituitary/Tr-pi_878.jpg,pituitary
5503,meningioma/Tr-me_766.jpg,meningioma
5504,pituitary/Tr-pi_108.jpg,pituitary
5505,notumor/Tr-no_235.jpg,notumor
5506,notumor/Tr-no_741.jpg,notumor
5507,meningioma/Tr-me_323.jpg,meningioma
5508,glioma/Tr-gl_405.jpg,glioma
5509,pituitary/Tr-pi_19.jpg,pituitary
5510,notumor/Tr-no_676.jpg,notumor
5511,meningioma/Tr-me_838.jpg,meningioma
5512,glioma/Tr-gl_358.jpg,glioma
5513,meningioma/Tr-me_112.jpg,meningioma
5514,meningioma/Tr-me_488.jpg,meningioma
5515,notumor/Tr-no_1318.jpg,notumor
5516,glioma/Tr-gl_459.jpg,glioma
5517,glioma/Tr-gl_656.jpg,glioma
5518,notumor/Tr-no_556.jpg,notumor
5519,notumor/Tr-no_260.jpg,notumor
5520,meningioma/Tr-me_1245.jpg,meningioma
5521,pituitary/Tr-pi_1241.jpg,pituitary
5522,notumor/Tr-no_935.jpg,notumor
5524,meningioma/Tr-me_1253.jpg,meningioma
5525,pituitary/Tr-pi_351.jpg,pituitary
5526,glioma/Tr-gl_846.jpg,glioma
5527,meningioma/Tr-me_925.jpg,meningioma
5528,glioma/Tr-gl_1175.jpg,glioma
5529,glioma/Tr-gl_526.jpg,glioma
5530,meningioma/Tr-aug-me_2.jpg,meningioma
5531,pituitary/Tr-pi_311.jpg,pituitary
5532,meningioma/Tr-me_215.jpg,meningioma
5534,pituitary/Tr-pi_601.jpg,pituitary
5536,meningioma/Tr-me_597.jpg,meningioma
5537,meningioma/Tr-me_1025.jpg,meningioma
5539,glioma/Tr-gl_125.jpg,glioma
5540,pituitary/Tr-pi_308.jpg,pituitary
5541,meningioma/Tr-me_463.jpg,meningioma
5542,pituitary/Tr-pi_983.jpg,pituitary
5544,glioma/Tr-gl_612.jpg,glioma
5545,meningioma/Tr-aug-me_70.jpg,meningioma
5548,meningioma/Tr-me_561.jpg,meningioma
5551,meningioma/Tr-me_927.jpg,meningioma
5553,pituitary/Tr-pi_13.jpg,pituitary
5555,meningioma/Tr-me_402.jpg,meningioma
5557,meningioma/Tr-me_302.jpg,meningioma
5560,pituitary/Tr-pi_563.jpg,pituitary
5561,meningioma/Tr-me_111.jpg,meningioma
5562,meningioma/Tr-me_1272.jpg,meningioma
5566,pituitary/Tr-pi_295.jpg,pituitary
5568,meningioma/Tr-me_492.jpg,meningioma
5570,meningioma/Tr-me_1087.jpg,meningioma
5571,pituitary/Tr-pi_264.jpg,pituitary
5573,meningioma/Tr-me_933.jpg,meningioma
5576,pituitary/Tr-pi_1306.jpg,pituitary
5579,pituitary/Tr-pi_1272.jpg,pituitary
5580,meningioma/Tr-me_907.jpg,meningioma
5584,pituitary/Tr-pi_1264.jpg,pituitary
5586,pituitary/Tr-pi_97.jpg,pituitary
5587,pituitary/Tr-pi_987.jpg,pituitary
5588,pituitary/Tr-pi_72.jpg,pituitary
5590,pituitary/Tr-pi_872.jpg,pituitary
5592,meningioma/Tr-me_90.jpg,meningioma
5596,pituitary/Tr-pi_489.jpg,pituitary
5597,pituitary/Tr-pi_287.jpg,pituitary
5598,pituitary/Tr-pi_841.jpg,pituitary
