id,notumor,meningioma,pituitary,glioma
0,notumor/Tr-no_1.jpg,meningioma/Tr-aug-me_1.jpg,pituitary/Tr-pi_1.jpg,glioma/Tr-gl_1.jpg
1,notumor/Tr-no_10.jpg,meningioma/Tr-aug-me_10.jpg,pituitary/Tr-pi_10.jpg,glioma/Tr-gl_10.jpg
2,notumor/Tr-no_100.jpg,meningioma/Tr-aug-me_100.jpg,pituitary/Tr-pi_100.jpg,glioma/Tr-gl_100.jpg
3,notumor/Tr-no_1000.jpg,meningioma/Tr-aug-me_11.jpg,pituitary/Tr-pi_1000.jpg,glioma/Tr-gl_1000.jpg
4,notumor/Tr-no_1001.jpg,meningioma/Tr-aug-me_12.jpg,pituitary/Tr-pi_1001.jpg,glioma/Tr-gl_1001.jpg
5,notumor/Tr-no_1002.jpg,meningioma/Tr-aug-me_13.jpg,pituitary/Tr-pi_1002.jpg,glioma/Tr-gl_1002.jpg
6,notumor/Tr-no_1003.jpg,meningioma/Tr-aug-me_14.jpg,pituitary/Tr-pi_1003.jpg,glioma/Tr-gl_1003.jpg
7,notumor/Tr-no_1004.jpg,meningioma/Tr-aug-me_15.jpg,pituitary/Tr-pi_1004.jpg,glioma/Tr-gl_1004.jpg
8,notumor/Tr-no_1005.jpg,meningioma/Tr-aug-me_16.jpg,pituitary/Tr-pi_1005.jpg,glioma/Tr-gl_1005.jpg
9,notumor/Tr-no_1006.jpg,meningioma/Tr-aug-me_17.jpg,pituitary/Tr-pi_1006.jpg,glioma/Tr-gl_1006.jpg
10,notumor/Tr-no_1007.jpg,meningioma/Tr-aug-me_18.jpg,pituitary/Tr-pi_1007.jpg,glioma/Tr-gl_1007.jpg
11,notumor/Tr-no_1008.jpg,meningioma/Tr-aug-me_19.jpg,pituitary/Tr-pi_1008.jpg,glioma/Tr-gl_1008.jpg
12,notumor/Tr-no_1009.jpg,meningioma/Tr-aug-me_2.jpg,pituitary/Tr-pi_1009.jpg,glioma/Tr-gl_1009.jpg
13,notumor/Tr-no_101.jpg,meningioma/Tr-aug-me_20.jpg,pituitary/Tr-pi_101.jpg,glioma/Tr-gl_101.jpg
14,notumor/Tr-no_1010.jpg,meningioma/Tr-aug-me_21.jpg,pituitary/Tr-pi_1010.jpg,glioma/Tr-gl_1010.jpg
15,notumor/Tr-no_1011.jpg,meningioma/Tr-aug-me_22.jpg,pituitary/Tr-pi_1011.jpg,glioma/Tr-gl_1011.jpg
16,notumor/Tr-no_1012.jpg,meningioma/Tr-aug-me_23.jpg,pituitary/Tr-pi_1012.jpg,glioma/Tr-gl_1012.jpg
17,notumor/Tr-no_1013.jpg,meningioma/Tr-aug-me_24.jpg,pituitary/Tr-pi_1013.jpg,glioma/Tr-gl_1013.jpg
18,notumor/Tr-no_1014.jpg,meningioma/Tr-aug-me_25.jpg,pituitary/Tr-pi_1014.jpg,glioma/Tr-gl_1014.jpg
19,notumor/Tr-no_1015.jpg,meningioma/Tr-aug-me_26.jpg,pituitary/Tr-pi_1015.jpg,glioma/Tr-gl_1015.jpg
20,notumor/Tr-no_1016.jpg,meningioma/Tr-aug-me_27.jpg,pituitary/Tr-pi_1016.jpg,glioma/Tr-gl_1016.jpg
21,notumor/Tr-no_1017.jpg,meningioma/Tr-aug-me_28.jpg,pituitary/Tr-pi_1017.jpg,glioma/Tr-gl_1017.jpg
22,notumor/Tr-no_1018.jpg,meningioma/Tr-aug-me_29.jpg,pituitary/Tr-pi_1018.jpg,glioma/Tr-gl_1018.jpg
23,notumor/Tr-no_1019.jpg,meningioma/Tr-aug-me_3.jpg,pituitary/Tr-pi_1019.jpg,glioma/Tr-gl_1019.jpg
24,notumor/Tr-no_102.jpg,meningioma/Tr-aug-me_30.jpg,pituitary/Tr-pi_102.jpg,glioma/Tr-gl_102.jpg
25,notumor/Tr-no_1020.jpg,meningioma/Tr-aug-me_31.jpg,pituitary/Tr-pi_1020.jpg,glioma/Tr-gl_1020.jpg
26,notumor/Tr-no_1021.jpg,meningioma/Tr-aug-me_32.jpg,pituitary/Tr-pi_1021.jpg,glioma/Tr-gl_1021.jpg
27,notumor/Tr-no_1022.jpg,meningioma/Tr-aug-me_33.jpg,pituitary/Tr-pi_1022.jpg,glioma/Tr-gl_1022.jpg
28,notumor/Tr-no_1023.jpg,meningioma/Tr-aug-me_34.jpg,pituitary/Tr-pi_1023.jpg,glioma/Tr-gl_1023.jpg
29,notumor/Tr-no_1024.jpg,meningioma/Tr-aug-me_35.jpg,pituitary/Tr-pi_1024.jpg,glioma/Tr-gl_1024.jpg
30,notumor/Tr-no_1025.jpg,meningioma/Tr-aug-me_36.jpg,pituitary/Tr-pi_1025.jpg,glioma/Tr-gl_1025.jpg
31,notumor/Tr-no_1026.jpg,meningioma/Tr-aug-me_37.jpg,pituitary/Tr-pi_1026.jpg,glioma/Tr-gl_1026.jpg
32,notumor/Tr-no_1027.jpg,meningioma/Tr-aug-me_38.jpg,pituitary/Tr-pi_1027.jpg,glioma/Tr-gl_1027.jpg
33,notumor/Tr-no_1028.jpg,meningioma/Tr-aug-me_39.jpg,pituitary/Tr-pi_1028.jpg,glioma/Tr-gl_1028.jpg
34,notumor/Tr-no_1029.jpg,meningioma/Tr-aug-me_4.jpg,pituitary/Tr-pi_1029.jpg,glioma/Tr-gl_1029.jpg
35,notumor/Tr-no_103.jpg,meningioma/Tr-aug-me_40.jpg,pituitary/Tr-pi_103.jpg,glioma/Tr-gl_103.jpg
36,notumor/Tr-no_1030.jpg,meningioma/Tr-aug-me_41.jpg,pituitary/Tr-pi_1030.jpg,glioma/Tr-gl_1030.jpg
37,notumor/Tr-no_1031.jpg,meningioma/Tr-aug-me_42.jpg,pituitary/Tr-pi_1031.jpg,glioma/Tr-gl_1031.jpg
38,notumor/Tr-no_1032.jpg,meningioma/Tr-aug-me_43.jpg,pituitary/Tr-pi_1032.jpg,glioma/Tr-gl_1032.jpg
39,notumor/Tr-no_1033.jpg,meningioma/Tr-aug-me_44.jpg,pituitary/Tr-pi_1033.jpg,glioma/Tr-gl_1033.jpg
40,notumor/Tr-no_1034.jpg,meningioma/Tr-aug-me_45.jpg,pituitary/Tr-pi_1034.jpg,glioma/Tr-gl_1034.jpg
41,notumor/Tr-no_1035.jpg,meningioma/Tr-aug-me_46.jpg,pituitary/Tr-pi_1035.jpg,glioma/Tr-gl_1035.jpg
42,notumor/Tr-no_1036.jpg,meningioma/Tr-aug-me_47.jpg,pituitary/Tr-pi_1036.jpg,glioma/Tr-gl_1036.jpg
43,notumor/Tr-no_1037.jpg,meningioma/Tr-aug-me_48.jpg,pituitary/Tr-pi_1037.jpg,glioma/Tr-gl_1037.jpg
44,notumor/Tr-no_1038.jpg,meningioma/Tr-aug-me_49.jpg,pituitary/Tr-pi_1038.jpg,glioma/Tr-gl_1038.jpg
45,notumor/Tr-no_1039.jpg,meningioma/Tr-aug-me_5.jpg,pituitary/Tr-pi_1039.jpg,glioma/Tr-gl_1039.jpg
46,notumor/Tr-no_104.jpg,meningioma/Tr-aug-me_50.jpg,pituitary/Tr-pi_104.jpg,glioma/Tr-gl_104.jpg
47,notumor/Tr-no_1040.jpg,meningioma/Tr-aug-me_51.jpg,pituitary/Tr-pi_1040.jpg,glioma/Tr-gl_1040.jpg
48,notumor/Tr-no_1041.jpg,meningioma/Tr-aug-me_52.jpg,pituitary/Tr-pi_1041.jpg,glioma/Tr-gl_1041.jpg
49,notumor/Tr-no_1042.jpg,meningioma/Tr-aug-me_53.jpg,pituitary/Tr-pi_1042.jpg,glioma/Tr-gl_1042.jpg
50,notumor/Tr-no_1043.jpg,meningioma/Tr-aug-me_54.jpg,pituitary/Tr-pi_1043.jpg,glioma/Tr-gl_1043.jpg
51,notumor/Tr-no_1044.jpg,meningioma/Tr-aug-me_55.jpg,pituitary/Tr-pi_1044.jpg,glioma/Tr-gl_1044.jpg
52,notumor/Tr-no_1045.jpg,meningioma/Tr-aug-me_56.jpg,pituitary/Tr-pi_1045.jpg,glioma/Tr-gl_1045.jpg
53,notumor/Tr-no_1046.jpg,meningioma/Tr-aug-me_57.jpg,pituitary/Tr-pi_1046.jpg,glioma/Tr-gl_1046.jpg
54,notumor/Tr-no_1047.jpg,meningioma/Tr-aug-me_58.jpg,pituitary/Tr-pi_1047.jpg,glioma/Tr-gl_1047.jpg
55,notumor/Tr-no_1048.jpg,meningioma/Tr-aug-me_59.jpg,pituitary/Tr-pi_1048.jpg,glioma/Tr-gl_1048.jpg
56,notumor/Tr-no_1049.jpg,meningioma/Tr-aug-me_6.jpg,pituitary/Tr-pi_1049.jpg,glioma/Tr-gl_1049.jpg
57,notumor/Tr-no_105.jpg,meningioma/Tr-aug-me_60.jpg,pituitary/Tr-pi_105.jpg,glioma/Tr-gl_105.jpg
58,notumor/Tr-no_1050.jpg,meningioma/Tr-aug-me_61.jpg,pituitary/Tr-pi_1050.jpg,glioma/Tr-gl_1050.jpg
59,notumor/Tr-no_1051.jpg,meningioma/Tr-aug-me_62.jpg,pituitary/Tr-pi_1051.jpg,glioma/Tr-gl_1051.jpg
60,notumor/Tr-no_1052.jpg,meningioma/Tr-aug-me_63.jpg,pituitary/Tr-pi_1052.jpg,glioma/Tr-gl_1052.jpg
61,notumor/Tr-no_1053.jpg,meningioma/Tr-aug-me_64.jpg,pituitary/Tr-pi_1053.jpg,glioma/Tr-gl_1053.jpg
62,notumor/Tr-no_1054.jpg,meningioma/Tr-aug-me_65.jpg,pituitary/Tr-pi_1054.jpg,glioma/Tr-gl_1054.jpg
63,notumor/Tr-no_1055.jpg,meningioma/Tr-aug-me_66.jpg,pituitary/Tr-pi_1055.jpg,glioma/Tr-gl_1055.jpg
64,notumor/Tr-no_1056.jpg,meningioma/Tr-aug-me_67.jpg,pituitary/Tr-pi_1056.jpg,glioma/Tr-gl_1056.jpg
65,notumor/Tr-no_1057.jpg,meningioma/Tr-aug-me_68.jpg,pituitary/Tr-pi_1057.jpg,glioma/Tr-gl_1057.jpg
66,notumor/Tr-no_1058.jpg,meningioma/Tr-aug-me_69.jpg,pituitary/Tr-pi_1058.jpg,glioma/Tr-gl_1058.jpg
67,notumor/Tr-no_1059.jpg,meningioma/Tr-aug-me_7.jpg,pituitary/Tr-pi_1059.jpg,glioma/Tr-gl_1059.jpg
68,notumor/Tr-no_106.jpg,meningioma/Tr-aug-me_70.jpg,pituitary/Tr-pi_106.jpg,glioma/Tr-gl_106.jpg
69,notumor/Tr-no_1060.jpg,meningioma/Tr-aug-me_71.jpg,pituitary/Tr-pi_1060.jpg,glioma/Tr-gl_1060.jpg
70,notumor/Tr-no_1061.jpg,meningioma/Tr-aug-me_72.jpg,pituitary/Tr-pi_1061.jpg,glioma/Tr-gl_1061.jpg
71,notumor/Tr-no_1062.jpg,meningioma/Tr-aug-me_73.jpg,pituitary/Tr-pi_1062.jpg,glioma/Tr-gl_1062.jpg
72,notumor/Tr-no_1063.jpg,meningioma/Tr-aug-me_74.jpg,pituitary/Tr-pi_1063.jpg,glioma/Tr-gl_1063.jpg
73,notumor/Tr-no_1064.jpg,meningioma/Tr-aug-me_75.jpg,pituitary/Tr-pi_1064.jpg,glioma/Tr-gl_1064.jpg
74,notumor/Tr-no_1065.jpg,meningioma/Tr-aug-me_76.jpg,pituitary/Tr-pi_1065.jpg,glioma/Tr-gl_1065.jpg
75,notumor/Tr-no_1066.jpg,meningioma/Tr-aug-me_77.jpg,pituitary/Tr-pi_1066.jpg,glioma/Tr-gl_1066.jpg
76,notumor/Tr-no_1067.jpg,meningioma/Tr-aug-me_78.jpg,pituitary/Tr-pi_1067.jpg,glioma/Tr-gl_1067.jpg
77,notumor/Tr-no_1068.jpg,meningioma/Tr-aug-me_79.jpg,pituitary/Tr-pi_1068.jpg,glioma/Tr-gl_1068.jpg
78,notumor/Tr-no_1069.jpg,meningioma/Tr-aug-me_8.jpg,pituitary/Tr-pi_1069.jpg,glioma/Tr-gl_1069.jpg
79,notumor/Tr-no_107.jpg,meningioma/Tr-aug-me_80.jpg,pituitary/Tr-pi_107.jpg,glioma/Tr-gl_107.jpg
80,notumor/Tr-no_1070.jpg,meningioma/Tr-aug-me_81.jpg,pituitary/Tr-pi_1070.jpg,glioma/Tr-gl_1070.jpg
81,notumor/Tr-no_1071.jpg,meningioma/Tr-aug-me_82.jpg,pituitary/Tr-pi_1071.jpg,glioma/Tr-gl_1071.jpg
82,notumor/Tr-no_1072.jpg,meningioma/Tr-aug-me_83.jpg,pituitary/Tr-pi_1072.jpg,glioma/Tr-gl_1072.jpg
83,notumor/Tr-no_1073.jpg,meningioma/Tr-aug-me_84.jpg,pituitary/Tr-pi_1073.jpg,glioma/Tr-gl_1073.jpg
84,notumor/Tr-no_1074.jpg,meningioma/Tr-aug-me_85.jpg,pituitary/Tr-pi_1074.jpg,glioma/Tr-gl_1074.jpg
85,notumor/Tr-no_1075.jpg,meningioma/Tr-aug-me_86.jpg,pituitary/Tr-pi_1075.jpg,glioma/Tr-gl_1075.jpg
86,notumor/Tr-no_1076.jpg,meningioma/Tr-aug-me_87.jpg,pituitary/Tr-pi_1076.jpg,glioma/Tr-gl_1076.jpg
87,notumor/Tr-no_1077.jpg,meningioma/Tr-aug-me_88.jpg,pituitary/Tr-pi_1077.jpg,glioma/Tr-gl_1077.jpg
88,notumor/Tr-no_1078.jpg,meningioma/Tr-aug-me_89.jpg,pituitary/Tr-pi_1078.jpg,glioma/Tr-gl_1078.jpg
89,notumor/Tr-no_1079.jpg,meningioma/Tr-aug-me_9.jpg,pituitary/Tr-pi_1079.jpg,glioma/Tr-gl_1079.jpg
90,notumor/Tr-no_108.jpg,meningioma/Tr-aug-me_90.jpg,pituitary/Tr-pi_108.jpg,glioma/Tr-gl_108.jpg
91,notumor/Tr-no_1080.jpg,meningioma/Tr-aug-me_91.jpg,pituitary/Tr-pi_1080.jpg,glioma/Tr-gl_1080.jpg
92,notumor/Tr-no_1081.jpg,meningioma/Tr-aug-me_92.jpg,pituitary/Tr-pi_1081.jpg,glioma/Tr-gl_1081.jpg
93,notumor/Tr-no_1082.jpg,meningioma/Tr-aug-me_93.jpg,pituitary/Tr-pi_1082.jpg,glioma/Tr-gl_1082.jpg
94,notumor/Tr-no_1083.jpg,meningioma/Tr-aug-me_94.jpg,pituitary/Tr-pi_1083.jpg,glioma/Tr-gl_1083.jpg
95,notumor/Tr-no_1084.jpg,meningioma/Tr-aug-me_95.jpg,pituitary/Tr-pi_1084.jpg,glioma/Tr-gl_1084.jpg
96,notumor/Tr-no_1085.jpg,meningioma/Tr-aug-me_96.jpg,pituitary/Tr-pi_1085.jpg,glioma/Tr-gl_1085.jpg
97,notumor/Tr-no_1086.jpg,meningioma/Tr-aug-me_97.jpg,pituitary/Tr-pi_1086.jpg,glioma/Tr-gl_1086.jpg
98,notumor/Tr-no_1087.jpg,meningioma/Tr-aug-me_98.jpg,pituitary/Tr-pi_1087.jpg,glioma/Tr-gl_1087.jpg
99,notumor/Tr-no_1088.jpg,meningioma/Tr-aug-me_99.jpg,pituitary/Tr-pi_1088.jpg,glioma/Tr-gl_1088.jpg
100,notumor/Tr-no_1089.jpg,meningioma/Tr-me_1.jpg,pituitary/Tr-pi_1089.jpg,glioma/Tr-gl_1089.jpg
101,notumor/Tr-no_109.jpg,meningioma/Tr-me_10.jpg,pituitary/Tr-pi_109.jpg,glioma/Tr-gl_109.jpg
102,notumor/Tr-no_1090.jpg,meningioma/Tr-me_100.jpg,pituitary/Tr-pi_1090.jpg,glioma/Tr-gl_1090.jpg
103,notumor/Tr-no_1091.jpg,meningioma/Tr-me_1000.jpg,pituitary/Tr-pi_1091.jpg,glioma/Tr-gl_1091.jpg
104,notumor/Tr-no_1092.jpg,meningioma/Tr-me_1001.jpg,pituitary/Tr-pi_1092.jpg,glioma/Tr-gl_1092.jpg
105,notumor/Tr-no_1093.jpg,meningioma/Tr-me_1002.jpg,pituitary/Tr-pi_1093.jpg,glioma/Tr-gl_1093.jpg
106,notumor/Tr-no_1094.jpg,meningioma/Tr-me_1003.jpg,pituitary/Tr-pi_1094.jpg,glioma/Tr-gl_1094.jpg
107,notumor/Tr-no_1095.jpg,meningioma/Tr-me_1004.jpg,pituitary/Tr-pi_1095.jpg,glioma/Tr-gl_1095.jpg
108,notumor/Tr-no_1096.jpg,meningioma/Tr-me_1005.jpg,pituitary/Tr-pi_1096.jpg,glioma/Tr-gl_1096.jpg
109,notumor/Tr-no_1097.jpg,meningioma/Tr-me_1006.jpg,pituitary/Tr-pi_1097.jpg,glioma/Tr-gl_1097.jpg
110,notumor/Tr-no_1098.jpg,meningioma/Tr-me_1007.jpg,pituitary/Tr-pi_1098.jpg,glioma/Tr-gl_1098.jpg
111,notumor/Tr-no_1099.jpg,meningioma/Tr-me_1008.jpg,pituitary/Tr-pi_1099.jpg,glioma/Tr-gl_1099.jpg
112,notumor/Tr-no_11.jpg,meningioma/Tr-me_1009.jpg,pituitary/Tr-pi_11.jpg,glioma/Tr-gl_11.jpg
113,notumor/Tr-no_110.jpg,meningioma/Tr-me_101.jpg,pituitary/Tr-pi_110.jpg,glioma/Tr-gl_110.jpg
114,notumor/Tr-no_1100.jpg,meningioma/Tr-me_1010.jpg,pituitary/Tr-pi_1100.jpg,glioma/Tr-gl_1100.jpg
115,notumor/Tr-no_1101.jpg,meningioma/Tr-me_1011.jpg,pituitary/Tr-pi_1101.jpg,glioma/Tr-gl_1101.jpg
116,notumor/Tr-no_1102.jpg,meningioma/Tr-me_1012.jpg,pituitary/Tr-pi_1102.jpg,glioma/Tr-gl_1102.jpg
117,notumor/Tr-no_1103.jpg,meningioma/Tr-me_1013.jpg,pituitary/Tr-pi_1103.jpg,glioma/Tr-gl_1103.jpg
118,notumor/Tr-no_1104.jpg,meningioma/Tr-me_1014.jpg,pituitary/Tr-pi_1104.jpg,glioma/Tr-gl_1104.jpg
119,notumor/Tr-no_1105.jpg,meningioma/Tr-me_1015.jpg,pituitary/Tr-pi_1105.jpg,glioma/Tr-gl_1105.jpg
120,notumor/Tr-no_1106.jpg,meningioma/Tr-me_1016.jpg,pituitary/Tr-pi_1106.jpg,glioma/Tr-gl_1106.jpg
121,notumor/Tr-no_1107.jpg,meningioma/Tr-me_1017.jpg,pituitary/Tr-pi_1107.jpg,glioma/Tr-gl_1107.jpg
122,notumor/Tr-no_1108.jpg,meningioma/Tr-me_1018.jpg,pituitary/Tr-pi_1108.jpg,glioma/Tr-gl_1108.jpg
123,notumor/Tr-no_1109.jpg,meningioma/Tr-me_1019.jpg,pituitary/Tr-pi_1109.jpg,glioma/Tr-gl_1109.jpg
124,notumor/Tr-no_111.jpg,meningioma/Tr-me_102.jpg,pituitary/Tr-pi_111.jpg,glioma/Tr-gl_111.jpg
125,notumor/Tr-no_1110.jpg,meningioma/Tr-me_1020.jpg,pituitary/Tr-pi_1110.jpg,glioma/Tr-gl_1110.jpg
126,notumor/Tr-no_1111.jpg,meningioma/Tr-me_1021.jpg,pituitary/Tr-pi_1111.jpg,glioma/Tr-gl_1111.jpg
127,notumor/Tr-no_1112.jpg,meningioma/Tr-me_1022.jpg,pituitary/Tr-pi_1112.jpg,glioma/Tr-gl_1112.jpg
128,notumor/Tr-no_1113.jpg,meningioma/Tr-me_1023.jpg,pituitary/Tr-pi_1113.jpg,glioma/Tr-gl_1113.jpg
129,notumor/Tr-no_1114.jpg,meningioma/Tr-me_1024.jpg,pituitary/Tr-pi_1114.jpg,glioma/Tr-gl_1114.jpg
130,notumor/Tr-no_1115.jpg,meningioma/Tr-me_1025.jpg,pituitary/Tr-pi_1115.jpg,glioma/Tr-gl_1115.jpg
131,notumor/Tr-no_1116.jpg,meningioma/Tr-me_1026.jpg,pituitary/Tr-pi_1116.jpg,glioma/Tr-gl_1116.jpg
132,notumor/Tr-no_1117.jpg,meningioma/Tr-me_1027.jpg,pituitary/Tr-pi_1117.jpg,glioma/Tr-gl_1117.jpg
133,notumor/Tr-no_1118.jpg,meningioma/Tr-me_1028.jpg,pituitary/Tr-pi_1118.jpg,glioma/Tr-gl_1118.jpg
134,notumor/Tr-no_1119.jpg,meningioma/Tr-me_1029.jpg,pituitary/Tr-pi_1119.jpg,glioma/Tr-gl_1119.jpg
135,notumor/Tr-no_112.jpg,meningioma/Tr-me_103.jpg,pituitary/Tr-pi_112.jpg,glioma/Tr-gl_112.jpg
136,notumor/Tr-no_1120.jpg,meningioma/Tr-me_1030.jpg,pituitary/Tr-pi_1120.jpg,glioma/Tr-gl_1120.jpg
137,notumor/Tr-no_1121.jpg,meningioma/Tr-me_1031.jpg,pituitary/Tr-pi_1121.jpg,glioma/Tr-gl_1121.jpg
138,notumor/Tr-no_1122.jpg,meningioma/Tr-me_1032.jpg,pituitary/Tr-pi_1122.jpg,glioma/Tr-gl_1122.jpg
139,notumor/Tr-no_1123.jpg,meningioma/Tr-me_1033.jpg,pituitary/Tr-pi_1123.jpg,glioma/Tr-gl_1123.jpg
140,notumor/Tr-no_1124.jpg,meningioma/Tr-me_1034.jpg,pituitary/Tr-pi_1124.jpg,glioma/Tr-gl_1124.jpg
141,notumor/Tr-no_1125.jpg,meningioma/Tr-me_1035.jpg,pituitary/Tr-pi_1125.jpg,glioma/Tr-gl_1125.jpg
142,notumor/Tr-no_1126.jpg,meningioma/Tr-me_1036.jpg,pituitary/Tr-pi_1126.jpg,glioma/Tr-gl_1126.jpg
143,notumor/Tr-no_1127.jpg,meningioma/Tr-me_1037.jpg,pituitary/Tr-pi_1127.jpg,glioma/Tr-gl_1127.jpg
144,notumor/Tr-no_1128.jpg,meningioma/Tr-me_1038.jpg,pituitary/Tr-pi_1128.jpg,glioma/Tr-gl_1128.jpg
145,notumor/Tr-no_1129.jpg,meningioma/Tr-me_1039.jpg,pituitary/Tr-pi_1129.jpg,glioma/Tr-gl_1129.jpg
146,notumor/Tr-no_113.jpg,meningioma/Tr-me_104.jpg,pituitary/Tr-pi_113.jpg,glioma/Tr-gl_113.jpg
147,notumor/Tr-no_1130.jpg,meningioma/Tr-me_1040.jpg,pituitary/Tr-pi_1130.jpg,glioma/Tr-gl_1130.jpg
148,notumor/Tr-no_1131.jpg,meningioma/Tr-me_1041.jpg,pituitary/Tr-pi_1131.jpg,glioma/Tr-gl_1131.jpg
149,notumor/Tr-no_1132.jpg,meningioma/Tr-me_1042.jpg,pituitary/Tr-pi_1132.jpg,glioma/Tr-gl_1132.jpg
150,notumor/Tr-no_1133.jpg,meningioma/Tr-me_1043.jpg,pituitary/Tr-pi_1133.jpg,glioma/Tr-gl_1133.jpg
151,notumor/Tr-no_1134.jpg,meningioma/Tr-me_1044.jpg,pituitary/Tr-pi_1134.jpg,glioma/Tr-gl_1134.jpg
152,notumor/Tr-no_1135.jpg,meningioma/Tr-me_1045.jpg,pituitary/Tr-pi_1135.jpg,glioma/Tr-gl_1135.jpg
153,notumor/Tr-no_1136.jpg,meningioma/Tr-me_1046.jpg,pituitary/Tr-pi_1136.jpg,glioma/Tr-gl_1136.jpg
154,notumor/Tr-no_1137.jpg,meningioma/Tr-me_1047.jpg,pituitary/Tr-pi_1137.jpg,glioma/Tr-gl_1137.jpg
155,notumor/Tr-no_1138.jpg,meningioma/Tr-me_1048.jpg,pituitary/Tr-pi_1138.jpg,glioma/Tr-gl_1138.jpg
156,notumor/Tr-no_1139.jpg,meningioma/Tr-me_1049.jpg,pituitary/Tr-pi_1139.jpg,glioma/Tr-gl_1139.jpg
157,notumor/Tr-no_114.jpg,meningioma/Tr-me_105.jpg,pituitary/Tr-pi_114.jpg,glioma/Tr-gl_114.jpg
158,notumor/Tr-no_1140.jpg,meningioma/Tr-me_1050.jpg,pituitary/Tr-pi_1140.jpg,glioma/Tr-gl_1140.jpg
159,notumor/Tr-no_1141.jpg,meningioma/Tr-me_1051.jpg,pituitary/Tr-pi_1141.jpg,glioma/Tr-gl_1141.jpg
160,notumor/Tr-no_1142.jpg,meningioma/Tr-me_1052.jpg,pituitary/Tr-pi_1142.jpg,glioma/Tr-gl_1142.jpg
161,notumor/Tr-no_1143.jpg,meningioma/Tr-me_1053.jpg,pituitary/Tr-pi_1143.jpg,glioma/Tr-gl_1143.jpg
162,notumor/Tr-no_1144.jpg,meningioma/Tr-me_1054.jpg,pituitary/Tr-pi_1144.jpg,glioma/Tr-gl_1144.jpg
163,notumor/Tr-no_1145.jpg,meningioma/Tr-me_1055.jpg,pituitary/Tr-pi_1145.jpg,glioma/Tr-gl_1145.jpg
164,notumor/Tr-no_1146.jpg,meningioma/Tr-me_1056.jpg,pituitary/Tr-pi_1146.jpg,glioma/Tr-gl_1146.jpg
165,notumor/Tr-no_1147.jpg,meningioma/Tr-me_1057.jpg,pituitary/Tr-pi_1147.jpg,glioma/Tr-gl_1147.jpg
166,notumor/Tr-no_1148.jpg,meningioma/Tr-me_1058.jpg,pituitary/Tr-pi_1148.jpg,glioma/Tr-gl_1148.jpg
167,notumor/Tr-no_1149.jpg,meningioma/Tr-me_1059.jpg,pituitary/Tr-pi_1149.jpg,glioma/Tr-gl_1149.jpg
168,notumor/Tr-no_115.jpg,meningioma/Tr-me_106.jpg,pituitary/Tr-pi_115.jpg,glioma/Tr-gl_115.jpg
169,notumor/Tr-no_1150.jpg,meningioma/Tr-me_1060.jpg,pituitary/Tr-pi_1150.jpg,glioma/Tr-gl_1150.jpg
170,notumor/Tr-no_1151.jpg,meningioma/Tr-me_1061.jpg,pituitary/Tr-pi_1151.jpg,glioma/Tr-gl_1151.jpg
171,notumor/Tr-no_1152.jpg,meningioma/Tr-me_1062.jpg,pituitary/Tr-pi_1152.jpg,glioma/Tr-gl_1152.jpg
172,notumor/Tr-no_1153.jpg,meningioma/Tr-me_1063.jpg,pituitary/Tr-pi_1153.jpg,glioma/Tr-gl_1153.jpg
173,notumor/Tr-no_1154.jpg,meningioma/Tr-me_1064.jpg,pituitary/Tr-pi_1154.jpg,glioma/Tr-gl_1154.jpg
174,notumor/Tr-no_1155.jpg,meningioma/Tr-me_1065.jpg,pituitary/Tr-pi_1155.jpg,glioma/Tr-gl_1155.jpg
175,notumor/Tr-no_1156.jpg,meningioma/Tr-me_1066.jpg,pituitary/Tr-pi_1156.jpg,glioma/Tr-gl_1156.jpg
176,notumor/Tr-no_1157.jpg,meningioma/Tr-me_1067.jpg,pituitary/Tr-pi_1157.jpg,glioma/Tr-gl_1157.jpg
177,notumor/Tr-no_1158.jpg,meningioma/Tr-me_1068.jpg,pituitary/Tr-pi_1158.jpg,glioma/Tr-gl_1158.jpg
178,notumor/Tr-no_1159.jpg,meningioma/Tr-me_1069.jpg,pituitary/Tr-pi_1159.jpg,glioma/Tr-gl_1159.jpg
179,notumor/Tr-no_116.jpg,meningioma/Tr-me_107.jpg,pituitary/Tr-pi_116.jpg,glioma/Tr-gl_116.jpg
180,notumor/Tr-no_1160.jpg,meningioma/Tr-me_1070.jpg,pituitary/Tr-pi_1160.jpg,glioma/Tr-gl_1160.jpg
181,notumor/Tr-no_1161.jpg,meningioma/Tr-me_1071.jpg,pituitary/Tr-pi_1161.jpg,glioma/Tr-gl_1161.jpg
182,notumor/Tr-no_1162.jpg,meningioma/Tr-me_1072.jpg,pituitary/Tr-pi_1162.jpg,glioma/Tr-gl_1162.jpg
183,notumor/Tr-no_1163.jpg,meningioma/Tr-me_1073.jpg,pituitary/Tr-pi_1163.jpg,glioma/Tr-gl_1163.jpg
184,notumor/Tr-no_1164.jpg,meningioma/Tr-me_1074.jpg,pituitary/Tr-pi_1164.jpg,glioma/Tr-gl_1164.jpg
185,notumor/Tr-no_1165.jpg,meningioma/Tr-me_1075.jpg,pituitary/Tr-pi_1165.jpg,glioma/Tr-gl_1165.jpg
186,notumor/Tr-no_1166.jpg,meningioma/Tr-me_1076.jpg,pituitary/Tr-pi_1166.jpg,glioma/Tr-gl_1166.jpg
187,notumor/Tr-no_1167.jpg,meningioma/Tr-me_1077.jpg,pituitary/Tr-pi_1167.jpg,glioma/Tr-gl_1167.jpg
188,notumor/Tr-no_1168.jpg,meningioma/Tr-me_1078.jpg,pituitary/Tr-pi_1168.jpg,glioma/Tr-gl_1168.jpg
189,notumor/Tr-no_1169.jpg,meningioma/Tr-me_1079.jpg,pituitary/Tr-pi_1169.jpg,glioma/Tr-gl_1169.jpg
190,notumor/Tr-no_117.jpg,meningioma/Tr-me_108.jpg,pituitary/Tr-pi_117.jpg,glioma/Tr-gl_117.jpg
191,notumor/Tr-no_1170.jpg,meningioma/Tr-me_1080.jpg,pituitary/Tr-pi_1170.jpg,glioma/Tr-gl_1170.jpg
192,notumor/Tr-no_1171.jpg,meningioma/Tr-me_1081.jpg,pituitary/Tr-pi_1171.jpg,glioma/Tr-gl_1171.jpg
193,notumor/Tr-no_1172.jpg,meningioma/Tr-me_1082.jpg,pituitary/Tr-pi_1172.jpg,glioma/Tr-gl_1172.jpg
194,notumor/Tr-no_1173.jpg,meningioma/Tr-me_1083.jpg,pituitary/Tr-pi_1173.jpg,glioma/Tr-gl_1173.jpg
195,notumor/Tr-no_1174.jpg,meningioma/Tr-me_1084.jpg,pituitary/Tr-pi_1174.jpg,glioma/Tr-gl_1174.jpg
196,notumor/Tr-no_1175.jpg,meningioma/Tr-me_1085.jpg,pituitary/Tr-pi_1175.jpg,glioma/Tr-gl_1175.jpg
197,notumor/Tr-no_1176.jpg,meningioma/Tr-me_1086.jpg,pituitary/Tr-pi_1176.jpg,glioma/Tr-gl_1176.jpg
198,notumor/Tr-no_1177.jpg,meningioma/Tr-me_1087.jpg,pituitary/Tr-pi_1177.jpg,glioma/Tr-gl_1177.jpg
199,notumor/Tr-no_1178.jpg,meningioma/Tr-me_1088.jpg,pituitary/Tr-pi_1178.jpg,glioma/Tr-gl_1178.jpg
200,notumor/Tr-no_1179.jpg,meningioma/Tr-me_1089.jpg,pituitary/Tr-pi_1179.jpg,glioma/Tr-gl_1179.jpg
201,notumor/Tr-no_118.jpg,meningioma/Tr-me_109.jpg,pituitary/Tr-pi_118.jpg,glioma/Tr-gl_118.jpg
202,notumor/Tr-no_1180.jpg,meningioma/Tr-me_1090.jpg,pituitary/Tr-pi_1180.jpg,glioma/Tr-gl_1180.jpg
203,notumor/Tr-no_1181.jpg,meningioma/Tr-me_1091.jpg,pituitary/Tr-pi_1181.jpg,glioma/Tr-gl_1181.jpg
204,notumor/Tr-no_1182.jpg,meningioma/Tr-me_1092.jpg,pituitary/Tr-pi_1182.jpg,glioma/Tr-gl_1182.jpg
205,notumor/Tr-no_1183.jpg,meningioma/Tr-me_1093.jpg,pituitary/Tr-pi_1183.jpg,glioma/Tr-gl_1183.jpg
206,notumor/Tr-no_1184.jpg,meningioma/Tr-me_1094.jpg,pituitary/Tr-pi_1184.jpg,glioma/Tr-gl_1184.jpg
207,notumor/Tr-no_1185.jpg,meningioma/Tr-me_1095.jpg,pituitary/Tr-pi_1185.jpg,glioma/Tr-gl_1185.jpg
208,notumor/Tr-no_1186.jpg,meningioma/Tr-me_1096.jpg,pituitary/Tr-pi_1186.jpg,glioma/Tr-gl_1186.jpg
209,notumor/Tr-no_1187.jpg,meningioma/Tr-me_1097.jpg,pituitary/Tr-pi_1187.jpg,glioma/Tr-gl_1187.jpg
210,notumor/Tr-no_1188.jpg,meningioma/Tr-me_1098.jpg,pituitary/Tr-pi_1188.jpg,glioma/Tr-gl_1188.jpg
211,notumor/Tr-no_1189.jpg,meningioma/Tr-me_1099.jpg,pituitary/Tr-pi_1189.jpg,glioma/Tr-gl_1189.jpg
212,notumor/Tr-no_119.jpg,meningioma/Tr-me_11.jpg,pituitary/Tr-pi_119.jpg,glioma/Tr-gl_119.jpg
213,notumor/Tr-no_1190.jpg,meningioma/Tr-me_110.jpg,pituitary/Tr-pi_1190.jpg,glioma/Tr-gl_1190.jpg
214,notumor/Tr-no_1191.jpg,meningioma/Tr-me_1100.jpg,pituitary/Tr-pi_1191.jpg,glioma/Tr-gl_1191.jpg
215,notumor/Tr-no_1192.jpg,meningioma/Tr-me_1101.jpg,pituitary/Tr-pi_1192.jpg,glioma/Tr-gl_1192.jpg
216,notumor/Tr-no_1193.jpg,meningioma/Tr-me_1102.jpg,pituitary/Tr-pi_1193.jpg,glioma/Tr-gl_1193.jpg
217,notumor/Tr-no_1194.jpg,meningioma/Tr-me_1103.jpg,pituitary/Tr-pi_1194.jpg,glioma/Tr-gl_1194.jpg
218,notumor/Tr-no_1195.jpg,meningioma/Tr-me_1104.jpg,pituitary/Tr-pi_1195.jpg,glioma/Tr-gl_1195.jpg
219,notumor/Tr-no_1196.jpg,meningioma/Tr-me_1105.jpg,pituitary/Tr-pi_1196.jpg,glioma/Tr-gl_1196.jpg
220,notumor/Tr-no_1197.jpg,meningioma/Tr-me_1106.jpg,pituitary/Tr-pi_1197.jpg,glioma/Tr-gl_1197.jpg
221,notumor/Tr-no_1198.jpg,meningioma/Tr-me_1107.jpg,pituitary/Tr-pi_1198.jpg,glioma/Tr-gl_1198.jpg
222,notumor/Tr-no_1199.jpg,meningioma/Tr-me_1108.jpg,pituitary/Tr-pi_1199.jpg,glioma/Tr-gl_1199.jpg
223,notumor/Tr-no_12.jpg,meningioma/Tr-me_1109.jpg,pituitary/Tr-pi_12.jpg,glioma/Tr-gl_12.jpg
224,notumor/Tr-no_120.jpg,meningioma/Tr-me_111.jpg,pituitary/Tr-pi_120.jpg,glioma/Tr-gl_120.jpg
225,notumor/Tr-no_1200.jpg,meningioma/Tr-me_1110.jpg,pituitary/Tr-pi_1200.jpg,glioma/Tr-gl_1200.jpg
226,notumor/Tr-no_1201.jpg,meningioma/Tr-me_1111.jpg,pituitary/Tr-pi_1201.jpg,glioma/Tr-gl_1201.jpg
227,notumor/Tr-no_1202.jpg,meningioma/Tr-me_1112.jpg,pituitary/Tr-pi_1202.jpg,glioma/Tr-gl_1202.jpg
228,notumor/Tr-no_1203.jpg,meningioma/Tr-me_1113.jpg,pituitary/Tr-pi_1203.jpg,glioma/Tr-gl_1203.jpg
229,notumor/Tr-no_1204.jpg,meningioma/Tr-me_1114.jpg,pituitary/Tr-pi_1204.jpg,glioma/Tr-gl_1204.jpg
230,notumor/Tr-no_1205.jpg,meningioma/Tr-me_1115.jpg,pituitary/Tr-pi_1205.jpg,glioma/Tr-gl_1205.jpg
231,notumor/Tr-no_1206.jpg,meningioma/Tr-me_1116.jpg,pituitary/Tr-pi_1206.jpg,glioma/Tr-gl_1206.jpg
232,notumor/Tr-no_1207.jpg,meningioma/Tr-me_1117.jpg,pituitary/Tr-pi_1207.jpg,glioma/Tr-gl_1207.jpg
233,notumor/Tr-no_1208.jpg,meningioma/Tr-me_1118.jpg,pituitary/Tr-pi_1208.jpg,glioma/Tr-gl_1208.jpg
234,notumor/Tr-no_1209.jpg,meningioma/Tr-me_1119.jpg,pituitary/Tr-pi_1209.jpg,glioma/Tr-gl_1209.jpg
235,notumor/Tr-no_121.jpg,meningioma/Tr-me_112.jpg,pituitary/Tr-pi_121.jpg,glioma/Tr-gl_121.jpg
236,notumor/Tr-no_1210.jpg,meningioma/Tr-me_1120.jpg,pituitary/Tr-pi_1210.jpg,glioma/Tr-gl_1210.jpg
237,notumor/Tr-no_1211.jpg,meningioma/Tr-me_1121.jpg,pituitary/Tr-pi_1211.jpg,glioma/Tr-gl_1211.jpg
238,notumor/Tr-no_1212.jpg,meningioma/Tr-me_1122.jpg,pituitary/Tr-pi_1212.jpg,glioma/Tr-gl_1212.jpg
239,notumor/Tr-no_1213.jpg,meningioma/Tr-me_1123.jpg,pituitary/Tr-pi_1213.jpg,glioma/Tr-gl_1213.jpg
240,notumor/Tr-no_1214.jpg,meningioma/Tr-me_1124.jpg,pituitary/Tr-pi_1214.jpg,glioma/Tr-gl_1214.jpg
241,notumor/Tr-no_1215.jpg,meningioma/Tr-me_1125.jpg,pituitary/Tr-pi_1215.jpg,glioma/Tr-gl_1215.jpg
242,notumor/Tr-no_1216.jpg,meningioma/Tr-me_1126.jpg,pituitary/Tr-pi_1216.jpg,glioma/Tr-gl_1216.jpg
243,notumor/Tr-no_1217.jpg,meningioma/Tr-me_1127.jpg,pituitary/Tr-pi_1217.jpg,glioma/Tr-gl_1217.jpg
244,notumor/Tr-no_1218.jpg,meningioma/Tr-me_1128.jpg,pituitary/Tr-pi_1218.jpg,glioma/Tr-gl_1218.jpg
245,notumor/Tr-no_1219.jpg,meningioma/Tr-me_1129.jpg,pituitary/Tr-pi_1219.jpg,glioma/Tr-gl_1219.jpg
246,notumor/Tr-no_122.jpg,meningioma/Tr-me_113.jpg,pituitary/Tr-pi_122.jpg,glioma/Tr-gl_122.jpg
247,notumor/Tr-no_1220.jpg,meningioma/Tr-me_1130.jpg,pituitary/Tr-pi_1220.jpg,glioma/Tr-gl_1220.jpg
248,notumor/Tr-no_1221.jpg,meningioma/Tr-me_1131.jpg,pituitary/Tr-pi_1221.jpg,glioma/Tr-gl_1221.jpg
249,notumor/Tr-no_1222.jpg,meningioma/Tr-me_1132.jpg,pituitary/Tr-pi_1222.jpg,glioma/Tr-gl_1222.jpg
250,notumor/Tr-no_1223.jpg,meningioma/Tr-me_1133.jpg,pituitary/Tr-pi_1223.jpg,glioma/Tr-gl_1223.jpg
251,notumor/Tr-no_1224.jpg,meningioma/Tr-me_1134.jpg,pituitary/Tr-pi_1224.jpg,glioma/Tr-gl_1224.jpg
252,notumor/Tr-no_1225.jpg,meningioma/Tr-me_1135.jpg,pituitary/Tr-pi_1225.jpg,glioma/Tr-gl_1225.jpg
253,notumor/Tr-no_1226.jpg,meningioma/Tr-me_1136.jpg,pituitary/Tr-pi_1226.jpg,glioma/Tr-gl_1226.jpg
254,notumor/Tr-no_1227.jpg,meningioma/Tr-me_1137.jpg,pituitary/Tr-pi_1227.jpg,glioma/Tr-gl_1227.jpg
255,notumor/Tr-no_1228.jpg,meningioma/Tr-me_1138.jpg,pituitary/Tr-pi_1228.jpg,glioma/Tr-gl_1228.jpg
256,notumor/Tr-no_1229.jpg,meningioma/Tr-me_1139.jpg,pituitary/Tr-pi_1229.jpg,glioma/Tr-gl_1229.jpg
257,notumor/Tr-no_123.jpg,meningioma/Tr-me_114.jpg,pituitary/Tr-pi_123.jpg,glioma/Tr-gl_123.jpg
258,notumor/Tr-no_1230.jpg,meningioma/Tr-me_1140.jpg,pituitary/Tr-pi_1230.jpg,glioma/Tr-gl_1230.jpg
259,notumor/Tr-no_1231.jpg,meningioma/Tr-me_1141.jpg,pituitary/Tr-pi_1231.jpg,glioma/Tr-gl_1231.jpg
260,notumor/Tr-no_1232.jpg,meningioma/Tr-me_1142.jpg,pituitary/Tr-pi_1232.jpg,glioma/Tr-gl_1232.jpg
261,notumor/Tr-no_1233.jpg,meningioma/Tr-me_1143.jpg,pituitary/Tr-pi_1233.jpg,glioma/Tr-gl_1233.jpg
262,notumor/Tr-no_1234.jpg,meningioma/Tr-me_1144.jpg,pituitary/Tr-pi_1234.jpg,glioma/Tr-gl_1234.jpg
263,notumor/Tr-no_1235.jpg,meningioma/Tr-me_1145.jpg,pituitary/Tr-pi_1235.jpg,glioma/Tr-gl_1235.jpg
264,notumor/Tr-no_1236.jpg,meningioma/Tr-me_1146.jpg,pituitary/Tr-pi_1236.jpg,glioma/Tr-gl_1236.jpg
265,notumor/Tr-no_1237.jpg,meningioma/Tr-me_1147.jpg,pituitary/Tr-pi_1237.jpg,glioma/Tr-gl_1237.jpg
266,notumor/Tr-no_1238.jpg,meningioma/Tr-me_1148.jpg,pituitary/Tr-pi_1238.jpg,glioma/Tr-gl_1238.jpg
267,notumor/Tr-no_1239.jpg,meningioma/Tr-me_1149.jpg,pituitary/Tr-pi_1239.jpg,glioma/Tr-gl_1239.jpg
268,notumor/Tr-no_124.jpg,meningioma/Tr-me_115.jpg,pituitary/Tr-pi_124.jpg,glioma/Tr-gl_124.jpg
269,notumor/Tr-no_1240.jpg,meningioma/Tr-me_1150.jpg,pituitary/Tr-pi_1240.jpg,glioma/Tr-gl_1240.jpg
270,notumor/Tr-no_1241.jpg,meningioma/Tr-me_1151.jpg,pituitary/Tr-pi_1241.jpg,glioma/Tr-gl_1241.jpg
271,notumor/Tr-no_1242.jpg,meningioma/Tr-me_1152.jpg,pituitary/Tr-pi_1242.jpg,glioma/Tr-gl_1242.jpg
272,notumor/Tr-no_1243.jpg,meningioma/Tr-me_1153.jpg,pituitary/Tr-pi_1243.jpg,glioma/Tr-gl_1243.jpg
273,notumor/Tr-no_1244.jpg,meningioma/Tr-me_1154.jpg,pituitary/Tr-pi_1244.jpg,glioma/Tr-gl_1244.jpg
274,notumor/Tr-no_1245.jpg,meningioma/Tr-me_1155.jpg,pituitary/Tr-pi_1245.jpg,glioma/Tr-gl_1245.jpg
275,notumor/Tr-no_1246.jpg,meningioma/Tr-me_1156.jpg,pituitary/Tr-pi_1246.jpg,glioma/Tr-gl_1246.jpg
276,notumor/Tr-no_1247.jpg,meningioma/Tr-me_1157.jpg,pituitary/Tr-pi_1247.jpg,glioma/Tr-gl_1247.jpg
277,notumor/Tr-no_1248.jpg,meningioma/Tr-me_1158.jpg,pituitary/Tr-pi_1248.jpg,glioma/Tr-gl_1248.jpg
278,notumor/Tr-no_1249.jpg,meningioma/Tr-me_1159.jpg,pituitary/Tr-pi_1249.jpg,glioma/Tr-gl_1249.jpg
279,notumor/Tr-no_125.jpg,meningioma/Tr-me_116.jpg,pituitary/Tr-pi_125.jpg,glioma/Tr-gl_125.jpg
280,notumor/Tr-no_1250.jpg,meningioma/Tr-me_1160.jpg,pituitary/Tr-pi_1250.jpg,glioma/Tr-gl_1250.jpg
281,notumor/Tr-no_1251.jpg,meningioma/Tr-me_1161.jpg,pituitary/Tr-pi_1251.jpg,glioma/Tr-gl_1251.jpg
282,notumor/Tr-no_1252.jpg,meningioma/Tr-me_1162.jpg,pituitary/Tr-pi_1252.jpg,glioma/Tr-gl_1252.jpg
283,notumor/Tr-no_1253.jpg,meningioma/Tr-me_1163.jpg,pituitary/Tr-pi_1253.jpg,glioma/Tr-gl_1253.jpg
284,notumor/Tr-no_1254.jpg,meningioma/Tr-me_1164.jpg,pituitary/Tr-pi_1254.jpg,glioma/Tr-gl_1254.jpg
285,notumor/Tr-no_1255.jpg,meningioma/Tr-me_1165.jpg,pituitary/Tr-pi_1255.jpg,glioma/Tr-gl_1255.jpg
286,notumor/Tr-no_1256.jpg,meningioma/Tr-me_1166.jpg,pituitary/Tr-pi_1256.jpg,glioma/Tr-gl_1256.jpg
287,notumor/Tr-no_1257.jpg,meningioma/Tr-me_1167.jpg,pituitary/Tr-pi_1257.jpg,glioma/Tr-gl_1257.jpg
288,notumor/Tr-no_1258.jpg,meningioma/Tr-me_1168.jpg,pituitary/Tr-pi_1258.jpg,glioma/Tr-gl_1258.jpg
289,notumor/Tr-no_1259.jpg,meningioma/Tr-me_1169.jpg,pituitary/Tr-pi_1259.jpg,glioma/Tr-gl_1259.jpg
290,notumor/Tr-no_126.jpg,meningioma/Tr-me_117.jpg,pituitary/Tr-pi_126.jpg,glioma/Tr-gl_126.jpg
291,notumor/Tr-no_1260.jpg,meningioma/Tr-me_1170.jpg,pituitary/Tr-pi_1260.jpg,glioma/Tr-gl_1260.jpg
292,notumor/Tr-no_1261.jpg,meningioma/Tr-me_1171.jpg,pituitary/Tr-pi_1261.jpg,glioma/Tr-gl_1261.jpg
293,notumor/Tr-no_1262.jpg,meningioma/Tr-me_1172.jpg,pituitary/Tr-pi_1262.jpg,glioma/Tr-gl_1262.jpg
294,notumor/Tr-no_1263.jpg,meningioma/Tr-me_1173.jpg,pituitary/Tr-pi_1263.jpg,glioma/Tr-gl_1263.jpg
295,notumor/Tr-no_1264.jpg,meningioma/Tr-me_1174.jpg,pituitary/Tr-pi_1264.jpg,glioma/Tr-gl_1264.jpg
296,notumor/Tr-no_1265.jpg,meningioma/Tr-me_1175.jpg,pituitary/Tr-pi_1265.jpg,glioma/Tr-gl_1265.jpg
297,notumor/Tr-no_1266.jpg,meningioma/Tr-me_1176.jpg,pituitary/Tr-pi_1266.jpg,glioma/Tr-gl_1266.jpg
298,notumor/Tr-no_1267.jpg,meningioma/Tr-me_1177.jpg,pituitary/Tr-pi_1267.jpg,glioma/Tr-gl_1267.jpg
299,notumor/Tr-no_1268.jpg,meningioma/Tr-me_1178.jpg,pituitary/Tr-pi_1268.jpg,glioma/Tr-gl_1268.jpg
300,notumor/Tr-no_1269.jpg,meningioma/Tr-me_1179.jpg,pituitary/Tr-pi_1269.jpg,glioma/Tr-gl_1269.jpg
301,notumor/Tr-no_127.jpg,meningioma/Tr-me_118.jpg,pituitary/Tr-pi_127.jpg,glioma/Tr-gl_127.jpg
302,notumor/Tr-no_1270.jpg,meningioma/Tr-me_1180.jpg,pituitary/Tr-pi_1270.jpg,glioma/Tr-gl_1270.jpg
303,notumor/Tr-no_1271.jpg,meningioma/Tr-me_1181.jpg,pituitary/Tr-pi_1271.jpg,glioma/Tr-gl_1271.jpg
304,notumor/Tr-no_1272.jpg,meningioma/Tr-me_1182.jpg,pituitary/Tr-pi_1272.jpg,glioma/Tr-gl_1272.jpg
305,notumor/Tr-no_1273.jpg,meningioma/Tr-me_1183.jpg,pituitary/Tr-pi_1273.jpg,glioma/Tr-gl_1273.jpg
306,notumor/Tr-no_1274.jpg,meningioma/Tr-me_1184.jpg,pituitary/Tr-pi_1274.jpg,glioma/Tr-gl_1274.jpg
307,notumor/Tr-no_1275.jpg,meningioma/Tr-me_1185.jpg,pituitary/Tr-pi_1275.jpg,glioma/Tr-gl_1275.jpg
308,notumor/Tr-no_1276.jpg,meningioma/Tr-me_1186.jpg,pituitary/Tr-pi_1276.jpg,glioma/Tr-gl_1276.jpg
309,notumor/Tr-no_1277.jpg,meningioma/Tr-me_1187.jpg,pituitary/Tr-pi_1277.jpg,glioma/Tr-gl_1277.jpg
310,notumor/Tr-no_1278.jpg,meningioma/Tr-me_1188.jpg,pituitary/Tr-pi_1278.jpg,glioma/Tr-gl_1278.jpg
311,notumor/Tr-no_1279.jpg,meningioma/Tr-me_1189.jpg,pituitary/Tr-pi_1279.jpg,glioma/Tr-gl_1279.jpg
312,notumor/Tr-no_128.jpg,meningioma/Tr-me_119.jpg,pituitary/Tr-pi_128.jpg,glioma/Tr-gl_128.jpg
313,notumor/Tr-no_1280.jpg,meningioma/Tr-me_1190.jpg,pituitary/Tr-pi_1280.jpg,glioma/Tr-gl_1280.jpg
314,notumor/Tr-no_1281.jpg,meningioma/Tr-me_1191.jpg,pituitary/Tr-pi_1281.jpg,glioma/Tr-gl_1281.jpg
315,notumor/Tr-no_1282.jpg,meningioma/Tr-me_1192.jpg,pituitary/Tr-pi_1282.jpg,glioma/Tr-gl_1282.jpg
316,notumor/Tr-no_1283.jpg,meningioma/Tr-me_1193.jpg,pituitary/Tr-pi_1283.jpg,glioma/Tr-gl_1283.jpg
317,notumor/Tr-no_1284.jpg,meningioma/Tr-me_1194.jpg,pituitary/Tr-pi_1284.jpg,glioma/Tr-gl_1284.jpg
318,notumor/Tr-no_1285.jpg,meningioma/Tr-me_1195.jpg,pituitary/Tr-pi_1285.jpg,glioma/Tr-gl_1285.jpg
319,notumor/Tr-no_1286.jpg,meningioma/Tr-me_1196.jpg,pituitary/Tr-pi_1286.jpg,glioma/Tr-gl_1286.jpg
320,notumor/Tr-no_1287.jpg,meningioma/Tr-me_1197.jpg,pituitary/Tr-pi_1287.jpg,glioma/Tr-gl_1287.jpg
321,notumor/Tr-no_1288.jpg,meningioma/Tr-me_1198.jpg,pituitary/Tr-pi_1288.jpg,glioma/Tr-gl_1288.jpg
322,notumor/Tr-no_1289.jpg,meningioma/Tr-me_1199.jpg,pituitary/Tr-pi_1289.jpg,glioma/Tr-gl_1289.jpg
323,notumor/Tr-no_129.jpg,meningioma/Tr-me_12.jpg,pituitary/Tr-pi_129.jpg,glioma/Tr-gl_129.jpg
324,notumor/Tr-no_1290.jpg,meningioma/Tr-me_120.jpg,pituitary/Tr-pi_1290.jpg,glioma/Tr-gl_1290.jpg
325,notumor/Tr-no_1291.jpg,meningioma/Tr-me_1200.jpg,pituitary/Tr-pi_1291.jpg,glioma/Tr-gl_1291.jpg
326,notumor/Tr-no_1292.jpg,meningioma/Tr-me_1201.jpg,pituitary/Tr-pi_1292.jpg,glioma/Tr-gl_1292.jpg
327,notumor/Tr-no_1293.jpg,meningioma/Tr-me_1202.jpg,pituitary/Tr-pi_1293.jpg,glioma/Tr-gl_1293.jpg
328,notumor/Tr-no_1294.jpg,meningioma/Tr-me_1203.jpg,pituitary/Tr-pi_1294.jpg,glioma/Tr-gl_1294.jpg
329,notumor/Tr-no_1295.jpg,meningioma/Tr-me_1204.jpg,pituitary/Tr-pi_1295.jpg,glioma/Tr-gl_1295.jpg
330,notumor/Tr-no_1296.jpg,meningioma/Tr-me_1205.jpg,pituitary/Tr-pi_1296.jpg,glioma/Tr-gl_1296.jpg
331,notumor/Tr-no_1297.jpg,meningioma/Tr-me_1206.jpg,pituitary/Tr-pi_1297.jpg,glioma/Tr-gl_1297.jpg
332,notumor/Tr-no_1298.jpg,meningioma/Tr-me_1207.jpg,pituitary/Tr-pi_1298.jpg,glioma/Tr-gl_1298.jpg
333,notumor/Tr-no_1299.jpg,meningioma/Tr-me_1208.jpg,pituitary/Tr-pi_1299.jpg,glioma/Tr-gl_1299.jpg
334,notumor/Tr-no_13.jpg,meningioma/Tr-me_1209.jpg,pituitary/Tr-pi_13.jpg,glioma/Tr-gl_13.jpg
335,notumor/Tr-no_130.jpg,meningioma/Tr-me_121.jpg,pituitary/Tr-pi_130.jpg,glioma/Tr-gl_130.jpg
336,notumor/Tr-no_1300.jpg,meningioma/Tr-me_1210.jpg,pituitary/Tr-pi_1300.jpg,glioma/Tr-gl_1300.jpg
337,notumor/Tr-no_1301.jpg,meningioma/Tr-me_1211.jpg,pituitary/Tr-pi_1301.jpg,glioma/Tr-gl_1301.jpg
338,notumor/Tr-no_1302.jpg,meningioma/Tr-me_1212.jpg,pituitary/Tr-pi_1302.jpg,glioma/Tr-gl_1302.jpg
339,notumor/Tr-no_1303.jpg,meningioma/Tr-me_1213.jpg,pituitary/Tr-pi_1303.jpg,glioma/Tr-gl_1303.jpg
340,notumor/Tr-no_1304.jpg,meningioma/Tr-me_1214.jpg,pituitary/Tr-pi_1304.jpg,glioma/Tr-gl_1304.jpg
341,notumor/Tr-no_1305.jpg,meningioma/Tr-me_1215.jpg,pituitary/Tr-pi_1305.jpg,glioma/Tr-gl_1305.jpg
342,notumor/Tr-no_1306.jpg,meningioma/Tr-me_1216.jpg,pituitary/Tr-pi_1306.jpg,glioma/Tr-gl_1306.jpg
343,notumor/Tr-no_1307.jpg,meningioma/Tr-me_1217.jpg,pituitary/Tr-pi_1307.jpg,glioma/Tr-gl_1307.jpg
344,notumor/Tr-no_1308.jpg,meningioma/Tr-me_1218.jpg,pituitary/Tr-pi_1308.jpg,glioma/Tr-gl_1308.jpg
345,notumor/Tr-no_1309.jpg,meningioma/Tr-me_1219.jpg,pituitary/Tr-pi_1309.jpg,glioma/Tr-gl_1309.jpg
346,notumor/Tr-no_131.jpg,meningioma/Tr-me_122.jpg,pituitary/Tr-pi_131.jpg,glioma/Tr-gl_131.jpg
347,notumor/Tr-no_1310.jpg,meningioma/Tr-me_1220.jpg,pituitary/Tr-pi_1310.jpg,glioma/Tr-gl_1310.jpg
348,notumor/Tr-no_1311.jpg,meningioma/Tr-me_1221.jpg,pituitary/Tr-pi_1311.jpg,glioma/Tr-gl_1311.jpg
349,notumor/Tr-no_1312.jpg,meningioma/Tr-me_1222.jpg,pituitary/Tr-pi_1312.jpg,glioma/Tr-gl_1312.jpg
350,notumor/Tr-no_1313.jpg,meningioma/Tr-me_1223.jpg,pituitary/Tr-pi_1313.jpg,glioma/Tr-gl_1313.jpg
351,notumor/Tr-no_1314.jpg,meningioma/Tr-me_1224.jpg,pituitary/Tr-pi_1314.jpg,glioma/Tr-gl_1314.jpg
352,notumor/Tr-no_1315.jpg,meningioma/Tr-me_1225.jpg,pituitary/Tr-pi_1315.jpg,glioma/Tr-gl_1315.jpg
353,notumor/Tr-no_1316.jpg,meningioma/Tr-me_1226.jpg,pituitary/Tr-pi_1316.jpg,glioma/Tr-gl_1316.jpg
354,notumor/Tr-no_1317.jpg,meningioma/Tr-me_1227.jpg,pituitary/Tr-pi_1317.jpg,glioma/Tr-gl_1317.jpg
355,notumor/Tr-no_1318.jpg,meningioma/Tr-me_1228.jpg,pituitary/Tr-pi_1318.jpg,glioma/Tr-gl_1318.jpg
356,notumor/Tr-no_1319.jpg,meningioma/Tr-me_1229.jpg,pituitary/Tr-pi_1319.jpg,glioma/Tr-gl_1319.jpg
357,notumor/Tr-no_132.jpg,meningioma/Tr-me_123.jpg,pituitary/Tr-pi_132.jpg,glioma/Tr-gl_132.jpg
358,notumor/Tr-no_1320.jpg,meningioma/Tr-me_1230.jpg,pituitary/Tr-pi_1320.jpg,glioma/Tr-gl_1320.jpg
359,notumor/Tr-no_1321.jpg,meningioma/Tr-me_1231.jpg,pituitary/Tr-pi_1321.jpg,glioma/Tr-gl_1321.jpg
360,notumor/Tr-no_1322.jpg,meningioma/Tr-me_1232.jpg,pituitary/Tr-pi_1322.jpg,glioma/Tr-gl_1322.jpg
361,notumor/Tr-no_1323.jpg,meningioma/Tr-me_1233.jpg,pituitary/Tr-pi_1323.jpg,glioma/Tr-gl_1323.jpg
362,notumor/Tr-no_1324.jpg,meningioma/Tr-me_1234.jpg,pituitary/Tr-pi_1324.jpg,glioma/Tr-gl_1324.jpg
363,notumor/Tr-no_1325.jpg,meningioma/Tr-me_1235.jpg,pituitary/Tr-pi_1325.jpg,glioma/Tr-gl_1325.jpg
364,notumor/Tr-no_1326.jpg,meningioma/Tr-me_1236.jpg,pituitary/Tr-pi_1326.jpg,glioma/Tr-gl_1326.jpg
365,notumor/Tr-no_1327.jpg,meningioma/Tr-me_1237.jpg,pituitary/Tr-pi_1327.jpg,glioma/Tr-gl_1327.jpg
366,notumor/Tr-no_1328.jpg,meningioma/Tr-me_1238.jpg,pituitary/Tr-pi_1328.jpg,glioma/Tr-gl_1328.jpg
367,notumor/Tr-no_1329.jpg,meningioma/Tr-me_1239.jpg,pituitary/Tr-pi_1329.jpg,glioma/Tr-gl_1329.jpg
368,notumor/Tr-no_133.jpg,meningioma/Tr-me_124.jpg,pituitary/Tr-pi_133.jpg,glioma/Tr-gl_133.jpg
369,notumor/Tr-no_1330.jpg,meningioma/Tr-me_1240.jpg,pituitary/Tr-pi_1330.jpg,glioma/Tr-gl_1330.jpg
370,notumor/Tr-no_1331.jpg,meningioma/Tr-me_1241.jpg,pituitary/Tr-pi_1331.jpg,glioma/Tr-gl_1331.jpg
371,notumor/Tr-no_1332.jpg,meningioma/Tr-me_1242.jpg,pituitary/Tr-pi_1332.jpg,glioma/Tr-gl_1332.jpg
372,notumor/Tr-no_1333.jpg,meningioma/Tr-me_1243.jpg,pituitary/Tr-pi_1333.jpg,glioma/Tr-gl_1333.jpg
373,notumor/Tr-no_1334.jpg,meningioma/Tr-me_1244.jpg,pituitary/Tr-pi_1334.jpg,glioma/Tr-gl_1334.jpg
374,notumor/Tr-no_1335.jpg,meningioma/Tr-me_1245.jpg,pituitary/Tr-pi_1335.jpg,glioma/Tr-gl_1335.jpg
375,notumor/Tr-no_1336.jpg,meningioma/Tr-me_1246.jpg,pituitary/Tr-pi_1336.jpg,glioma/Tr-gl_1336.jpg
376,notumor/Tr-no_1337.jpg,meningioma/Tr-me_1247.jpg,pituitary/Tr-pi_1337.jpg,glioma/Tr-gl_1337.jpg
377,notumor/Tr-no_1338.jpg,meningioma/Tr-me_1248.jpg,pituitary/Tr-pi_1338.jpg,glioma/Tr-gl_1338.jpg
378,notumor/Tr-no_1339.jpg,meningioma/Tr-me_1249.jpg,pituitary/Tr-pi_1339.jpg,glioma/Tr-gl_1339.jpg
379,notumor/Tr-no_134.jpg,meningioma/Tr-me_125.jpg,pituitary/Tr-pi_134.jpg,glioma/Tr-gl_134.jpg
380,notumor/Tr-no_1340.jpg,meningioma/Tr-me_1250.jpg,pituitary/Tr-pi_1340.jpg,glioma/Tr-gl_1340.jpg
381,notumor/Tr-no_1341.jpg,meningioma/Tr-me_1251.jpg,pituitary/Tr-pi_1341.jpg,glioma/Tr-gl_1341.jpg
382,notumor/Tr-no_1342.jpg,meningioma/Tr-me_1252.jpg,pituitary/Tr-pi_1342.jpg,glioma/Tr-gl_1342.jpg
383,notumor/Tr-no_1343.jpg,meningioma/Tr-me_1253.jpg,pituitary/Tr-pi_1343.jpg,glioma/Tr-gl_1343.jpg
384,notumor/Tr-no_1344.jpg,meningioma/Tr-me_1254.jpg,pituitary/Tr-pi_1344.jpg,glioma/Tr-gl_1344.jpg
385,notumor/Tr-no_1345.jpg,meningioma/Tr-me_1255.jpg,pituitary/Tr-pi_1345.jpg,glioma/Tr-gl_1345.jpg
386,notumor/Tr-no_1346.jpg,meningioma/Tr-me_1256.jpg,pituitary/Tr-pi_1346.jpg,glioma/Tr-gl_1346.jpg
387,notumor/Tr-no_1347.jpg,meningioma/Tr-me_1257.jpg,pituitary/Tr-pi_1347.jpg,glioma/Tr-gl_1347.jpg
388,notumor/Tr-no_1348.jpg,meningioma/Tr-me_1258.jpg,pituitary/Tr-pi_1348.jpg,glioma/Tr-gl_1348.jpg
389,notumor/Tr-no_1349.jpg,meningioma/Tr-me_1259.jpg,pituitary/Tr-pi_1349.jpg,glioma/Tr-gl_1349.jpg
390,notumor/Tr-no_135.jpg,meningioma/Tr-me_126.jpg,pituitary/Tr-pi_135.jpg,glioma/Tr-gl_135.jpg
391,notumor/Tr-no_1350.jpg,meningioma/Tr-me_1260.jpg,pituitary/Tr-pi_1350.jpg,glioma/Tr-gl_1350.jpg
392,notumor/Tr-no_1351.jpg,meningioma/Tr-me_1261.jpg,pituitary/Tr-pi_1351.jpg,glioma/Tr-gl_1351.jpg
393,notumor/Tr-no_1352.jpg,meningioma/Tr-me_1262.jpg,pituitary/Tr-pi_1352.jpg,glioma/Tr-gl_1352.jpg
394,notumor/Tr-no_1353.jpg,meningioma/Tr-me_1263.jpg,pituitary/Tr-pi_1353.jpg,glioma/Tr-gl_1353.jpg
395,notumor/Tr-no_1354.jpg,meningioma/Tr-me_1264.jpg,pituitary/Tr-pi_1354.jpg,glioma/Tr-gl_1354.jpg
396,notumor/Tr-no_1355.jpg,meningioma/Tr-me_1265.jpg,pituitary/Tr-pi_1355.jpg,glioma/Tr-gl_1355.jpg
397,notumor/Tr-no_1356.jpg,meningioma/Tr-me_1266.jpg,pituitary/Tr-pi_1356.jpg,glioma/Tr-gl_1356.jpg
398,notumor/Tr-no_1357.jpg,meningioma/Tr-me_1267.jpg,pituitary/Tr-pi_1357.jpg,glioma/Tr-gl_1357.jpg
399,notumor/Tr-no_1358.jpg,meningioma/Tr-me_1268.jpg,pituitary/Tr-pi_1358.jpg,glioma/Tr-gl_1358.jpg
400,notumor/Tr-no_1359.jpg,meningioma/Tr-me_1269.jpg,pituitary/Tr-pi_1359.jpg,glioma/Tr-gl_1359.jpg
401,notumor/Tr-no_136.jpg,meningioma/Tr-me_127.jpg,pituitary/Tr-pi_136.jpg,glioma/Tr-gl_136.jpg
402,notumor/Tr-no_1360.jpg,meningioma/Tr-me_1270.jpg,pituitary/Tr-pi_1360.jpg,glioma/Tr-gl_1360.jpg
403,notumor/Tr-no_1361.jpg,meningioma/Tr-me_1271.jpg,pituitary/Tr-pi_1361.jpg,glioma/Tr-gl_1361.jpg
404,notumor/Tr-no_1362.jpg,meningioma/Tr-me_1272.jpg,pituitary/Tr-pi_1362.jpg,glioma/Tr-gl_1362.jpg
405,notumor/Tr-no_1363.jpg,meningioma/Tr-me_1273.jpg,pituitary/Tr-pi_1363.jpg,glioma/Tr-gl_1363.jpg
406,notumor/Tr-no_1364.jpg,meningioma/Tr-me_1274.jpg,pituitary/Tr-pi_1364.jpg,glioma/Tr-gl_1364.jpg
407,notumor/Tr-no_1365.jpg,meningioma/Tr-me_1275.jpg,pituitary/Tr-pi_1365.jpg,glioma/Tr-gl_1365.jpg
408,notumor/Tr-no_1366.jpg,meningioma/Tr-me_1276.jpg,pituitary/Tr-pi_1366.jpg,glioma/Tr-gl_1366.jpg
409,notumor/Tr-no_1367.jpg,meningioma/Tr-me_1277.jpg,pituitary/Tr-pi_1367.jpg,glioma/Tr-gl_1367.jpg
410,notumor/Tr-no_1368.jpg,meningioma/Tr-me_1278.jpg,pituitary/Tr-pi_1368.jpg,glioma/Tr-gl_1368.jpg
411,notumor/Tr-no_1369.jpg,meningioma/Tr-me_1279.jpg,pituitary/Tr-pi_1369.jpg,glioma/Tr-gl_1369.jpg
412,notumor/Tr-no_137.jpg,meningioma/Tr-me_128.jpg,pituitary/Tr-pi_137.jpg,glioma/Tr-gl_137.jpg
413,notumor/Tr-no_1370.jpg,meningioma/Tr-me_1280.jpg,pituitary/Tr-pi_1370.jpg,glioma/Tr-gl_1370.jpg
414,notumor/Tr-no_1371.jpg,meningioma/Tr-me_1281.jpg,pituitary/Tr-pi_1371.jpg,glioma/Tr-gl_1371.jpg
415,notumor/Tr-no_1372.jpg,meningioma/Tr-me_1282.jpg,pituitary/Tr-pi_1372.jpg,glioma/Tr-gl_1372.jpg
416,notumor/Tr-no_1373.jpg,meningioma/Tr-me_1283.jpg,pituitary/Tr-pi_1373.jpg,glioma/Tr-gl_1373.jpg
417,notumor/Tr-no_1374.jpg,meningioma/Tr-me_1284.jpg,pituitary/Tr-pi_1374.jpg,glioma/Tr-gl_1374.jpg
418,notumor/Tr-no_1375.jpg,meningioma/Tr-me_1285.jpg,pituitary/Tr-pi_1375.jpg,glioma/Tr-gl_1375.jpg
419,notumor/Tr-no_1376.jpg,meningioma/Tr-me_1286.jpg,pituitary/Tr-pi_1376.jpg,glioma/Tr-gl_1376.jpg
420,notumor/Tr-no_1377.jpg,meningioma/Tr-me_1287.jpg,pituitary/Tr-pi_1377.jpg,glioma/Tr-gl_1377.jpg
421,notumor/Tr-no_1378.jpg,meningioma/Tr-me_1288.jpg,pituitary/Tr-pi_1378.jpg,glioma/Tr-gl_1378.jpg
422,notumor/Tr-no_1379.jpg,meningioma/Tr-me_1289.jpg,pituitary/Tr-pi_1379.jpg,glioma/Tr-gl_1379.jpg
423,notumor/Tr-no_138.jpg,meningioma/Tr-me_129.jpg,pituitary/Tr-pi_138.jpg,glioma/Tr-gl_138.jpg
424,notumor/Tr-no_1380.jpg,meningioma/Tr-me_1290.jpg,pituitary/Tr-pi_1380.jpg,glioma/Tr-gl_1380.jpg
425,notumor/Tr-no_1381.jpg,meningioma/Tr-me_1291.jpg,pituitary/Tr-pi_1381.jpg,glioma/Tr-gl_1381.jpg
426,notumor/Tr-no_1382.jpg,meningioma/Tr-me_1292.jpg,pituitary/Tr-pi_1382.jpg,glioma/Tr-gl_1382.jpg
427,notumor/Tr-no_1383.jpg,meningioma/Tr-me_1293.jpg,pituitary/Tr-pi_1383.jpg,glioma/Tr-gl_1383.jpg
428,notumor/Tr-no_1384.jpg,meningioma/Tr-me_1294.jpg,pituitary/Tr-pi_1384.jpg,glioma/Tr-gl_1384.jpg
429,notumor/Tr-no_1385.jpg,meningioma/Tr-me_1295.jpg,pituitary/Tr-pi_1385.jpg,glioma/Tr-gl_1385.jpg
430,notumor/Tr-no_1386.jpg,meningioma/Tr-me_1296.jpg,pituitary/Tr-pi_1386.jpg,glioma/Tr-gl_1386.jpg
431,notumor/Tr-no_1387.jpg,meningioma/Tr-me_1297.jpg,pituitary/Tr-pi_1387.jpg,glioma/Tr-gl_1387.jpg
432,notumor/Tr-no_1388.jpg,meningioma/Tr-me_1298.jpg,pituitary/Tr-pi_1388.jpg,glioma/Tr-gl_1388.jpg
433,notumor/Tr-no_1389.jpg,meningioma/Tr-me_1299.jpg,pituitary/Tr-pi_1389.jpg,glioma/Tr-gl_1389.jpg
434,notumor/Tr-no_139.jpg,meningioma/Tr-me_13.jpg,pituitary/Tr-pi_139.jpg,glioma/Tr-gl_139.jpg
435,notumor/Tr-no_1390.jpg,meningioma/Tr-me_130.jpg,pituitary/Tr-pi_1390.jpg,glioma/Tr-gl_1390.jpg
436,notumor/Tr-no_1391.jpg,meningioma/Tr-me_1300.jpg,pituitary/Tr-pi_1391.jpg,glioma/Tr-gl_1391.jpg
437,notumor/Tr-no_1392.jpg,meningioma/Tr-me_131.jpg,pituitary/Tr-pi_1392.jpg,glioma/Tr-gl_1392.jpg
438,notumor/Tr-no_1393.jpg,meningioma/Tr-me_132.jpg,pituitary/Tr-pi_1393.jpg,glioma/Tr-gl_1393.jpg
439,notumor/Tr-no_1394.jpg,meningioma/Tr-me_133.jpg,pituitary/Tr-pi_1394.jpg,glioma/Tr-gl_1394.jpg
440,notumor/Tr-no_1395.jpg,meningioma/Tr-me_134.jpg,pituitary/Tr-pi_1395.jpg,glioma/Tr-gl_1395.jpg
441,notumor/Tr-no_1396.jpg,meningioma/Tr-me_135.jpg,pituitary/Tr-pi_1396.jpg,glioma/Tr-gl_1396.jpg
442,notumor/Tr-no_1397.jpg,meningioma/Tr-me_136.jpg,pituitary/Tr-pi_1397.jpg,glioma/Tr-gl_1397.jpg
443,notumor/Tr-no_1398.jpg,meningioma/Tr-me_137.jpg,pituitary/Tr-pi_1398.jpg,glioma/Tr-gl_1398.jpg
444,notumor/Tr-no_1399.jpg,meningioma/Tr-me_138.jpg,pituitary/Tr-pi_1399.jpg,glioma/Tr-gl_1399.jpg
445,notumor/Tr-no_14.jpg,meningioma/Tr-me_139.jpg,pituitary/Tr-pi_14.jpg,glioma/Tr-gl_14.jpg
446,notumor/Tr-no_140.jpg,meningioma/Tr-me_14.jpg,pituitary/Tr-pi_140.jpg,glioma/Tr-gl_140.jpg
447,notumor/Tr-no_1400.jpg,meningioma/Tr-me_140.jpg,pituitary/Tr-pi_1400.jpg,glioma/Tr-gl_1400.jpg
448,notumor/Tr-no_141.jpg,meningioma/Tr-me_141.jpg,pituitary/Tr-pi_141.jpg,glioma/Tr-gl_141.jpg
449,notumor/Tr-no_142.jpg,meningioma/Tr-me_142.jpg,pituitary/Tr-pi_142.jpg,glioma/Tr-gl_142.jpg
450,notumor/Tr-no_143.jpg,meningioma/Tr-me_143.jpg,pituitary/Tr-pi_143.jpg,glioma/Tr-gl_143.jpg
451,notumor/Tr-no_144.jpg,meningioma/Tr-me_144.jpg,pituitary/Tr-pi_144.jpg,glioma/Tr-gl_144.jpg
452,notumor/Tr-no_145.jpg,meningioma/Tr-me_145.jpg,pituitary/Tr-pi_145.jpg,glioma/Tr-gl_145.jpg
453,notumor/Tr-no_146.jpg,meningioma/Tr-me_146.jpg,pituitary/Tr-pi_146.jpg,glioma/Tr-gl_146.jpg
454,notumor/Tr-no_147.jpg,meningioma/Tr-me_147.jpg,pituitary/Tr-pi_147.jpg,glioma/Tr-gl_147.jpg
455,notumor/Tr-no_148.jpg,meningioma/Tr-me_148.jpg,pituitary/Tr-pi_148.jpg,glioma/Tr-gl_148.jpg
456,notumor/Tr-no_149.jpg,meningioma/Tr-me_149.jpg,pituitary/Tr-pi_149.jpg,glioma/Tr-gl_149.jpg
457,notumor/Tr-no_15.jpg,meningioma/Tr-me_15.jpg,pituitary/Tr-pi_15.jpg,glioma/Tr-gl_15.jpg
458,notumor/Tr-no_150.jpg,meningioma/Tr-me_150.jpg,pituitary/Tr-pi_150.jpg,glioma/Tr-gl_150.jpg
459,notumor/Tr-no_151.jpg,meningioma/Tr-me_151.jpg,pituitary/Tr-pi_151.jpg,glioma/Tr-gl_151.jpg
460,notumor/Tr-no_152.jpg,meningioma/Tr-me_152.jpg,pituitary/Tr-pi_152.jpg,glioma/Tr-gl_152.jpg
461,notumor/Tr-no_153.jpg,meningioma/Tr-me_153.jpg,pituitary/Tr-pi_153.jpg,glioma/Tr-gl_153.jpg
462,notumor/Tr-no_154.jpg,meningioma/Tr-me_154.jpg,pituitary/Tr-pi_154.jpg,glioma/Tr-gl_154.jpg
463,notumor/Tr-no_155.jpg,meningioma/Tr-me_155.jpg,pituitary/Tr-pi_155.jpg,glioma/Tr-gl_155.jpg
464,notumor/Tr-no_156.jpg,meningioma/Tr-me_156.jpg,pituitary/Tr-pi_156.jpg,glioma/Tr-gl_156.jpg
465,notumor/Tr-no_157.jpg,meningioma/Tr-me_157.jpg,pituitary/Tr-pi_157.jpg,glioma/Tr-gl_157.jpg
466,notumor/Tr-no_158.jpg,meningioma/Tr-me_158.jpg,pituitary/Tr-pi_158.jpg,glioma/Tr-gl_158.jpg
467,notumor/Tr-no_159.jpg,meningioma/Tr-me_159.jpg,pituitary/Tr-pi_159.jpg,glioma/Tr-gl_159.jpg
468,notumor/Tr-no_16.jpg,meningioma/Tr-me_16.jpg,pituitary/Tr-pi_16.jpg,glioma/Tr-gl_16.jpg
469,notumor/Tr-no_160.jpg,meningioma/Tr-me_160.jpg,pituitary/Tr-pi_160.jpg,glioma/Tr-gl_160.jpg
470,notumor/Tr-no_161.jpg,meningioma/Tr-me_161.jpg,pituitary/Tr-pi_161.jpg,glioma/Tr-gl_161.jpg
471,notumor/Tr-no_162.jpg,meningioma/Tr-me_162.jpg,pituitary/Tr-pi_162.jpg,glioma/Tr-gl_162.jpg
472,notumor/Tr-no_163.jpg,meningioma/Tr-me_163.jpg,pituitary/Tr-pi_163.jpg,glioma/Tr-gl_163.jpg
473,notumor/Tr-no_164.jpg,meningioma/Tr-me_164.jpg,pituitary/Tr-pi_164.jpg,glioma/Tr-gl_164.jpg
474,notumor/Tr-no_165.jpg,meningioma/Tr-me_165.jpg,pituitary/Tr-pi_165.jpg,glioma/Tr-gl_165.jpg
475,notumor/Tr-no_166.jpg,meningioma/Tr-me_166.jpg,pituitary/Tr-pi_166.jpg,glioma/Tr-gl_166.jpg
476,notumor/Tr-no_167.jpg,meningioma/Tr-me_167.jpg,pituitary/Tr-pi_167.jpg,glioma/Tr-gl_167.jpg
477,notumor/Tr-no_168.jpg,meningioma/Tr-me_168.jpg,pituitary/Tr-pi_168.jpg,glioma/Tr-gl_168.jpg
478,notumor/Tr-no_169.jpg,meningioma/Tr-me_169.jpg,pituitary/Tr-pi_169.jpg,glioma/Tr-gl_169.jpg
479,notumor/Tr-no_17.jpg,meningioma/Tr-me_17.jpg,pituitary/Tr-pi_17.jpg,glioma/Tr-gl_17.jpg
480,notumor/Tr-no_170.jpg,meningioma/Tr-me_170.jpg,pituitary/Tr-pi_170.jpg,glioma/Tr-gl_170.jpg
481,notumor/Tr-no_171.jpg,meningioma/Tr-me_171.jpg,pituitary/Tr-pi_171.jpg,glioma/Tr-gl_171.jpg
482,notumor/Tr-no_172.jpg,meningioma/Tr-me_172.jpg,pituitary/Tr-pi_172.jpg,glioma/Tr-gl_172.jpg
483,notumor/Tr-no_173.jpg,meningioma/Tr-me_173.jpg,pituitary/Tr-pi_173.jpg,glioma/Tr-gl_173.jpg
484,notumor/Tr-no_174.jpg,meningioma/Tr-me_174.jpg,pituitary/Tr-pi_174.jpg,glioma/Tr-gl_174.jpg
485,notumor/Tr-no_175.jpg,meningioma/Tr-me_175.jpg,pituitary/Tr-pi_175.jpg,glioma/Tr-gl_175.jpg
486,notumor/Tr-no_176.jpg,meningioma/Tr-me_176.jpg,pituitary/Tr-pi_176.jpg,glioma/Tr-gl_176.jpg
487,notumor/Tr-no_177.jpg,meningioma/Tr-me_177.jpg,pituitary/Tr-pi_177.jpg,glioma/Tr-gl_177.jpg
488,notumor/Tr-no_178.jpg,meningioma/Tr-me_178.jpg,pituitary/Tr-pi_178.jpg,glioma/Tr-gl_178.jpg
489,notumor/Tr-no_179.jpg,meningioma/Tr-me_179.jpg,pituitary/Tr-pi_179.jpg,glioma/Tr-gl_179.jpg
490,notumor/Tr-no_18.jpg,meningioma/Tr-me_18.jpg,pituitary/Tr-pi_18.jpg,glioma/Tr-gl_18.jpg
491,notumor/Tr-no_180.jpg,meningioma/Tr-me_180.jpg,pituitary/Tr-pi_180.jpg,glioma/Tr-gl_180.jpg
492,notumor/Tr-no_181.jpg,meningioma/Tr-me_181.jpg,pituitary/Tr-pi_181.jpg,glioma/Tr-gl_181.jpg
493,notumor/Tr-no_182.jpg,meningioma/Tr-me_182.jpg,pituitary/Tr-pi_182.jpg,glioma/Tr-gl_182.jpg
494,notumor/Tr-no_183.jpg,meningioma/Tr-me_183.jpg,pituitary/Tr-pi_183.jpg,glioma/Tr-gl_183.jpg
495,notumor/Tr-no_184.jpg,meningioma/Tr-me_184.jpg,pituitary/Tr-pi_184.jpg,glioma/Tr-gl_184.jpg
496,notumor/Tr-no_185.jpg,meningioma/Tr-me_185.jpg,pituitary/Tr-pi_185.jpg,glioma/Tr-gl_185.jpg
497,notumor/Tr-no_186.jpg,meningioma/Tr-me_186.jpg,pituitary/Tr-pi_186.jpg,glioma/Tr-gl_186.jpg
498,notumor/Tr-no_187.jpg,meningioma/Tr-me_187.jpg,pituitary/Tr-pi_187.jpg,glioma/Tr-gl_187.jpg
499,notumor/Tr-no_188.jpg,meningioma/Tr-me_188.jpg,pituitary/Tr-pi_188.jpg,glioma/Tr-gl_188.jpg
500,notumor/Tr-no_189.jpg,meningioma/Tr-me_189.jpg,pituitary/Tr-pi_189.jpg,glioma/Tr-gl_189.jpg
501,notumor/Tr-no_19.jpg,meningioma/Tr-me_19.jpg,pituitary/Tr-pi_19.jpg,glioma/Tr-gl_19.jpg
502,notumor/Tr-no_190.jpg,meningioma/Tr-me_190.jpg,pituitary/Tr-pi_190.jpg,glioma/Tr-gl_190.jpg
503,notumor/Tr-no_191.jpg,meningioma/Tr-me_191.jpg,pituitary/Tr-pi_191.jpg,glioma/Tr-gl_191.jpg
504,notumor/Tr-no_192.jpg,meningioma/Tr-me_192.jpg,pituitary/Tr-pi_192.jpg,glioma/Tr-gl_192.jpg
505,notumor/Tr-no_193.jpg,meningioma/Tr-me_193.jpg,pituitary/Tr-pi_193.jpg,glioma/Tr-gl_193.jpg
506,notumor/Tr-no_194.jpg,meningioma/Tr-me_194.jpg,pituitary/Tr-pi_194.jpg,glioma/Tr-gl_194.jpg
507,notumor/Tr-no_195.jpg,meningioma/Tr-me_195.jpg,pituitary/Tr-pi_195.jpg,glioma/Tr-gl_195.jpg
508,notumor/Tr-no_196.jpg,meningioma/Tr-me_196.jpg,pituitary/Tr-pi_196.jpg,glioma/Tr-gl_196.jpg
509,notumor/Tr-no_197.jpg,meningioma/Tr-me_197.jpg,pituitary/Tr-pi_197.jpg,glioma/Tr-gl_197.jpg
510,notumor/Tr-no_198.jpg,meningioma/Tr-me_198.jpg,pituitary/Tr-pi_198.jpg,glioma/Tr-gl_198.jpg
511,notumor/Tr-no_199.jpg,meningioma/Tr-me_199.jpg,pituitary/Tr-pi_199.jpg,glioma/Tr-gl_199.jpg
512,notumor/Tr-no_2.jpg,meningioma/Tr-me_2.jpg,pituitary/Tr-pi_2.jpg,glioma/Tr-gl_2.jpg
513,notumor/Tr-no_20.jpg,meningioma/Tr-me_20.jpg,pituitary/Tr-pi_20.jpg,glioma/Tr-gl_20.jpg
514,notumor/Tr-no_200.jpg,meningioma/Tr-me_200.jpg,pituitary/Tr-pi_200.jpg,glioma/Tr-gl_200.jpg
515,notumor/Tr-no_201.jpg,meningioma/Tr-me_201.jpg,pituitary/Tr-pi_201.jpg,glioma/Tr-gl_201.jpg
516,notumor/Tr-no_202.jpg,meningioma/Tr-me_202.jpg,pituitary/Tr-pi_202.jpg,glioma/Tr-gl_202.jpg
517,notumor/Tr-no_203.jpg,meningioma/Tr-me_203.jpg,pituitary/Tr-pi_203.jpg,glioma/Tr-gl_203.jpg
518,notumor/Tr-no_204.jpg,meningioma/Tr-me_204.jpg,pituitary/Tr-pi_204.jpg,glioma/Tr-gl_204.jpg
519,notumor/Tr-no_205.jpg,meningioma/Tr-me_205.jpg,pituitary/Tr-pi_205.jpg,glioma/Tr-gl_205.jpg
520,notumor/Tr-no_206.jpg,meningioma/Tr-me_206.jpg,pituitary/Tr-pi_206.jpg,glioma/Tr-gl_206.jpg
521,notumor/Tr-no_207.jpg,meningioma/Tr-me_207.jpg,pituitary/Tr-pi_207.jpg,glioma/Tr-gl_207.jpg
522,notumor/Tr-no_208.jpg,meningioma/Tr-me_208.jpg,pituitary/Tr-pi_208.jpg,glioma/Tr-gl_208.jpg
523,notumor/Tr-no_209.jpg,meningioma/Tr-me_209.jpg,pituitary/Tr-pi_209.jpg,glioma/Tr-gl_209.jpg
524,notumor/Tr-no_21.jpg,meningioma/Tr-me_21.jpg,pituitary/Tr-pi_21.jpg,glioma/Tr-gl_21.jpg
525,notumor/Tr-no_210.jpg,meningioma/Tr-me_210.jpg,pituitary/Tr-pi_210.jpg,glioma/Tr-gl_210.jpg
526,notumor/Tr-no_211.jpg,meningioma/Tr-me_211.jpg,pituitary/Tr-pi_211.jpg,glioma/Tr-gl_211.jpg
527,notumor/Tr-no_212.jpg,meningioma/Tr-me_212.jpg,pituitary/Tr-pi_212.jpg,glioma/Tr-gl_212.jpg
528,notumor/Tr-no_213.jpg,meningioma/Tr-me_213.jpg,pituitary/Tr-pi_213.jpg,glioma/Tr-gl_213.jpg
529,notumor/Tr-no_214.jpg,meningioma/Tr-me_214.jpg,pituitary/Tr-pi_214.jpg,glioma/Tr-gl_214.jpg
530,notumor/Tr-no_215.jpg,meningioma/Tr-me_215.jpg,pituitary/Tr-pi_215.jpg,glioma/Tr-gl_215.jpg
531,notumor/Tr-no_216.jpg,meningioma/Tr-me_216.jpg,pituitary/Tr-pi_216.jpg,glioma/Tr-gl_216.jpg
532,notumor/Tr-no_217.jpg,meningioma/Tr-me_217.jpg,pituitary/Tr-pi_217.jpg,glioma/Tr-gl_217.jpg
533,notumor/Tr-no_218.jpg,meningioma/Tr-me_218.jpg,pituitary/Tr-pi_218.jpg,glioma/Tr-gl_218.jpg
534,notumor/Tr-no_219.jpg,meningioma/Tr-me_219.jpg,pituitary/Tr-pi_219.jpg,glioma/Tr-gl_219.jpg
535,notumor/Tr-no_22.jpg,meningioma/Tr-me_22.jpg,pituitary/Tr-pi_22.jpg,glioma/Tr-gl_22.jpg
536,notumor/Tr-no_220.jpg,meningioma/Tr-me_220.jpg,pituitary/Tr-pi_220.jpg,glioma/Tr-gl_220.jpg
537,notumor/Tr-no_221.jpg,meningioma/Tr-me_221.jpg,pituitary/Tr-pi_221.jpg,glioma/Tr-gl_221.jpg
538,notumor/Tr-no_222.jpg,meningioma/Tr-me_222.jpg,pituitary/Tr-pi_222.jpg,glioma/Tr-gl_222.jpg
539,notumor/Tr-no_223.jpg,meningioma/Tr-me_223.jpg,pituitary/Tr-pi_223.jpg,glioma/Tr-gl_223.jpg
540,notumor/Tr-no_224.jpg,meningioma/Tr-me_224.jpg,pituitary/Tr-pi_224.jpg,glioma/Tr-gl_224.jpg
541,notumor/Tr-no_225.jpg,meningioma/Tr-me_225.jpg,pituitary/Tr-pi_225.jpg,glioma/Tr-gl_225.jpg
542,notumor/Tr-no_226.jpg,meningioma/Tr-me_226.jpg,pituitary/Tr-pi_226.jpg,glioma/Tr-gl_226.jpg
543,notumor/Tr-no_227.jpg,meningioma/Tr-me_227.jpg,pituitary/Tr-pi_227.jpg,glioma/Tr-gl_227.jpg
544,notumor/Tr-no_228.jpg,meningioma/Tr-me_228.jpg,pituitary/Tr-pi_228.jpg,glioma/Tr-gl_228.jpg
545,notumor/Tr-no_229.jpg,meningioma/Tr-me_229.jpg,pituitary/Tr-pi_229.jpg,glioma/Tr-gl_229.jpg
546,notumor/Tr-no_23.jpg,meningioma/Tr-me_23.jpg,pituitary/Tr-pi_23.jpg,glioma/Tr-gl_23.jpg
547,notumor/Tr-no_230.jpg,meningioma/Tr-me_230.jpg,pituitary/Tr-pi_230.jpg,glioma/Tr-gl_230.jpg
548,notumor/Tr-no_231.jpg,meningioma/Tr-me_231.jpg,pituitary/Tr-pi_231.jpg,glioma/Tr-gl_231.jpg
549,notumor/Tr-no_232.jpg,meningioma/Tr-me_232.jpg,pituitary/Tr-pi_232.jpg,glioma/Tr-gl_232.jpg
550,notumor/Tr-no_233.jpg,meningioma/Tr-me_233.jpg,pituitary/Tr-pi_233.jpg,glioma/Tr-gl_233.jpg
551,notumor/Tr-no_234.jpg,meningioma/Tr-me_234.jpg,pituitary/Tr-pi_234.jpg,glioma/Tr-gl_234.jpg
552,notumor/Tr-no_235.jpg,meningioma/Tr-me_235.jpg,pituitary/Tr-pi_235.jpg,glioma/Tr-gl_235.jpg
553,notumor/Tr-no_236.jpg,meningioma/Tr-me_236.jpg,pituitary/Tr-pi_236.jpg,glioma/Tr-gl_236.jpg
554,notumor/Tr-no_237.jpg,meningioma/Tr-me_237.jpg,pituitary/Tr-pi_237.jpg,glioma/Tr-gl_237.jpg
555,notumor/Tr-no_238.jpg,meningioma/Tr-me_238.jpg,pituitary/Tr-pi_238.jpg,glioma/Tr-gl_238.jpg
556,notumor/Tr-no_239.jpg,meningioma/Tr-me_239.jpg,pituitary/Tr-pi_239.jpg,glioma/Tr-gl_239.jpg
557,notumor/Tr-no_24.jpg,meningioma/Tr-me_24.jpg,pituitary/Tr-pi_24.jpg,glioma/Tr-gl_24.jpg
558,notumor/Tr-no_240.jpg,meningioma/Tr-me_240.jpg,pituitary/Tr-pi_240.jpg,glioma/Tr-gl_240.jpg
559,notumor/Tr-no_241.jpg,meningioma/Tr-me_241.jpg,pituitary/Tr-pi_241.jpg,glioma/Tr-gl_241.jpg
560,notumor/Tr-no_242.jpg,meningioma/Tr-me_242.jpg,pituitary/Tr-pi_242.jpg,glioma/Tr-gl_242.jpg
561,notumor/Tr-no_243.jpg,meningioma/Tr-me_243.jpg,pituitary/Tr-pi_243.jpg,glioma/Tr-gl_243.jpg
562,notumor/Tr-no_244.jpg,meningioma/Tr-me_244.jpg,pituitary/Tr-pi_244.jpg,glioma/Tr-gl_244.jpg
563,notumor/Tr-no_245.jpg,meningioma/Tr-me_245.jpg,pituitary/Tr-pi_245.jpg,glioma/Tr-gl_245.jpg
564,notumor/Tr-no_246.jpg,meningioma/Tr-me_246.jpg,pituitary/Tr-pi_246.jpg,glioma/Tr-gl_246.jpg
565,notumor/Tr-no_247.jpg,meningioma/Tr-me_247.jpg,pituitary/Tr-pi_247.jpg,glioma/Tr-gl_247.jpg
566,notumor/Tr-no_248.jpg,meningioma/Tr-me_248.jpg,pituitary/Tr-pi_248.jpg,glioma/Tr-gl_248.jpg
567,notumor/Tr-no_249.jpg,meningioma/Tr-me_249.jpg,pituitary/Tr-pi_249.jpg,glioma/Tr-gl_249.jpg
568,notumor/Tr-no_25.jpg,meningioma/Tr-me_25.jpg,pituitary/Tr-pi_25.jpg,glioma/Tr-gl_25.jpg
569,notumor/Tr-no_250.jpg,meningioma/Tr-me_250.jpg,pituitary/Tr-pi_250.jpg,glioma/Tr-gl_250.jpg
570,notumor/Tr-no_251.jpg,meningioma/Tr-me_251.jpg,pituitary/Tr-pi_251.jpg,glioma/Tr-gl_251.jpg
571,notumor/Tr-no_252.jpg,meningioma/Tr-me_252.jpg,pituitary/Tr-pi_252.jpg,glioma/Tr-gl_252.jpg
572,notumor/Tr-no_253.jpg,meningioma/Tr-me_253.jpg,pituitary/Tr-pi_253.jpg,glioma/Tr-gl_253.jpg
573,notumor/Tr-no_254.jpg,meningioma/Tr-me_254.jpg,pituitary/Tr-pi_254.jpg,glioma/Tr-gl_254.jpg
574,notumor/Tr-no_255.jpg,meningioma/Tr-me_255.jpg,pituitary/Tr-pi_255.jpg,glioma/Tr-gl_255.jpg
575,notumor/Tr-no_256.jpg,meningioma/Tr-me_256.jpg,pituitary/Tr-pi_256.jpg,glioma/Tr-gl_256.jpg
576,notumor/Tr-no_257.jpg,meningioma/Tr-me_257.jpg,pituitary/Tr-pi_257.jpg,glioma/Tr-gl_257.jpg
577,notumor/Tr-no_258.jpg,meningioma/Tr-me_258.jpg,pituitary/Tr-pi_258.jpg,glioma/Tr-gl_258.jpg
578,notumor/Tr-no_259.jpg,meningioma/Tr-me_259.jpg,pituitary/Tr-pi_259.jpg,glioma/Tr-gl_259.jpg
579,notumor/Tr-no_26.jpg,meningioma/Tr-me_26.jpg,pituitary/Tr-pi_26.jpg,glioma/Tr-gl_26.jpg
580,notumor/Tr-no_260.jpg,meningioma/Tr-me_260.jpg,pituitary/Tr-pi_260.jpg,glioma/Tr-gl_260.jpg
581,notumor/Tr-no_261.jpg,meningioma/Tr-me_261.jpg,pituitary/Tr-pi_261.jpg,glioma/Tr-gl_261.jpg
582,notumor/Tr-no_262.jpg,meningioma/Tr-me_262.jpg,pituitary/Tr-pi_262.jpg,glioma/Tr-gl_262.jpg
583,notumor/Tr-no_263.jpg,meningioma/Tr-me_263.jpg,pituitary/Tr-pi_263.jpg,glioma/Tr-gl_263.jpg
584,notumor/Tr-no_264.jpg,meningioma/Tr-me_264.jpg,pituitary/Tr-pi_264.jpg,glioma/Tr-gl_264.jpg
585,notumor/Tr-no_265.jpg,meningioma/Tr-me_265.jpg,pituitary/Tr-pi_265.jpg,glioma/Tr-gl_265.jpg
586,notumor/Tr-no_266.jpg,meningioma/Tr-me_266.jpg,pituitary/Tr-pi_266.jpg,glioma/Tr-gl_266.jpg
587,notumor/Tr-no_267.jpg,meningioma/Tr-me_267.jpg,pituitary/Tr-pi_267.jpg,glioma/Tr-gl_267.jpg
588,notumor/Tr-no_268.jpg,meningioma/Tr-me_268.jpg,pituitary/Tr-pi_268.jpg,glioma/Tr-gl_268.jpg
589,notumor/Tr-no_269.jpg,meningioma/Tr-me_269.jpg,pituitary/Tr-pi_269.jpg,glioma/Tr-gl_269.jpg
590,notumor/Tr-no_27.jpg,meningioma/Tr-me_27.jpg,pituitary/Tr-pi_27.jpg,glioma/Tr-gl_27.jpg
591,notumor/Tr-no_270.jpg,meningioma/Tr-me_270.jpg,pituitary/Tr-pi_270.jpg,glioma/Tr-gl_270.jpg
592,notumor/Tr-no_271.jpg,meningioma/Tr-me_271.jpg,pituitary/Tr-pi_271.jpg,glioma/Tr-gl_271.jpg
593,notumor/Tr-no_272.jpg,meningioma/Tr-me_272.jpg,pituitary/Tr-pi_272.jpg,glioma/Tr-gl_272.jpg
594,notumor/Tr-no_273.jpg,meningioma/Tr-me_273.jpg,pituitary/Tr-pi_273.jpg,glioma/Tr-gl_273.jpg
595,notumor/Tr-no_274.jpg,meningioma/Tr-me_274.jpg,pituitary/Tr-pi_274.jpg,glioma/Tr-gl_274.jpg
596,notumor/Tr-no_275.jpg,meningioma/Tr-me_275.jpg,pituitary/Tr-pi_275.jpg,glioma/Tr-gl_275.jpg
597,notumor/Tr-no_276.jpg,meningioma/Tr-me_276.jpg,pituitary/Tr-pi_276.jpg,glioma/Tr-gl_276.jpg
598,notumor/Tr-no_277.jpg,meningioma/Tr-me_277.jpg,pituitary/Tr-pi_277.jpg,glioma/Tr-gl_277.jpg
599,notumor/Tr-no_278.jpg,meningioma/Tr-me_278.jpg,pituitary/Tr-pi_278.jpg,glioma/Tr-gl_278.jpg
600,notumor/Tr-no_279.jpg,meningioma/Tr-me_279.jpg,pituitary/Tr-pi_279.jpg,glioma/Tr-gl_279.jpg
601,notumor/Tr-no_28.jpg,meningioma/Tr-me_28.jpg,pituitary/Tr-pi_28.jpg,glioma/Tr-gl_28.jpg
602,notumor/Tr-no_280.jpg,meningioma/Tr-me_280.jpg,pituitary/Tr-pi_280.jpg,glioma/Tr-gl_280.jpg
603,notumor/Tr-no_281.jpg,meningioma/Tr-me_281.jpg,pituitary/Tr-pi_281.jpg,glioma/Tr-gl_281.jpg
604,notumor/Tr-no_282.jpg,meningioma/Tr-me_282.jpg,pituitary/Tr-pi_282.jpg,glioma/Tr-gl_282.jpg
605,notumor/Tr-no_283.jpg,meningioma/Tr-me_283.jpg,pituitary/Tr-pi_283.jpg,glioma/Tr-gl_283.jpg
606,notumor/Tr-no_284.jpg,meningioma/Tr-me_284.jpg,pituitary/Tr-pi_284.jpg,glioma/Tr-gl_284.jpg
607,notumor/Tr-no_285.jpg,meningioma/Tr-me_285.jpg,pituitary/Tr-pi_285.jpg,glioma/Tr-gl_285.jpg
608,notumor/Tr-no_286.jpg,meningioma/Tr-me_286.jpg,pituitary/Tr-pi_286.jpg,glioma/Tr-gl_286.jpg
609,notumor/Tr-no_287.jpg,meningioma/Tr-me_287.jpg,pituitary/Tr-pi_287.jpg,glioma/Tr-gl_287.jpg
610,notumor/Tr-no_288.jpg,meningioma/Tr-me_288.jpg,pituitary/Tr-pi_288.jpg,glioma/Tr-gl_288.jpg
611,notumor/Tr-no_289.jpg,meningioma/Tr-me_289.jpg,pituitary/Tr-pi_289.jpg,glioma/Tr-gl_289.jpg
612,notumor/Tr-no_29.jpg,meningioma/Tr-me_29.jpg,pituitary/Tr-pi_29.jpg,glioma/Tr-gl_29.jpg
613,notumor/Tr-no_290.jpg,meningioma/Tr-me_290.jpg,pituitary/Tr-pi_290.jpg,glioma/Tr-gl_290.jpg
614,notumor/Tr-no_291.jpg,meningioma/Tr-me_291.jpg,pituitary/Tr-pi_291.jpg,glioma/Tr-gl_291.jpg
615,notumor/Tr-no_292.jpg,meningioma/Tr-me_292.jpg,pituitary/Tr-pi_292.jpg,glioma/Tr-gl_292.jpg
616,notumor/Tr-no_293.jpg,meningioma/Tr-me_293.jpg,pituitary/Tr-pi_293.jpg,glioma/Tr-gl_293.jpg
617,notumor/Tr-no_294.jpg,meningioma/Tr-me_294.jpg,pituitary/Tr-pi_294.jpg,glioma/Tr-gl_294.jpg
618,notumor/Tr-no_295.jpg,meningioma/Tr-me_295.jpg,pituitary/Tr-pi_295.jpg,glioma/Tr-gl_295.jpg
619,notumor/Tr-no_296.jpg,meningioma/Tr-me_296.jpg,pituitary/Tr-pi_296.jpg,glioma/Tr-gl_296.jpg
620,notumor/Tr-no_297.jpg,meningioma/Tr-me_297.jpg,pituitary/Tr-pi_297.jpg,glioma/Tr-gl_297.jpg
621,notumor/Tr-no_298.jpg,meningioma/Tr-me_298.jpg,pituitary/Tr-pi_298.jpg,glioma/Tr-gl_298.jpg
622,notumor/Tr-no_299.jpg,meningioma/Tr-me_299.jpg,pituitary/Tr-pi_299.jpg,glioma/Tr-gl_299.jpg
623,notumor/Tr-no_3.jpg,meningioma/Tr-me_3.jpg,pituitary/Tr-pi_3.jpg,glioma/Tr-gl_3.jpg
624,notumor/Tr-no_30.jpg,meningioma/Tr-me_30.jpg,pituitary/Tr-pi_30.jpg,glioma/Tr-gl_30.jpg
625,notumor/Tr-no_300.jpg,meningioma/Tr-me_300.jpg,pituitary/Tr-pi_300.jpg,glioma/Tr-gl_300.jpg
626,notumor/Tr-no_301.jpg,meningioma/Tr-me_301.jpg,pituitary/Tr-pi_301.jpg,glioma/Tr-gl_301.jpg
627,notumor/Tr-no_302.jpg,meningioma/Tr-me_302.jpg,pituitary/Tr-pi_302.jpg,glioma/Tr-gl_302.jpg
628,notumor/Tr-no_303.jpg,meningioma/Tr-me_303.jpg,pituitary/Tr-pi_303.jpg,glioma/Tr-gl_303.jpg
629,notumor/Tr-no_304.jpg,meningioma/Tr-me_304.jpg,pituitary/Tr-pi_304.jpg,glioma/Tr-gl_304.jpg
630,notumor/Tr-no_305.jpg,meningioma/Tr-me_305.jpg,pituitary/Tr-pi_305.jpg,glioma/Tr-gl_305.jpg
631,notumor/Tr-no_306.jpg,meningioma/Tr-me_306.jpg,pituitary/Tr-pi_306.jpg,glioma/Tr-gl_306.jpg
632,notumor/Tr-no_307.jpg,meningioma/Tr-me_307.jpg,pituitary/Tr-pi_307.jpg,glioma/Tr-gl_307.jpg
633,notumor/Tr-no_308.jpg,meningioma/Tr-me_308.jpg,pituitary/Tr-pi_308.jpg,glioma/Tr-gl_308.jpg
634,notumor/Tr-no_309.jpg,meningioma/Tr-me_309.jpg,pituitary/Tr-pi_309.jpg,glioma/Tr-gl_309.jpg
635,notumor/Tr-no_31.jpg,meningioma/Tr-me_31.jpg,pituitary/Tr-pi_31.jpg,glioma/Tr-gl_31.jpg
636,notumor/Tr-no_310.jpg,meningioma/Tr-me_310.jpg,pituitary/Tr-pi_310.jpg,glioma/Tr-gl_310.jpg
637,notumor/Tr-no_311.jpg,meningioma/Tr-me_311.jpg,pituitary/Tr-pi_311.jpg,glioma/Tr-gl_311.jpg
638,notumor/Tr-no_312.jpg,meningioma/Tr-me_312.jpg,pituitary/Tr-pi_312.jpg,glioma/Tr-gl_312.jpg
639,notumor/Tr-no_313.jpg,meningioma/Tr-me_313.jpg,pituitary/Tr-pi_313.jpg,glioma/Tr-gl_313.jpg
640,notumor/Tr-no_314.jpg,meningioma/Tr-me_314.jpg,pituitary/Tr-pi_314.jpg,glioma/Tr-gl_314.jpg
641,notumor/Tr-no_315.jpg,meningioma/Tr-me_315.jpg,pituitary/Tr-pi_315.jpg,glioma/Tr-gl_315.jpg
642,notumor/Tr-no_316.jpg,meningioma/Tr-me_316.jpg,pituitary/Tr-pi_316.jpg,glioma/Tr-gl_316.jpg
643,notumor/Tr-no_317.jpg,meningioma/Tr-me_317.jpg,pituitary/Tr-pi_317.jpg,glioma/Tr-gl_317.jpg
644,notumor/Tr-no_318.jpg,meningioma/Tr-me_318.jpg,pituitary/Tr-pi_318.jpg,glioma/Tr-gl_318.jpg
645,notumor/Tr-no_319.jpg,meningioma/Tr-me_319.jpg,pituitary/Tr-pi_319.jpg,glioma/Tr-gl_319.jpg
646,notumor/Tr-no_32.jpg,meningioma/Tr-me_32.jpg,pituitary/Tr-pi_32.jpg,glioma/Tr-gl_32.jpg
647,notumor/Tr-no_320.jpg,meningioma/Tr-me_320.jpg,pituitary/Tr-pi_320.jpg,glioma/Tr-gl_320.jpg
648,notumor/Tr-no_321.jpg,meningioma/Tr-me_321.jpg,pituitary/Tr-pi_321.jpg,glioma/Tr-gl_321.jpg
649,notumor/Tr-no_322.jpg,meningioma/Tr-me_322.jpg,pituitary/Tr-pi_322.jpg,glioma/Tr-gl_322.jpg
650,notumor/Tr-no_323.jpg,meningioma/Tr-me_323.jpg,pituitary/Tr-pi_323.jpg,glioma/Tr-gl_323.jpg
651,notumor/Tr-no_324.jpg,meningioma/Tr-me_324.jpg,pituitary/Tr-pi_324.jpg,glioma/Tr-gl_324.jpg
652,notumor/Tr-no_325.jpg,meningioma/Tr-me_325.jpg,pituitary/Tr-pi_325.jpg,glioma/Tr-gl_325.jpg
653,notumor/Tr-no_326.jpg,meningioma/Tr-me_326.jpg,pituitary/Tr-pi_326.jpg,glioma/Tr-gl_326.jpg
654,notumor/Tr-no_327.jpg,meningioma/Tr-me_327.jpg,pituitary/Tr-pi_327.jpg,glioma/Tr-gl_327.jpg
655,notumor/Tr-no_328.jpg,meningioma/Tr-me_328.jpg,pituitary/Tr-pi_328.jpg,glioma/Tr-gl_328.jpg
656,notumor/Tr-no_329.jpg,meningioma/Tr-me_329.jpg,pituitary/Tr-pi_329.jpg,glioma/Tr-gl_329.jpg
657,notumor/Tr-no_33.jpg,meningioma/Tr-me_33.jpg,pituitary/Tr-pi_33.jpg,glioma/Tr-gl_33.jpg
658,notumor/Tr-no_330.jpg,meningioma/Tr-me_330.jpg,pituitary/Tr-pi_330.jpg,glioma/Tr-gl_330.jpg
659,notumor/Tr-no_331.jpg,meningioma/Tr-me_331.jpg,pituitary/Tr-pi_331.jpg,glioma/Tr-gl_331.jpg
660,notumor/Tr-no_332.jpg,meningioma/Tr-me_332.jpg,pituitary/Tr-pi_332.jpg,glioma/Tr-gl_332.jpg
661,notumor/Tr-no_333.jpg,meningioma/Tr-me_333.jpg,pituitary/Tr-pi_333.jpg,glioma/Tr-gl_333.jpg
662,notumor/Tr-no_334.jpg,meningioma/Tr-me_334.jpg,pituitary/Tr-pi_334.jpg,glioma/Tr-gl_334.jpg
663,notumor/Tr-no_335.jpg,meningioma/Tr-me_335.jpg,pituitary/Tr-pi_335.jpg,glioma/Tr-gl_335.jpg
664,notumor/Tr-no_336.jpg,meningioma/Tr-me_336.jpg,pituitary/Tr-pi_336.jpg,glioma/Tr-gl_336.jpg
665,notumor/Tr-no_337.jpg,meningioma/Tr-me_337.jpg,pituitary/Tr-pi_337.jpg,glioma/Tr-gl_337.jpg
666,notumor/Tr-no_338.jpg,meningioma/Tr-me_338.jpg,pituitary/Tr-pi_338.jpg,glioma/Tr-gl_338.jpg
667,notumor/Tr-no_339.jpg,meningioma/Tr-me_339.jpg,pituitary/Tr-pi_339.jpg,glioma/Tr-gl_339.jpg
668,notumor/Tr-no_34.jpg,meningioma/Tr-me_34.jpg,pituitary/Tr-pi_34.jpg,glioma/Tr-gl_34.jpg
669,notumor/Tr-no_340.jpg,meningioma/Tr-me_340.jpg,pituitary/Tr-pi_340.jpg,glioma/Tr-gl_340.jpg
670,notumor/Tr-no_341.jpg,meningioma/Tr-me_341.jpg,pituitary/Tr-pi_341.jpg,glioma/Tr-gl_341.jpg
671,notumor/Tr-no_342.jpg,meningioma/Tr-me_342.jpg,pituitary/Tr-pi_342.jpg,glioma/Tr-gl_342.jpg
672,notumor/Tr-no_343.jpg,meningioma/Tr-me_343.jpg,pituitary/Tr-pi_343.jpg,glioma/Tr-gl_343.jpg
673,notumor/Tr-no_344.jpg,meningioma/Tr-me_344.jpg,pituitary/Tr-pi_344.jpg,glioma/Tr-gl_344.jpg
674,notumor/Tr-no_345.jpg,meningioma/Tr-me_345.jpg,pituitary/Tr-pi_345.jpg,glioma/Tr-gl_345.jpg
675,notumor/Tr-no_346.jpg,meningioma/Tr-me_346.jpg,pituitary/Tr-pi_346.jpg,glioma/Tr-gl_346.jpg
676,notumor/Tr-no_347.jpg,meningioma/Tr-me_347.jpg,pituitary/Tr-pi_347.jpg,glioma/Tr-gl_347.jpg
677,notumor/Tr-no_348.jpg,meningioma/Tr-me_348.jpg,pituitary/Tr-pi_348.jpg,glioma/Tr-gl_348.jpg
678,notumor/Tr-no_349.jpg,meningioma/Tr-me_349.jpg,pituitary/Tr-pi_349.jpg,glioma/Tr-gl_349.jpg
679,notumor/Tr-no_35.jpg,meningioma/Tr-me_35.jpg,pituitary/Tr-pi_35.jpg,glioma/Tr-gl_35.jpg
680,notumor/Tr-no_350.jpg,meningioma/Tr-me_350.jpg,pituitary/Tr-pi_350.jpg,glioma/Tr-gl_350.jpg
681,notumor/Tr-no_351.jpg,meningioma/Tr-me_351.jpg,pituitary/Tr-pi_351.jpg,glioma/Tr-gl_351.jpg
682,notumor/Tr-no_352.jpg,meningioma/Tr-me_352.jpg,pituitary/Tr-pi_352.jpg,glioma/Tr-gl_352.jpg
683,notumor/Tr-no_353.jpg,meningioma/Tr-me_353.jpg,pituitary/Tr-pi_353.jpg,glioma/Tr-gl_353.jpg
684,notumor/Tr-no_354.jpg,meningioma/Tr-me_354.jpg,pituitary/Tr-pi_354.jpg,glioma/Tr-gl_354.jpg
685,notumor/Tr-no_355.jpg,meningioma/Tr-me_355.jpg,pituitary/Tr-pi_355.jpg,glioma/Tr-gl_355.jpg
686,notumor/Tr-no_356.jpg,meningioma/Tr-me_356.jpg,pituitary/Tr-pi_356.jpg,glioma/Tr-gl_356.jpg
687,notumor/Tr-no_357.jpg,meningioma/Tr-me_357.jpg,pituitary/Tr-pi_357.jpg,glioma/Tr-gl_357.jpg
688,notumor/Tr-no_358.jpg,meningioma/Tr-me_358.jpg,pituitary/Tr-pi_358.jpg,glioma/Tr-gl_358.jpg
689,notumor/Tr-no_359.jpg,meningioma/Tr-me_359.jpg,pituitary/Tr-pi_359.jpg,glioma/Tr-gl_359.jpg
690,notumor/Tr-no_36.jpg,meningioma/Tr-me_36.jpg,pituitary/Tr-pi_36.jpg,glioma/Tr-gl_36.jpg
691,notumor/Tr-no_360.jpg,meningioma/Tr-me_360.jpg,pituitary/Tr-pi_360.jpg,glioma/Tr-gl_360.jpg
692,notumor/Tr-no_361.jpg,meningioma/Tr-me_361.jpg,pituitary/Tr-pi_361.jpg,glioma/Tr-gl_361.jpg
693,notumor/Tr-no_362.jpg,meningioma/Tr-me_362.jpg,pituitary/Tr-pi_362.jpg,glioma/Tr-gl_362.jpg
694,notumor/Tr-no_363.jpg,meningioma/Tr-me_363.jpg,pituitary/Tr-pi_363.jpg,glioma/Tr-gl_363.jpg
695,notumor/Tr-no_364.jpg,meningioma/Tr-me_364.jpg,pituitary/Tr-pi_364.jpg,glioma/Tr-gl_364.jpg
696,notumor/Tr-no_365.jpg,meningioma/Tr-me_365.jpg,pituitary/Tr-pi_365.jpg,glioma/Tr-gl_365.jpg
697,notumor/Tr-no_366.jpg,meningioma/Tr-me_366.jpg,pituitary/Tr-pi_366.jpg,glioma/Tr-gl_366.jpg
698,notumor/Tr-no_367.jpg,meningioma/Tr-me_367.jpg,pituitary/Tr-pi_367.jpg,glioma/Tr-gl_367.jpg
699,notumor/Tr-no_368.jpg,meningioma/Tr-me_368.jpg,pituitary/Tr-pi_368.jpg,glioma/Tr-gl_368.jpg
700,notumor/Tr-no_369.jpg,meningioma/Tr-me_369.jpg,pituitary/Tr-pi_369.jpg,glioma/Tr-gl_369.jpg
701,notumor/Tr-no_37.jpg,meningioma/Tr-me_37.jpg,pituitary/Tr-pi_37.jpg,glioma/Tr-gl_37.jpg
702,notumor/Tr-no_370.jpg,meningioma/Tr-me_370.jpg,pituitary/Tr-pi_370.jpg,glioma/Tr-gl_370.jpg
703,notumor/Tr-no_371.jpg,meningioma/Tr-me_371.jpg,pituitary/Tr-pi_371.jpg,glioma/Tr-gl_371.jpg
704,notumor/Tr-no_372.jpg,meningioma/Tr-me_372.jpg,pituitary/Tr-pi_372.jpg,glioma/Tr-gl_372.jpg
705,notumor/Tr-no_373.jpg,meningioma/Tr-me_373.jpg,pituitary/Tr-pi_373.jpg,glioma/Tr-gl_373.jpg
706,notumor/Tr-no_374.jpg,meningioma/Tr-me_374.jpg,pituitary/Tr-pi_374.jpg,glioma/Tr-gl_374.jpg
707,notumor/Tr-no_375.jpg,meningioma/Tr-me_375.jpg,pituitary/Tr-pi_375.jpg,glioma/Tr-gl_375.jpg
708,notumor/Tr-no_376.jpg,meningioma/Tr-me_376.jpg,pituitary/Tr-pi_376.jpg,glioma/Tr-gl_376.jpg
709,notumor/Tr-no_377.jpg,meningioma/Tr-me_377.jpg,pituitary/Tr-pi_377.jpg,glioma/Tr-gl_377.jpg
710,notumor/Tr-no_378.jpg,meningioma/Tr-me_378.jpg,pituitary/Tr-pi_378.jpg,glioma/Tr-gl_378.jpg
711,notumor/Tr-no_379.jpg,meningioma/Tr-me_379.jpg,pituitary/Tr-pi_379.jpg,glioma/Tr-gl_379.jpg
712,notumor/Tr-no_38.jpg,meningioma/Tr-me_38.jpg,pituitary/Tr-pi_38.jpg,glioma/Tr-gl_38.jpg
713,notumor/Tr-no_380.jpg,meningioma/Tr-me_380.jpg,pituitary/Tr-pi_380.jpg,glioma/Tr-gl_380.jpg
714,notumor/Tr-no_381.jpg,meningioma/Tr-me_381.jpg,pituitary/Tr-pi_381.jpg,glioma/Tr-gl_381.jpg
715,notumor/Tr-no_382.jpg,meningioma/Tr-me_382.jpg,pituitary/Tr-pi_382.jpg,glioma/Tr-gl_382.jpg
716,notumor/Tr-no_383.jpg,meningioma/Tr-me_383.jpg,pituitary/Tr-pi_383.jpg,glioma/Tr-gl_383.jpg
717,notumor/Tr-no_384.jpg,meningioma/Tr-me_384.jpg,pituitary/Tr-pi_384.jpg,glioma/Tr-gl_384.jpg
718,notumor/Tr-no_385.jpg,meningioma/Tr-me_385.jpg,pituitary/Tr-pi_385.jpg,glioma/Tr-gl_385.jpg
719,notumor/Tr-no_386.jpg,meningioma/Tr-me_386.jpg,pituitary/Tr-pi_386.jpg,glioma/Tr-gl_386.jpg
720,notumor/Tr-no_387.jpg,meningioma/Tr-me_387.jpg,pituitary/Tr-pi_387.jpg,glioma/Tr-gl_387.jpg
721,notumor/Tr-no_388.jpg,meningioma/Tr-me_388.jpg,pituitary/Tr-pi_388.jpg,glioma/Tr-gl_388.jpg
722,notumor/Tr-no_389.jpg,meningioma/Tr-me_389.jpg,pituitary/Tr-pi_389.jpg,glioma/Tr-gl_389.jpg
723,notumor/Tr-no_39.jpg,meningioma/Tr-me_39.jpg,pituitary/Tr-pi_39.jpg,glioma/Tr-gl_39.jpg
724,notumor/Tr-no_390.jpg,meningioma/Tr-me_390.jpg,pituitary/Tr-pi_390.jpg,glioma/Tr-gl_390.jpg
725,notumor/Tr-no_391.jpg,meningioma/Tr-me_391.jpg,pituitary/Tr-pi_391.jpg,glioma/Tr-gl_391.jpg
726,notumor/Tr-no_392.jpg,meningioma/Tr-me_392.jpg,pituitary/Tr-pi_392.jpg,glioma/Tr-gl_392.jpg
727,notumor/Tr-no_393.jpg,meningioma/Tr-me_393.jpg,pituitary/Tr-pi_393.jpg,glioma/Tr-gl_393.jpg
728,notumor/Tr-no_394.jpg,meningioma/Tr-me_394.jpg,pituitary/Tr-pi_394.jpg,glioma/Tr-gl_394.jpg
729,notumor/Tr-no_395.jpg,meningioma/Tr-me_395.jpg,pituitary/Tr-pi_395.jpg,glioma/Tr-gl_395.jpg
730,notumor/Tr-no_396.jpg,meningioma/Tr-me_396.jpg,pituitary/Tr-pi_396.jpg,glioma/Tr-gl_396.jpg
731,notumor/Tr-no_397.jpg,meningioma/Tr-me_397.jpg,pituitary/Tr-pi_397.jpg,glioma/Tr-gl_397.jpg
732,notumor/Tr-no_398.jpg,meningioma/Tr-me_398.jpg,pituitary/Tr-pi_398.jpg,glioma/Tr-gl_398.jpg
733,notumor/Tr-no_399.jpg,meningioma/Tr-me_399.jpg,pituitary/Tr-pi_399.jpg,glioma/Tr-gl_399.jpg
734,notumor/Tr-no_4.jpg,meningioma/Tr-me_4.jpg,pituitary/Tr-pi_4.jpg,glioma/Tr-gl_4.jpg
735,notumor/Tr-no_40.jpg,meningioma/Tr-me_40.jpg,pituitary/Tr-pi_40.jpg,glioma/Tr-gl_40.jpg
736,notumor/Tr-no_400.jpg,meningioma/Tr-me_400.jpg,pituitary/Tr-pi_400.jpg,glioma/Tr-gl_400.jpg
737,notumor/Tr-no_401.jpg,meningioma/Tr-me_401.jpg,pituitary/Tr-pi_401.jpg,glioma/Tr-gl_401.jpg
738,notumor/Tr-no_402.jpg,meningioma/Tr-me_402.jpg,pituitary/Tr-pi_402.jpg,glioma/Tr-gl_402.jpg
739,notumor/Tr-no_403.jpg,meningioma/Tr-me_403.jpg,pituitary/Tr-pi_403.jpg,glioma/Tr-gl_403.jpg
740,notumor/Tr-no_404.jpg,meningioma/Tr-me_404.jpg,pituitary/Tr-pi_404.jpg,glioma/Tr-gl_404.jpg
741,notumor/Tr-no_405.jpg,meningioma/Tr-me_405.jpg,pituitary/Tr-pi_405.jpg,glioma/Tr-gl_405.jpg
742,notumor/Tr-no_406.jpg,meningioma/Tr-me_406.jpg,pituitary/Tr-pi_406.jpg,glioma/Tr-gl_406.jpg
743,notumor/Tr-no_407.jpg,meningioma/Tr-me_407.jpg,pituitary/Tr-pi_407.jpg,glioma/Tr-gl_407.jpg
744,notumor/Tr-no_408.jpg,meningioma/Tr-me_408.jpg,pituitary/Tr-pi_408.jpg,glioma/Tr-gl_408.jpg
745,notumor/Tr-no_409.jpg,meningioma/Tr-me_409.jpg,pituitary/Tr-pi_409.jpg,glioma/Tr-gl_409.jpg
746,notumor/Tr-no_41.jpg,meningioma/Tr-me_41.jpg,pituitary/Tr-pi_41.jpg,glioma/Tr-gl_41.jpg
747,notumor/Tr-no_410.jpg,meningioma/Tr-me_410.jpg,pituitary/Tr-pi_410.jpg,glioma/Tr-gl_410.jpg
748,notumor/Tr-no_411.jpg,meningioma/Tr-me_411.jpg,pituitary/Tr-pi_411.jpg,glioma/Tr-gl_411.jpg
749,notumor/Tr-no_412.jpg,meningioma/Tr-me_412.jpg,pituitary/Tr-pi_412.jpg,glioma/Tr-gl_412.jpg
750,notumor/Tr-no_413.jpg,meningioma/Tr-me_413.jpg,pituitary/Tr-pi_413.jpg,glioma/Tr-gl_413.jpg
751,notumor/Tr-no_414.jpg,meningioma/Tr-me_414.jpg,pituitary/Tr-pi_414.jpg,glioma/Tr-gl_414.jpg
752,notumor/Tr-no_415.jpg,meningioma/Tr-me_415.jpg,pituitary/Tr-pi_415.jpg,glioma/Tr-gl_415.jpg
753,notumor/Tr-no_416.jpg,meningioma/Tr-me_416.jpg,pituitary/Tr-pi_416.jpg,glioma/Tr-gl_416.jpg
754,notumor/Tr-no_417.jpg,meningioma/Tr-me_417.jpg,pituitary/Tr-pi_417.jpg,glioma/Tr-gl_417.jpg
755,notumor/Tr-no_418.jpg,meningioma/Tr-me_418.jpg,pituitary/Tr-pi_418.jpg,glioma/Tr-gl_418.jpg
756,notumor/Tr-no_419.jpg,meningioma/Tr-me_419.jpg,pituitary/Tr-pi_419.jpg,glioma/Tr-gl_419.jpg
757,notumor/Tr-no_42.jpg,meningioma/Tr-me_42.jpg,pituitary/Tr-pi_42.jpg,glioma/Tr-gl_42.jpg
758,notumor/Tr-no_420.jpg,meningioma/Tr-me_420.jpg,pituitary/Tr-pi_420.jpg,glioma/Tr-gl_420.jpg
759,notumor/Tr-no_421.jpg,meningioma/Tr-me_421.jpg,pituitary/Tr-pi_421.jpg,glioma/Tr-gl_421.jpg
760,notumor/Tr-no_422.jpg,meningioma/Tr-me_422.jpg,pituitary/Tr-pi_422.jpg,glioma/Tr-gl_422.jpg
761,notumor/Tr-no_423.jpg,meningioma/Tr-me_423.jpg,pituitary/Tr-pi_423.jpg,glioma/Tr-gl_423.jpg
762,notumor/Tr-no_424.jpg,meningioma/Tr-me_424.jpg,pituitary/Tr-pi_424.jpg,glioma/Tr-gl_424.jpg
763,notumor/Tr-no_425.jpg,meningioma/Tr-me_425.jpg,pituitary/Tr-pi_425.jpg,glioma/Tr-gl_425.jpg
764,notumor/Tr-no_426.jpg,meningioma/Tr-me_426.jpg,pituitary/Tr-pi_426.jpg,glioma/Tr-gl_426.jpg
765,notumor/Tr-no_427.jpg,meningioma/Tr-me_427.jpg,pituitary/Tr-pi_427.jpg,glioma/Tr-gl_427.jpg
766,notumor/Tr-no_428.jpg,meningioma/Tr-me_428.jpg,pituitary/Tr-pi_428.jpg,glioma/Tr-gl_428.jpg
767,notumor/Tr-no_429.jpg,meningioma/Tr-me_429.jpg,pituitary/Tr-pi_429.jpg,glioma/Tr-gl_429.jpg
768,notumor/Tr-no_43.jpg,meningioma/Tr-me_43.jpg,pituitary/Tr-pi_43.jpg,glioma/Tr-gl_43.jpg
769,notumor/Tr-no_430.jpg,meningioma/Tr-me_430.jpg,pituitary/Tr-pi_430.jpg,glioma/Tr-gl_430.jpg
770,notumor/Tr-no_431.jpg,meningioma/Tr-me_431.jpg,pituitary/Tr-pi_431.jpg,glioma/Tr-gl_431.jpg
771,notumor/Tr-no_432.jpg,meningioma/Tr-me_432.jpg,pituitary/Tr-pi_432.jpg,glioma/Tr-gl_432.jpg
772,notumor/Tr-no_433.jpg,meningioma/Tr-me_433.jpg,pituitary/Tr-pi_433.jpg,glioma/Tr-gl_433.jpg
773,notumor/Tr-no_434.jpg,meningioma/Tr-me_434.jpg,pituitary/Tr-pi_434.jpg,glioma/Tr-gl_434.jpg
774,notumor/Tr-no_435.jpg,meningioma/Tr-me_435.jpg,pituitary/Tr-pi_435.jpg,glioma/Tr-gl_435.jpg
775,notumor/Tr-no_436.jpg,meningioma/Tr-me_436.jpg,pituitary/Tr-pi_436.jpg,glioma/Tr-gl_436.jpg
776,notumor/Tr-no_437.jpg,meningioma/Tr-me_437.jpg,pituitary/Tr-pi_437.jpg,glioma/Tr-gl_437.jpg
777,notumor/Tr-no_438.jpg,meningioma/Tr-me_438.jpg,pituitary/Tr-pi_438.jpg,glioma/Tr-gl_438.jpg
778,notumor/Tr-no_439.jpg,meningioma/Tr-me_439.jpg,pituitary/Tr-pi_439.jpg,glioma/Tr-gl_439.jpg
779,notumor/Tr-no_44.jpg,meningioma/Tr-me_44.jpg,pituitary/Tr-pi_44.jpg,glioma/Tr-gl_44.jpg
780,notumor/Tr-no_440.jpg,meningioma/Tr-me_440.jpg,pituitary/Tr-pi_440.jpg,glioma/Tr-gl_440.jpg
781,notumor/Tr-no_441.jpg,meningioma/Tr-me_441.jpg,pituitary/Tr-pi_441.jpg,glioma/Tr-gl_441.jpg
782,notumor/Tr-no_442.jpg,meningioma/Tr-me_442.jpg,pituitary/Tr-pi_442.jpg,glioma/Tr-gl_442.jpg
783,notumor/Tr-no_443.jpg,meningioma/Tr-me_443.jpg,pituitary/Tr-pi_443.jpg,glioma/Tr-gl_443.jpg
784,notumor/Tr-no_444.jpg,meningioma/Tr-me_444.jpg,pituitary/Tr-pi_444.jpg,glioma/Tr-gl_444.jpg
785,notumor/Tr-no_445.jpg,meningioma/Tr-me_445.jpg,pituitary/Tr-pi_445.jpg,glioma/Tr-gl_445.jpg
786,notumor/Tr-no_446.jpg,meningioma/Tr-me_446.jpg,pituitary/Tr-pi_446.jpg,glioma/Tr-gl_446.jpg
787,notumor/Tr-no_447.jpg,meningioma/Tr-me_447.jpg,pituitary/Tr-pi_447.jpg,glioma/Tr-gl_447.jpg
788,notumor/Tr-no_448.jpg,meningioma/Tr-me_448.jpg,pituitary/Tr-pi_448.jpg,glioma/Tr-gl_448.jpg
789,notumor/Tr-no_449.jpg,meningioma/Tr-me_449.jpg,pituitary/Tr-pi_449.jpg,glioma/Tr-gl_449.jpg
790,notumor/Tr-no_45.jpg,meningioma/Tr-me_45.jpg,pituitary/Tr-pi_45.jpg,glioma/Tr-gl_45.jpg
791,notumor/Tr-no_450.jpg,meningioma/Tr-me_450.jpg,pituitary/Tr-pi_450.jpg,glioma/Tr-gl_450.jpg
792,notumor/Tr-no_451.jpg,meningioma/Tr-me_451.jpg,pituitary/Tr-pi_451.jpg,glioma/Tr-gl_451.jpg
793,notumor/Tr-no_452.jpg,meningioma/Tr-me_452.jpg,pituitary/Tr-pi_452.jpg,glioma/Tr-gl_452.jpg
794,notumor/Tr-no_453.jpg,meningioma/Tr-me_453.jpg,pituitary/Tr-pi_453.jpg,glioma/Tr-gl_453.jpg
795,notumor/Tr-no_454.jpg,meningioma/Tr-me_454.jpg,pituitary/Tr-pi_454.jpg,glioma/Tr-gl_454.jpg
796,notumor/Tr-no_455.jpg,meningioma/Tr-me_455.jpg,pituitary/Tr-pi_455.jpg,glioma/Tr-gl_455.jpg
797,notumor/Tr-no_456.jpg,meningioma/Tr-me_456.jpg,pituitary/Tr-pi_456.jpg,glioma/Tr-gl_456.jpg
798,notumor/Tr-no_457.jpg,meningioma/Tr-me_457.jpg,pituitary/Tr-pi_457.jpg,glioma/Tr-gl_457.jpg
799,notumor/Tr-no_458.jpg,meningioma/Tr-me_458.jpg,pituitary/Tr-pi_458.jpg,glioma/Tr-gl_458.jpg
800,notumor/Tr-no_459.jpg,meningioma/Tr-me_459.jpg,pituitary/Tr-pi_459.jpg,glioma/Tr-gl_459.jpg
801,notumor/Tr-no_46.jpg,meningioma/Tr-me_46.jpg,pituitary/Tr-pi_46.jpg,glioma/Tr-gl_46.jpg
802,notumor/Tr-no_460.jpg,meningioma/Tr-me_460.jpg,pituitary/Tr-pi_460.jpg,glioma/Tr-gl_460.jpg
803,notumor/Tr-no_461.jpg,meningioma/Tr-me_461.jpg,pituitary/Tr-pi_461.jpg,glioma/Tr-gl_461.jpg
804,notumor/Tr-no_462.jpg,meningioma/Tr-me_462.jpg,pituitary/Tr-pi_462.jpg,glioma/Tr-gl_462.jpg
805,notumor/Tr-no_463.jpg,meningioma/Tr-me_463.jpg,pituitary/Tr-pi_463.jpg,glioma/Tr-gl_463.jpg
806,notumor/Tr-no_464.jpg,meningioma/Tr-me_464.jpg,pituitary/Tr-pi_464.jpg,glioma/Tr-gl_464.jpg
807,notumor/Tr-no_465.jpg,meningioma/Tr-me_465.jpg,pituitary/Tr-pi_465.jpg,glioma/Tr-gl_465.jpg
808,notumor/Tr-no_466.jpg,meningioma/Tr-me_466.jpg,pituitary/Tr-pi_466.jpg,glioma/Tr-gl_466.jpg
809,notumor/Tr-no_467.jpg,meningioma/Tr-me_467.jpg,pituitary/Tr-pi_467.jpg,glioma/Tr-gl_467.jpg
810,notumor/Tr-no_468.jpg,meningioma/Tr-me_468.jpg,pituitary/Tr-pi_468.jpg,glioma/Tr-gl_468.jpg
811,notumor/Tr-no_469.jpg,meningioma/Tr-me_469.jpg,pituitary/Tr-pi_469.jpg,glioma/Tr-gl_469.jpg
812,notumor/Tr-no_47.jpg,meningioma/Tr-me_47.jpg,pituitary/Tr-pi_47.jpg,glioma/Tr-gl_47.jpg
813,notumor/Tr-no_470.jpg,meningioma/Tr-me_470.jpg,pituitary/Tr-pi_470.jpg,glioma/Tr-gl_470.jpg
814,notumor/Tr-no_471.jpg,meningioma/Tr-me_471.jpg,pituitary/Tr-pi_471.jpg,glioma/Tr-gl_471.jpg
815,notumor/Tr-no_472.jpg,meningioma/Tr-me_472.jpg,pituitary/Tr-pi_472.jpg,glioma/Tr-gl_472.jpg
816,notumor/Tr-no_473.jpg,meningioma/Tr-me_473.jpg,pituitary/Tr-pi_473.jpg,glioma/Tr-gl_473.jpg
817,notumor/Tr-no_474.jpg,meningioma/Tr-me_474.jpg,pituitary/Tr-pi_474.jpg,glioma/Tr-gl_474.jpg
818,notumor/Tr-no_475.jpg,meningioma/Tr-me_475.jpg,pituitary/Tr-pi_475.jpg,glioma/Tr-gl_475.jpg
819,notumor/Tr-no_476.jpg,meningioma/Tr-me_476.jpg,pituitary/Tr-pi_476.jpg,glioma/Tr-gl_476.jpg
820,notumor/Tr-no_477.jpg,meningioma/Tr-me_477.jpg,pituitary/Tr-pi_477.jpg,glioma/Tr-gl_477.jpg
821,notumor/Tr-no_478.jpg,meningioma/Tr-me_478.jpg,pituitary/Tr-pi_478.jpg,glioma/Tr-gl_478.jpg
822,notumor/Tr-no_479.jpg,meningioma/Tr-me_479.jpg,pituitary/Tr-pi_479.jpg,glioma/Tr-gl_479.jpg
823,notumor/Tr-no_48.jpg,meningioma/Tr-me_48.jpg,pituitary/Tr-pi_48.jpg,glioma/Tr-gl_48.jpg
824,notumor/Tr-no_480.jpg,meningioma/Tr-me_480.jpg,pituitary/Tr-pi_480.jpg,glioma/Tr-gl_480.jpg
825,notumor/Tr-no_481.jpg,meningioma/Tr-me_481.jpg,pituitary/Tr-pi_481.jpg,glioma/Tr-gl_481.jpg
826,notumor/Tr-no_482.jpg,meningioma/Tr-me_482.jpg,pituitary/Tr-pi_482.jpg,glioma/Tr-gl_482.jpg
827,notumor/Tr-no_483.jpg,meningioma/Tr-me_483.jpg,pituitary/Tr-pi_483.jpg,glioma/Tr-gl_483.jpg
828,notumor/Tr-no_484.jpg,meningioma/Tr-me_484.jpg,pituitary/Tr-pi_484.jpg,glioma/Tr-gl_484.jpg
829,notumor/Tr-no_485.jpg,meningioma/Tr-me_485.jpg,pituitary/Tr-pi_485.jpg,glioma/Tr-gl_485.jpg
830,notumor/Tr-no_486.jpg,meningioma/Tr-me_486.jpg,pituitary/Tr-pi_486.jpg,glioma/Tr-gl_486.jpg
831,notumor/Tr-no_487.jpg,meningioma/Tr-me_487.jpg,pituitary/Tr-pi_487.jpg,glioma/Tr-gl_487.jpg
832,notumor/Tr-no_488.jpg,meningioma/Tr-me_488.jpg,pituitary/Tr-pi_488.jpg,glioma/Tr-gl_488.jpg
833,notumor/Tr-no_489.jpg,meningioma/Tr-me_489.jpg,pituitary/Tr-pi_489.jpg,glioma/Tr-gl_489.jpg
834,notumor/Tr-no_49.jpg,meningioma/Tr-me_49.jpg,pituitary/Tr-pi_49.jpg,glioma/Tr-gl_49.jpg
835,notumor/Tr-no_490.jpg,meningioma/Tr-me_490.jpg,pituitary/Tr-pi_490.jpg,glioma/Tr-gl_490.jpg
836,notumor/Tr-no_491.jpg,meningioma/Tr-me_491.jpg,pituitary/Tr-pi_491.jpg,glioma/Tr-gl_491.jpg
837,notumor/Tr-no_492.jpg,meningioma/Tr-me_492.jpg,pituitary/Tr-pi_492.jpg,glioma/Tr-gl_492.jpg
838,notumor/Tr-no_493.jpg,meningioma/Tr-me_493.jpg,pituitary/Tr-pi_493.jpg,glioma/Tr-gl_493.jpg
839,notumor/Tr-no_494.jpg,meningioma/Tr-me_494.jpg,pituitary/Tr-pi_494.jpg,glioma/Tr-gl_494.jpg
840,notumor/Tr-no_495.jpg,meningioma/Tr-me_495.jpg,pituitary/Tr-pi_495.jpg,glioma/Tr-gl_495.jpg
841,notumor/Tr-no_496.jpg,meningioma/Tr-me_496.jpg,pituitary/Tr-pi_496.jpg,glioma/Tr-gl_496.jpg
842,notumor/Tr-no_497.jpg,meningioma/Tr-me_497.jpg,pituitary/Tr-pi_497.jpg,glioma/Tr-gl_497.jpg
843,notumor/Tr-no_498.jpg,meningioma/Tr-me_498.jpg,pituitary/Tr-pi_498.jpg,glioma/Tr-gl_498.jpg
844,notumor/Tr-no_499.jpg,meningioma/Tr-me_499.jpg,pituitary/Tr-pi_499.jpg,glioma/Tr-gl_499.jpg
845,notumor/Tr-no_5.jpg,meningioma/Tr-me_5.jpg,pituitary/Tr-pi_5.jpg,glioma/Tr-gl_5.jpg
846,notumor/Tr-no_50.jpg,meningioma/Tr-me_50.jpg,pituitary/Tr-pi_50.jpg,glioma/Tr-gl_50.jpg
847,notumor/Tr-no_500.jpg,meningioma/Tr-me_500.jpg,pituitary/Tr-pi_500.jpg,glioma/Tr-gl_500.jpg
848,notumor/Tr-no_501.jpg,meningioma/Tr-me_501.jpg,pituitary/Tr-pi_501.jpg,glioma/Tr-gl_501.jpg
849,notumor/Tr-no_502.jpg,meningioma/Tr-me_502.jpg,pituitary/Tr-pi_502.jpg,glioma/Tr-gl_502.jpg
850,notumor/Tr-no_503.jpg,meningioma/Tr-me_503.jpg,pituitary/Tr-pi_503.jpg,glioma/Tr-gl_503.jpg
851,notumor/Tr-no_504.jpg,meningioma/Tr-me_504.jpg,pituitary/Tr-pi_504.jpg,glioma/Tr-gl_504.jpg
852,notumor/Tr-no_505.jpg,meningioma/Tr-me_505.jpg,pituitary/Tr-pi_505.jpg,glioma/Tr-gl_505.jpg
853,notumor/Tr-no_506.jpg,meningioma/Tr-me_506.jpg,pituitary/Tr-pi_506.jpg,glioma/Tr-gl_506.jpg
854,notumor/Tr-no_507.jpg,meningioma/Tr-me_507.jpg,pituitary/Tr-pi_507.jpg,glioma/Tr-gl_507.jpg
855,notumor/Tr-no_508.jpg,meningioma/Tr-me_508.jpg,pituitary/Tr-pi_508.jpg,glioma/Tr-gl_508.jpg
856,notumor/Tr-no_509.jpg,meningioma/Tr-me_509.jpg,pituitary/Tr-pi_509.jpg,glioma/Tr-gl_509.jpg
857,notumor/Tr-no_51.jpg,meningioma/Tr-me_51.jpg,pituitary/Tr-pi_51.jpg,glioma/Tr-gl_51.jpg
858,notumor/Tr-no_510.jpg,meningioma/Tr-me_510.jpg,pituitary/Tr-pi_510.jpg,glioma/Tr-gl_510.jpg
859,notumor/Tr-no_511.jpg,meningioma/Tr-me_511.jpg,pituitary/Tr-pi_511.jpg,glioma/Tr-gl_511.jpg
860,notumor/Tr-no_512.jpg,meningioma/Tr-me_512.jpg,pituitary/Tr-pi_512.jpg,glioma/Tr-gl_512.jpg
861,notumor/Tr-no_513.jpg,meningioma/Tr-me_513.jpg,pituitary/Tr-pi_513.jpg,glioma/Tr-gl_513.jpg
862,notumor/Tr-no_514.jpg,meningioma/Tr-me_514.jpg,pituitary/Tr-pi_514.jpg,glioma/Tr-gl_514.jpg
863,notumor/Tr-no_515.jpg,meningioma/Tr-me_515.jpg,pituitary/Tr-pi_515.jpg,glioma/Tr-gl_515.jpg
864,notumor/Tr-no_516.jpg,meningioma/Tr-me_516.jpg,pituitary/Tr-pi_516.jpg,glioma/Tr-gl_516.jpg
865,notumor/Tr-no_517.jpg,meningioma/Tr-me_517.jpg,pituitary/Tr-pi_517.jpg,glioma/Tr-gl_517.jpg
866,notumor/Tr-no_518.jpg,meningioma/Tr-me_518.jpg,pituitary/Tr-pi_518.jpg,glioma/Tr-gl_518.jpg
867,notumor/Tr-no_519.jpg,meningioma/Tr-me_519.jpg,pituitary/Tr-pi_519.jpg,glioma/Tr-gl_519.jpg
868,notumor/Tr-no_52.jpg,meningioma/Tr-me_52.jpg,pituitary/Tr-pi_52.jpg,glioma/Tr-gl_52.jpg
869,notumor/Tr-no_520.jpg,meningioma/Tr-me_520.jpg,pituitary/Tr-pi_520.jpg,glioma/Tr-gl_520.jpg
870,notumor/Tr-no_521.jpg,meningioma/Tr-me_521.jpg,pituitary/Tr-pi_521.jpg,glioma/Tr-gl_521.jpg
871,notumor/Tr-no_522.jpg,meningioma/Tr-me_522.jpg,pituitary/Tr-pi_522.jpg,glioma/Tr-gl_522.jpg
872,notumor/Tr-no_523.jpg,meningioma/Tr-me_523.jpg,pituitary/Tr-pi_523.jpg,glioma/Tr-gl_523.jpg
873,notumor/Tr-no_524.jpg,meningioma/Tr-me_524.jpg,pituitary/Tr-pi_524.jpg,glioma/Tr-gl_524.jpg
874,notumor/Tr-no_525.jpg,meningioma/Tr-me_525.jpg,pituitary/Tr-pi_525.jpg,glioma/Tr-gl_525.jpg
875,notumor/Tr-no_526.jpg,meningioma/Tr-me_526.jpg,pituitary/Tr-pi_526.jpg,glioma/Tr-gl_526.jpg
876,notumor/Tr-no_527.jpg,meningioma/Tr-me_527.jpg,pituitary/Tr-pi_527.jpg,glioma/Tr-gl_527.jpg
877,notumor/Tr-no_528.jpg,meningioma/Tr-me_528.jpg,pituitary/Tr-pi_528.jpg,glioma/Tr-gl_528.jpg
878,notumor/Tr-no_529.jpg,meningioma/Tr-me_529.jpg,pituitary/Tr-pi_529.jpg,glioma/Tr-gl_529.jpg
879,notumor/Tr-no_53.jpg,meningioma/Tr-me_53.jpg,pituitary/Tr-pi_53.jpg,glioma/Tr-gl_53.jpg
880,notumor/Tr-no_530.jpg,meningioma/Tr-me_530.jpg,pituitary/Tr-pi_530.jpg,glioma/Tr-gl_530.jpg
881,notumor/Tr-no_531.jpg,meningioma/Tr-me_531.jpg,pituitary/Tr-pi_531.jpg,glioma/Tr-gl_531.jpg
882,notumor/Tr-no_532.jpg,meningioma/Tr-me_532.jpg,pituitary/Tr-pi_532.jpg,glioma/Tr-gl_532.jpg
883,notumor/Tr-no_533.jpg,meningioma/Tr-me_533.jpg,pituitary/Tr-pi_533.jpg,glioma/Tr-gl_533.jpg
884,notumor/Tr-no_534.jpg,meningioma/Tr-me_534.jpg,pituitary/Tr-pi_534.jpg,glioma/Tr-gl_534.jpg
885,notumor/Tr-no_535.jpg,meningioma/Tr-me_535.jpg,pituitary/Tr-pi_535.jpg,glioma/Tr-gl_535.jpg
886,notumor/Tr-no_536.jpg,meningioma/Tr-me_536.jpg,pituitary/Tr-pi_536.jpg,glioma/Tr-gl_536.jpg
887,notumor/Tr-no_537.jpg,meningioma/Tr-me_537.jpg,pituitary/Tr-pi_537.jpg,glioma/Tr-gl_537.jpg
888,notumor/Tr-no_538.jpg,meningioma/Tr-me_538.jpg,pituitary/Tr-pi_538.jpg,glioma/Tr-gl_538.jpg
889,notumor/Tr-no_539.jpg,meningioma/Tr-me_539.jpg,pituitary/Tr-pi_539.jpg,glioma/Tr-gl_539.jpg
890,notumor/Tr-no_54.jpg,meningioma/Tr-me_54.jpg,pituitary/Tr-pi_54.jpg,glioma/Tr-gl_54.jpg
891,notumor/Tr-no_540.jpg,meningioma/Tr-me_540.jpg,pituitary/Tr-pi_540.jpg,glioma/Tr-gl_540.jpg
892,notumor/Tr-no_541.jpg,meningioma/Tr-me_541.jpg,pituitary/Tr-pi_541.jpg,glioma/Tr-gl_541.jpg
893,notumor/Tr-no_542.jpg,meningioma/Tr-me_542.jpg,pituitary/Tr-pi_542.jpg,glioma/Tr-gl_542.jpg
894,notumor/Tr-no_543.jpg,meningioma/Tr-me_543.jpg,pituitary/Tr-pi_543.jpg,glioma/Tr-gl_543.jpg
895,notumor/Tr-no_544.jpg,meningioma/Tr-me_544.jpg,pituitary/Tr-pi_544.jpg,glioma/Tr-gl_544.jpg
896,notumor/Tr-no_545.jpg,meningioma/Tr-me_545.jpg,pituitary/Tr-pi_545.jpg,glioma/Tr-gl_545.jpg
897,notumor/Tr-no_546.jpg,meningioma/Tr-me_546.jpg,pituitary/Tr-pi_546.jpg,glioma/Tr-gl_546.jpg
898,notumor/Tr-no_547.jpg,meningioma/Tr-me_547.jpg,pituitary/Tr-pi_547.jpg,glioma/Tr-gl_547.jpg
899,notumor/Tr-no_548.jpg,meningioma/Tr-me_548.jpg,pituitary/Tr-pi_548.jpg,glioma/Tr-gl_548.jpg
900,notumor/Tr-no_549.jpg,meningioma/Tr-me_549.jpg,pituitary/Tr-pi_549.jpg,glioma/Tr-gl_549.jpg
901,notumor/Tr-no_55.jpg,meningioma/Tr-me_55.jpg,pituitary/Tr-pi_55.jpg,glioma/Tr-gl_55.jpg
902,notumor/Tr-no_550.jpg,meningioma/Tr-me_550.jpg,pituitary/Tr-pi_550.jpg,glioma/Tr-gl_550.jpg
903,notumor/Tr-no_551.jpg,meningioma/Tr-me_551.jpg,pituitary/Tr-pi_551.jpg,glioma/Tr-gl_551.jpg
904,notumor/Tr-no_552.jpg,meningioma/Tr-me_552.jpg,pituitary/Tr-pi_552.jpg,glioma/Tr-gl_552.jpg
905,notumor/Tr-no_553.jpg,meningioma/Tr-me_553.jpg,pituitary/Tr-pi_553.jpg,glioma/Tr-gl_553.jpg
906,notumor/Tr-no_554.jpg,meningioma/Tr-me_554.jpg,pituitary/Tr-pi_554.jpg,glioma/Tr-gl_554.jpg
907,notumor/Tr-no_555.jpg,meningioma/Tr-me_555.jpg,pituitary/Tr-pi_555.jpg,glioma/Tr-gl_555.jpg
908,notumor/Tr-no_556.jpg,meningioma/Tr-me_556.jpg,pituitary/Tr-pi_556.jpg,glioma/Tr-gl_556.jpg
909,notumor/Tr-no_557.jpg,meningioma/Tr-me_557.jpg,pituitary/Tr-pi_557.jpg,glioma/Tr-gl_557.jpg
910,notumor/Tr-no_558.jpg,meningioma/Tr-me_558.jpg,pituitary/Tr-pi_558.jpg,glioma/Tr-gl_558.jpg
911,notumor/Tr-no_559.jpg,meningioma/Tr-me_559.jpg,pituitary/Tr-pi_559.jpg,glioma/Tr-gl_559.jpg
912,notumor/Tr-no_56.jpg,meningioma/Tr-me_56.jpg,pituitary/Tr-pi_56.jpg,glioma/Tr-gl_56.jpg
913,notumor/Tr-no_560.jpg,meningioma/Tr-me_560.jpg,pituitary/Tr-pi_560.jpg,glioma/Tr-gl_560.jpg
914,notumor/Tr-no_561.jpg,meningioma/Tr-me_561.jpg,pituitary/Tr-pi_561.jpg,glioma/Tr-gl_561.jpg
915,notumor/Tr-no_562.jpg,meningioma/Tr-me_562.jpg,pituitary/Tr-pi_562.jpg,glioma/Tr-gl_562.jpg
916,notumor/Tr-no_563.jpg,meningioma/Tr-me_563.jpg,pituitary/Tr-pi_563.jpg,glioma/Tr-gl_563.jpg
917,notumor/Tr-no_564.jpg,meningioma/Tr-me_564.jpg,pituitary/Tr-pi_564.jpg,glioma/Tr-gl_564.jpg
918,notumor/Tr-no_565.jpg,meningioma/Tr-me_565.jpg,pituitary/Tr-pi_565.jpg,glioma/Tr-gl_565.jpg
919,notumor/Tr-no_566.jpg,meningioma/Tr-me_566.jpg,pituitary/Tr-pi_566.jpg,glioma/Tr-gl_566.jpg
920,notumor/Tr-no_567.jpg,meningioma/Tr-me_567.jpg,pituitary/Tr-pi_567.jpg,glioma/Tr-gl_567.jpg
921,notumor/Tr-no_568.jpg,meningioma/Tr-me_568.jpg,pituitary/Tr-pi_568.jpg,glioma/Tr-gl_568.jpg
922,notumor/Tr-no_569.jpg,meningioma/Tr-me_569.jpg,pituitary/Tr-pi_569.jpg,glioma/Tr-gl_569.jpg
923,notumor/Tr-no_57.jpg,meningioma/Tr-me_57.jpg,pituitary/Tr-pi_57.jpg,glioma/Tr-gl_57.jpg
924,notumor/Tr-no_570.jpg,meningioma/Tr-me_570.jpg,pituitary/Tr-pi_570.jpg,glioma/Tr-gl_570.jpg
925,notumor/Tr-no_571.jpg,meningioma/Tr-me_571.jpg,pituitary/Tr-pi_571.jpg,glioma/Tr-gl_571.jpg
926,notumor/Tr-no_572.jpg,meningioma/Tr-me_572.jpg,pituitary/Tr-pi_572.jpg,glioma/Tr-gl_572.jpg
927,notumor/Tr-no_573.jpg,meningioma/Tr-me_573.jpg,pituitary/Tr-pi_573.jpg,glioma/Tr-gl_573.jpg
928,notumor/Tr-no_574.jpg,meningioma/Tr-me_574.jpg,pituitary/Tr-pi_574.jpg,glioma/Tr-gl_574.jpg
929,notumor/Tr-no_575.jpg,meningioma/Tr-me_575.jpg,pituitary/Tr-pi_575.jpg,glioma/Tr-gl_575.jpg
930,notumor/Tr-no_576.jpg,meningioma/Tr-me_576.jpg,pituitary/Tr-pi_576.jpg,glioma/Tr-gl_576.jpg
931,notumor/Tr-no_577.jpg,meningioma/Tr-me_577.jpg,pituitary/Tr-pi_577.jpg,glioma/Tr-gl_577.jpg
932,notumor/Tr-no_578.jpg,meningioma/Tr-me_578.jpg,pituitary/Tr-pi_578.jpg,glioma/Tr-gl_578.jpg
933,notumor/Tr-no_579.jpg,meningioma/Tr-me_579.jpg,pituitary/Tr-pi_579.jpg,glioma/Tr-gl_579.jpg
934,notumor/Tr-no_58.jpg,meningioma/Tr-me_58.jpg,pituitary/Tr-pi_58.jpg,glioma/Tr-gl_58.jpg
935,notumor/Tr-no_580.jpg,meningioma/Tr-me_580.jpg,pituitary/Tr-pi_580.jpg,glioma/Tr-gl_580.jpg
936,notumor/Tr-no_581.jpg,meningioma/Tr-me_581.jpg,pituitary/Tr-pi_581.jpg,glioma/Tr-gl_581.jpg
937,notumor/Tr-no_582.jpg,meningioma/Tr-me_582.jpg,pituitary/Tr-pi_582.jpg,glioma/Tr-gl_582.jpg
938,notumor/Tr-no_583.jpg,meningioma/Tr-me_583.jpg,pituitary/Tr-pi_583.jpg,glioma/Tr-gl_583.jpg
939,notumor/Tr-no_584.jpg,meningioma/Tr-me_584.jpg,pituitary/Tr-pi_584.jpg,glioma/Tr-gl_584.jpg
940,notumor/Tr-no_585.jpg,meningioma/Tr-me_585.jpg,pituitary/Tr-pi_585.jpg,glioma/Tr-gl_585.jpg
941,notumor/Tr-no_586.jpg,meningioma/Tr-me_586.jpg,pituitary/Tr-pi_586.jpg,glioma/Tr-gl_586.jpg
942,notumor/Tr-no_587.jpg,meningioma/Tr-me_587.jpg,pituitary/Tr-pi_587.jpg,glioma/Tr-gl_587.jpg
943,notumor/Tr-no_588.jpg,meningioma/Tr-me_588.jpg,pituitary/Tr-pi_588.jpg,glioma/Tr-gl_588.jpg
944,notumor/Tr-no_589.jpg,meningioma/Tr-me_589.jpg,pituitary/Tr-pi_589.jpg,glioma/Tr-gl_589.jpg
945,notumor/Tr-no_59.jpg,meningioma/Tr-me_59.jpg,pituitary/Tr-pi_59.jpg,glioma/Tr-gl_59.jpg
946,notumor/Tr-no_590.jpg,meningioma/Tr-me_590.jpg,pituitary/Tr-pi_590.jpg,glioma/Tr-gl_590.jpg
947,notumor/Tr-no_591.jpg,meningioma/Tr-me_591.jpg,pituitary/Tr-pi_591.jpg,glioma/Tr-gl_591.jpg
948,notumor/Tr-no_592.jpg,meningioma/Tr-me_592.jpg,pituitary/Tr-pi_592.jpg,glioma/Tr-gl_592.jpg
949,notumor/Tr-no_593.jpg,meningioma/Tr-me_593.jpg,pituitary/Tr-pi_593.jpg,glioma/Tr-gl_593.jpg
950,notumor/Tr-no_594.jpg,meningioma/Tr-me_594.jpg,pituitary/Tr-pi_594.jpg,glioma/Tr-gl_594.jpg
951,notumor/Tr-no_595.jpg,meningioma/Tr-me_595.jpg,pituitary/Tr-pi_595.jpg,glioma/Tr-gl_595.jpg
952,notumor/Tr-no_596.jpg,meningioma/Tr-me_596.jpg,pituitary/Tr-pi_596.jpg,glioma/Tr-gl_596.jpg
953,notumor/Tr-no_597.jpg,meningioma/Tr-me_597.jpg,pituitary/Tr-pi_597.jpg,glioma/Tr-gl_597.jpg
954,notumor/Tr-no_598.jpg,meningioma/Tr-me_598.jpg,pituitary/Tr-pi_598.jpg,glioma/Tr-gl_598.jpg
955,notumor/Tr-no_599.jpg,meningioma/Tr-me_599.jpg,pituitary/Tr-pi_599.jpg,glioma/Tr-gl_599.jpg
956,notumor/Tr-no_6.jpg,meningioma/Tr-me_6.jpg,pituitary/Tr-pi_6.jpg,glioma/Tr-gl_6.jpg
957,notumor/Tr-no_60.jpg,meningioma/Tr-me_60.jpg,pituitary/Tr-pi_60.jpg,glioma/Tr-gl_60.jpg
958,notumor/Tr-no_600.jpg,meningioma/Tr-me_600.jpg,pituitary/Tr-pi_600.jpg,glioma/Tr-gl_600.jpg
959,notumor/Tr-no_601.jpg,meningioma/Tr-me_601.jpg,pituitary/Tr-pi_601.jpg,glioma/Tr-gl_601.jpg
960,notumor/Tr-no_602.jpg,meningioma/Tr-me_602.jpg,pituitary/Tr-pi_602.jpg,glioma/Tr-gl_602.jpg
961,notumor/Tr-no_603.jpg,meningioma/Tr-me_603.jpg,pituitary/Tr-pi_603.jpg,glioma/Tr-gl_603.jpg
962,notumor/Tr-no_604.jpg,meningioma/Tr-me_604.jpg,pituitary/Tr-pi_604.jpg,glioma/Tr-gl_604.jpg
963,notumor/Tr-no_605.jpg,meningioma/Tr-me_605.jpg,pituitary/Tr-pi_605.jpg,glioma/Tr-gl_605.jpg
964,notumor/Tr-no_606.jpg,meningioma/Tr-me_606.jpg,pituitary/Tr-pi_606.jpg,glioma/Tr-gl_606.jpg
965,notumor/Tr-no_607.jpg,meningioma/Tr-me_607.jpg,pituitary/Tr-pi_607.jpg,glioma/Tr-gl_607.jpg
966,notumor/Tr-no_608.jpg,meningioma/Tr-me_608.jpg,pituitary/Tr-pi_608.jpg,glioma/Tr-gl_608.jpg
967,notumor/Tr-no_609.jpg,meningioma/Tr-me_609.jpg,pituitary/Tr-pi_609.jpg,glioma/Tr-gl_609.jpg
968,notumor/Tr-no_61.jpg,meningioma/Tr-me_61.jpg,pituitary/Tr-pi_61.jpg,glioma/Tr-gl_61.jpg
969,notumor/Tr-no_610.jpg,meningioma/Tr-me_610.jpg,pituitary/Tr-pi_610.jpg,glioma/Tr-gl_610.jpg
970,notumor/Tr-no_611.jpg,meningioma/Tr-me_611.jpg,pituitary/Tr-pi_611.jpg,glioma/Tr-gl_611.jpg
971,notumor/Tr-no_612.jpg,meningioma/Tr-me_612.jpg,pituitary/Tr-pi_612.jpg,glioma/Tr-gl_612.jpg
972,notumor/Tr-no_613.jpg,meningioma/Tr-me_613.jpg,pituitary/Tr-pi_613.jpg,glioma/Tr-gl_613.jpg
973,notumor/Tr-no_614.jpg,meningioma/Tr-me_614.jpg,pituitary/Tr-pi_614.jpg,glioma/Tr-gl_614.jpg
974,notumor/Tr-no_615.jpg,meningioma/Tr-me_615.jpg,pituitary/Tr-pi_615.jpg,glioma/Tr-gl_615.jpg
975,notumor/Tr-no_616.jpg,meningioma/Tr-me_616.jpg,pituitary/Tr-pi_616.jpg,glioma/Tr-gl_616.jpg
976,notumor/Tr-no_617.jpg,meningioma/Tr-me_617.jpg,pituitary/Tr-pi_617.jpg,glioma/Tr-gl_617.jpg
977,notumor/Tr-no_618.jpg,meningioma/Tr-me_618.jpg,pituitary/Tr-pi_618.jpg,glioma/Tr-gl_618.jpg
978,notumor/Tr-no_619.jpg,meningioma/Tr-me_619.jpg,pituitary/Tr-pi_619.jpg,glioma/Tr-gl_619.jpg
979,notumor/Tr-no_62.jpg,meningioma/Tr-me_62.jpg,pituitary/Tr-pi_62.jpg,glioma/Tr-gl_62.jpg
980,notumor/Tr-no_620.jpg,meningioma/Tr-me_620.jpg,pituitary/Tr-pi_620.jpg,glioma/Tr-gl_620.jpg
981,notumor/Tr-no_621.jpg,meningioma/Tr-me_621.jpg,pituitary/Tr-pi_621.jpg,glioma/Tr-gl_621.jpg
982,notumor/Tr-no_622.jpg,meningioma/Tr-me_622.jpg,pituitary/Tr-pi_622.jpg,glioma/Tr-gl_622.jpg
983,notumor/Tr-no_623.jpg,meningioma/Tr-me_623.jpg,pituitary/Tr-pi_623.jpg,glioma/Tr-gl_623.jpg
984,notumor/Tr-no_624.jpg,meningioma/Tr-me_624.jpg,pituitary/Tr-pi_624.jpg,glioma/Tr-gl_624.jpg
985,notumor/Tr-no_625.jpg,meningioma/Tr-me_625.jpg,pituitary/Tr-pi_625.jpg,glioma/Tr-gl_625.jpg
986,notumor/Tr-no_626.jpg,meningioma/Tr-me_626.jpg,pituitary/Tr-pi_626.jpg,glioma/Tr-gl_626.jpg
987,notumor/Tr-no_627.jpg,meningioma/Tr-me_627.jpg,pituitary/Tr-pi_627.jpg,glioma/Tr-gl_627.jpg
988,notumor/Tr-no_628.jpg,meningioma/Tr-me_628.jpg,pituitary/Tr-pi_628.jpg,glioma/Tr-gl_628.jpg
989,notumor/Tr-no_629.jpg,meningioma/Tr-me_629.jpg,pituitary/Tr-pi_629.jpg,glioma/Tr-gl_629.jpg
990,notumor/Tr-no_63.jpg,meningioma/Tr-me_63.jpg,pituitary/Tr-pi_63.jpg,glioma/Tr-gl_63.jpg
991,notumor/Tr-no_630.jpg,meningioma/Tr-me_630.jpg,pituitary/Tr-pi_630.jpg,glioma/Tr-gl_630.jpg
992,notumor/Tr-no_631.jpg,meningioma/Tr-me_631.jpg,pituitary/Tr-pi_631.jpg,glioma/Tr-gl_631.jpg
993,notumor/Tr-no_632.jpg,meningioma/Tr-me_632.jpg,pituitary/Tr-pi_632.jpg,glioma/Tr-gl_632.jpg
994,notumor/Tr-no_633.jpg,meningioma/Tr-me_633.jpg,pituitary/Tr-pi_633.jpg,glioma/Tr-gl_633.jpg
995,notumor/Tr-no_634.jpg,meningioma/Tr-me_634.jpg,pituitary/Tr-pi_634.jpg,glioma/Tr-gl_634.jpg
996,notumor/Tr-no_635.jpg,meningioma/Tr-me_635.jpg,pituitary/Tr-pi_635.jpg,glioma/Tr-gl_635.jpg
997,notumor/Tr-no_636.jpg,meningioma/Tr-me_636.jpg,pituitary/Tr-pi_636.jpg,glioma/Tr-gl_636.jpg
998,notumor/Tr-no_637.jpg,meningioma/Tr-me_637.jpg,pituitary/Tr-pi_637.jpg,glioma/Tr-gl_637.jpg
999,notumor/Tr-no_638.jpg,meningioma/Tr-me_638.jpg,pituitary/Tr-pi_638.jpg,glioma/Tr-gl_638.jpg
1000,notumor/Tr-no_639.jpg,meningioma/Tr-me_639.jpg,pituitary/Tr-pi_639.jpg,glioma/Tr-gl_639.jpg
1001,notumor/Tr-no_64.jpg,meningioma/Tr-me_64.jpg,pituitary/Tr-pi_64.jpg,glioma/Tr-gl_64.jpg
1002,notumor/Tr-no_640.jpg,meningioma/Tr-me_640.jpg,pituitary/Tr-pi_640.jpg,glioma/Tr-gl_640.jpg
1003,notumor/Tr-no_641.jpg,meningioma/Tr-me_641.jpg,pituitary/Tr-pi_641.jpg,glioma/Tr-gl_641.jpg
1004,notumor/Tr-no_642.jpg,meningioma/Tr-me_642.jpg,pituitary/Tr-pi_642.jpg,glioma/Tr-gl_642.jpg
1005,notumor/Tr-no_643.jpg,meningioma/Tr-me_643.jpg,pituitary/Tr-pi_643.jpg,glioma/Tr-gl_643.jpg
1006,notumor/Tr-no_644.jpg,meningioma/Tr-me_644.jpg,pituitary/Tr-pi_644.jpg,glioma/Tr-gl_644.jpg
1007,notumor/Tr-no_645.jpg,meningioma/Tr-me_645.jpg,pituitary/Tr-pi_645.jpg,glioma/Tr-gl_645.jpg
1008,notumor/Tr-no_646.jpg,meningioma/Tr-me_646.jpg,pituitary/Tr-pi_646.jpg,glioma/Tr-gl_646.jpg
1009,notumor/Tr-no_647.jpg,meningioma/Tr-me_647.jpg,pituitary/Tr-pi_647.jpg,glioma/Tr-gl_647.jpg
1010,notumor/Tr-no_648.jpg,meningioma/Tr-me_648.jpg,pituitary/Tr-pi_648.jpg,glioma/Tr-gl_648.jpg
1011,notumor/Tr-no_649.jpg,meningioma/Tr-me_649.jpg,pituitary/Tr-pi_649.jpg,glioma/Tr-gl_649.jpg
1012,notumor/Tr-no_65.jpg,meningioma/Tr-me_65.jpg,pituitary/Tr-pi_65.jpg,glioma/Tr-gl_65.jpg
1013,notumor/Tr-no_650.jpg,meningioma/Tr-me_650.jpg,pituitary/Tr-pi_650.jpg,glioma/Tr-gl_650.jpg
1014,notumor/Tr-no_651.jpg,meningioma/Tr-me_651.jpg,pituitary/Tr-pi_651.jpg,glioma/Tr-gl_651.jpg
1015,notumor/Tr-no_652.jpg,meningioma/Tr-me_652.jpg,pituitary/Tr-pi_652.jpg,glioma/Tr-gl_652.jpg
1016,notumor/Tr-no_653.jpg,meningioma/Tr-me_653.jpg,pituitary/Tr-pi_653.jpg,glioma/Tr-gl_653.jpg
1017,notumor/Tr-no_654.jpg,meningioma/Tr-me_654.jpg,pituitary/Tr-pi_654.jpg,glioma/Tr-gl_654.jpg
1018,notumor/Tr-no_655.jpg,meningioma/Tr-me_655.jpg,pituitary/Tr-pi_655.jpg,glioma/Tr-gl_655.jpg
1019,notumor/Tr-no_656.jpg,meningioma/Tr-me_656.jpg,pituitary/Tr-pi_656.jpg,glioma/Tr-gl_656.jpg
1020,notumor/Tr-no_657.jpg,meningioma/Tr-me_657.jpg,pituitary/Tr-pi_657.jpg,glioma/Tr-gl_657.jpg
1021,notumor/Tr-no_658.jpg,meningioma/Tr-me_658.jpg,pituitary/Tr-pi_658.jpg,glioma/Tr-gl_658.jpg
1022,notumor/Tr-no_659.jpg,meningioma/Tr-me_659.jpg,pituitary/Tr-pi_659.jpg,glioma/Tr-gl_659.jpg
1023,notumor/Tr-no_66.jpg,meningioma/Tr-me_66.jpg,pituitary/Tr-pi_66.jpg,glioma/Tr-gl_66.jpg
1024,notumor/Tr-no_660.jpg,meningioma/Tr-me_660.jpg,pituitary/Tr-pi_660.jpg,glioma/Tr-gl_660.jpg
1025,notumor/Tr-no_661.jpg,meningioma/Tr-me_661.jpg,pituitary/Tr-pi_661.jpg,glioma/Tr-gl_661.jpg
1026,notumor/Tr-no_662.jpg,meningioma/Tr-me_662.jpg,pituitary/Tr-pi_662.jpg,glioma/Tr-gl_662.jpg
1027,notumor/Tr-no_663.jpg,meningioma/Tr-me_663.jpg,pituitary/Tr-pi_663.jpg,glioma/Tr-gl_663.jpg
1028,notumor/Tr-no_664.jpg,meningioma/Tr-me_664.jpg,pituitary/Tr-pi_664.jpg,glioma/Tr-gl_664.jpg
1029,notumor/Tr-no_665.jpg,meningioma/Tr-me_665.jpg,pituitary/Tr-pi_665.jpg,glioma/Tr-gl_665.jpg
1030,notumor/Tr-no_666.jpg,meningioma/Tr-me_666.jpg,pituitary/Tr-pi_666.jpg,glioma/Tr-gl_666.jpg
1031,notumor/Tr-no_667.jpg,meningioma/Tr-me_667.jpg,pituitary/Tr-pi_667.jpg,glioma/Tr-gl_667.jpg
1032,notumor/Tr-no_668.jpg,meningioma/Tr-me_668.jpg,pituitary/Tr-pi_668.jpg,glioma/Tr-gl_668.jpg
1033,notumor/Tr-no_669.jpg,meningioma/Tr-me_669.jpg,pituitary/Tr-pi_669.jpg,glioma/Tr-gl_669.jpg
1034,notumor/Tr-no_67.jpg,meningioma/Tr-me_67.jpg,pituitary/Tr-pi_67.jpg,glioma/Tr-gl_67.jpg
1035,notumor/Tr-no_670.jpg,meningioma/Tr-me_670.jpg,pituitary/Tr-pi_670.jpg,glioma/Tr-gl_670.jpg
1036,notumor/Tr-no_671.jpg,meningioma/Tr-me_671.jpg,pituitary/Tr-pi_671.jpg,glioma/Tr-gl_671.jpg
1037,notumor/Tr-no_672.jpg,meningioma/Tr-me_672.jpg,pituitary/Tr-pi_672.jpg,glioma/Tr-gl_672.jpg
1038,notumor/Tr-no_673.jpg,meningioma/Tr-me_673.jpg,pituitary/Tr-pi_673.jpg,glioma/Tr-gl_673.jpg
1039,notumor/Tr-no_674.jpg,meningioma/Tr-me_674.jpg,pituitary/Tr-pi_674.jpg,glioma/Tr-gl_674.jpg
1040,notumor/Tr-no_675.jpg,meningioma/Tr-me_675.jpg,pituitary/Tr-pi_675.jpg,glioma/Tr-gl_675.jpg
1041,notumor/Tr-no_676.jpg,meningioma/Tr-me_676.jpg,pituitary/Tr-pi_676.jpg,glioma/Tr-gl_676.jpg
1042,notumor/Tr-no_677.jpg,meningioma/Tr-me_677.jpg,pituitary/Tr-pi_677.jpg,glioma/Tr-gl_677.jpg
1043,notumor/Tr-no_678.jpg,meningioma/Tr-me_678.jpg,pituitary/Tr-pi_678.jpg,glioma/Tr-gl_678.jpg
1044,notumor/Tr-no_679.jpg,meningioma/Tr-me_679.jpg,pituitary/Tr-pi_679.jpg,glioma/Tr-gl_679.jpg
1045,notumor/Tr-no_68.jpg,meningioma/Tr-me_68.jpg,pituitary/Tr-pi_68.jpg,glioma/Tr-gl_68.jpg
1046,notumor/Tr-no_680.jpg,meningioma/Tr-me_680.jpg,pituitary/Tr-pi_680.jpg,glioma/Tr-gl_680.jpg
1047,notumor/Tr-no_681.jpg,meningioma/Tr-me_681.jpg,pituitary/Tr-pi_681.jpg,glioma/Tr-gl_681.jpg
1048,notumor/Tr-no_682.jpg,meningioma/Tr-me_682.jpg,pituitary/Tr-pi_682.jpg,glioma/Tr-gl_682.jpg
1049,notumor/Tr-no_683.jpg,meningioma/Tr-me_683.jpg,pituitary/Tr-pi_683.jpg,glioma/Tr-gl_683.jpg
1050,notumor/Tr-no_684.jpg,meningioma/Tr-me_684.jpg,pituitary/Tr-pi_684.jpg,glioma/Tr-gl_684.jpg
1051,notumor/Tr-no_685.jpg,meningioma/Tr-me_685.jpg,pituitary/Tr-pi_685.jpg,glioma/Tr-gl_685.jpg
1052,notumor/Tr-no_686.jpg,meningioma/Tr-me_686.jpg,pituitary/Tr-pi_686.jpg,glioma/Tr-gl_686.jpg
1053,notumor/Tr-no_687.jpg,meningioma/Tr-me_687.jpg,pituitary/Tr-pi_687.jpg,glioma/Tr-gl_687.jpg
1054,notumor/Tr-no_688.jpg,meningioma/Tr-me_688.jpg,pituitary/Tr-pi_688.jpg,glioma/Tr-gl_688.jpg
1055,notumor/Tr-no_689.jpg,meningioma/Tr-me_689.jpg,pituitary/Tr-pi_689.jpg,glioma/Tr-gl_689.jpg
1056,notumor/Tr-no_69.jpg,meningioma/Tr-me_69.jpg,pituitary/Tr-pi_69.jpg,glioma/Tr-gl_69.jpg
1057,notumor/Tr-no_690.jpg,meningioma/Tr-me_690.jpg,pituitary/Tr-pi_690.jpg,glioma/Tr-gl_690.jpg
1058,notumor/Tr-no_691.jpg,meningioma/Tr-me_691.jpg,pituitary/Tr-pi_691.jpg,glioma/Tr-gl_691.jpg
1059,notumor/Tr-no_692.jpg,meningioma/Tr-me_692.jpg,pituitary/Tr-pi_692.jpg,glioma/Tr-gl_692.jpg
1060,notumor/Tr-no_693.jpg,meningioma/Tr-me_693.jpg,pituitary/Tr-pi_693.jpg,glioma/Tr-gl_693.jpg
1061,notumor/Tr-no_694.jpg,meningioma/Tr-me_694.jpg,pituitary/Tr-pi_694.jpg,glioma/Tr-gl_694.jpg
1062,notumor/Tr-no_695.jpg,meningioma/Tr-me_695.jpg,pituitary/Tr-pi_695.jpg,glioma/Tr-gl_695.jpg
1063,notumor/Tr-no_696.jpg,meningioma/Tr-me_696.jpg,pituitary/Tr-pi_696.jpg,glioma/Tr-gl_696.jpg
1064,notumor/Tr-no_697.jpg,meningioma/Tr-me_697.jpg,pituitary/Tr-pi_697.jpg,glioma/Tr-gl_697.jpg
1065,notumor/Tr-no_698.jpg,meningioma/Tr-me_698.jpg,pituitary/Tr-pi_698.jpg,glioma/Tr-gl_698.jpg
1066,notumor/Tr-no_699.jpg,meningioma/Tr-me_699.jpg,pituitary/Tr-pi_699.jpg,glioma/Tr-gl_699.jpg
1067,notumor/Tr-no_7.jpg,meningioma/Tr-me_7.jpg,pituitary/Tr-pi_7.jpg,glioma/Tr-gl_7.jpg
1068,notumor/Tr-no_70.jpg,meningioma/Tr-me_70.jpg,pituitary/Tr-pi_70.jpg,glioma/Tr-gl_70.jpg
1069,notumor/Tr-no_700.jpg,meningioma/Tr-me_700.jpg,pituitary/Tr-pi_700.jpg,glioma/Tr-gl_700.jpg
1070,notumor/Tr-no_701.jpg,meningioma/Tr-me_701.jpg,pituitary/Tr-pi_701.jpg,glioma/Tr-gl_701.jpg
1071,notumor/Tr-no_702.jpg,meningioma/Tr-me_702.jpg,pituitary/Tr-pi_702.jpg,glioma/Tr-gl_702.jpg
1072,notumor/Tr-no_703.jpg,meningioma/Tr-me_703.jpg,pituitary/Tr-pi_703.jpg,glioma/Tr-gl_703.jpg
1073,notumor/Tr-no_704.jpg,meningioma/Tr-me_704.jpg,pituitary/Tr-pi_704.jpg,glioma/Tr-gl_704.jpg
1074,notumor/Tr-no_705.jpg,meningioma/Tr-me_705.jpg,pituitary/Tr-pi_705.jpg,glioma/Tr-gl_705.jpg
1075,notumor/Tr-no_706.jpg,meningioma/Tr-me_706.jpg,pituitary/Tr-pi_706.jpg,glioma/Tr-gl_706.jpg
1076,notumor/Tr-no_707.jpg,meningioma/Tr-me_707.jpg,pituitary/Tr-pi_707.jpg,glioma/Tr-gl_707.jpg
1077,notumor/Tr-no_708.jpg,meningioma/Tr-me_708.jpg,pituitary/Tr-pi_708.jpg,glioma/Tr-gl_708.jpg
1078,notumor/Tr-no_709.jpg,meningioma/Tr-me_709.jpg,pituitary/Tr-pi_709.jpg,glioma/Tr-gl_709.jpg
1079,notumor/Tr-no_71.jpg,meningioma/Tr-me_71.jpg,pituitary/Tr-pi_71.jpg,glioma/Tr-gl_71.jpg
1080,notumor/Tr-no_710.jpg,meningioma/Tr-me_710.jpg,pituitary/Tr-pi_710.jpg,glioma/Tr-gl_710.jpg
1081,notumor/Tr-no_711.jpg,meningioma/Tr-me_711.jpg,pituitary/Tr-pi_711.jpg,glioma/Tr-gl_711.jpg
1082,notumor/Tr-no_712.jpg,meningioma/Tr-me_712.jpg,pituitary/Tr-pi_712.jpg,glioma/Tr-gl_712.jpg
1083,notumor/Tr-no_713.jpg,meningioma/Tr-me_713.jpg,pituitary/Tr-pi_713.jpg,glioma/Tr-gl_713.jpg
1084,notumor/Tr-no_714.jpg,meningioma/Tr-me_714.jpg,pituitary/Tr-pi_714.jpg,glioma/Tr-gl_714.jpg
1085,notumor/Tr-no_715.jpg,meningioma/Tr-me_715.jpg,pituitary/Tr-pi_715.jpg,glioma/Tr-gl_715.jpg
1086,notumor/Tr-no_716.jpg,meningioma/Tr-me_716.jpg,pituitary/Tr-pi_716.jpg,glioma/Tr-gl_716.jpg
1087,notumor/Tr-no_717.jpg,meningioma/Tr-me_717.jpg,pituitary/Tr-pi_717.jpg,glioma/Tr-gl_717.jpg
1088,notumor/Tr-no_718.jpg,meningioma/Tr-me_718.jpg,pituitary/Tr-pi_718.jpg,glioma/Tr-gl_718.jpg
1089,notumor/Tr-no_719.jpg,meningioma/Tr-me_719.jpg,pituitary/Tr-pi_719.jpg,glioma/Tr-gl_719.jpg
1090,notumor/Tr-no_72.jpg,meningioma/Tr-me_72.jpg,pituitary/Tr-pi_72.jpg,glioma/Tr-gl_72.jpg
1091,notumor/Tr-no_720.jpg,meningioma/Tr-me_720.jpg,pituitary/Tr-pi_720.jpg,glioma/Tr-gl_720.jpg
1092,notumor/Tr-no_721.jpg,meningioma/Tr-me_721.jpg,pituitary/Tr-pi_721.jpg,glioma/Tr-gl_721.jpg
1093,notumor/Tr-no_722.jpg,meningioma/Tr-me_722.jpg,pituitary/Tr-pi_722.jpg,glioma/Tr-gl_722.jpg
1094,notumor/Tr-no_723.jpg,meningioma/Tr-me_723.jpg,pituitary/Tr-pi_723.jpg,glioma/Tr-gl_723.jpg
1095,notumor/Tr-no_724.jpg,meningioma/Tr-me_724.jpg,pituitary/Tr-pi_724.jpg,glioma/Tr-gl_724.jpg
1096,notumor/Tr-no_725.jpg,meningioma/Tr-me_725.jpg,pituitary/Tr-pi_725.jpg,glioma/Tr-gl_725.jpg
1097,notumor/Tr-no_726.jpg,meningioma/Tr-me_726.jpg,pituitary/Tr-pi_726.jpg,glioma/Tr-gl_726.jpg
1098,notumor/Tr-no_727.jpg,meningioma/Tr-me_727.jpg,pituitary/Tr-pi_727.jpg,glioma/Tr-gl_727.jpg
1099,notumor/Tr-no_728.jpg,meningioma/Tr-me_728.jpg,pituitary/Tr-pi_728.jpg,glioma/Tr-gl_728.jpg
1100,notumor/Tr-no_729.jpg,meningioma/Tr-me_729.jpg,pituitary/Tr-pi_729.jpg,glioma/Tr-gl_729.jpg
1101,notumor/Tr-no_73.jpg,meningioma/Tr-me_73.jpg,pituitary/Tr-pi_73.jpg,glioma/Tr-gl_73.jpg
1102,notumor/Tr-no_730.jpg,meningioma/Tr-me_730.jpg,pituitary/Tr-pi_730.jpg,glioma/Tr-gl_730.jpg
1103,notumor/Tr-no_731.jpg,meningioma/Tr-me_731.jpg,pituitary/Tr-pi_731.jpg,glioma/Tr-gl_731.jpg
1104,notumor/Tr-no_732.jpg,meningioma/Tr-me_732.jpg,pituitary/Tr-pi_732.jpg,glioma/Tr-gl_732.jpg
1105,notumor/Tr-no_733.jpg,meningioma/Tr-me_733.jpg,pituitary/Tr-pi_733.jpg,glioma/Tr-gl_733.jpg
1106,notumor/Tr-no_734.jpg,meningioma/Tr-me_734.jpg,pituitary/Tr-pi_734.jpg,glioma/Tr-gl_734.jpg
1107,notumor/Tr-no_735.jpg,meningioma/Tr-me_735.jpg,pituitary/Tr-pi_735.jpg,glioma/Tr-gl_735.jpg
1108,notumor/Tr-no_736.jpg,meningioma/Tr-me_736.jpg,pituitary/Tr-pi_736.jpg,glioma/Tr-gl_736.jpg
1109,notumor/Tr-no_737.jpg,meningioma/Tr-me_737.jpg,pituitary/Tr-pi_737.jpg,glioma/Tr-gl_737.jpg
1110,notumor/Tr-no_738.jpg,meningioma/Tr-me_738.jpg,pituitary/Tr-pi_738.jpg,glioma/Tr-gl_738.jpg
1111,notumor/Tr-no_739.jpg,meningioma/Tr-me_739.jpg,pituitary/Tr-pi_739.jpg,glioma/Tr-gl_739.jpg
1112,notumor/Tr-no_74.jpg,meningioma/Tr-me_74.jpg,pituitary/Tr-pi_74.jpg,glioma/Tr-gl_74.jpg
1113,notumor/Tr-no_740.jpg,meningioma/Tr-me_740.jpg,pituitary/Tr-pi_740.jpg,glioma/Tr-gl_740.jpg
1114,notumor/Tr-no_741.jpg,meningioma/Tr-me_741.jpg,pituitary/Tr-pi_741.jpg,glioma/Tr-gl_741.jpg
1115,notumor/Tr-no_742.jpg,meningioma/Tr-me_742.jpg,pituitary/Tr-pi_742.jpg,glioma/Tr-gl_742.jpg
1116,notumor/Tr-no_743.jpg,meningioma/Tr-me_743.jpg,pituitary/Tr-pi_743.jpg,glioma/Tr-gl_743.jpg
1117,notumor/Tr-no_744.jpg,meningioma/Tr-me_744.jpg,pituitary/Tr-pi_744.jpg,glioma/Tr-gl_744.jpg
1118,notumor/Tr-no_745.jpg,meningioma/Tr-me_745.jpg,pituitary/Tr-pi_745.jpg,glioma/Tr-gl_745.jpg
1119,notumor/Tr-no_746.jpg,meningioma/Tr-me_746.jpg,pituitary/Tr-pi_746.jpg,glioma/Tr-gl_746.jpg
1120,notumor/Tr-no_747.jpg,meningioma/Tr-me_747.jpg,pituitary/Tr-pi_747.jpg,glioma/Tr-gl_747.jpg
1121,notumor/Tr-no_748.jpg,meningioma/Tr-me_748.jpg,pituitary/Tr-pi_748.jpg,glioma/Tr-gl_748.jpg
1122,notumor/Tr-no_749.jpg,meningioma/Tr-me_749.jpg,pituitary/Tr-pi_749.jpg,glioma/Tr-gl_749.jpg
1123,notumor/Tr-no_75.jpg,meningioma/Tr-me_75.jpg,pituitary/Tr-pi_75.jpg,glioma/Tr-gl_75.jpg
1124,notumor/Tr-no_750.jpg,meningioma/Tr-me_750.jpg,pituitary/Tr-pi_750.jpg,glioma/Tr-gl_750.jpg
1125,notumor/Tr-no_751.jpg,meningioma/Tr-me_751.jpg,pituitary/Tr-pi_751.jpg,glioma/Tr-gl_751.jpg
1126,notumor/Tr-no_752.jpg,meningioma/Tr-me_752.jpg,pituitary/Tr-pi_752.jpg,glioma/Tr-gl_752.jpg
1127,notumor/Tr-no_753.jpg,meningioma/Tr-me_753.jpg,pituitary/Tr-pi_753.jpg,glioma/Tr-gl_753.jpg
1128,notumor/Tr-no_754.jpg,meningioma/Tr-me_754.jpg,pituitary/Tr-pi_754.jpg,glioma/Tr-gl_754.jpg
1129,notumor/Tr-no_755.jpg,meningioma/Tr-me_755.jpg,pituitary/Tr-pi_755.jpg,glioma/Tr-gl_755.jpg
1130,notumor/Tr-no_756.jpg,meningioma/Tr-me_756.jpg,pituitary/Tr-pi_756.jpg,glioma/Tr-gl_756.jpg
1131,notumor/Tr-no_757.jpg,meningioma/Tr-me_757.jpg,pituitary/Tr-pi_757.jpg,glioma/Tr-gl_757.jpg
1132,notumor/Tr-no_758.jpg,meningioma/Tr-me_758.jpg,pituitary/Tr-pi_758.jpg,glioma/Tr-gl_758.jpg
1133,notumor/Tr-no_759.jpg,meningioma/Tr-me_759.jpg,pituitary/Tr-pi_759.jpg,glioma/Tr-gl_759.jpg
1134,notumor/Tr-no_76.jpg,meningioma/Tr-me_76.jpg,pituitary/Tr-pi_76.jpg,glioma/Tr-gl_76.jpg
1135,notumor/Tr-no_760.jpg,meningioma/Tr-me_760.jpg,pituitary/Tr-pi_760.jpg,glioma/Tr-gl_760.jpg
1136,notumor/Tr-no_761.jpg,meningioma/Tr-me_761.jpg,pituitary/Tr-pi_761.jpg,glioma/Tr-gl_761.jpg
1137,notumor/Tr-no_762.jpg,meningioma/Tr-me_762.jpg,pituitary/Tr-pi_762.jpg,glioma/Tr-gl_762.jpg
1138,notumor/Tr-no_763.jpg,meningioma/Tr-me_763.jpg,pituitary/Tr-pi_763.jpg,glioma/Tr-gl_763.jpg
1139,notumor/Tr-no_764.jpg,meningioma/Tr-me_764.jpg,pituitary/Tr-pi_764.jpg,glioma/Tr-gl_764.jpg
1140,notumor/Tr-no_765.jpg,meningioma/Tr-me_765.jpg,pituitary/Tr-pi_765.jpg,glioma/Tr-gl_765.jpg
1141,notumor/Tr-no_766.jpg,meningioma/Tr-me_766.jpg,pituitary/Tr-pi_766.jpg,glioma/Tr-gl_766.jpg
1142,notumor/Tr-no_767.jpg,meningioma/Tr-me_767.jpg,pituitary/Tr-pi_767.jpg,glioma/Tr-gl_767.jpg
1143,notumor/Tr-no_768.jpg,meningioma/Tr-me_768.jpg,pituitary/Tr-pi_768.jpg,glioma/Tr-gl_768.jpg
1144,notumor/Tr-no_769.jpg,meningioma/Tr-me_769.jpg,pituitary/Tr-pi_769.jpg,glioma/Tr-gl_769.jpg
1145,notumor/Tr-no_77.jpg,meningioma/Tr-me_77.jpg,pituitary/Tr-pi_77.jpg,glioma/Tr-gl_77.jpg
1146,notumor/Tr-no_770.jpg,meningioma/Tr-me_770.jpg,pituitary/Tr-pi_770.jpg,glioma/Tr-gl_770.jpg
1147,notumor/Tr-no_771.jpg,meningioma/Tr-me_771.jpg,pituitary/Tr-pi_771.jpg,glioma/Tr-gl_771.jpg
1148,notumor/Tr-no_772.jpg,meningioma/Tr-me_772.jpg,pituitary/Tr-pi_772.jpg,glioma/Tr-gl_772.jpg
1149,notumor/Tr-no_773.jpg,meningioma/Tr-me_773.jpg,pituitary/Tr-pi_773.jpg,glioma/Tr-gl_773.jpg
1150,notumor/Tr-no_774.jpg,meningioma/Tr-me_774.jpg,pituitary/Tr-pi_774.jpg,glioma/Tr-gl_774.jpg
1151,notumor/Tr-no_775.jpg,meningioma/Tr-me_775.jpg,pituitary/Tr-pi_775.jpg,glioma/Tr-gl_775.jpg
1152,notumor/Tr-no_776.jpg,meningioma/Tr-me_776.jpg,pituitary/Tr-pi_776.jpg,glioma/Tr-gl_776.jpg
1153,notumor/Tr-no_777.jpg,meningioma/Tr-me_777.jpg,pituitary/Tr-pi_777.jpg,glioma/Tr-gl_777.jpg
1154,notumor/Tr-no_778.jpg,meningioma/Tr-me_778.jpg,pituitary/Tr-pi_778.jpg,glioma/Tr-gl_778.jpg
1155,notumor/Tr-no_779.jpg,meningioma/Tr-me_779.jpg,pituitary/Tr-pi_779.jpg,glioma/Tr-gl_779.jpg
1156,notumor/Tr-no_78.jpg,meningioma/Tr-me_78.jpg,pituitary/Tr-pi_78.jpg,glioma/Tr-gl_78.jpg
1157,notumor/Tr-no_780.jpg,meningioma/Tr-me_780.jpg,pituitary/Tr-pi_780.jpg,glioma/Tr-gl_780.jpg
1158,notumor/Tr-no_781.jpg,meningioma/Tr-me_781.jpg,pituitary/Tr-pi_781.jpg,glioma/Tr-gl_781.jpg
1159,notumor/Tr-no_782.jpg,meningioma/Tr-me_782.jpg,pituitary/Tr-pi_782.jpg,glioma/Tr-gl_782.jpg
1160,notumor/Tr-no_783.jpg,meningioma/Tr-me_783.jpg,pituitary/Tr-pi_783.jpg,glioma/Tr-gl_783.jpg
1161,notumor/Tr-no_784.jpg,meningioma/Tr-me_784.jpg,pituitary/Tr-pi_784.jpg,glioma/Tr-gl_784.jpg
1162,notumor/Tr-no_785.jpg,meningioma/Tr-me_785.jpg,pituitary/Tr-pi_785.jpg,glioma/Tr-gl_785.jpg
1163,notumor/Tr-no_786.jpg,meningioma/Tr-me_786.jpg,pituitary/Tr-pi_786.jpg,glioma/Tr-gl_786.jpg
1164,notumor/Tr-no_787.jpg,meningioma/Tr-me_787.jpg,pituitary/Tr-pi_787.jpg,glioma/Tr-gl_787.jpg
1165,notumor/Tr-no_788.jpg,meningioma/Tr-me_788.jpg,pituitary/Tr-pi_788.jpg,glioma/Tr-gl_788.jpg
1166,notumor/Tr-no_789.jpg,meningioma/Tr-me_789.jpg,pituitary/Tr-pi_789.jpg,glioma/Tr-gl_789.jpg
1167,notumor/Tr-no_79.jpg,meningioma/Tr-me_79.jpg,pituitary/Tr-pi_79.jpg,glioma/Tr-gl_79.jpg
1168,notumor/Tr-no_790.jpg,meningioma/Tr-me_790.jpg,pituitary/Tr-pi_790.jpg,glioma/Tr-gl_790.jpg
1169,notumor/Tr-no_791.jpg,meningioma/Tr-me_791.jpg,pituitary/Tr-pi_791.jpg,glioma/Tr-gl_791.jpg
1170,notumor/Tr-no_792.jpg,meningioma/Tr-me_792.jpg,pituitary/Tr-pi_792.jpg,glioma/Tr-gl_792.jpg
1171,notumor/Tr-no_793.jpg,meningioma/Tr-me_793.jpg,pituitary/Tr-pi_793.jpg,glioma/Tr-gl_793.jpg
1172,notumor/Tr-no_794.jpg,meningioma/Tr-me_794.jpg,pituitary/Tr-pi_794.jpg,glioma/Tr-gl_794.jpg
1173,notumor/Tr-no_795.jpg,meningioma/Tr-me_795.jpg,pituitary/Tr-pi_795.jpg,glioma/Tr-gl_795.jpg
1174,notumor/Tr-no_796.jpg,meningioma/Tr-me_796.jpg,pituitary/Tr-pi_796.jpg,glioma/Tr-gl_796.jpg
1175,notumor/Tr-no_797.jpg,meningioma/Tr-me_797.jpg,pituitary/Tr-pi_797.jpg,glioma/Tr-gl_797.jpg
1176,notumor/Tr-no_798.jpg,meningioma/Tr-me_798.jpg,pituitary/Tr-pi_798.jpg,glioma/Tr-gl_798.jpg
1177,notumor/Tr-no_799.jpg,meningioma/Tr-me_799.jpg,pituitary/Tr-pi_799.jpg,glioma/Tr-gl_799.jpg
1178,notumor/Tr-no_8.jpg,meningioma/Tr-me_8.jpg,pituitary/Tr-pi_8.jpg,glioma/Tr-gl_8.jpg
1179,notumor/Tr-no_80.jpg,meningioma/Tr-me_80.jpg,pituitary/Tr-pi_80.jpg,glioma/Tr-gl_80.jpg
1180,notumor/Tr-no_800.jpg,meningioma/Tr-me_800.jpg,pituitary/Tr-pi_800.jpg,glioma/Tr-gl_800.jpg
1181,notumor/Tr-no_801.jpg,meningioma/Tr-me_801.jpg,pituitary/Tr-pi_801.jpg,glioma/Tr-gl_801.jpg
1182,notumor/Tr-no_802.jpg,meningioma/Tr-me_802.jpg,pituitary/Tr-pi_802.jpg,glioma/Tr-gl_802.jpg
1183,notumor/Tr-no_803.jpg,meningioma/Tr-me_803.jpg,pituitary/Tr-pi_803.jpg,glioma/Tr-gl_803.jpg
1184,notumor/Tr-no_804.jpg,meningioma/Tr-me_804.jpg,pituitary/Tr-pi_804.jpg,glioma/Tr-gl_804.jpg
1185,notumor/Tr-no_805.jpg,meningioma/Tr-me_805.jpg,pituitary/Tr-pi_805.jpg,glioma/Tr-gl_805.jpg
1186,notumor/Tr-no_806.jpg,meningioma/Tr-me_806.jpg,pituitary/Tr-pi_806.jpg,glioma/Tr-gl_806.jpg
1187,notumor/Tr-no_807.jpg,meningioma/Tr-me_807.jpg,pituitary/Tr-pi_807.jpg,glioma/Tr-gl_807.jpg
1188,notumor/Tr-no_808.jpg,meningioma/Tr-me_808.jpg,pituitary/Tr-pi_808.jpg,glioma/Tr-gl_808.jpg
1189,notumor/Tr-no_809.jpg,meningioma/Tr-me_809.jpg,pituitary/Tr-pi_809.jpg,glioma/Tr-gl_809.jpg
1190,notumor/Tr-no_81.jpg,meningioma/Tr-me_81.jpg,pituitary/Tr-pi_81.jpg,glioma/Tr-gl_81.jpg
1191,notumor/Tr-no_810.jpg,meningioma/Tr-me_810.jpg,pituitary/Tr-pi_810.jpg,glioma/Tr-gl_810.jpg
1192,notumor/Tr-no_811.jpg,meningioma/Tr-me_811.jpg,pituitary/Tr-pi_811.jpg,glioma/Tr-gl_811.jpg
1193,notumor/Tr-no_812.jpg,meningioma/Tr-me_812.jpg,pituitary/Tr-pi_812.jpg,glioma/Tr-gl_812.jpg
1194,notumor/Tr-no_813.jpg,meningioma/Tr-me_813.jpg,pituitary/Tr-pi_813.jpg,glioma/Tr-gl_813.jpg
1195,notumor/Tr-no_814.jpg,meningioma/Tr-me_814.jpg,pituitary/Tr-pi_814.jpg,glioma/Tr-gl_814.jpg
1196,notumor/Tr-no_815.jpg,meningioma/Tr-me_815.jpg,pituitary/Tr-pi_815.jpg,glioma/Tr-gl_815.jpg
1197,notumor/Tr-no_816.jpg,meningioma/Tr-me_816.jpg,pituitary/Tr-pi_816.jpg,glioma/Tr-gl_816.jpg
1198,notumor/Tr-no_817.jpg,meningioma/Tr-me_817.jpg,pituitary/Tr-pi_817.jpg,glioma/Tr-gl_817.jpg
1199,notumor/Tr-no_818.jpg,meningioma/Tr-me_818.jpg,pituitary/Tr-pi_818.jpg,glioma/Tr-gl_818.jpg
1200,notumor/Tr-no_819.jpg,meningioma/Tr-me_819.jpg,pituitary/Tr-pi_819.jpg,glioma/Tr-gl_819.jpg
1201,notumor/Tr-no_82.jpg,meningioma/Tr-me_82.jpg,pituitary/Tr-pi_82.jpg,glioma/Tr-gl_82.jpg
1202,notumor/Tr-no_820.jpg,meningioma/Tr-me_820.jpg,pituitary/Tr-pi_820.jpg,glioma/Tr-gl_820.jpg
1203,notumor/Tr-no_821.jpg,meningioma/Tr-me_821.jpg,pituitary/Tr-pi_821.jpg,glioma/Tr-gl_821.jpg
1204,notumor/Tr-no_822.jpg,meningioma/Tr-me_822.jpg,pituitary/Tr-pi_822.jpg,glioma/Tr-gl_822.jpg
1205,notumor/Tr-no_823.jpg,meningioma/Tr-me_823.jpg,pituitary/Tr-pi_823.jpg,glioma/Tr-gl_823.jpg
1206,notumor/Tr-no_824.jpg,meningioma/Tr-me_824.jpg,pituitary/Tr-pi_824.jpg,glioma/Tr-gl_824.jpg
1207,notumor/Tr-no_825.jpg,meningioma/Tr-me_825.jpg,pituitary/Tr-pi_825.jpg,glioma/Tr-gl_825.jpg
1208,notumor/Tr-no_826.jpg,meningioma/Tr-me_826.jpg,pituitary/Tr-pi_826.jpg,glioma/Tr-gl_826.jpg
1209,notumor/Tr-no_827.jpg,meningioma/Tr-me_827.jpg,pituitary/Tr-pi_827.jpg,glioma/Tr-gl_827.jpg
1210,notumor/Tr-no_828.jpg,meningioma/Tr-me_828.jpg,pituitary/Tr-pi_828.jpg,glioma/Tr-gl_828.jpg
1211,notumor/Tr-no_829.jpg,meningioma/Tr-me_829.jpg,pituitary/Tr-pi_829.jpg,glioma/Tr-gl_829.jpg
1212,notumor/Tr-no_83.jpg,meningioma/Tr-me_83.jpg,pituitary/Tr-pi_83.jpg,glioma/Tr-gl_83.jpg
1213,notumor/Tr-no_830.jpg,meningioma/Tr-me_830.jpg,pituitary/Tr-pi_830.jpg,glioma/Tr-gl_830.jpg
1214,notumor/Tr-no_831.jpg,meningioma/Tr-me_831.jpg,pituitary/Tr-pi_831.jpg,glioma/Tr-gl_831.jpg
1215,notumor/Tr-no_832.jpg,meningioma/Tr-me_832.jpg,pituitary/Tr-pi_832.jpg,glioma/Tr-gl_832.jpg
1216,notumor/Tr-no_833.jpg,meningioma/Tr-me_833.jpg,pituitary/Tr-pi_833.jpg,glioma/Tr-gl_833.jpg
1217,notumor/Tr-no_834.jpg,meningioma/Tr-me_834.jpg,pituitary/Tr-pi_834.jpg,glioma/Tr-gl_834.jpg
1218,notumor/Tr-no_835.jpg,meningioma/Tr-me_835.jpg,pituitary/Tr-pi_835.jpg,glioma/Tr-gl_835.jpg
1219,notumor/Tr-no_836.jpg,meningioma/Tr-me_836.jpg,pituitary/Tr-pi_836.jpg,glioma/Tr-gl_836.jpg
1220,notumor/Tr-no_837.jpg,meningioma/Tr-me_837.jpg,pituitary/Tr-pi_837.jpg,glioma/Tr-gl_837.jpg
1221,notumor/Tr-no_838.jpg,meningioma/Tr-me_838.jpg,pituitary/Tr-pi_838.jpg,glioma/Tr-gl_838.jpg
1222,notumor/Tr-no_839.jpg,meningioma/Tr-me_839.jpg,pituitary/Tr-pi_839.jpg,glioma/Tr-gl_839.jpg
1223,notumor/Tr-no_84.jpg,meningioma/Tr-me_84.jpg,pituitary/Tr-pi_84.jpg,glioma/Tr-gl_84.jpg
1224,notumor/Tr-no_840.jpg,meningioma/Tr-me_840.jpg,pituitary/Tr-pi_840.jpg,glioma/Tr-gl_840.jpg
1225,notumor/Tr-no_841.jpg,meningioma/Tr-me_841.jpg,pituitary/Tr-pi_841.jpg,glioma/Tr-gl_841.jpg
1226,notumor/Tr-no_842.jpg,meningioma/Tr-me_842.jpg,pituitary/Tr-pi_842.jpg,glioma/Tr-gl_842.jpg
1227,notumor/Tr-no_843.jpg,meningioma/Tr-me_843.jpg,pituitary/Tr-pi_843.jpg,glioma/Tr-gl_843.jpg
1228,notumor/Tr-no_844.jpg,meningioma/Tr-me_844.jpg,pituitary/Tr-pi_844.jpg,glioma/Tr-gl_844.jpg
1229,notumor/Tr-no_845.jpg,meningioma/Tr-me_845.jpg,pituitary/Tr-pi_845.jpg,glioma/Tr-gl_845.jpg
1230,notumor/Tr-no_846.jpg,meningioma/Tr-me_846.jpg,pituitary/Tr-pi_846.jpg,glioma/Tr-gl_846.jpg
1231,notumor/Tr-no_847.jpg,meningioma/Tr-me_847.jpg,pituitary/Tr-pi_847.jpg,glioma/Tr-gl_847.jpg
1232,notumor/Tr-no_848.jpg,meningioma/Tr-me_848.jpg,pituitary/Tr-pi_848.jpg,glioma/Tr-gl_848.jpg
1233,notumor/Tr-no_849.jpg,meningioma/Tr-me_849.jpg,pituitary/Tr-pi_849.jpg,glioma/Tr-gl_849.jpg
1234,notumor/Tr-no_85.jpg,meningioma/Tr-me_85.jpg,pituitary/Tr-pi_85.jpg,glioma/Tr-gl_85.jpg
1235,notumor/Tr-no_850.jpg,meningioma/Tr-me_850.jpg,pituitary/Tr-pi_850.jpg,glioma/Tr-gl_850.jpg
1236,notumor/Tr-no_851.jpg,meningioma/Tr-me_851.jpg,pituitary/Tr-pi_851.jpg,glioma/Tr-gl_851.jpg
1237,notumor/Tr-no_852.jpg,meningioma/Tr-me_852.jpg,pituitary/Tr-pi_852.jpg,glioma/Tr-gl_852.jpg
1238,notumor/Tr-no_853.jpg,meningioma/Tr-me_853.jpg,pituitary/Tr-pi_853.jpg,glioma/Tr-gl_853.jpg
1239,notumor/Tr-no_854.jpg,meningioma/Tr-me_854.jpg,pituitary/Tr-pi_854.jpg,glioma/Tr-gl_854.jpg
1240,notumor/Tr-no_855.jpg,meningioma/Tr-me_855.jpg,pituitary/Tr-pi_855.jpg,glioma/Tr-gl_855.jpg
1241,notumor/Tr-no_856.jpg,meningioma/Tr-me_856.jpg,pituitary/Tr-pi_856.jpg,glioma/Tr-gl_856.jpg
1242,notumor/Tr-no_857.jpg,meningioma/Tr-me_857.jpg,pituitary/Tr-pi_857.jpg,glioma/Tr-gl_857.jpg
1243,notumor/Tr-no_858.jpg,meningioma/Tr-me_858.jpg,pituitary/Tr-pi_858.jpg,glioma/Tr-gl_858.jpg
1244,notumor/Tr-no_859.jpg,meningioma/Tr-me_859.jpg,pituitary/Tr-pi_859.jpg,glioma/Tr-gl_859.jpg
1245,notumor/Tr-no_86.jpg,meningioma/Tr-me_86.jpg,pituitary/Tr-pi_86.jpg,glioma/Tr-gl_86.jpg
1246,notumor/Tr-no_860.jpg,meningioma/Tr-me_860.jpg,pituitary/Tr-pi_860.jpg,glioma/Tr-gl_860.jpg
1247,notumor/Tr-no_861.jpg,meningioma/Tr-me_861.jpg,pituitary/Tr-pi_861.jpg,glioma/Tr-gl_861.jpg
1248,notumor/Tr-no_862.jpg,meningioma/Tr-me_862.jpg,pituitary/Tr-pi_862.jpg,glioma/Tr-gl_862.jpg
1249,notumor/Tr-no_863.jpg,meningioma/Tr-me_863.jpg,pituitary/Tr-pi_863.jpg,glioma/Tr-gl_863.jpg
1250,notumor/Tr-no_864.jpg,meningioma/Tr-me_864.jpg,pituitary/Tr-pi_864.jpg,glioma/Tr-gl_864.jpg
1251,notumor/Tr-no_865.jpg,meningioma/Tr-me_865.jpg,pituitary/Tr-pi_865.jpg,glioma/Tr-gl_865.jpg
1252,notumor/Tr-no_866.jpg,meningioma/Tr-me_866.jpg,pituitary/Tr-pi_866.jpg,glioma/Tr-gl_866.jpg
1253,notumor/Tr-no_867.jpg,meningioma/Tr-me_867.jpg,pituitary/Tr-pi_867.jpg,glioma/Tr-gl_867.jpg
1254,notumor/Tr-no_868.jpg,meningioma/Tr-me_868.jpg,pituitary/Tr-pi_868.jpg,glioma/Tr-gl_868.jpg
1255,notumor/Tr-no_869.jpg,meningioma/Tr-me_869.jpg,pituitary/Tr-pi_869.jpg,glioma/Tr-gl_869.jpg
1256,notumor/Tr-no_87.jpg,meningioma/Tr-me_87.jpg,pituitary/Tr-pi_87.jpg,glioma/Tr-gl_87.jpg
1257,notumor/Tr-no_870.jpg,meningioma/Tr-me_870.jpg,pituitary/Tr-pi_870.jpg,glioma/Tr-gl_870.jpg
1258,notumor/Tr-no_871.jpg,meningioma/Tr-me_871.jpg,pituitary/Tr-pi_871.jpg,glioma/Tr-gl_871.jpg
1259,notumor/Tr-no_872.jpg,meningioma/Tr-me_872.jpg,pituitary/Tr-pi_872.jpg,glioma/Tr-gl_872.jpg
1260,notumor/Tr-no_873.jpg,meningioma/Tr-me_873.jpg,pituitary/Tr-pi_873.jpg,glioma/Tr-gl_873.jpg
1261,notumor/Tr-no_874.jpg,meningioma/Tr-me_874.jpg,pituitary/Tr-pi_874.jpg,glioma/Tr-gl_874.jpg
1262,notumor/Tr-no_875.jpg,meningioma/Tr-me_875.jpg,pituitary/Tr-pi_875.jpg,glioma/Tr-gl_875.jpg
1263,notumor/Tr-no_876.jpg,meningioma/Tr-me_876.jpg,pituitary/Tr-pi_876.jpg,glioma/Tr-gl_876.jpg
1264,notumor/Tr-no_877.jpg,meningioma/Tr-me_877.jpg,pituitary/Tr-pi_877.jpg,glioma/Tr-gl_877.jpg
1265,notumor/Tr-no_878.jpg,meningioma/Tr-me_878.jpg,pituitary/Tr-pi_878.jpg,glioma/Tr-gl_878.jpg
1266,notumor/Tr-no_879.jpg,meningioma/Tr-me_879.jpg,pituitary/Tr-pi_879.jpg,glioma/Tr-gl_879.jpg
1267,notumor/Tr-no_88.jpg,meningioma/Tr-me_88.jpg,pituitary/Tr-pi_88.jpg,glioma/Tr-gl_88.jpg
1268,notumor/Tr-no_880.jpg,meningioma/Tr-me_880.jpg,pituitary/Tr-pi_880.jpg,glioma/Tr-gl_880.jpg
1269,notumor/Tr-no_881.jpg,meningioma/Tr-me_881.jpg,pituitary/Tr-pi_881.jpg,glioma/Tr-gl_881.jpg
1270,notumor/Tr-no_882.jpg,meningioma/Tr-me_882.jpg,pituitary/Tr-pi_882.jpg,glioma/Tr-gl_882.jpg
1271,notumor/Tr-no_883.jpg,meningioma/Tr-me_883.jpg,pituitary/Tr-pi_883.jpg,glioma/Tr-gl_883.jpg
1272,notumor/Tr-no_884.jpg,meningioma/Tr-me_884.jpg,pituitary/Tr-pi_884.jpg,glioma/Tr-gl_884.jpg
1273,notumor/Tr-no_885.jpg,meningioma/Tr-me_885.jpg,pituitary/Tr-pi_885.jpg,glioma/Tr-gl_885.jpg
1274,notumor/Tr-no_886.jpg,meningioma/Tr-me_886.jpg,pituitary/Tr-pi_886.jpg,glioma/Tr-gl_886.jpg
1275,notumor/Tr-no_887.jpg,meningioma/Tr-me_887.jpg,pituitary/Tr-pi_887.jpg,glioma/Tr-gl_887.jpg
1276,notumor/Tr-no_888.jpg,meningioma/Tr-me_888.jpg,pituitary/Tr-pi_888.jpg,glioma/Tr-gl_888.jpg
1277,notumor/Tr-no_889.jpg,meningioma/Tr-me_889.jpg,pituitary/Tr-pi_889.jpg,glioma/Tr-gl_889.jpg
1278,notumor/Tr-no_89.jpg,meningioma/Tr-me_89.jpg,pituitary/Tr-pi_89.jpg,glioma/Tr-gl_89.jpg
1279,notumor/Tr-no_890.jpg,meningioma/Tr-me_890.jpg,pituitary/Tr-pi_890.jpg,glioma/Tr-gl_890.jpg
1280,notumor/Tr-no_891.jpg,meningioma/Tr-me_891.jpg,pituitary/Tr-pi_891.jpg,glioma/Tr-gl_891.jpg
1281,notumor/Tr-no_892.jpg,meningioma/Tr-me_892.jpg,pituitary/Tr-pi_892.jpg,glioma/Tr-gl_892.jpg
1282,notumor/Tr-no_893.jpg,meningioma/Tr-me_893.jpg,pituitary/Tr-pi_893.jpg,glioma/Tr-gl_893.jpg
1283,notumor/Tr-no_894.jpg,meningioma/Tr-me_894.jpg,pituitary/Tr-pi_894.jpg,glioma/Tr-gl_894.jpg
1284,notumor/Tr-no_895.jpg,meningioma/Tr-me_895.jpg,pituitary/Tr-pi_895.jpg,glioma/Tr-gl_895.jpg
1285,notumor/Tr-no_896.jpg,meningioma/Tr-me_896.jpg,pituitary/Tr-pi_896.jpg,glioma/Tr-gl_896.jpg
1286,notumor/Tr-no_897.jpg,meningioma/Tr-me_897.jpg,pituitary/Tr-pi_897.jpg,glioma/Tr-gl_897.jpg
1287,notumor/Tr-no_898.jpg,meningioma/Tr-me_898.jpg,pituitary/Tr-pi_898.jpg,glioma/Tr-gl_898.jpg
1288,notumor/Tr-no_899.jpg,meningioma/Tr-me_899.jpg,pituitary/Tr-pi_899.jpg,glioma/Tr-gl_899.jpg
1289,notumor/Tr-no_9.jpg,meningioma/Tr-me_9.jpg,pituitary/Tr-pi_9.jpg,glioma/Tr-gl_9.jpg
1290,notumor/Tr-no_90.jpg,meningioma/Tr-me_90.jpg,pituitary/Tr-pi_90.jpg,glioma/Tr-gl_90.jpg
1291,notumor/Tr-no_900.jpg,meningioma/Tr-me_900.jpg,pituitary/Tr-pi_900.jpg,glioma/Tr-gl_900.jpg
1292,notumor/Tr-no_901.jpg,meningioma/Tr-me_901.jpg,pituitary/Tr-pi_901.jpg,glioma/Tr-gl_901.jpg
1293,notumor/Tr-no_902.jpg,meningioma/Tr-me_902.jpg,pituitary/Tr-pi_902.jpg,glioma/Tr-gl_902.jpg
1294,notumor/Tr-no_903.jpg,meningioma/Tr-me_903.jpg,pituitary/Tr-pi_903.jpg,glioma/Tr-gl_903.jpg
1295,notumor/Tr-no_904.jpg,meningioma/Tr-me_904.jpg,pituitary/Tr-pi_904.jpg,glioma/Tr-gl_904.jpg
1296,notumor/Tr-no_905.jpg,meningioma/Tr-me_905.jpg,pituitary/Tr-pi_905.jpg,glioma/Tr-gl_905.jpg
1297,notumor/Tr-no_906.jpg,meningioma/Tr-me_906.jpg,pituitary/Tr-pi_906.jpg,glioma/Tr-gl_906.jpg
1298,notumor/Tr-no_907.jpg,meningioma/Tr-me_907.jpg,pituitary/Tr-pi_907.jpg,glioma/Tr-gl_907.jpg
1299,notumor/Tr-no_908.jpg,meningioma/Tr-me_908.jpg,pituitary/Tr-pi_908.jpg,glioma/Tr-gl_908.jpg
1300,notumor/Tr-no_909.jpg,meningioma/Tr-me_909.jpg,pituitary/Tr-pi_909.jpg,glioma/Tr-gl_909.jpg
1301,notumor/Tr-no_91.jpg,meningioma/Tr-me_91.jpg,pituitary/Tr-pi_91.jpg,glioma/Tr-gl_91.jpg
1302,notumor/Tr-no_910.jpg,meningioma/Tr-me_910.jpg,pituitary/Tr-pi_910.jpg,glioma/Tr-gl_910.jpg
1303,notumor/Tr-no_911.jpg,meningioma/Tr-me_911.jpg,pituitary/Tr-pi_911.jpg,glioma/Tr-gl_911.jpg
1304,notumor/Tr-no_912.jpg,meningioma/Tr-me_912.jpg,pituitary/Tr-pi_912.jpg,glioma/Tr-gl_912.jpg
1305,notumor/Tr-no_913.jpg,meningioma/Tr-me_913.jpg,pituitary/Tr-pi_913.jpg,glioma/Tr-gl_913.jpg
1306,notumor/Tr-no_914.jpg,meningioma/Tr-me_914.jpg,pituitary/Tr-pi_914.jpg,glioma/Tr-gl_914.jpg
1307,notumor/Tr-no_915.jpg,meningioma/Tr-me_915.jpg,pituitary/Tr-pi_915.jpg,glioma/Tr-gl_915.jpg
1308,notumor/Tr-no_916.jpg,meningioma/Tr-me_916.jpg,pituitary/Tr-pi_916.jpg,glioma/Tr-gl_916.jpg
1309,notumor/Tr-no_917.jpg,meningioma/Tr-me_917.jpg,pituitary/Tr-pi_917.jpg,glioma/Tr-gl_917.jpg
1310,notumor/Tr-no_918.jpg,meningioma/Tr-me_918.jpg,pituitary/Tr-pi_918.jpg,glioma/Tr-gl_918.jpg
1311,notumor/Tr-no_919.jpg,meningioma/Tr-me_919.jpg,pituitary/Tr-pi_919.jpg,glioma/Tr-gl_919.jpg
1312,notumor/Tr-no_92.jpg,meningioma/Tr-me_92.jpg,pituitary/Tr-pi_92.jpg,glioma/Tr-gl_92.jpg
1313,notumor/Tr-no_920.jpg,meningioma/Tr-me_920.jpg,pituitary/Tr-pi_920.jpg,glioma/Tr-gl_920.jpg
1314,notumor/Tr-no_921.jpg,meningioma/Tr-me_921.jpg,pituitary/Tr-pi_921.jpg,glioma/Tr-gl_921.jpg
1315,notumor/Tr-no_922.jpg,meningioma/Tr-me_922.jpg,pituitary/Tr-pi_922.jpg,glioma/Tr-gl_922.jpg
1316,notumor/Tr-no_923.jpg,meningioma/Tr-me_923.jpg,pituitary/Tr-pi_923.jpg,glioma/Tr-gl_923.jpg
1317,notumor/Tr-no_924.jpg,meningioma/Tr-me_924.jpg,pituitary/Tr-pi_924.jpg,glioma/Tr-gl_924.jpg
1318,notumor/Tr-no_925.jpg,meningioma/Tr-me_925.jpg,pituitary/Tr-pi_925.jpg,glioma/Tr-gl_925.jpg
1319,notumor/Tr-no_926.jpg,meningioma/Tr-me_926.jpg,pituitary/Tr-pi_926.jpg,glioma/Tr-gl_926.jpg
1320,notumor/Tr-no_927.jpg,meningioma/Tr-me_927.jpg,pituitary/Tr-pi_927.jpg,glioma/Tr-gl_927.jpg
1321,notumor/Tr-no_928.jpg,meningioma/Tr-me_928.jpg,pituitary/Tr-pi_928.jpg,glioma/Tr-gl_928.jpg
1322,notumor/Tr-no_929.jpg,meningioma/Tr-me_929.jpg,pituitary/Tr-pi_929.jpg,glioma/Tr-gl_929.jpg
1323,notumor/Tr-no_93.jpg,meningioma/Tr-me_93.jpg,pituitary/Tr-pi_93.jpg,glioma/Tr-gl_93.jpg
1324,notumor/Tr-no_930.jpg,meningioma/Tr-me_930.jpg,pituitary/Tr-pi_930.jpg,glioma/Tr-gl_930.jpg
1325,notumor/Tr-no_931.jpg,meningioma/Tr-me_931.jpg,pituitary/Tr-pi_931.jpg,glioma/Tr-gl_931.jpg
1326,notumor/Tr-no_932.jpg,meningioma/Tr-me_932.jpg,pituitary/Tr-pi_932.jpg,glioma/Tr-gl_932.jpg
1327,notumor/Tr-no_933.jpg,meningioma/Tr-me_933.jpg,pituitary/Tr-pi_933.jpg,glioma/Tr-gl_933.jpg
1328,notumor/Tr-no_934.jpg,meningioma/Tr-me_934.jpg,pituitary/Tr-pi_934.jpg,glioma/Tr-gl_934.jpg
1329,notumor/Tr-no_935.jpg,meningioma/Tr-me_935.jpg,pituitary/Tr-pi_935.jpg,glioma/Tr-gl_935.jpg
1330,notumor/Tr-no_936.jpg,meningioma/Tr-me_936.jpg,pituitary/Tr-pi_936.jpg,glioma/Tr-gl_936.jpg
1331,notumor/Tr-no_937.jpg,meningioma/Tr-me_937.jpg,pituitary/Tr-pi_937.jpg,glioma/Tr-gl_937.jpg
1332,notumor/Tr-no_938.jpg,meningioma/Tr-me_938.jpg,pituitary/Tr-pi_938.jpg,glioma/Tr-gl_938.jpg
1333,notumor/Tr-no_939.jpg,meningioma/Tr-me_939.jpg,pituitary/Tr-pi_939.jpg,glioma/Tr-gl_939.jpg
1334,notumor/Tr-no_94.jpg,meningioma/Tr-me_94.jpg,pituitary/Tr-pi_94.jpg,glioma/Tr-gl_94.jpg
1335,notumor/Tr-no_940.jpg,meningioma/Tr-me_940.jpg,pituitary/Tr-pi_940.jpg,glioma/Tr-gl_940.jpg
1336,notumor/Tr-no_941.jpg,meningioma/Tr-me_941.jpg,pituitary/Tr-pi_941.jpg,glioma/Tr-gl_941.jpg
1337,notumor/Tr-no_942.jpg,meningioma/Tr-me_942.jpg,pituitary/Tr-pi_942.jpg,glioma/Tr-gl_942.jpg
1338,notumor/Tr-no_943.jpg,meningioma/Tr-me_943.jpg,pituitary/Tr-pi_943.jpg,glioma/Tr-gl_943.jpg
1339,notumor/Tr-no_944.jpg,meningioma/Tr-me_944.jpg,pituitary/Tr-pi_944.jpg,glioma/Tr-gl_944.jpg
1340,notumor/Tr-no_945.jpg,meningioma/Tr-me_945.jpg,pituitary/Tr-pi_945.jpg,glioma/Tr-gl_945.jpg
1341,notumor/Tr-no_946.jpg,meningioma/Tr-me_946.jpg,pituitary/Tr-pi_946.jpg,glioma/Tr-gl_946.jpg
1342,notumor/Tr-no_947.jpg,meningioma/Tr-me_947.jpg,pituitary/Tr-pi_947.jpg,glioma/Tr-gl_947.jpg
1343,notumor/Tr-no_948.jpg,meningioma/Tr-me_948.jpg,pituitary/Tr-pi_948.jpg,glioma/Tr-gl_948.jpg
1344,notumor/Tr-no_949.jpg,meningioma/Tr-me_949.jpg,pituitary/Tr-pi_949.jpg,glioma/Tr-gl_949.jpg
1345,notumor/Tr-no_95.jpg,meningioma/Tr-me_95.jpg,pituitary/Tr-pi_95.jpg,glioma/Tr-gl_95.jpg
1346,notumor/Tr-no_950.jpg,meningioma/Tr-me_950.jpg,pituitary/Tr-pi_950.jpg,glioma/Tr-gl_950.jpg
1347,notumor/Tr-no_951.jpg,meningioma/Tr-me_951.jpg,pituitary/Tr-pi_951.jpg,glioma/Tr-gl_951.jpg
1348,notumor/Tr-no_952.jpg,meningioma/Tr-me_952.jpg,pituitary/Tr-pi_952.jpg,glioma/Tr-gl_952.jpg
1349,notumor/Tr-no_953.jpg,meningioma/Tr-me_953.jpg,pituitary/Tr-pi_953.jpg,glioma/Tr-gl_953.jpg
1350,notumor/Tr-no_954.jpg,meningioma/Tr-me_954.jpg,pituitary/Tr-pi_954.jpg,glioma/Tr-gl_954.jpg
1351,notumor/Tr-no_955.jpg,meningioma/Tr-me_955.jpg,pituitary/Tr-pi_955.jpg,glioma/Tr-gl_955.jpg
1352,notumor/Tr-no_956.jpg,meningioma/Tr-me_956.jpg,pituitary/Tr-pi_956.jpg,glioma/Tr-gl_956.jpg
1353,notumor/Tr-no_957.jpg,meningioma/Tr-me_957.jpg,pituitary/Tr-pi_957.jpg,glioma/Tr-gl_957.jpg
1354,notumor/Tr-no_958.jpg,meningioma/Tr-me_958.jpg,pituitary/Tr-pi_958.jpg,glioma/Tr-gl_958.jpg
1355,notumor/Tr-no_959.jpg,meningioma/Tr-me_959.jpg,pituitary/Tr-pi_959.jpg,glioma/Tr-gl_959.jpg
1356,notumor/Tr-no_96.jpg,meningioma/Tr-me_96.jpg,pituitary/Tr-pi_96.jpg,glioma/Tr-gl_96.jpg
1357,notumor/Tr-no_960.jpg,meningioma/Tr-me_960.jpg,pituitary/Tr-pi_960.jpg,glioma/Tr-gl_960.jpg
1358,notumor/Tr-no_961.jpg,meningioma/Tr-me_961.jpg,pituitary/Tr-pi_961.jpg,glioma/Tr-gl_961.jpg
1359,notumor/Tr-no_962.jpg,meningioma/Tr-me_962.jpg,pituitary/Tr-pi_962.jpg,glioma/Tr-gl_962.jpg
1360,notumor/Tr-no_963.jpg,meningioma/Tr-me_963.jpg,pituitary/Tr-pi_963.jpg,glioma/Tr-gl_963.jpg
1361,notumor/Tr-no_964.jpg,meningioma/Tr-me_964.jpg,pituitary/Tr-pi_964.jpg,glioma/Tr-gl_964.jpg
1362,notumor/Tr-no_965.jpg,meningioma/Tr-me_965.jpg,pituitary/Tr-pi_965.jpg,glioma/Tr-gl_965.jpg
1363,notumor/Tr-no_966.jpg,meningioma/Tr-me_966.jpg,pituitary/Tr-pi_966.jpg,glioma/Tr-gl_966.jpg
1364,notumor/Tr-no_967.jpg,meningioma/Tr-me_967.jpg,pituitary/Tr-pi_967.jpg,glioma/Tr-gl_967.jpg
1365,notumor/Tr-no_968.jpg,meningioma/Tr-me_968.jpg,pituitary/Tr-pi_968.jpg,glioma/Tr-gl_968.jpg
1366,notumor/Tr-no_969.jpg,meningioma/Tr-me_969.jpg,pituitary/Tr-pi_969.jpg,glioma/Tr-gl_969.jpg
1367,notumor/Tr-no_97.jpg,meningioma/Tr-me_97.jpg,pituitary/Tr-pi_97.jpg,glioma/Tr-gl_97.jpg
1368,notumor/Tr-no_970.jpg,meningioma/Tr-me_970.jpg,pituitary/Tr-pi_970.jpg,glioma/Tr-gl_970.jpg
1369,notumor/Tr-no_971.jpg,meningioma/Tr-me_971.jpg,pituitary/Tr-pi_971.jpg,glioma/Tr-gl_971.jpg
1370,notumor/Tr-no_972.jpg,meningioma/Tr-me_972.jpg,pituitary/Tr-pi_972.jpg,glioma/Tr-gl_972.jpg
1371,notumor/Tr-no_973.jpg,meningioma/Tr-me_973.jpg,pituitary/Tr-pi_973.jpg,glioma/Tr-gl_973.jpg
1372,notumor/Tr-no_974.jpg,meningioma/Tr-me_974.jpg,pituitary/Tr-pi_974.jpg,glioma/Tr-gl_974.jpg
1373,notumor/Tr-no_975.jpg,meningioma/Tr-me_975.jpg,pituitary/Tr-pi_975.jpg,glioma/Tr-gl_975.jpg
1374,notumor/Tr-no_976.jpg,meningioma/Tr-me_976.jpg,pituitary/Tr-pi_976.jpg,glioma/Tr-gl_976.jpg
1375,notumor/Tr-no_977.jpg,meningioma/Tr-me_977.jpg,pituitary/Tr-pi_977.jpg,glioma/Tr-gl_977.jpg
1376,notumor/Tr-no_978.jpg,meningioma/Tr-me_978.jpg,pituitary/Tr-pi_978.jpg,glioma/Tr-gl_978.jpg
1377,notumor/Tr-no_979.jpg,meningioma/Tr-me_979.jpg,pituitary/Tr-pi_979.jpg,glioma/Tr-gl_979.jpg
1378,notumor/Tr-no_98.jpg,meningioma/Tr-me_98.jpg,pituitary/Tr-pi_98.jpg,glioma/Tr-gl_98.jpg
1379,notumor/Tr-no_980.jpg,meningioma/Tr-me_980.jpg,pituitary/Tr-pi_980.jpg,glioma/Tr-gl_980.jpg
1380,notumor/Tr-no_981.jpg,meningioma/Tr-me_981.jpg,pituitary/Tr-pi_981.jpg,glioma/Tr-gl_981.jpg
1381,notumor/Tr-no_982.jpg,meningioma/Tr-me_982.jpg,pituitary/Tr-pi_982.jpg,glioma/Tr-gl_982.jpg
1382,notumor/Tr-no_983.jpg,meningioma/Tr-me_983.jpg,pituitary/Tr-pi_983.jpg,glioma/Tr-gl_983.jpg
1383,notumor/Tr-no_984.jpg,meningioma/Tr-me_984.jpg,pituitary/Tr-pi_984.jpg,glioma/Tr-gl_984.jpg
1384,notumor/Tr-no_985.jpg,meningioma/Tr-me_985.jpg,pituitary/Tr-pi_985.jpg,glioma/Tr-gl_985.jpg
1385,notumor/Tr-no_986.jpg,meningioma/Tr-me_986.jpg,pituitary/Tr-pi_986.jpg,glioma/Tr-gl_986.jpg
1386,notumor/Tr-no_987.jpg,meningioma/Tr-me_987.jpg,pituitary/Tr-pi_987.jpg,glioma/Tr-gl_987.jpg
1387,notumor/Tr-no_988.jpg,meningioma/Tr-me_988.jpg,pituitary/Tr-pi_988.jpg,glioma/Tr-gl_988.jpg
1388,notumor/Tr-no_989.jpg,meningioma/Tr-me_989.jpg,pituitary/Tr-pi_989.jpg,glioma/Tr-gl_989.jpg
1389,notumor/Tr-no_99.jpg,meningioma/Tr-me_99.jpg,pituitary/Tr-pi_99.jpg,glioma/Tr-gl_99.jpg
1390,notumor/Tr-no_990.jpg,meningioma/Tr-me_990.jpg,pituitary/Tr-pi_990.jpg,glioma/Tr-gl_990.jpg
1391,notumor/Tr-no_991.jpg,meningioma/Tr-me_991.jpg,pituitary/Tr-pi_991.jpg,glioma/Tr-gl_991.jpg
1392,notumor/Tr-no_992.jpg,meningioma/Tr-me_992.jpg,pituitary/Tr-pi_992.jpg,glioma/Tr-gl_992.jpg
1393,notumor/Tr-no_993.jpg,meningioma/Tr-me_993.jpg,pituitary/Tr-pi_993.jpg,glioma/Tr-gl_993.jpg
1394,notumor/Tr-no_994.jpg,meningioma/Tr-me_994.jpg,pituitary/Tr-pi_994.jpg,glioma/Tr-gl_994.jpg
1395,notumor/Tr-no_995.jpg,meningioma/Tr-me_995.jpg,pituitary/Tr-pi_995.jpg,glioma/Tr-gl_995.jpg
1396,notumor/Tr-no_996.jpg,meningioma/Tr-me_996.jpg,pituitary/Tr-pi_996.jpg,glioma/Tr-gl_996.jpg
1397,notumor/Tr-no_997.jpg,meningioma/Tr-me_997.jpg,pituitary/Tr-pi_997.jpg,glioma/Tr-gl_997.jpg
1398,notumor/Tr-no_998.jpg,meningioma/Tr-me_998.jpg,pituitary/Tr-pi_998.jpg,glioma/Tr-gl_998.jpg
1399,notumor/Tr-no_999.jpg,meningioma/Tr-me_999.jpg,pituitary/Tr-pi_999.jpg,glioma/Tr-gl_999.jpg
