id,image_name,type,x1,y1,x2,y2,x3,y3,x4,y4,x5,y5,x6,y6,x7,y7,x8,y8,x9,y9,x10,y10,x11,y11,x12,y12,x13,y13,x14,y14
0,1712_jpg.rf.0743ae3c31b80b8e2b77d6378ac7eb2e.jpg,pituitary,0.57381615625,0.2980501390625,0.490250696875,0.3454039,0.46239554375,0.37604456875,0.459610028125,0.40668523749999996,0.49303621093750005,0.43454039062499994,0.5571030640625,0.4373259046875,0.601671309375,0.4094707515625,0.6573816156250001,0.4122562671875,0.6908078,0.3871866296875,0.6963788296875,0.3537604453125,0.6657381609375,0.31476323125,0.57381615625,0.2980501390625,0,0,0,0
1,275_jpg.rf.c213698b8631ce7feca1ef59e4bc17f9.jpg,meningioma,0.33983286874999996,0.7520891359374999,0.32869080781250004,0.830083565625,0.3788300828125,0.8662952640625001,0.44568245156249997,0.8635097500000001,0.47632312031249996,0.8384401109375,0.490250696875,0.7799442890625,0.44568245156249997,0.7353760453125,0.3927576609375,0.7242339828125,0.3537604453125,0.7353760453125,0.33983286874999996,0.7520891359374999,0,0,0,0,0,0,0,0
2,2016_jpg.rf.00c5e250ee508ed93da92f93c7485261.jpg,glioma,0.51810585,0.601671309375,0.4568245125,0.6155988859375,0.4206128140625,0.5264623953124999,0.3844011140625,0.515320334375,0.2701949859375,0.53760445625,0.250696378125,0.568245125,0.25348189374999996,0.6100278546875,0.2841225625,0.6406685234375,0.4122562671875,0.7242339828125,0.520891365625,0.774373259375,0.5431754875,0.6963788296875,0.57381615625,0.662952646875,0.5654596093750001,0.6155988859375,0.5459610031250001,0.601671309375
3,288_jpg.rf.5f663fa881e2f3e0a9f437c13f6b765d.jpg,meningioma,0,0.59434100625,0.0389972140625,0.651810584375,0.0974930359375,0.662952646875,0.1253481890625,0.651810584375,0.1587743734375,0.6100278546875,0.1587743734375,0.5320334265625,0.1225626734375,0.4707520890625,0.0947075203125,0.4568245125,0.052924790624999996,0.45403899687499993,0.027855153124999997,0.46239554375,0.00557103125,0.48746518125,0,0.5121368890625,0,0.59434100625,0,0
4,2011_jpg.rf.bae1c260ca6fbf9265684a054bf1ebc9.jpg,glioma,0.398328690625,0.2701949859375,0.3788300828125,0.24791086406249999,0.3509749296875,0.2451253484375,0.3342618390625,0.2646239546875,0.21727019531249997,0.31476323125,0.1922005578125,0.373259053125,0.20334261874999998,0.43454039062499994,0.25348189374999996,0.43454039062499994,0.286908078125,0.4094707515625,0.3091922,0.373259053125,0.3704735375,0.3621169921875,0.40668523749999996,0.33983286874999996,0.4094707515625,0.3036211703125,0.398328690625,0.2701949859375
5,3012_jpg.rf.95c8da5bc2473a2d06c538376189bdab.jpg,glioma,0.3454039,0.2980501390625,0.34261838437500003,0.3314763234375,0.3509749296875,0.337047353125,0.373259053125,0.3231197765625,0.40389972187499995,0.3565459609375,0.5125348187500001,0.3342618390625,0.515320334375,0.25348189374999996,0.49860724218749997,0.250696378125,0.36490250625,0.2646239546875,0.3454039,0.2980501390625,0,0,0,0,0,0,0,0
6,1961_jpg.rf.bd7f4d559b2900e82bb397fa04c1b85f.jpg,glioma,0.22841225625,0.2701949859375,0.21169916406249997,0.2451253484375,0.16155988906250002,0.2395543171875,0.1337047359375,0.261838440625,0.1253481890625,0.2952646234375,0.1922005578125,0.3231197765625,0.2451253484375,0.281337046875,0.292479109375,0.28969359375,0.292479109375,0.22562674062500002,0.2757660171875,0.22284122499999998,0.22841225625,0.2701949859375,0,0,0,0,0,0
7,202_jpg.rf.c5f42bf4fa457b2316961e1fb50b3769.jpg,meningioma,0.35933147656250003,0.48746518125,0.292479109375,0.51810585,0.27298050156250003,0.568245125,0.27298050156250003,0.604456825,0.31476323125,0.6462395546875,0.3704735375,0.6573816156250001,0.4122562671875,0.63509749375,0.45125348125000003,0.5933147625,0.4568245125,0.5348189421875,0.4484679671875,0.5041782734375,0.44754464374999997,0.49524970156250003,0.35933147656250003,0.48746518125,0,0,0,0
8,2460_jpg.rf.3a5f459d8696523ee4bfed45497ef29e.jpg,glioma,0.3036211703125,0.5236768796875,0.3064066859375,0.5348189421875,0.33983286874999996,0.5459610031250001,0.33983286874999996,0.5877437328124999,0.286908078125,0.5933147625,0.2785515328125,0.6211699171875,0.3844011140625,0.7214484671875,0.479108634375,0.7715877437499999,0.5125348187500001,0.7548746515625,0.5459610031250001,0.7047353765625,0.5793871859374999,0.6908078,0.568245125,0.6406685234375,0.5348189421875,0.59888579375,0.53760445625,0.576601671875
9,1107_jpg.rf.9141971a8db5834238ad21e8b9d89183.jpg,pituitary,0.5292479109375,0.515320334375,0.5069637890625,0.5571030640625,0.509749303125,0.57381615625,0.5459610031250001,0.571030640625,0.57381615625,0.54874651875,0.5877437328124999,0.520891365625,0.5877437328124999,0.4178272984375,0.5515320328125,0.4094707515625,0.51810585,0.43175487500000004,0.5292479109375,0.515320334375,0,0,0,0,0,0,0,0
10,1949_jpg.rf.8af7ae9d23a12dd2db693d1263511f5a.jpg,glioma,0.49860724218749997,0.7548746515625,0.5041782734375,0.7019498609375,0.490250696875,0.6601671312499999,0.39554317499999997,0.568245125,0.3621169921875,0.568245125,0.286908078125,0.6072423390624999,0.2757660171875,0.6768802234375,0.3259052921875,0.7047353765625,0.33983286874999996,0.7715877437499999,0.3537604453125,0.7855153203125,0.3788300828125,0.793871865625,0.4094707515625,0.7827298046875,0.48189415,0.8272980499999999,0.5041782734375,0.824512534375
11,19_jpg.rf.1081104ed6d68872f8e6b3b2a6c3613b.jpg,meningioma,0.281337046875,0.5598885796874999,0.3008356546875,0.571030640625,0.33983286874999996,0.5654596093750001,0.3537604453125,0.54874651875,0.34261838437500003,0.49860724218749997,0.32033426249999997,0.49303621093750005,0.281337046875,0.5041782734375,0.2701949859375,0.5236768796875,0.281337046875,0.5598885796874999,0,0,0,0,0,0,0,0,0,0
12,1903_jpg.rf.6786ac62f5bb81c5592cd86e858a7c12.jpg,glioma,0.4428969359375,0.43454039062499994,0.4679665734375,0.4373259046875,0.49303621093750005,0.4206128140625,0.604456825,0.2757660171875,0.6072423390624999,0.25348189374999996,0.5821727015625,0.21727019531249997,0.5515320328125,0.20055710312500002,0.43175487500000004,0.1810584953125,0.3537604453125,0.2144846796875,0.3064066859375,0.2674094703125,0.2395543171875,0.3064066859375,0.21169916406249997,0.348189415625,0.21169916406249997,0.3871866296875,0.22562674062500002,0.40389972187499995
13,1512_jpg.rf.18914b015609196a47c076062821e063.jpg,pituitary,0.54874651875,0.5431754875,0.5598885796874999,0.4401114203125,0.515320334375,0.428969359375,0.490250696875,0.46239554375,0.45403899687499993,0.47632312031249996,0.42618384374999996,0.5069637890625,0.42339832812499995,0.540389971875,0.43454039062499994,0.5543175484375,0.46518105781249997,0.5598885796874999,0.47353760468750006,0.5320334265625,0.490250696875,0.5264623953124999,0.5264623953124999,0.57381615625,0.5320334265625,0.5515320328125,0.54874651875,0.5431754875
14,317_jpg.rf.bfe5746e16cebe605ebad8618edd7ac5.jpg,meningioma,0.7827298046875,0.32033426249999997,0.6991643453124999,0.3091922,0.6100278546875,0.3565459609375,0.596100278125,0.4178272984375,0.6100278546875,0.44568245156249997,0.62395543125,0.4568245125,0.6740947078125,0.4484679671875,0.749303621875,0.46239554375,0.799442896875,0.46239554375,0.824512534375,0.45125348125000003,0.8495821734375,0.4178272984375,0.8412256265625,0.3816155984375,0.7827298046875,0.32033426249999997,0,0
15,2405_jpg.rf.df830341bec774011a07518b90930e09.jpg,glioma,0.3704735375,0.17270195,0.33983286874999996,0.16434540312499998,0.250696378125,0.17827298125,0.2200557109375,0.19777158749999998,0.1866295265625,0.2395543171875,0.194986071875,0.2952646234375,0.21727019531249997,0.2952646234375,0.261838440625,0.32869080781250004,0.3342618390625,0.3091922,0.36490250625,0.28969359375,0.3871866296875,0.261838440625,0.3899721453125,0.21727019531249997,0.3704735375,0.17270195,0,0
16,639_jpg.rf.e2f776d49e8fe4e1fcc80d20bc255fac.jpg,meningioma,0.20055710312500002,0.3036211703125,0.1866295265625,0.3008356546875,0.16155988906250002,0.3231197765625,0.1587743734375,0.3788300828125,0.1922005578125,0.37604456875,0.21727019531249997,0.35933147656250003,0.20055710312500002,0.3036211703125,0,0,0,0,0,0,0,0,0,0,0,0,0,0
17,184_jpg.rf.82b8ad2612ecae89e37ac90ec03e291d.jpg,meningioma,0.3844011140625,0.3565459609375,0.348189415625,0.3704735375,0.31476323125,0.40389972187499995,0.3231197765625,0.459610028125,0.34261838437500003,0.47632312031249996,0.37604456875,0.4707520890625,0.39554317499999997,0.4373259046875,0.428969359375,0.43175487500000004,0.459610028125,0.398328690625,0.459610028125,0.373259053125,0.4484679671875,0.3621169921875,0.3844011140625,0.3565459609375,0,0,0,0
18,870_jpg.rf.e64c1c6980bebf99781586145ae8dcae.jpg,glioma,0.4428969359375,0.6852367687500001,0.40389972187499995,0.6796657374999999,0.3314763234375,0.688022284375,0.31476323125,0.6991643453124999,0.3036211703125,0.7242339828125,0.311977715625,0.7910863515625,0.32869080781250004,0.793871865625,0.3788300828125,0.7632311984375,0.4122562671875,0.8050139281250001,0.428969359375,0.8022284125000001,0.45125348125000003,0.74651810625,0.45125348125000003,0.7019498609375,0.4428969359375,0.6852367687500001,0,0
19,3007_jpg.rf.d4ac8e0431834b8a0dc8663b12f95fab.jpg,glioma,0.32033426249999997,0.6462395546875,0.28969359375,0.6685236765625,0.2841225625,0.8050139281250001,0.3565459609375,0.8217270187500001,0.3816155984375,0.8133704734375,0.43175487500000004,0.7186629531250001,0.4484679671875,0.6601671312499999,0.4373259046875,0.63509749375,0.4150417828125,0.6211699171875,0.337047353125,0.6155988859375,0.32033426249999997,0.6462395546875,0,0,0,0,0,0
20,2478_jpg.rf.1ab5c262c56af5e8bf8650d84c88d2e2.jpg,glioma,0.2757660171875,0.3844011140625,0.2952646234375,0.4484679671875,0.2952646234375,0.49860724218749997,0.20612813437500002,0.5933147625,0.20612813437500002,0.6183844015625,0.22562674062500002,0.6378830078125,0.2841225625,0.6378830078125,0.35933147656250003,0.6100278546875,0.40111420625000005,0.5654596093750001,0.42618384374999996,0.51810585,0.4094707515625,0.4373259046875,0.2757660171875,0.3844011140625,0,0,0,0
21,1881_jpg.rf.835151787e547ff0823e5fb1448e871d.jpg,glioma,0.22841225625,0.6406685234375,0.2980501390625,0.6545961,0.3537604453125,0.626740946875,0.3565459609375,0.596100278125,0.3454039,0.57381615625,0.2674094703125,0.568245125,0.2200557109375,0.5905292484375,0.2144846796875,0.62395543125,0.22841225625,0.6406685234375,0,0,0,0,0,0,0,0,0,0
22,1557_jpg.rf.91f9e36ca85ab1e985af07632aadd8ed.jpg,pituitary,0.54874651875,0.53760445625,0.568245125,0.540389971875,0.5877437328124999,0.5348189421875,0.5905292484375,0.5236768796875,0.576601671875,0.46518105781249997,0.5626740953125,0.4568245125,0.5431754875,0.47632312031249996,0.53760445625,0.5125348187500001,0.54874651875,0.53760445625,0,0,0,0,0,0,0,0,0,0
23,2873_jpg.rf.32b0b8b3d29e156912d82a82da2d6cc8.jpg,glioma,0.49860724218749997,0.6183844015625,0.53760445625,0.62395543125,0.568245125,0.57381615625,0.568245125,0.53760445625,0.5459610031250001,0.515320334375,0.509749303125,0.5125348187500001,0.479108634375,0.5292479109375,0.47632312031249996,0.57381615625,0.49860724218749997,0.6183844015625,0,0,0,0,0,0,0,0,0,0
24,572_jpg.rf.0afd7a5af7fde5704ffc09fe4feffb54.jpg,meningioma,0.17827298125,0.3927576609375,0.21727019531249997,0.398328690625,0.250696378125,0.3788300828125,0.2646239546875,0.3231197765625,0.22841225625,0.2841225625,0.1922005578125,0.2646239546875,0.16155988906250002,0.31476323125,0.1587743734375,0.3621169921875,0.17827298125,0.3927576609375,0,0,0,0,0,0,0,0,0,0
25,578_jpg.rf.cc0f965962eb31638c8042de2a5b6896.jpg,meningioma,0.25626740937500003,0.21169916406249997,0.24791086406249999,0.1866295265625,0.1838440109375,0.27298050156250003,0.2200557109375,0.286908078125,0.2395543171875,0.2785515328125,0.2423398328125,0.231197771875,0.25626740937500003,0.21169916406249997,0,0,0,0,0,0,0,0,0,0,0,0,0,0
26,1967_jpg.rf.194e327e9a1566ef5319c0c616096e9e.jpg,glioma,0.5348189421875,0.2841225625,0.484679665625,0.25626740937500003,0.42339832812499995,0.25348189374999996,0.37604456875,0.27298050156250003,0.3314763234375,0.311977715625,0.3259052921875,0.3342618390625,0.3314763234375,0.42339832812499995,0.373259053125,0.48189415,0.40389972187499995,0.49582172656249995,0.459610028125,0.490250696875,0.5348189421875,0.4568245125,0.5515320328125,0.4122562671875,0.5543175484375,0.3454039,0.5348189421875,0.2841225625
27,2419_jpg.rf.c7b4b829e23018617a9e9196b4cf7a12.jpg,glioma,0.36490250625,0.21727019531249997,0.428969359375,0.21169916406249997,0.4373259046875,0.1922005578125,0.42618384374999996,0.175487465625,0.42339832812499995,0.1337047359375,0.3621169921875,0.1225626734375,0.3231197765625,0.1337047359375,0.3259052921875,0.175487465625,0.36490250625,0.21727019531249997,0,0,0,0,0,0,0,0,0,0
28,510_jpg.rf.1fdfbd60982ffcb76772cba2fa2853e5.jpg,meningioma,0.4568245125,0.509749303125,0.44568245156249997,0.4679665734375,0.42339832812499995,0.4484679671875,0.3509749296875,0.4428969359375,0.311977715625,0.45403899687499993,0.28969359375,0.479108634375,0.259052925,0.540389971875,0.25348189374999996,0.6155988859375,0.261838440625,0.6545961,0.286908078125,0.688022284375,0.367688021875,0.7019498609375,0.4094707515625,0.682451253125,0.4401114203125,0.6490250703125,0.45125348125000003,0.6183844015625
29,251_jpg.rf.c0bee66be6275fa28ae4009bee4af2b1.jpg,meningioma,0.6490250703125,0.4707520890625,0.6852367687500001,0.46518105781249997,0.6991643453124999,0.44568245156249997,0.6963788296875,0.42618384374999996,0.6434540390625,0.367688021875,0.626740946875,0.36490250625,0.5849582171875001,0.398328690625,0.5905292484375,0.4428969359375,0.6490250703125,0.4707520890625,0,0,0,0,0,0,0,0,0,0
30,2966_jpg.rf.269ff72bd0f24558f2ee714d2519d32e.jpg,glioma,0.45403899687499993,0.6295264625,0.4178272984375,0.5598885796874999,0.348189415625,0.509749303125,0.34261838437500003,0.47353760468750006,0.3314763234375,0.46518105781249997,0.3091922,0.479108634375,0.311977715625,0.5543175484375,0.36490250625,0.6768802234375,0.3899721453125,0.688022284375,0.398328690625,0.707520890625,0.4206128140625,0.6935933140625,0.4401114203125,0.6991643453124999,0.45125348125000003,0.6852367687500001,0.490250696875,0.682451253125
31,2813_jpg.rf.a2d17c1fa43e30c8b93333c9fdc6cd22.jpg,glioma,0.2952646234375,0.4094707515625,0.3036211703125,0.4373259046875,0.32869080781250004,0.4568245125,0.3064066859375,0.515320334375,0.2952646234375,0.6155988859375,0.3091922,0.6796657374999999,0.33983286874999996,0.71030640625,0.37604456875,0.7186629531250001,0.3899721453125,0.707520890625,0.3816155984375,0.626740946875,0.4206128140625,0.596100278125,0.4679665734375,0.49582172656249995,0.4679665734375,0.3537604453125,0.49582172656249995,0.311977715625
32,450_jpg.rf.f82371c242f4b9e02dac859edd26000e.jpg,meningioma,0,0.6852367687500001,0.013927576562499999,0.740947075,0.027855153124999997,0.7520891359374999,0.10027855156250001,0.7520891359374999,0.11699164375,0.7186629531250001,0.10863509687499999,0.6685236765625,0.0668523671875,0.63509749375,0.03064066875,0.632311978125,0,0.658238696875,0,0.6852367687500001,0,0,0,0,0,0,0,0
33,2588_jpg.rf.24b70f3123a7cc290e793e3fef982e87.jpg,glioma,0.0724233984375,0.5320334265625,0.09192200625,0.6295264625,0.10584958281250001,0.6406685234375,0.119777159375,0.5849582171875001,0.1810584953125,0.53760445625,0.1838440109375,0.5125348187500001,0.12813370468750002,0.479108634375,0.0947075203125,0.47632312031249996,0.08077994375,0.484679665625,0.0724233984375,0.5320334265625,0,0,0,0,0,0,0,0
34,402_jpg.rf.e5d07ec37eaf89989958969f61c601da.jpg,meningioma,0.45125348125000003,0.6768802234375,0.36490250625,0.59888579375,0.33983286874999996,0.5571030640625,0.3008356546875,0.54874651875,0.23676880156250002,0.571030640625,0.17827298125,0.6128133703125,0.16713091875,0.6713091921875,0.17270195,0.7353760453125,0.20055710312500002,0.793871865625,0.2451253484375,0.835654596875,0.3314763234375,0.8774373265625,0.3871866296875,0.8774373265625,0.4373259046875,0.855153203125,0.4679665734375,0.8022284125000001
35,1518_jpg.rf.447b4dcf8ab2519c908e1da2c54fd998.jpg,pituitary,0.7353760453125,0.43454039062499994,0.7047353765625,0.40668523749999996,0.6908078,0.40668523749999996,0.6657381609375,0.42618384374999996,0.6072423390624999,0.43175487500000004,0.5849582171875001,0.45125348125000003,0.57381615625,0.509749303125,0.5905292484375,0.53760445625,0.626740946875,0.54874651875,0.688022284375,0.540389971875,0.7242339828125,0.5571030640625,0.7604456828124999,0.515320334375,0.7576601671875001,0.4707520890625,0.7353760453125,0.43454039062499994
36,776_jpg.rf.196b38320545963594c8f40b5af51e37.jpg,glioma,0.139275765625,0.47353760468750006,0.10863509687499999,0.49303621093750005,0.0947075203125,0.5320334265625,0.0974930359375,0.59888579375,0.114206128125,0.6490250703125,0.1922005578125,0.7270194984375,0.2646239546875,0.7298050140625,0.2841225625,0.7214484671875,0.3064066859375,0.6935933140625,0.348189415625,0.576601671875,0.2451253484375,0.48189415,0.139275765625,0.47353760468750006,0,0,0,0
37,849_jpg.rf.3e54526ecb2c2704cb69019dab8d7083.jpg,glioma,0.49303621093750005,0.5264623953124999,0.47632312031249996,0.509749303125,0.348189415625,0.484679665625,0.286908078125,0.54874651875,0.28969359375,0.6128133703125,0.2423398328125,0.688022284375,0.259052925,0.7270194984375,0.3064066859375,0.7576601671875001,0.3871866296875,0.7520891359374999,0.44568245156249997,0.7214484671875,0.45125348125000003,0.6852367687500001,0.48746518125,0.6155988859375,0.49582172656249995,0.5654596093750001,0.49303621093750005,0.5264623953124999
38,2936_jpg.rf.fc4cf6f87f10a97424b3ad1239af08aa.jpg,glioma,0.5431754875,0.49860724218749997,0.5654596093750001,0.39554317499999997,0.5598885796874999,0.33983286874999996,0.5320334265625,0.28969359375,0.5013927578125,0.2646239546875,0.4707520890625,0.259052925,0.4122562671875,0.281337046875,0.367688021875,0.32033426249999997,0.32869080781250004,0.398328690625,0.317548746875,0.47632312031249996,0.3314763234375,0.5348189421875,0.367688021875,0.59888579375,0.4206128140625,0.6378830078125,0.48746518125,0.651810584375
39,59_jpg.rf.bbc044648467fbb9b1b513abd39ecf20.jpg,pituitary,0.596100278125,0.5543175484375,0.5821727015625,0.479108634375,0.59888579375,0.42618384374999996,0.57381615625,0.3899721453125,0.5459610031250001,0.3871866296875,0.509749303125,0.40111420625000005,0.48189415,0.45403899687499993,0.44568245156249997,0.46239554375,0.4206128140625,0.490250696875,0.42339832812499995,0.5431754875,0.45125348125000003,0.576601671875,0.48189415,0.576601671875,0.509749303125,0.5598885796874999,0.5292479109375,0.5793871859374999
40,2687_jpg.rf.adcc266983852d66c9590ad1c5b61d2e.jpg,glioma,0.520891365625,0.601671309375,0.49860724218749997,0.596100278125,0.479108634375,0.626740946875,0.490250696875,0.6713091921875,0.5320334265625,0.6740947078125,0.540389971875,0.62395543125,0.520891365625,0.601671309375,0,0,0,0,0,0,0,0,0,0,0,0,0,0
41,1065_jpg.rf.472cca172df664b3815e3ed32b52dd1a.jpg,pituitary,0.428969359375,0.48746518125,0.4178272984375,0.5264623953124999,0.4428969359375,0.5598885796874999,0.484679665625,0.57381615625,0.5013927578125,0.5933147625,0.540389971875,0.5877437328124999,0.5348189421875,0.5598885796874999,0.5515320328125,0.49582172656249995,0.5320334265625,0.459610028125,0.49303621093750005,0.4568245125,0.428969359375,0.48746518125,0,0,0,0,0,0
42,1245_jpg.rf.66660edf31ce841b0518861fdd382425.jpg,pituitary,0.48746518125,0.4373259046875,0.53760445625,0.4679665734375,0.5793871859374999,0.46239554375,0.5877437328124999,0.4122562671875,0.5793871859374999,0.3844011140625,0.5013927578125,0.3537604453125,0.44568245156249997,0.39554317499999997,0.4401114203125,0.43175487500000004,0.48746518125,0.4373259046875,0,0,0,0,0,0,0,0,0,0
43,2699_jpg.rf.61a6cccbbf1671e1decc5706d640127a.jpg,glioma,0.5125348187500001,0.57381615625,0.5877437328124999,0.576601671875,0.5793871859374999,0.5598885796874999,0.5877437328124999,0.5125348187500001,0.5821727015625,0.44568245156249997,0.5654596093750001,0.43175487500000004,0.509749303125,0.42618384374999996,0.49860724218749997,0.398328690625,0.479108634375,0.3871866296875,0.490250696875,0.292479109375,0.479108634375,0.2200557109375,0.45125348125000003,0.20334261874999998,0.3788300828125,0.19777158749999998,0.311977715625,0.22562674062500002
44,1846_jpg.rf.0eae185a2e57b3f10fabdcb722f2462e.jpg,glioma,0.398328690625,0.16434540312499998,0.3816155984375,0.17827298125,0.373259053125,0.2701949859375,0.39554317499999997,0.3036211703125,0.479108634375,0.311977715625,0.51810585,0.292479109375,0.5236768796875,0.2395543171875,0.5125348187500001,0.1866295265625,0.49303621093750005,0.1504178265625,0.4707520890625,0.144846796875,0.398328690625,0.16434540312499998,0,0,0,0,0,0
45,1674_jpg.rf.bb913e8b9417c6182f7c417924bae355.jpg,pituitary,0.5877437328124999,0.373259053125,0.604456825,0.3871866296875,0.6573816156250001,0.3816155984375,0.6908078,0.337047353125,0.6796657374999999,0.2980501390625,0.62395543125,0.2841225625,0.601671309375,0.292479109375,0.5793871859374999,0.32033426249999997,0.5877437328124999,0.373259053125,0,0,0,0,0,0,0,0,0,0
46,485_jpg.rf.99d7de2b602bce9651894b455f099281.jpg,meningioma,0.45125348125000003,0.3064066859375,0.4484679671875,0.367688021875,0.490250696875,0.4150417828125,0.5571030640625,0.42339832812499995,0.5933147625,0.3816155984375,0.5933147625,0.33983286874999996,0.5348189421875,0.2646239546875,0.51810585,0.259052925,0.479108634375,0.2701949859375,0.45125348125000003,0.3064066859375,0,0,0,0,0,0,0,0
47,2398_jpg.rf.98e864de658c42e021971e6e2e3742be.jpg,glioma,0.5236768796875,0.3899721453125,0.5264623953124999,0.4178272984375,0.5905292484375,0.4150417828125,0.6462395546875,0.3788300828125,0.6434540390625,0.337047353125,0.6685236765625,0.311977715625,0.682451253125,0.3844011140625,0.71030640625,0.4401114203125,0.7298050140625,0.4484679671875,0.740947075,0.37604456875,0.7047353765625,0.32033426249999997,0.7019498609375,0.2785515328125,0.6545961,0.2674094703125,0.6434540390625,0.2144846796875
48,596_jpg.rf.2222b81b8685f89b7e8a435086e57538.jpg,meningioma,0.42618384374999996,0.250696378125,0.47632312031249996,0.25626740937500003,0.48746518125,0.2451253484375,0.48189415,0.1922005578125,0.4707520890625,0.16434540312499998,0.4484679671875,0.16155988906250002,0.4150417828125,0.1894150421875,0.40389972187499995,0.22562674062500002,0.42618384374999996,0.250696378125,0,0,0,0,0,0,0,0,0,0
49,1827_jpg.rf.19fac18da0b6f6f67c405828acd8929a.jpg,pituitary,0.768802228125,0.3314763234375,0.7270194984375,0.32033426249999997,0.6601671312499999,0.3259052921875,0.62395543125,0.286908078125,0.5626740953125,0.2701949859375,0.520891365625,0.2952646234375,0.48189415,0.3565459609375,0.49303621093750005,0.4178272984375,0.540389971875,0.4707520890625,0.5905292484375,0.47353760468750006,0.63509749375,0.459610028125,0.6908078,0.490250696875,0.7353760453125,0.49303621093750005,0.793871865625,0.4428969359375
50,35_jpg.rf.e77d29d60ad5ac98190d9c6bf9b50a2d.jpg,meningioma,0.85793871875,0.490250696875,0.835654596875,0.490250696875,0.793871865625,0.515320334375,0.824512534375,0.5459610031250001,0.8662952640625001,0.5571030640625,0.8969359328125,0.515320334375,0.85793871875,0.490250696875,0,0,0,0,0,0,0,0,0,0,0,0,0,0
51,1535_jpg.rf.d67189e35bbb33f77e11bb86e653fc0f.jpg,pituitary,0.6211699171875,0.5543175484375,0.6490250703125,0.53760445625,0.6406685234375,0.5236768796875,0.6434540390625,0.4484679671875,0.626740946875,0.4206128140625,0.601671309375,0.4206128140625,0.5877437328124999,0.43175487500000004,0.5821727015625,0.46239554375,0.53760445625,0.47353760468750006,0.5125348187500001,0.5041782734375,0.515320334375,0.54874651875,0.53760445625,0.5654596093750001,0.5598885796874999,0.5626740953125,0.5849582171875001,0.53760445625
52,1655_jpg.rf.393b93140d1977b2e8aa2f8ac54e8444.jpg,pituitary,0.568245125,0.292479109375,0.5348189421875,0.2841225625,0.51810585,0.367688021875,0.5515320328125,0.3788300828125,0.5849582171875001,0.3509749296875,0.5849582171875001,0.311977715625,0.568245125,0.292479109375,0,0,0,0,0,0,0,0,0,0,0,0,0,0
53,1507_jpg.rf.7675e7f615ac842be128283adf180e92.jpg,pituitary,0.7270194984375,0.57381615625,0.7520891359374999,0.53760445625,0.7520891359374999,0.5041782734375,0.7019498609375,0.44568245156249997,0.662952646875,0.43454039062499994,0.6406685234375,0.4150417828125,0.6155988859375,0.42339832812499995,0.596100278125,0.45403899687499993,0.5598885796874999,0.45403899687499993,0.5431754875,0.47353760468750006,0.5431754875,0.5069637890625,0.5598885796874999,0.5320334265625,0.5905292484375,0.54874651875,0.632311978125,0.6155988859375
54,1224_jpg.rf.b270cb88ebea525ef2fb5b9c11f2115f.jpg,pituitary,0.5515320328125,0.48746518125,0.6155988859375,0.4401114203125,0.571030640625,0.39554317499999997,0.520891365625,0.3844011140625,0.479108634375,0.4428969359375,0.47632312031249996,0.459610028125,0.49303621093750005,0.48746518125,0.5515320328125,0.48746518125,0,0,0,0,0,0,0,0,0,0,0,0
55,2332_jpg.rf.295fbe91c71264699a18cc9299c21825.jpg,glioma,0.5069637890625,0.7883008359375,0.54874651875,0.7242339828125,0.571030640625,0.632311978125,0.57381615625,0.5543175484375,0.5320334265625,0.54874651875,0.49582172656249995,0.5626740953125,0.479108634375,0.5905292484375,0.5013927578125,0.6434540390625,0.48189415,0.6601671312499999,0.46518105781249997,0.707520890625,0.3844011140625,0.713091921875,0.35933147656250003,0.7298050140625,0.367688021875,0.7520891359374999,0.42618384374999996,0.768802228125
56,697_jpg.rf.1cc820ccd8d5b49dfdde76410e61689a.jpg,meningioma,0.1866295265625,0.604456825,0.1504178265625,0.59888579375,0.0194986078125,0.651810584375,0.0083565453125,0.7242339828125,0.025069637500000002,0.774373259375,0.0668523671875,0.8328690812499999,0.14206128125,0.8913649031249999,0.1894150421875,0.8690807796875,0.194986071875,0.8412256265625,0.22562674062500002,0.8189415046875,0.24791086406249999,0.768802228125,0.22562674062500002,0.6378830078125,0.1866295265625,0.604456825,0,0
57,515_jpg.rf.b1467c87985d4338c389ed4246de8e97.jpg,meningioma,0.1587743734375,0.5598885796874999,0.1866295265625,0.6713091921875,0.20612813437500002,0.6991643453124999,0.2980501390625,0.71030640625,0.3565459609375,0.6545961,0.367688021875,0.6072423390624999,0.3621169921875,0.5821727015625,0.34261838437500003,0.54874651875,0.3064066859375,0.5236768796875,0.22562674062500002,0.5069637890625,0.1587743734375,0.5598885796874999,0,0,0,0,0,0
58,2616_jpg.rf.43b61c41d852822991d04f5e46125cc6.jpg,glioma,0.5933147625,0.5125348187500001,0.6072423390624999,0.44568245156249997,0.59888579375,0.43175487500000004,0.5821727015625,0.43175487500000004,0.5571030640625,0.4484679671875,0.5543175484375,0.49303621093750005,0.5654596093750001,0.5069637890625,0.5933147625,0.5125348187500001,0,0,0,0,0,0,0,0,0,0,0,0
59,2792_jpg.rf.249c81800c9d17bb891ad64d70512e85.jpg,glioma,0.5264623953124999,0.5598885796874999,0.54874651875,0.48746518125,0.5905292484375,0.4679665734375,0.6155988859375,0.4401114203125,0.6183844015625,0.40389972187499995,0.6100278546875,0.3927576609375,0.54874651875,0.373259053125,0.49860724218749997,0.373259053125,0.367688021875,0.44568245156249997,0.292479109375,0.53760445625,0.311977715625,0.6155988859375,0.348189415625,0.6545961,0.3454039,0.6991643453124999,0.35933147656250003,0.7186629531250001
60,3046_jpg.rf.5d033541834887c6690f1ec5e0549731.jpg,glioma,0.7548746515625,0.74651810625,0.8272980499999999,0.5877437328124999,0.8969359328125,0.48189415,0.9025069640625001,0.4428969359375,0.8830083562500001,0.43175487500000004,0.824512534375,0.47632312031249996,0.7575886625,0.57656125625,0.6935933140625,0.6211699171875,0.6601671312499999,0.6713091921875,0.6378830078125,0.855153203125,0.662952646875,0.8969359328125,0.740947075,0.9025069640625001,0.768802228125,0.885793871875,0.7715877437499999,0.8412256265625
61,2014_jpg.rf.f936adbccf2f6f2ac09bc4501612fc99.jpg,glioma,0.51810585,0.6295264625,0.4428969359375,0.5905292484375,0.40111420625000005,0.5431754875,0.34261838437500003,0.520891365625,0.3064066859375,0.520891365625,0.194986071875,0.5292479109375,0.1532033421875,0.54874651875,0.1504178265625,0.576601671875,0.1866295265625,0.6768802234375,0.2200557109375,0.7158774375,0.32033426249999997,0.774373259375,0.36490250625,0.7799442890625,0.428969359375,0.7632311984375,0.5041782734375,0.7019498609375
62,2547_jpg.rf.838afe2f91790eaea00656ee6f578d91.jpg,glioma,0.32033426249999997,0.4206128140625,0.3454039,0.42618384374999996,0.3565459609375,0.39554317499999997,0.3871866296875,0.3816155984375,0.3871866296875,0.2841225625,0.4206128140625,0.25348189374999996,0.43175487500000004,0.22562674062500002,0.3927576609375,0.20612813437500002,0.3537604453125,0.20612813437500002,0.2841225625,0.2200557109375,0.231197771875,0.250696378125,0.194986071875,0.2841225625,0.16713091875,0.337047353125,0.16434540312499998,0.36490250625
63,1526_jpg.rf.231156ac67bb79775e213b6d2e92ae50.jpg,pituitary,0.5793871859374999,0.568245125,0.632311978125,0.571030640625,0.63509749375,0.46518105781249997,0.6128133703125,0.428969359375,0.5905292484375,0.42618384374999996,0.5459610031250001,0.45403899687499993,0.540389971875,0.4679665734375,0.5041782734375,0.44568245156249997,0.3899721453125,0.45403899687499993,0.3788300828125,0.46239554375,0.3788300828125,0.490250696875,0.39554317499999997,0.5264623953124999,0.4150417828125,0.540389971875,0.520891365625,0.54874651875
64,1134_jpg.rf.4e4af6713d2905b924a9458bd52ebbdc.jpg,pituitary,0.459610028125,0.568245125,0.5013927578125,0.5821727015625,0.5292479109375,0.53760445625,0.5264623953124999,0.49303621093750005,0.515320334375,0.4679665734375,0.48189415,0.4428969359375,0.4373259046875,0.4707520890625,0.42618384374999996,0.5292479109375,0.459610028125,0.568245125,0,0,0,0,0,0,0,0,0,0
65,2049_jpg.rf.7240bafe17a73e06aacbce540517e824.jpg,glioma,0.3621169921875,0.5877437328124999,0.286908078125,0.5626740953125,0.27298050156250003,0.5236768796875,0.2423398328125,0.520891365625,0.144846796875,0.5320334265625,0.194986071875,0.63509749375,0.2468348609375,0.7086815234375,0.2952646234375,0.7214484671875,0.3454039,0.7827298046875,0.40111420625000005,0.7827298046875,0.42339832812499995,0.743732590625,0.428969359375,0.6935933140625,0.3899721453125,0.6406685234375,0.39554317499999997,0.6183844015625
66,259_jpg.rf.3c5ba513d7a483db754273624a17c7d0.jpg,meningioma,0.3871866296875,0.5543175484375,0.4679665734375,0.5654596093750001,0.49303621093750005,0.5069637890625,0.49860724218749997,0.4484679671875,0.47353760468750006,0.42339832812499995,0.40389972187499995,0.4178272984375,0.3621169921875,0.45403899687499993,0.3565459609375,0.5292479109375,0.3871866296875,0.5543175484375,0,0,0,0,0,0,0,0,0,0
67,157_jpg.rf.f52c33a981ac39bce0442f94f3c27886.jpg,meningioma,0.63509749375,0.6072423390624999,0.7047353765625,0.6183844015625,0.8523676874999999,0.53760445625,0.8746518109375,0.484679665625,0.9052924796875,0.45403899687499993,0.8969359328125,0.3816155984375,0.8718662953124999,0.348189415625,0.7520891359374999,0.3036211703125,0.7214484671875,0.3231197765625,0.6685236765625,0.31476323125,0.6434540390625,0.3231197765625,0.6128133703125,0.3565459609375,0.568245125,0.37604456875,0.5264623953124999,0.4150417828125
68,2503_jpg.rf.7648a395544de2f9082ae210b2959efd.jpg,glioma,0.49860724218749997,0.749303621875,0.5431754875,0.707520890625,0.57381615625,0.6573816156250001,0.604456825,0.5571030640625,0.6100278546875,0.5041782734375,0.59888579375,0.5041782734375,0.540389971875,0.5598885796874999,0.5320334265625,0.604456825,0.49860724218749997,0.6072423390624999,0.459610028125,0.57381615625,0.37604456875,0.5821727015625,0.3454039,0.6295264625,0.3509749296875,0.6768802234375,0.34261838437500003,0.7047353765625
69,2410_jpg.rf.ed455dddbf4432c441c9968b77e1c5af.jpg,glioma,0.40668523749999996,0.1922005578125,0.367688021875,0.175487465625,0.3036211703125,0.1866295265625,0.31476323125,0.20612813437500002,0.3036211703125,0.22841225625,0.311977715625,0.25348189374999996,0.2757660171875,0.2952646234375,0.2785515328125,0.3231197765625,0.2952646234375,0.33983286874999996,0.32869080781250004,0.337047353125,0.35933147656250003,0.27298050156250003,0.4122562671875,0.231197771875,0.40668523749999996,0.1922005578125,0,0
70,429_jpg.rf.09ea7ef4baf67ec38a0d7561e9dec4dd.jpg,meningioma,0.03064066875,0.317548746875,0.022284121875,0.3871866296875,0.03064066875,0.43175487500000004,0.0473537609375,0.45403899687499993,0.10863509687499999,0.46239554375,0.13649024999999998,0.4568245125,0.17270195,0.43175487500000004,0.1866295265625,0.348189415625,0.16434540312499998,0.24791086406249999,0.10027855156250001,0.2200557109375,0.03064066875,0.317548746875,0,0,0,0,0,0
71,2828_jpg.rf.be0146345c1da47b24f0249a69ede3aa.jpg,glioma,0.292479109375,0.835654596875,0.3565459609375,0.8384401109375,0.3844011140625,0.8050139281250001,0.3871866296875,0.768802228125,0.3454039,0.7242339828125,0.3036211703125,0.7186629531250001,0.2646239546875,0.7576601671875001,0.2674094703125,0.8077994421874999,0.292479109375,0.835654596875,0,0,0,0,0,0,0,0,0,0
72,29_jpg.rf.4da64420c61049aac0c0b8641d5d7cf0.jpg,meningioma,0.259052925,0.27298050156250003,0.2757660171875,0.3231197765625,0.261838440625,0.3816155984375,0.2674094703125,0.42339832812499995,0.2952646234375,0.43175487500000004,0.4122562671875,0.40668523749999996,0.4373259046875,0.3537604453125,0.428969359375,0.32033426249999997,0.33983286874999996,0.2395543171875,0.28969359375,0.22841225625,0.259052925,0.27298050156250003,0,0,0,0,0,0
73,664_jpg.rf.168b527726c5a8c2a014f8d5240252d7.jpg,meningioma,0.2841225625,0.6685236765625,0.23676880156250002,0.651810584375,0.2200557109375,0.63509749375,0.194986071875,0.63509749375,0.1587743734375,0.6406685234375,0.13649024999999998,0.6601671312499999,0.114206128125,0.6963788296875,0.114206128125,0.7158774375,0.1309192203125,0.749303621875,0.2089136484375,0.835654596875,0.25348189374999996,0.8328690812499999,0.286908078125,0.8022284125000001,0.3036211703125,0.7660167125,0.3064066859375,0.7047353765625
74,1973_jpg.rf.3c5c9e1085dd2b4568777f2686db0225.jpg,glioma,0.54874651875,0.17827298125,0.5236768796875,0.20612813437500002,0.5264623953124999,0.2785515328125,0.5069637890625,0.3509749296875,0.4707520890625,0.3704735375,0.4401114203125,0.373259053125,0.45125348125000003,0.39554317499999997,0.47632312031249996,0.40668523749999996,0.5431754875,0.398328690625,0.5877437328124999,0.337047353125,0.5849582171875001,0.1894150421875,0.54874651875,0.17827298125,0,0,0,0
75,2155_jpg.rf.1a5d3ba42696d03c54de95174885eaf4.jpg,glioma,0.713091921875,0.2395543171875,0.7158774375,0.3008356546875,0.8105849578125,0.3314763234375,0.8662952640625001,0.3231197765625,0.8997214484375,0.3036211703125,0.9052924796875,0.250696378125,0.8941504171875,0.2395543171875,0.8412256265625,0.22841225625,0.79665738125,0.20334261874999998,0.7576601671875001,0.20055710312500002,0.713091921875,0.2395543171875,0,0,0,0,0,0
76,986_jpg.rf.893798b011fd19bac4c0bb795178e821.jpg,pituitary,0.317548746875,0.571030640625,0.3509749296875,0.5793871859374999,0.3871866296875,0.5598885796874999,0.3871866296875,0.5069637890625,0.373259053125,0.46239554375,0.3342618390625,0.4568245125,0.3008356546875,0.484679665625,0.292479109375,0.5348189421875,0.317548746875,0.571030640625,0,0,0,0,0,0,0,0,0,0
77,3006_jpg.rf.c64dffce9f8985a29890759a274ce004.jpg,glioma,0.3816155984375,0.6211699171875,0.3231197765625,0.6573816156250001,0.286908078125,0.713091921875,0.28969359375,0.8050139281250001,0.3036211703125,0.835654596875,0.3704735375,0.8328690812499999,0.428969359375,0.7548746515625,0.4401114203125,0.7632311984375,0.459610028125,0.71030640625,0.46239554375,0.6796657374999999,0.4428969359375,0.6406685234375,0.3816155984375,0.6211699171875,0,0,0,0
78,2834_jpg.rf.9fa2d368041b8782f55d5a9da54c8c4b.jpg,glioma,0.3927576609375,0.3788300828125,0.3036211703125,0.4568245125,0.3008356546875,0.520891365625,0.311977715625,0.5515320328125,0.47632312031249996,0.5793871859374999,0.49860724218749997,0.5431754875,0.479108634375,0.5125348187500001,0.47353760468750006,0.45403899687499993,0.4568245125,0.43175487500000004,0.4150417828125,0.4122562671875,0.40668523749999996,0.3788300828125,0.3927576609375,0.3788300828125,0,0,0,0
79,2593_jpg.rf.dc387c0598a6f69f67d407a18c1efa3a.jpg,glioma,0.6155988859375,0.42618384374999996,0.6295264625,0.398328690625,0.626740946875,0.3704735375,0.6155988859375,0.35933147656250003,0.5821727015625,0.35933147656250003,0.5348189421875,0.40389972187499995,0.5348189421875,0.4568245125,0.515320334375,0.479108634375,0.5125348187500001,0.515320334375,0.5320334265625,0.5515320328125,0.5571030640625,0.571030640625,0.6211699171875,0.5821727015625,0.6713091921875,0.53760445625,0.6657381609375,0.459610028125
80,2668_jpg.rf.3eafe2d060e3fa5a8084298b335e60d9.jpg,glioma,0.6796657374999999,0.6991643453124999,0.6713091921875,0.6183844015625,0.6406685234375,0.5933147625,0.601671309375,0.601671309375,0.596100278125,0.62395543125,0.576601671875,0.6211699171875,0.5626740953125,0.63509749375,0.4428969359375,0.7660167125,0.3927576609375,0.860724234375,0.47632312031249996,0.8774373265625,0.5543175484375,0.8718662953124999,0.6406685234375,0.8272980499999999,0.6768802234375,0.749303621875,0.6796657374999999,0.6991643453124999
81,318_jpg.rf.f4323b0130699ad317e7c47494d8a12c.jpg,meningioma,0.42618384374999996,0.6072423390624999,0.43175487500000004,0.6657381609375,0.47632312031249996,0.7158774375,0.5431754875,0.738161559375,0.568245125,0.713091921875,0.5905292484375,0.6378830078125,0.576601671875,0.6183844015625,0.5515320328125,0.6128133703125,0.520891365625,0.5877437328124999,0.4679665734375,0.5793871859374999,0.42618384374999996,0.6072423390624999,0,0,0,0,0,0
82,1207_jpg.rf.2474b0d26a91267bc0290ee31faed684.jpg,pituitary,0.6536312843750001,0.368715084375,0.5977653625,0.3519553078125,0.5921787703125,0.41899441406250004,0.6592178765625001,0.43016759843749997,0.6536312843750001,0.368715084375,0,0,0,0,0,0,0,0,0,0,0,0,0,0,0,0,0,0
83,1809_jpg.rf.65314a109095d38d5ab0d4ba3fca5d3d.jpg,pituitary,0.6295264625,0.3342618390625,0.59888579375,0.367688021875,0.59888579375,0.42618384374999996,0.6295264625,0.4568245125,0.6685236765625,0.46239554375,0.774373259375,0.43175487500000004,0.7855153203125,0.4178272984375,0.7799442890625,0.3537604453125,0.738161559375,0.3259052921875,0.6963788296875,0.317548746875,0.6295264625,0.3342618390625,0,0,0,0,0,0
84,750_jpg.rf.b8dff61665d031857f3c8d5850f3d665.jpg,glioma,0.0947075203125,0.4150417828125,0.11699164375,0.43454039062499994,0.16155988906250002,0.4484679671875,0.28969359375,0.4679665734375,0.3036211703125,0.48746518125,0.33983286874999996,0.5013927578125,0.3342618390625,0.5292479109375,0.3621169921875,0.5459610031250001,0.398328690625,0.5348189421875,0.4150417828125,0.515320334375,0.459610028125,0.44568245156249997,0.46239554375,0.4094707515625,0.4206128140625,0.3565459609375,0.4122562671875,0.32869080781250004
85,1156_jpg.rf.36682d455c838b0542597509c47d228f.jpg,pituitary,0.46518105781249997,0.51810585,0.484679665625,0.540389971875,0.54874651875,0.5431754875,0.5793871859374999,0.5236768796875,0.5933147625,0.46518105781249997,0.5849582171875001,0.4428969359375,0.5571030640625,0.42618384374999996,0.509749303125,0.42339832812499995,0.459610028125,0.45125348125000003,0.46518105781249997,0.51810585,0,0,0,0,0,0,0,0
86,1367_jpg.rf.a6c16034d534141b3a13990f9a6614cf.jpg,pituitary,0.2701949859375,0.4428969359375,0.2757660171875,0.5264623953124999,0.28969359375,0.54874651875,0.348189415625,0.57381615625,0.40668523749999996,0.53760445625,0.42339832812499995,0.49860724218749997,0.4206128140625,0.479108634375,0.40389972187499995,0.4428969359375,0.373259053125,0.4150417828125,0.311977715625,0.40668523749999996,0.2701949859375,0.4428969359375,0,0,0,0,0,0
87,1305_jpg.rf.a409d0cff6e22dac55a68f8412dd5c4b.jpg,pituitary,0.4568245125,0.40111420625000005,0.36490250625,0.3899721453125,0.32869080781250004,0.4094707515625,0.31476323125,0.40111420625000005,0.292479109375,0.40668523749999996,0.2785515328125,0.4401114203125,0.2841225625,0.47632312031249996,0.3036211703125,0.49860724218749997,0.311977715625,0.5654596093750001,0.4122562671875,0.571030640625,0.4206128140625,0.49860724218749997,0.45403899687499993,0.4373259046875,0.4568245125,0.40111420625000005,0,0
88,968_jpg.rf.3349eaa903759dca08405bc540a255a1.jpg,pituitary,0.4568245125,0.47353760468750006,0.48746518125,0.42339832812499995,0.490250696875,0.39554317499999997,0.35933147656250003,0.3871866296875,0.3537604453125,0.4094707515625,0.3342618390625,0.4206128140625,0.337047353125,0.4707520890625,0.3091922,0.515320334375,0.311977715625,0.54874651875,0.337047353125,0.57381615625,0.3537604453125,0.57381615625,0.3621169921875,0.5933147625,0.43454039062499994,0.596100278125,0.45125348125000003,0.571030640625
89,2330_jpg.rf.c760c7c61626bf263b8dec451553e4e7.jpg,glioma,0.4178272984375,0.8272980499999999,0.48746518125,0.7910863515625,0.5069637890625,0.7632311984375,0.5320334265625,0.749303621875,0.571030640625,0.6462395546875,0.5849582171875001,0.53760445625,0.5793871859374999,0.5125348187500001,0.568245125,0.5069637890625,0.49303621093750005,0.571030640625,0.49303621093750005,0.6462395546875,0.40111420625000005,0.713091921875,0.337047353125,0.7186629531250001,0.3231197765625,0.7298050140625,0.2952646234375,0.7158774375
90,2640_jpg.rf.cb0a6312fda5e000dbf64ccb9021662f.jpg,glioma,0.5348189421875,0.114206128125,0.5125348187500001,0.114206128125,0.490250696875,0.1894150421875,0.490250696875,0.24791086406249999,0.509749303125,0.2841225625,0.51810585,0.348189415625,0.48189415,0.4178272984375,0.490250696875,0.45125348125000003,0.5320334265625,0.4178272984375,0.5626740953125,0.367688021875,0.5905292484375,0.3509749296875,0.571030640625,0.1337047359375,0.5348189421875,0.114206128125,0,0
91,1327_jpg.rf.3a70accae2a865d9afddf146143e00da.jpg,pituitary,0.348189415625,0.520891365625,0.3844011140625,0.54874651875,0.4484679671875,0.5459610031250001,0.459610028125,0.490250696875,0.4428969359375,0.4484679671875,0.3871866296875,0.43454039062499994,0.3537604453125,0.45125348125000003,0.33983286874999996,0.4707520890625,0.348189415625,0.520891365625,0,0,0,0,0,0,0,0,0,0
92,1131_jpg.rf.ebdb7c7ac3400fd5fb49c8fedca6e601.jpg,pituitary,0.49860724218749997,0.3899721453125,0.48189415,0.398328690625,0.4679665734375,0.43175487500000004,0.4373259046875,0.4428969359375,0.40389972187499995,0.48189415,0.3899721453125,0.5515320328125,0.4206128140625,0.5849582171875001,0.5236768796875,0.601671309375,0.571030640625,0.568245125,0.5793871859374999,0.509749303125,0.54874651875,0.398328690625,0.49860724218749997,0.3899721453125,0,0,0,0
93,245_jpg.rf.02cc5a798919ae3fb189edf823c90121.jpg,meningioma,0.6573816156250001,0.39554317499999997,0.6713091921875,0.373259053125,0.662952646875,0.3036211703125,0.5933147625,0.2757660171875,0.5598885796874999,0.2952646234375,0.5459610031250001,0.33983286874999996,0.604456825,0.3899721453125,0.6573816156250001,0.39554317499999997,0,0,0,0,0,0,0,0,0,0,0,0
94,1551_jpg.rf.ff7409f585f20414818967bcb7cf9781.jpg,pituitary,0.601671309375,0.44568245156249997,0.6155988859375,0.40111420625000005,0.6072423390624999,0.3816155984375,0.5877437328124999,0.3788300828125,0.540389971875,0.40668523749999996,0.5125348187500001,0.398328690625,0.49582172656249995,0.40668523749999996,0.4679665734375,0.44568245156249997,0.47353760468750006,0.515320334375,0.5320334265625,0.596100278125,0.5626740953125,0.6128133703125,0.601671309375,0.604456825,0.6183844015625,0.5515320328125,0.6183844015625,0.49582172656249995
95,2373_jpg.rf.7d7e01e3efc33c5921f968ae373e1a4b.jpg,glioma,0.5069637890625,0.651810584375,0.4428969359375,0.6295264625,0.43175487500000004,0.6601671312499999,0.4484679671875,0.6935933140625,0.47353760468750006,0.6991643453124999,0.51810585,0.682451253125,0.5069637890625,0.651810584375,0,0,0,0,0,0,0,0,0,0,0,0,0,0
96,749_jpg.rf.b7118f5b4e19fd4517ee0b8df7e07ef8.jpg,glioma,0.39554317499999997,0.509749303125,0.4094707515625,0.42618384374999996,0.4428969359375,0.43175487500000004,0.48189415,0.40668523749999996,0.48189415,0.3927576609375,0.43175487500000004,0.337047353125,0.4150417828125,0.2980501390625,0.4373259046875,0.194986071875,0.40111420625000005,0.1894150421875,0.3871866296875,0.2200557109375,0.3704735375,0.22841225625,0.3342618390625,0.1810584953125,0.317548746875,0.17827298125,0.3036211703125,0.2144846796875
97,924_jpg.rf.ae3d5ecee030319183e2eb91c42c2b53.jpg,pituitary,0.31476323125,0.4094707515625,0.261838440625,0.4373259046875,0.23676880156250002,0.484679665625,0.23676880156250002,0.5236768796875,0.24791086406249999,0.5571030640625,0.27298050156250003,0.5849582171875001,0.32869080781250004,0.604456825,0.40389972187499995,0.571030640625,0.42339832812499995,0.51810585,0.42339832812499995,0.48189415,0.373259053125,0.42339832812499995,0.31476323125,0.4094707515625,0,0,0,0
98,1168_jpg.rf.d3d555758beae52c82d09e8c033aee1f.jpg,pituitary,0.6155988859375,0.40111420625000005,0.6740947078125,0.40111420625000005,0.688022284375,0.3621169921875,0.6796657374999999,0.31476323125,0.6601671312499999,0.3008356546875,0.6155988859375,0.2980501390625,0.5933147625,0.3091922,0.604456825,0.3899721453125,0.6155988859375,0.40111420625000005,0,0,0,0,0,0,0,0,0,0
99,569_jpg.rf.b268b08aa4f13470b8cf6be24f9143d9.jpg,meningioma,0.49582172656249995,0.428969359375,0.5320334265625,0.47632312031249996,0.5905292484375,0.459610028125,0.6155988859375,0.3816155984375,0.5933147625,0.3342618390625,0.54874651875,0.3231197765625,0.49860724218749997,0.348189415625,0.49303621093750005,0.3871866296875,0.49582172656249995,0.428969359375,0,0,0,0,0,0,0,0,0,0
100,779_jpg.rf.9f4b3e5906e44b1a6c134edc9975d929.jpg,glioma,0.5348189421875,0.662952646875,0.5543175484375,0.6434540390625,0.5626740953125,0.6072423390624999,0.5626740953125,0.568245125,0.540389971875,0.5320334265625,0.53760445625,0.4707520890625,0.49582172656249995,0.43175487500000004,0.48189415,0.3788300828125,0.45403899687499993,0.32869080781250004,0.40389972187499995,0.317548746875,0.3899721453125,0.292479109375,0.32033426249999997,0.292479109375,0.3231197765625,0.3259052921875,0.36490250625,0.3927576609375
101,415_jpg.rf.42e3ffecaeb7ec1c2089d8d04ba31926.jpg,meningioma,0.5348189421875,0.3509749296875,0.509749303125,0.367688021875,0.49860724218749997,0.40111420625000005,0.49860724218749997,0.4679665734375,0.5125348187500001,0.484679665625,0.5431754875,0.484679665625,0.5654596093750001,0.46518105781249997,0.5933147625,0.459610028125,0.604456825,0.43175487500000004,0.59888579375,0.3871866296875,0.5821727015625,0.35933147656250003,0.5348189421875,0.3509749296875,0,0,0,0
102,1191_jpg.rf.38083ff1647111ab520ae040413ebcfa.jpg,pituitary,0.49860724218749997,0.3788300828125,0.47632312031249996,0.39554317499999997,0.47353760468750006,0.42618384374999996,0.490250696875,0.46518105781249997,0.509749303125,0.48189415,0.568245125,0.49860724218749997,0.6211699171875,0.484679665625,0.6434540390625,0.4373259046875,0.63509749375,0.40389972187499995,0.5459610031250001,0.37604456875,0.49860724218749997,0.3788300828125,0,0,0,0,0,0
103,702_jpg.rf.7fb6262e18121c8fa9d39ee758df818e.jpg,meningioma,0.19777158749999998,0.7019498609375,0.144846796875,0.6908078,0.10027855156250001,0.71030640625,0.0974930359375,0.749303621875,0.11142061249999999,0.79665738125,0.1504178265625,0.8440111421875001,0.175487465625,0.85793871875,0.2089136484375,0.8662952640625001,0.23676880156250002,0.85793871875,0.259052925,0.8217270187500001,0.25626740937500003,0.7548746515625,0.21169916406249997,0.7270194984375,0.19777158749999998,0.7019498609375,0,0
104,2396_jpg.rf.463238615df74eddebc004fe079b5cdd.jpg,glioma,0.7548746515625,0.348189415625,0.743732590625,0.3036211703125,0.6991643453124999,0.2841225625,0.682451253125,0.24791086406249999,0.6434540390625,0.2339832875,0.5821727015625,0.2423398328125,0.5543175484375,0.2339832875,0.5236768796875,0.2646239546875,0.51810585,0.31476323125,0.5069637890625,0.509749303125,0.5264623953124999,0.5236768796875,0.540389971875,0.51810585,0.5626740953125,0.42339832812499995,0.576601671875,0.4094707515625
105,3059_jpg.rf.1edb2d7b1121b427db2cea243f117de0.jpg,glioma,0.20612813437500002,0.768802228125,0.22562674062500002,0.8217270187500001,0.22562674062500002,0.855153203125,0.2089136484375,0.880222840625,0.231197771875,0.8885793874999999,0.250696378125,0.8774373265625,0.25348189374999996,0.8635097500000001,0.286908078125,0.855153203125,0.3091922,0.8050139281250001,0.3565459609375,0.7548746515625,0.3537604453125,0.6490250703125,0.3927576609375,0.5571030640625,0.3899721453125,0.515320334375,0.35933147656250003,0.5125348187500001
106,2797_jpg.rf.044d1368eb1b15519501d22842419e67.jpg,glioma,0.3565459609375,0.7715877437499999,0.373259053125,0.8105849578125,0.39554317499999997,0.8272980499999999,0.4373259046875,0.8189415046875,0.4484679671875,0.793871865625,0.44568245156249997,0.7353760453125,0.4094707515625,0.6796657374999999,0.4094707515625,0.662952646875,0.43175487500000004,0.6406685234375,0.47632312031249996,0.632311978125,0.5236768796875,0.59888579375,0.53760445625,0.604456825,0.5459610031250001,0.6378830078125,0.515320334375,0.8133704734375
107,1475_jpg.rf.b0ddb45a203bd0706b99b459fc376621.jpg,pituitary,0.5125348187500001,0.5654596093750001,0.5236768796875,0.479108634375,0.51810585,0.46239554375,0.5013927578125,0.46239554375,0.4707520890625,0.4707520890625,0.46239554375,0.5264623953124999,0.47353760468750006,0.5598885796874999,0.5125348187500001,0.5654596093750001,0,0,0,0,0,0,0,0,0,0,0,0
108,455_jpg.rf.86b08275c74a293cbaafeee40040bcd1.jpg,meningioma,0.22562674062500002,0.479108634375,0.1922005578125,0.54874651875,0.2144846796875,0.6685236765625,0.231197771875,0.6908078,0.27298050156250003,0.713091921875,0.3565459609375,0.682451253125,0.4373259046875,0.5793871859374999,0.42618384374999996,0.515320334375,0.3844011140625,0.46239554375,0.2841225625,0.4373259046875,0.22562674062500002,0.479108634375,0,0,0,0,0,0
109,799_jpg.rf.e8a79b64d4c00449a57543b897a1fa85.jpg,glioma,0.1253481890625,0.6183844015625,0.11142061249999999,0.6490250703125,0.1337047359375,0.6685236765625,0.22841225625,0.6963788296875,0.259052925,0.6573816156250001,0.250696378125,0.6128133703125,0.19777158749999998,0.576601671875,0.1476323125,0.568245125,0.114206128125,0.576601671875,0.1253481890625,0.6183844015625,0,0,0,0,0,0,0,0
110,644_jpg.rf.04347ff9e7df43fa0204f7bc65c85a6b.jpg,meningioma,0.62395543125,0.6378830078125,0.6768802234375,0.59888579375,0.6852367687500001,0.5431754875,0.6963788296875,0.5320334265625,0.6740947078125,0.5236768796875,0.62395543125,0.4679665734375,0.6155988859375,0.40389972187499995,0.5543175484375,0.373259053125,0.5320334265625,0.37604456875,0.509749303125,0.398328690625,0.484679665625,0.40111420625000005,0.4568245125,0.42339832812499995,0.4373259046875,0.46239554375,0.4373259046875,0.49582172656249995
111,3035_jpg.rf.6e67b985049666276daa8b18ac34d89f.jpg,glioma,0.4178272984375,0.707520890625,0.4401114203125,0.7047353765625,0.45403899687499993,0.6963788296875,0.44568245156249997,0.6573816156250001,0.479108634375,0.6378830078125,0.47632312031249996,0.62395543125,0.428969359375,0.62395543125,0.398328690625,0.604456825,0.367688021875,0.5320334265625,0.34261838437500003,0.5041782734375,0.2980501390625,0.48189415,0.25348189374999996,0.48189415,0.20612813437500002,0.49582172656249995,0.1866295265625,0.515320334375
112,2855_jpg.rf.6c1f648b9a1675aff09e5142ec3e174d.jpg,glioma,0.54874651875,0.576601671875,0.568245125,0.626740946875,0.601671309375,0.6601671312499999,0.6462395546875,0.6657381609375,0.682451253125,0.63509749375,0.6852367687500001,0.5849582171875001,0.6434540390625,0.5459610031250001,0.6100278546875,0.5431754875,0.5571030640625,0.5515320328125,0.54874651875,0.576601671875,0,0,0,0,0,0,0,0
113,183_jpg.rf.a1a0d4fca8efef825aeea5186c0fc611.jpg,meningioma,0.6991643453124999,0.3621169921875,0.6211699171875,0.3927576609375,0.6072423390624999,0.4178272984375,0.6100278546875,0.4428969359375,0.6295264625,0.5013927578125,0.6545961,0.5236768796875,0.74651810625,0.5348189421875,0.7632311984375,0.51810585,0.7548746515625,0.4568245125,0.7715877437499999,0.42618384374999996,0.7270194984375,0.367688021875,0.6991643453124999,0.3621169921875,0,0,0,0
114,107_jpg.rf.27c3b48da913c67b803b1e679d596c54.jpg,meningioma,0.7242339828125,0.337047353125,0.7548746515625,0.3621169921875,0.793871865625,0.3621169921875,0.8022284125000001,0.3509749296875,0.79665738125,0.311977715625,0.8217270187500001,0.2785515328125,0.824512534375,0.2339832875,0.7910863515625,0.1838440109375,0.743732590625,0.1532033421875,0.6935933140625,0.144846796875,0.6378830078125,0.119777159375,0.596100278125,0.11699164375,0.576601671875,0.1253481890625,0.5571030640625,0.1532033421875
115,1534_jpg.rf.ae0e3578ce6a60dd5c9da370c02847ec.jpg,pituitary,0.6295264625,0.428969359375,0.6100278546875,0.42618384374999996,0.5821727015625,0.46518105781249997,0.5236768796875,0.49860724218749997,0.515320334375,0.5348189421875,0.5348189421875,0.5598885796874999,0.5571030640625,0.5598885796874999,0.576601671875,0.5320334265625,0.5905292484375,0.5320334265625,0.6128133703125,0.5543175484375,0.63509749375,0.5459610031250001,0.6434540390625,0.459610028125,0.6295264625,0.428969359375,0,0
116,1029_jpg.rf.83f99bd1f95bbc688f3a36ef6e6d1049.jpg,pituitary,0.42339832812499995,0.49303621093750005,0.44568245156249997,0.47632312031249996,0.4401114203125,0.428969359375,0.4094707515625,0.42618384374999996,0.367688021875,0.4484679671875,0.367688021875,0.47632312031249996,0.3844011140625,0.49303621093750005,0.42339832812499995,0.49303621093750005,0,0,0,0,0,0,0,0,0,0,0,0
117,1888_jpg.rf.0edd10f7e6a74d04928f54a467ad6b06.jpg,glioma,0.3816155984375,0.5515320328125,0.36490250625,0.54874651875,0.3537604453125,0.5933147625,0.317548746875,0.6462395546875,0.3788300828125,0.6295264625,0.4094707515625,0.6740947078125,0.4401114203125,0.682451253125,0.4401114203125,0.6601671312499999,0.4206128140625,0.632311978125,0.4707520890625,0.63509749375,0.47353760468750006,0.6155988859375,0.4178272984375,0.596100278125,0.3816155984375,0.5515320328125,0,0
118,859_jpg.rf.ff7be007fc68638236265305125f74a6.jpg,glioma,0.5598885796874999,0.71030640625,0.6852367687500001,0.51810585,0.6991643453124999,0.4679665734375,0.6935933140625,0.42618384374999996,0.651810584375,0.373259053125,0.5905292484375,0.3231197765625,0.5571030640625,0.311977715625,0.5013927578125,0.31476323125,0.515320334375,0.2841225625,0.5069637890625,0.2674094703125,0.4094707515625,0.261838440625,0.3704735375,0.2952646234375,0.3621169921875,0.3342618390625,0.33983286874999996,0.367688021875
119,1147_jpg.rf.0b8669994a8999fc93f69a6ab9ea6a4b.jpg,pituitary,0.5292479109375,0.4401114203125,0.540389971875,0.5348189421875,0.576601671875,0.5654596093750001,0.6406685234375,0.5320334265625,0.6434540390625,0.5069637890625,0.6295264625,0.44568245156249997,0.59888579375,0.4206128140625,0.5654596093750001,0.4150417828125,0.5320334265625,0.42618384374999996,0.5292479109375,0.4401114203125,0,0,0,0,0,0,0,0
120,452_jpg.rf.a33c9a99648eb2f328e20ca512566ca9.jpg,meningioma,0.3816155984375,0.4206128140625,0.44568245156249997,0.428969359375,0.47632312031249996,0.40389972187499995,0.48746518125,0.36490250625,0.459610028125,0.27298050156250003,0.40668523749999996,0.259052925,0.36490250625,0.2841225625,0.33983286874999996,0.3844011140625,0.3816155984375,0.4206128140625,0,0,0,0,0,0,0,0,0,0
121,2024_jpg.rf.83680e79ca053b46df17d8348ad12247.jpg,glioma,0.3844011140625,0.632311978125,0.3788300828125,0.6935933140625,0.3927576609375,0.713091921875,0.4401114203125,0.7019498609375,0.47632312031249996,0.6768802234375,0.47632312031249996,0.651810584375,0.45125348125000003,0.5905292484375,0.42339832812499995,0.5821727015625,0.39554317499999997,0.601671309375,0.3844011140625,0.632311978125,0,0,0,0,0,0,0,0
122,772_jpg.rf.94db3f73ef235383e3a7397c811125ed.jpg,glioma,0.3036211703125,0.3231197765625,0.286908078125,0.3537604453125,0.28969359375,0.3816155984375,0.3537604453125,0.3342618390625,0.49860724218749997,0.2757660171875,0.5013927578125,0.231197771875,0.48746518125,0.2200557109375,0.3565459609375,0.2200557109375,0.31476323125,0.261838440625,0.3036211703125,0.3231197765625,0,0,0,0,0,0,0,0
123,1989_jpg.rf.3e4a0fc495fff2ef5ebd12b420e94bcb.jpg,glioma,0.10306406718750001,0.5292479109375,0.0947075203125,0.53760445625,0.10027855156250001,0.6490250703125,0.119777159375,0.7158774375,0.1532033421875,0.7520891359374999,0.22284122499999998,0.7576601671875001,0.259052925,0.6740947078125,0.21169916406249997,0.63509749375,0.19777158749999998,0.5933147625,0.1587743734375,0.5654596093750001,0.1476323125,0.5348189421875,0.10306406718750001,0.5292479109375,0,0,0,0
124,2923_jpg.rf.25c35d9b69a9f5308d54ac65af4c1ff9.jpg,glioma,0.3788300828125,0.3565459609375,0.311977715625,0.2841225625,0.25348189374999996,0.2674094703125,0.2089136484375,0.2952646234375,0.1866295265625,0.3342618390625,0.1532033421875,0.43454039062499994,0.1532033421875,0.46518105781249997,0.20612813437500002,0.509749303125,0.2757660171875,0.515320334375,0.311977715625,0.5013927578125,0.3704735375,0.45403899687499993,0.3871866296875,0.4206128140625,0.3871866296875,0.3844011140625,0.3788300828125,0.3565459609375
125,1352_jpg.rf.3758c8d2eaf239156d9a22157c028482.jpg,pituitary,0.3509749296875,0.596100278125,0.3899721453125,0.571030640625,0.4428969359375,0.5654596093750001,0.4484679671875,0.5069637890625,0.40389972187499995,0.44568245156249997,0.3091922,0.4401114203125,0.286908078125,0.47353760468750006,0.2952646234375,0.5877437328124999,0.3509749296875,0.596100278125,0,0,0,0,0,0,0,0,0,0
126,114_jpg.rf.90d170a63bf24c6cd4c92eb851fdab51.jpg,meningioma,0.311977715625,0.632311978125,0.337047353125,0.63509749375,0.3927576609375,0.59888579375,0.398328690625,0.5654596093750001,0.35933147656250003,0.5041782734375,0.31476323125,0.49582172656249995,0.2701949859375,0.5320334265625,0.259052925,0.571030640625,0.311977715625,0.632311978125,0,0,0,0,0,0,0,0,0,0
127,339_jpg.rf.06c0810dad230b55603489ba0de18aea.jpg,meningioma,0.1587743734375,0.3816155984375,0.1309192203125,0.43454039062499994,0.139275765625,0.479108634375,0.20612813437500002,0.5041782734375,0.2785515328125,0.5125348187500001,0.2980501390625,0.5041782734375,0.31476323125,0.479108634375,0.3036211703125,0.42618384374999996,0.231197771875,0.36490250625,0.1922005578125,0.3565459609375,0.1587743734375,0.3816155984375,0,0,0,0,0,0
128,1997_jpg.rf.a89f8380e99e0be901d999fc3a692919.jpg,glioma,0.119777159375,0.6852367687500001,0.14206128125,0.7325905296874999,0.22841225625,0.777158775,0.2339832875,0.6155988859375,0.17827298125,0.568245125,0.089136490625,0.5431754875,0.08077994375,0.5821727015625,0.089136490625,0.6573816156250001,0.119777159375,0.6852367687500001,0,0,0,0,0,0,0,0,0,0
129,2215_jpg.rf.f0683b27ecb86a832e2904c3ee777db6.jpg,glioma,0.39554317499999997,0.5849582171875001,0.4122562671875,0.6072423390624999,0.4484679671875,0.626740946875,0.515320334375,0.6155988859375,0.520891365625,0.596100278125,0.5069637890625,0.571030640625,0.44568245156249997,0.540389971875,0.4122562671875,0.540389971875,0.398328690625,0.5543175484375,0.39554317499999997,0.5849582171875001,0,0,0,0,0,0,0,0
130,1889_jpg.rf.2766dbb19c26eba854efe4bec093a601.jpg,glioma,0.4679665734375,0.8105849578125,0.49303621093750005,0.7548746515625,0.49860724218749997,0.651810584375,0.4401114203125,0.6295264625,0.3871866296875,0.5793871859374999,0.37604456875,0.5571030640625,0.40111420625000005,0.540389971875,0.3899721453125,0.5125348187500001,0.250696378125,0.5013927578125,0.21169916406249997,0.520891365625,0.14078044218750002,0.515876815625,0.12534508125,0.5693487609375001,0.1537753671875,0.637929640625,0.21742874687499997,0.7378942000000001
131,2325_jpg.rf.94e618cc8f9d22f970b32c7e8a3f8c42.jpg,glioma,0.1253481890625,0.4373259046875,0.144846796875,0.4122562671875,0.1309192203125,0.373259053125,0.0612813375,0.3565459609375,0.027855153124999997,0.3816155984375,0.0194986078125,0.43454039062499994,0.089136490625,0.4484679671875,0.1253481890625,0.4373259046875,0,0,0,0,0,0,0,0,0,0,0,0
132,1805_jpg.rf.b2bf2849e1f3a13caf066f003554bd77.jpg,pituitary,0.49860724218749997,0.49582172656249995,0.509749303125,0.5292479109375,0.5264623953124999,0.5348189421875,0.5431754875,0.515320334375,0.576601671875,0.5041782734375,0.576601671875,0.484679665625,0.5626740953125,0.46518105781249997,0.51810585,0.45403899687499993,0.49860724218749997,0.4707520890625,0.49860724218749997,0.49582172656249995,0,0,0,0,0,0,0,0
133,2365_jpg.rf.86f996c4e1b45e9f6ad2e169a8badb18.jpg,glioma,0.632311978125,0.57381615625,0.626740946875,0.5292479109375,0.5849582171875001,0.5292479109375,0.4707520890625,0.5515320328125,0.4484679671875,0.6183844015625,0.40111420625000005,0.6128133703125,0.3816155984375,0.62395543125,0.3816155984375,0.6490250703125,0.43454039062499994,0.6908078,0.48746518125,0.6908078,0.5459610031250001,0.6685236765625,0.5515320328125,0.6490250703125,0.540389971875,0.63509749375,0.632311978125,0.57381615625
134,3043_jpg.rf.8756c8ffe58eeb336b7cbaae9a075870.jpg,glioma,0.7270194984375,0.7604456828124999,0.7019498609375,0.7604456828124999,0.6713091921875,0.768802228125,0.6128133703125,0.8189415046875,0.5821727015625,0.880222840625,0.5877437328124999,0.91922005625,0.604456825,0.94428969375,0.6908078,0.9832869078125,0.7715877437499999,0.9637883015625001,0.8077994421874999,0.9247910859375,0.8022284125000001,0.8746518109375,0.749303621875,0.774373259375,0.7270194984375,0.7604456828124999,0,0
135,2322_jpg.rf.f7d99438e722a3e99b7c0e6eae762c5a.jpg,glioma,0.0473537609375,0.428969359375,0.07520891406249999,0.42618384374999996,0.11142061249999999,0.398328690625,0.11699164375,0.3704735375,0.089136490625,0.337047353125,0.033426184375,0.3314763234375,0.013927576562499999,0.3565459609375,0.03064066875,0.4178272984375,0.0473537609375,0.428969359375,0,0,0,0,0,0,0,0,0,0
136,2197_jpg.rf.d511c95886851b044907bcb8bfcecd10.jpg,glioma,0.6545961,0.4707520890625,0.596100278125,0.4679665734375,0.490250696875,0.5041782734375,0.46518105781249997,0.5348189421875,0.47632312031249996,0.571030640625,0.49582172656249995,0.5877437328124999,0.5236768796875,0.5849582171875001,0.5877437328124999,0.6128133703125,0.6295264625,0.6128133703125,0.6657381609375,0.596100278125,0.6991643453124999,0.5654596093750001,0.6963788296875,0.509749303125,0.6545961,0.4707520890625,0,0
137,762_jpg.rf.e3d9103bed57272f11846bb6c6e40951.jpg,glioma,0.47353760468750006,0.1309192203125,0.4373259046875,0.1476323125,0.4122562671875,0.1838440109375,0.4178272984375,0.250696378125,0.44568245156249997,0.27298050156250003,0.49303621093750005,0.2701949859375,0.5236768796875,0.25626740937500003,0.5515320328125,0.2200557109375,0.5515320328125,0.20055710312500002,0.5264623953124999,0.1587743734375,0.509749303125,0.14206128125,0.47353760468750006,0.1309192203125,0,0,0,0
138,1909_jpg.rf.3256cd4c34cf4f47f677b10ec802247c.jpg,glioma,0.54874651875,0.46239554375,0.479108634375,0.48746518125,0.459610028125,0.5320334265625,0.484679665625,0.5849582171875001,0.53760445625,0.5877437328124999,0.596100278125,0.5571030640625,0.59888579375,0.520891365625,0.62395543125,0.48189415,0.6072423390624999,0.46239554375,0.5877437328124999,0.459610028125,0.54874651875,0.46239554375,0,0,0,0,0,0
139,568_jpg.rf.0d44a1af81e920bc402565e0c9e853a4.jpg,meningioma,0.292479109375,0.54874651875,0.2423398328125,0.571030640625,0.1866295265625,0.6295264625,0.2089136484375,0.7353760453125,0.2339832875,0.7883008359375,0.25626740937500003,0.8077994421874999,0.2841225625,0.8133704734375,0.348189415625,0.79665738125,0.3844011140625,0.768802228125,0.398328690625,0.6295264625,0.3704735375,0.57381615625,0.292479109375,0.54874651875,0,0,0,0
140,965_jpg.rf.b92c7d6903a27f97916c5187fa1a9343.jpg,pituitary,0.3927576609375,0.5543175484375,0.428969359375,0.5571030640625,0.44568245156249997,0.5459610031250001,0.4484679671875,0.5069637890625,0.42618384374999996,0.479108634375,0.40111420625000005,0.47632312031249996,0.3704735375,0.490250696875,0.36490250625,0.5292479109375,0.3927576609375,0.5543175484375,0,0,0,0,0,0,0,0,0,0
141,1727_jpg.rf.1e7bc3072cace19361753da870784d98.jpg,pituitary,0.46518105781249997,0.490250696875,0.509749303125,0.515320334375,0.5598885796874999,0.520891365625,0.6211699171875,0.4484679671875,0.7047353765625,0.4428969359375,0.7520891359374999,0.42339832812499995,0.7855153203125,0.39554317499999997,0.7855153203125,0.3342618390625,0.738161559375,0.2395543171875,0.6991643453124999,0.21727019531249997,0.62395543125,0.21169916406249997,0.5849582171875001,0.231197771875,0.568245125,0.2674094703125,0.5598885796874999,0.2339832875
142,2328_jpg.rf.01d35ce9047842c1f3dfc1070f180fa3.jpg,glioma,0.5069637890625,0.768802228125,0.5320334265625,0.738161559375,0.5598885796874999,0.6072423390624999,0.601671309375,0.5320334265625,0.5933147625,0.5041782734375,0.5654596093750001,0.5013927578125,0.5292479109375,0.5292479109375,0.5069637890625,0.5793871859374999,0.459610028125,0.5849582171875001,0.4206128140625,0.6211699171875,0.3537604453125,0.63509749375,0.33983286874999996,0.662952646875,0.317548746875,0.6713091921875,0.3036211703125,0.6991643453124999
143,2360_jpg.rf.303ae729beea5faa893d8a414df46008.jpg,glioma,0.1894150421875,0.7186629531250001,0.1894150421875,0.6406685234375,0.16713091875,0.6128133703125,0.1504178265625,0.6100278546875,0.11142061249999999,0.6490250703125,0.114206128125,0.7325905296874999,0.13649024999999998,0.7827298046875,0.21727019531249997,0.8050139281250001,0.2841225625,0.8440111421875001,0.3314763234375,0.8523676874999999,0.3091922,0.774373259375,0.261838440625,0.740947075,0.27298050156250003,0.7047353765625,0.2339832875,0.6963788296875
144,927_jpg.rf.ad5a3248188e222e32636452996a0c93.jpg,pituitary,0.3064066859375,0.48746518125,0.3454039,0.5877437328124999,0.3871866296875,0.576601671875,0.4206128140625,0.5821727015625,0.4428969359375,0.568245125,0.42618384374999996,0.4484679671875,0.40668523749999996,0.4178272984375,0.373259053125,0.4150417828125,0.33983286874999996,0.43454039062499994,0.3064066859375,0.48746518125,0,0,0,0,0,0,0,0
145,699_jpg.rf.d618234638672db4b06b3da6646b7375.jpg,meningioma,0,0.7242339828125,0.0083565453125,0.749303621875,0.064066853125,0.8440111421875001,0.1225626734375,0.8969359328125,0.1559888578125,0.9080779937499999,0.2144846796875,0.8885793874999999,0.2451253484375,0.8495821734375,0.261838440625,0.7660167125,0.261838440625,0.688022284375,0.24791086406249999,0.6378830078125,0.22562674062500002,0.6155988859375,0.1922005578125,0.5933147625,0.1476323125,0.5933147625,0.12813370468750002,0.601671309375
146,1040_jpg.rf.7af73a3fa153ac4b8a12a7e9ff241126.jpg,pituitary,0.601671309375,0.49582172656249995,0.6183844015625,0.4401114203125,0.5877437328124999,0.4206128140625,0.5431754875,0.44568245156249997,0.46518105781249997,0.4428969359375,0.4206128140625,0.46518105781249997,0.40111420625000005,0.49860724218749997,0.4150417828125,0.576601671875,0.46239554375,0.596100278125,0.5069637890625,0.596100278125,0.53760445625,0.5654596093750001,0.576601671875,0.5905292484375,0.6072423390624999,0.5821727015625,0.601671309375,0.49582172656249995
147,1994_jpg.rf.5b8603dfe4e902ad675680b2010d783d.jpg,glioma,0.32869080781250004,0.7353760453125,0.32869080781250004,0.7214484671875,0.3008356546875,0.6991643453124999,0.25626740937500003,0.6935933140625,0.20055710312500002,0.6490250703125,0.1866295265625,0.6211699171875,0.16713091875,0.6183844015625,0.1476323125,0.632311978125,0.09192200625,0.6295264625,0.089136490625,0.682451253125,0.10306406718750001,0.7298050140625,0.1532033421875,0.7910863515625,0.22562674062500002,0.8217270187500001,0.259052925,0.8217270187500001
148,2886_jpg.rf.7af58966fdd1966e2a679e1a9b75bda8.jpg,glioma,0.2451253484375,0.7242339828125,0.231197771875,0.7548746515625,0.2339832875,0.799442896875,0.2785515328125,0.8217270187500001,0.3314763234375,0.830083565625,0.3621169921875,0.8161559890625,0.39554317499999997,0.774373259375,0.42339832812499995,0.6991643453124999,0.4178272984375,0.651810584375,0.373259053125,0.6462395546875,0.2451253484375,0.7242339828125,0,0,0,0,0,0
149,1086_jpg.rf.304518629e454d1a6c13961bf6f9c7c5.jpg,pituitary,0.4679665734375,0.4568245125,0.48746518125,0.5821727015625,0.5041782734375,0.604456825,0.5348189421875,0.6128133703125,0.5459610031250001,0.5821727015625,0.540389971875,0.5041782734375,0.51810585,0.39554317499999997,0.5069637890625,0.3871866296875,0.48189415,0.40389972187499995,0.4679665734375,0.4568245125,0,0,0,0,0,0,0,0
150,2596_jpg.rf.04e895c349a9ae0c8ed8a0f75a490b09.jpg,glioma,0,0.5557103062500001,0.0389972140625,0.5654596093750001,0.064066853125,0.5598885796874999,0.1337047359375,0.3871866296875,0.1337047359375,0.3704735375,0.114206128125,0.3621169921875,0.083565459375,0.3871866296875,0.0612813375,0.44568245156249997,0,0.46610956249999996,0,0.5557103062500001,0,0,0,0,0,0,0,0
151,1281_jpg.rf.375dcf4a01e0659921b3602acdd11324.jpg,pituitary,0.5933147625,0.3454039,0.5877437328124999,0.3927576609375,0.6657381609375,0.4428969359375,0.7604456828124999,0.45125348125000003,0.793871865625,0.4428969359375,0.8050139281250001,0.42618384374999996,0.799442896875,0.3509749296875,0.74651810625,0.2701949859375,0.7186629531250001,0.2451253484375,0.6963788296875,0.2423398328125,0.5933147625,0.3454039,0,0,0,0,0,0
152,1821_jpg.rf.3aa77f155d52e4cabb882134f3b764ce.jpg,pituitary,0.57381615625,0.4206128140625,0.6155988859375,0.4150417828125,0.6295264625,0.40111420625000005,0.6295264625,0.37604456875,0.6072423390624999,0.31476323125,0.5543175484375,0.2980501390625,0.5320334265625,0.3537604453125,0.53760445625,0.39554317499999997,0.57381615625,0.4206128140625,0,0,0,0,0,0,0,0,0,0
153,726_jpg.rf.d273dc9a6f2f387b8abedff32ed6a337.jpg,glioma,0.43175487500000004,0.317548746875,0.3844011140625,0.3788300828125,0.3899721453125,0.43454039062499994,0.42618384374999996,0.49860724218749997,0.43175487500000004,0.48746518125,0.49860724218749997,0.49582172656249995,0.5626740953125,0.4401114203125,0.568245125,0.337047353125,0.515320334375,0.3064066859375,0.47353760468750006,0.3036211703125,0.43175487500000004,0.317548746875,0,0,0,0,0,0
154,1966_jpg.rf.23ed7241571d9266a65ee4b679e873c1.jpg,glioma,0.490250696875,0.25626740937500003,0.428969359375,0.250696378125,0.36490250625,0.27298050156250003,0.3314763234375,0.3259052921875,0.3537604453125,0.4568245125,0.3704735375,0.48189415,0.40111420625000005,0.49860724218749997,0.4373259046875,0.49582172656249995,0.5320334265625,0.4484679671875,0.5571030640625,0.3844011140625,0.5515320328125,0.3259052921875,0.520891365625,0.2785515328125,0.490250696875,0.25626740937500003,0,0
155,1769_jpg.rf.6549edd7f732c6b21a74104877badcca.jpg,pituitary,0.6072423390624999,0.2757660171875,0.57381615625,0.25348189374999996,0.520891365625,0.25348189374999996,0.5041782734375,0.2646239546875,0.45125348125000003,0.261838440625,0.42618384374999996,0.292479109375,0.4373259046875,0.32869080781250004,0.43175487500000004,0.373259053125,0.49582172656249995,0.4401114203125,0.51810585,0.43454039062499994,0.5320334265625,0.40668523749999996,0.59888579375,0.398328690625,0.6183844015625,0.373259053125,0.6072423390624999,0.2757660171875
156,2004_jpg.rf.d60ee31e82d6e817e1978aa24b0aa171.jpg,glioma,0.3314763234375,0.571030640625,0.2395543171875,0.59888579375,0.231197771875,0.6295264625,0.3008356546875,0.713091921875,0.337047353125,0.738161559375,0.3816155984375,0.7353760453125,0.40111420625000005,0.7242339828125,0.40389972187499995,0.6740947078125,0.4428969359375,0.651810584375,0.45125348125000003,0.6295264625,0.42618384374999996,0.576601671875,0.3314763234375,0.571030640625,0,0,0,0
157,308_jpg.rf.58745439871a8cf1fa861f4cfa3ec512.jpg,meningioma,0.33240482656250003,1,0.3509749296875,0.9972144843749999,0.35933147656250003,0.9526462390624999,0.40111420625000005,0.9331476328124999,0.4122562671875,0.913649025,0.45403899687499993,0.913649025,0.49860724218749997,0.8885793874999999,0.490250696875,0.8133704734375,0.4707520890625,0.7855153203125,0.39554317499999997,0.749303621875,0.317548746875,0.740947075,0.259052925,0.7576601671875001,0.175487465625,0.7548746515625,0.16434540312499998,0.7799442890625
158,91_jpg.rf.05f24fee31cbebed37acffce482fdc52.jpg,meningioma,0.37604456875,0.4178272984375,0.34261838437500003,0.4094707515625,0.317548746875,0.43175487500000004,0.292479109375,0.48189415,0.35933147656250003,0.490250696875,0.40111420625000005,0.459610028125,0.37604456875,0.4178272984375,0,0,0,0,0,0,0,0,0,0,0,0,0,0
159,1554_jpg.rf.c9a51342930b7735f526582c6ec4463d.jpg,pituitary,0.4707520890625,0.45403899687499993,0.4568245125,0.515320334375,0.4373259046875,0.5459610031250001,0.4484679671875,0.5793871859374999,0.5041782734375,0.571030640625,0.515320334375,0.6072423390624999,0.5654596093750001,0.5933147625,0.5821727015625,0.5571030640625,0.576601671875,0.5013927578125,0.53760445625,0.4178272984375,0.4707520890625,0.45403899687499993,0,0,0,0,0,0
160,1213_jpg.rf.4173211ac9b38ad6f18602a7a37bfa14.jpg,pituitary,0.6100278546875,0.2701949859375,0.490250696875,0.28969359375,0.479108634375,0.3064066859375,0.48746518125,0.3621169921875,0.5041782734375,0.373259053125,0.5654596093750001,0.36490250625,0.6100278546875,0.4094707515625,0.688022284375,0.4150417828125,0.7019498609375,0.373259053125,0.6908078,0.3064066859375,0.6685236765625,0.2841225625,0.6100278546875,0.2701949859375,0,0,0,0
161,1978_jpg.rf.efa0aa51bcaadd33cfe370a6aedb0d8a.jpg,glioma,0.7715877437499999,0.682451253125,0.8467966578125001,0.6685236765625,0.8662952640625001,0.632311978125,0.8328690812499999,0.6100278546875,0.7910863515625,0.5598885796874999,0.774373259375,0.5571030640625,0.7242339828125,0.5013927578125,0.6991643453124999,0.49582172656249995,0.6935933140625,0.479108634375,0.6768802234375,0.47632312031249996,0.6434540390625,0.49303621093750005,0.626740946875,0.42618384374999996,0.6100278546875,0.4150417828125,0.604456825,0.48189415
162,151_jpg.rf.d80c39dcf1dfc7e7d0faba56b65b57a7.jpg,meningioma,0.651810584375,0.36490250625,0.6852367687500001,0.3927576609375,0.7242339828125,0.398328690625,0.793871865625,0.3509749296875,0.8050139281250001,0.3064066859375,0.7576601671875001,0.2757660171875,0.738161559375,0.2395543171875,0.713091921875,0.22562674062500002,0.6601671312499999,0.2674094703125,0.651810584375,0.36490250625,0,0,0,0,0,0,0,0
163,1273_jpg.rf.72c49a9b669b6a579a7c115789155b12.jpg,pituitary,0.53760445625,0.4679665734375,0.6100278546875,0.459610028125,0.6295264625,0.4373259046875,0.62395543125,0.39554317499999997,0.5933147625,0.3704735375,0.5543175484375,0.36490250625,0.5125348187500001,0.3871866296875,0.5069637890625,0.45125348125000003,0.53760445625,0.4679665734375,0,0,0,0,0,0,0,0,0,0
164,907_jpg.rf.7c90783816fbee0d345a9843798401ba.jpg,glioma,0.44568245156249997,0.8997214484375,0.428969359375,0.740947075,0.4401114203125,0.626740946875,0.4484679671875,0.6128133703125,0.479108634375,0.601671309375,0.509749303125,0.5348189421875,0.51810585,0.479108634375,0.509749303125,0.42618384374999996,0.3816155984375,0.398328690625,0.348189415625,0.4401114203125,0.2701949859375,0.49860724218749997,0.24791086406249999,0.5459610031250001,0.24791086406249999,0.5849582171875001,0.19777158749999998,0.6434540390625
165,1926_jpg.rf.63fa3a0d8963a174481ec481909d0494.jpg,glioma,0.6462395546875,0.880222840625,0.6935933140625,0.8690807796875,0.740947075,0.8830083562500001,0.7548746515625,0.8718662953124999,0.7576601671875001,0.855153203125,0.738161559375,0.8523676874999999,0.707520890625,0.824512534375,0.6128133703125,0.824512534375,0.6100278546875,0.777158775,0.601671309375,0.777158775,0.5793871859374999,0.7883008359375,0.5626740953125,0.8133704734375,0.490250696875,0.8050139281250001,0.45403899687499993,0.8412256265625
166,1114_jpg.rf.75a5109372ef7e0c91b528577bef8af1.jpg,pituitary,0.7158774375,0.43454039062499994,0.6908078,0.4094707515625,0.6685236765625,0.40389972187499995,0.626740946875,0.4178272984375,0.604456825,0.45125348125000003,0.57381615625,0.46239554375,0.571030640625,0.49860724218749997,0.59888579375,0.571030640625,0.63509749375,0.5654596093750001,0.707520890625,0.576601671875,0.738161559375,0.5654596093750001,0.749303621875,0.54874651875,0.743732590625,0.48189415,0.7158774375,0.43454039062499994
167,2764_jpg.rf.b268e80c6be9dd75fda040b566590c1f.jpg,glioma,0.37604456875,0.707520890625,0.4178272984375,0.738161559375,0.45403899687499993,0.74651810625,0.49582172656249995,0.738161559375,0.509749303125,0.7186629531250001,0.5069637890625,0.6601671312499999,0.47353760468750006,0.601671309375,0.4707520890625,0.5125348187500001,0.484679665625,0.42339832812499995,0.5821727015625,0.40389972187499995,0.5905292484375,0.3621169921875,0.5654596093750001,0.3091922,0.5654596093750001,0.281337046875,0.5849582171875001,0.2674094703125
168,616_jpg.rf.4194583bbc5bbaadafa750ed250ad6bd.jpg,meningioma,0.8050139281250001,0.6072423390624999,0.774373259375,0.5933147625,0.7214484671875,0.5905292484375,0.6908078,0.601671309375,0.6573816156250001,0.6462395546875,0.662952646875,0.740947075,0.6908078,0.7715877437499999,0.7270194984375,0.7715877437499999,0.7715877437499999,0.7548746515625,0.8022284125000001,0.707520890625,0.8077994421874999,0.6601671312499999,0.8272980499999999,0.6490250703125,0.824512534375,0.62395543125,0.8050139281250001,0.6072423390624999
169,1286_jpg.rf.53b2f53e23779955c01c0aa6fc262b7a.jpg,pituitary,0.3816155984375,0.53760445625,0.4122562671875,0.53760445625,0.4401114203125,0.509749303125,0.4401114203125,0.47353760468750006,0.428969359375,0.4568245125,0.39554317499999997,0.45403899687499993,0.367688021875,0.48189415,0.367688021875,0.51810585,0.3816155984375,0.53760445625,0,0,0,0,0,0,0,0,0,0
170,563_jpg.rf.368c55ea1cbcd1c5a32b0cccdbd40f63.jpg,meningioma,0.6155988859375,0.8495821734375,0.626740946875,0.8272980499999999,0.6406685234375,0.835654596875,0.662952646875,0.8885793874999999,0.688022284375,0.880222840625,0.6685236765625,0.830083565625,0.6685236765625,0.749303621875,0.6211699171875,0.682451253125,0.626740946875,0.596100278125,0.6183844015625,0.5320334265625,0.5849582171875001,0.601671309375,0.57381615625,0.6685236765625,0.5264623953124999,0.713091921875,0.5292479109375,0.768802228125
171,70_jpg.rf.2b80ce2dedf361f33f172d35f7f5bbd1.jpg,meningioma,0.8022284125000001,0.3704735375,0.8022284125000001,0.4094707515625,0.824512534375,0.428969359375,0.885793871875,0.4206128140625,0.913649025,0.373259053125,0.9080779937499999,0.3314763234375,0.8885793874999999,0.3036211703125,0.8746518109375,0.3008356546875,0.8272980499999999,0.3231197765625,0.8022284125000001,0.3704735375,0,0,0,0,0,0,0,0
172,1169_jpg.rf.fae492a65510f50e251f2fcacb4c4664.jpg,pituitary,0.576601671875,0.3064066859375,0.5013927578125,0.3064066859375,0.45125348125000003,0.32869080781250004,0.42618384374999996,0.3537604453125,0.4122562671875,0.3816155984375,0.42339832812499995,0.4178272984375,0.47353760468750006,0.43454039062499994,0.515320334375,0.428969359375,0.5849582171875001,0.44568245156249997,0.6155988859375,0.4401114203125,0.6378830078125,0.367688021875,0.62395543125,0.32869080781250004,0.576601671875,0.3064066859375,0,0
173,2138_jpg.rf.dcae51b9ddb375059832d7aab71871fa.jpg,glioma,0.4178272984375,0.5459610031250001,0.45403899687499993,0.5292479109375,0.45403899687499993,0.479108634375,0.4707520890625,0.4122562671875,0.4568245125,0.398328690625,0.398328690625,0.40111420625000005,0.3704735375,0.3844011140625,0.36490250625,0.2952646234375,0.348189415625,0.28969359375,0.3008356546875,0.311977715625,0.23676880156250002,0.3704735375,0.1894150421875,0.4484679671875,0.17827298125,0.5125348187500001,0.1838440109375,0.5236768796875
174,2253_jpg.rf.d767b7b4b24ee1ca29ed26f4460efe57.jpg,glioma,0.259052925,0.604456825,0.1838440109375,0.5821727015625,0.14206128125,0.6072423390624999,0.10584958281250001,0.6128133703125,0.0974930359375,0.626740946875,0.10027855156250001,0.6490250703125,0.144846796875,0.6935933140625,0.23676880156250002,0.6991643453124999,0.2674094703125,0.6713091921875,0.311977715625,0.6657381609375,0.3036211703125,0.626740946875,0.2674094703125,0.62395543125,0.259052925,0.604456825,0,0
175,494_jpg.rf.298bbc0d7d764897e55b8973e2572f74.jpg,meningioma,0.317548746875,0.2423398328125,0.3454039,0.311977715625,0.373259053125,0.32869080781250004,0.39554317499999997,0.3231197765625,0.4150417828125,0.28969359375,0.4150417828125,0.2395543171875,0.3844011140625,0.21727019531249997,0.3342618390625,0.2144846796875,0.32033426249999997,0.22284122499999998,0.317548746875,0.2423398328125,0,0,0,0,0,0,0,0
176,982_jpg.rf.c8b862da1c6b63b4902a03728b6a690d.jpg,pituitary,0.45403899687499993,0.4150417828125,0.44568245156249997,0.40111420625000005,0.373259053125,0.37604456875,0.32869080781250004,0.3927576609375,0.259052925,0.39554317499999997,0.2395543171875,0.43175487500000004,0.2395543171875,0.48746518125,0.24791086406249999,0.509749303125,0.31476323125,0.5236768796875,0.3621169921875,0.568245125,0.3871866296875,0.568245125,0.42618384374999996,0.5459610031250001,0.428969359375,0.49860724218749997,0.45403899687499993,0.4150417828125
177,1508_jpg.rf.547d903788a5a2c2b671559b0b58fcb4.jpg,pituitary,0.7019498609375,0.5849582171875001,0.7019498609375,0.6211699171875,0.7186629531250001,0.6295264625,0.7353760453125,0.6128133703125,0.743732590625,0.5069637890625,0.7019498609375,0.4373259046875,0.6657381609375,0.4401114203125,0.6295264625,0.40668523749999996,0.604456825,0.43175487500000004,0.596100278125,0.459610028125,0.5598885796874999,0.45403899687499993,0.540389971875,0.4679665734375,0.53760445625,0.5041782734375,0.5571030640625,0.5292479109375
178,1948_jpg.rf.f137241a3e3c27dc4b14204985580b6a.jpg,glioma,0.3788300828125,0.568245125,0.317548746875,0.5933147625,0.311977715625,0.63509749375,0.3621169921875,0.7353760453125,0.4206128140625,0.7715877437499999,0.4373259046875,0.793871865625,0.47353760468750006,0.793871865625,0.49582172656249995,0.777158775,0.49860724218749997,0.7186629531250001,0.47353760468750006,0.63509749375,0.4401114203125,0.576601671875,0.3788300828125,0.568245125,0,0,0,0
179,1699_jpg.rf.f41caeb476812bc5defcaacfa4796dbf.jpg,pituitary,0.62395543125,0.46518105781249997,0.6601671312499999,0.4679665734375,0.6796657374999999,0.42618384374999996,0.6657381609375,0.36490250625,0.6796657374999999,0.34261838437500003,0.6490250703125,0.3259052921875,0.6128133703125,0.35933147656250003,0.6072423390624999,0.40389972187499995,0.62395543125,0.46518105781249997,0,0,0,0,0,0,0,0,0,0
180,1929_jpg.rf.660598796d05497462b0c62574d0d20a.jpg,glioma,0.5431754875,0.7576601671875001,0.5013927578125,0.6601671312499999,0.47632312031249996,0.63509749375,0.45403899687499993,0.632311978125,0.43454039062499994,0.6601671312499999,0.43175487500000004,0.7214484671875,0.4178272984375,0.7632311984375,0.40668523749999996,0.7660167125,0.39554317499999997,0.8161559890625,0.40668523749999996,0.8495821734375,0.43175487500000004,0.8523676874999999,0.46239554375,0.880222840625,0.5013927578125,0.880222840625,0.5320334265625,0.8635097500000001
181,761_jpg.rf.4b6b0c4291ab3ad52951f2336bfc3f6d.jpg,glioma,0.428969359375,0.22841225625,0.45125348125000003,0.24791086406249999,0.5013927578125,0.2395543171875,0.5236768796875,0.194986071875,0.5125348187500001,0.144846796875,0.47632312031249996,0.1337047359375,0.44568245156249997,0.1559888578125,0.43175487500000004,0.1810584953125,0.428969359375,0.22841225625,0,0,0,0,0,0,0,0,0,0
182,2690_jpg.rf.a23583d898d4b8db0ce3a36e52034963.jpg,glioma,0.40668523749999996,0.2089136484375,0.3788300828125,0.2089136484375,0.35933147656250003,0.2200557109375,0.3314763234375,0.2701949859375,0.2701949859375,0.3091922,0.259052925,0.3621169921875,0.27298050156250003,0.3871866296875,0.32869080781250004,0.4206128140625,0.39554317499999997,0.43175487500000004,0.46239554375,0.40111420625000005,0.479108634375,0.3036211703125,0.459610028125,0.2339832875,0.40668523749999996,0.2089136484375,0,0
183,2366_jpg.rf.8809ef7d748dc731112a53639ea784f6.jpg,glioma,0.5543175484375,0.7270194984375,0.6128133703125,0.6713091921875,0.632311978125,0.6378830078125,0.6295264625,0.596100278125,0.6072423390624999,0.576601671875,0.6211699171875,0.520891365625,0.5877437328124999,0.515320334375,0.492513928125,0.54132089375,0.45133569375000004,0.5719446375,0.4428969359375,0.596100278125,0.39146645625,0.5948912875000001,0.3871866296875,0.6183844015625,0.40389972187499995,0.6545961,0.4373259046875,0.6657381609375
184,1816_jpg.rf.09a1049a70942af814708caaab940d9e.jpg,pituitary,0.6490250703125,0.2646239546875,0.604456825,0.259052925,0.571030640625,0.292479109375,0.5821727015625,0.348189415625,0.6100278546875,0.36490250625,0.6434540390625,0.3621169921875,0.6713091921875,0.3844011140625,0.707520890625,0.3788300828125,0.7353760453125,0.337047353125,0.7298050140625,0.2980501390625,0.707520890625,0.286908078125,0.6657381609375,0.2952646234375,0.6490250703125,0.2646239546875,0,0
185,966_jpg.rf.1fce6e4fa781cfc0434c48bbe4a3096a.jpg,pituitary,0.3342618390625,0.48189415,0.32033426249999997,0.53760445625,0.3259052921875,0.5543175484375,0.4206128140625,0.57381615625,0.459610028125,0.54874651875,0.46518105781249997,0.5125348187500001,0.45125348125000003,0.4428969359375,0.40668523749999996,0.43454039062499994,0.3704735375,0.4401114203125,0.3342618390625,0.48189415,0,0,0,0,0,0,0,0
186,1267_jpg.rf.f7f238646d7a96e0f5378fff3dec81c3.jpg,pituitary,0.7270194984375,0.3565459609375,0.688022284375,0.3509749296875,0.6768802234375,0.373259053125,0.6796657374999999,0.4094707515625,0.7270194984375,0.428969359375,0.74651810625,0.3871866296875,0.7270194984375,0.3565459609375,0,0,0,0,0,0,0,0,0,0,0,0,0,0
187,443_jpg.rf.d1767bccc9bb48f6b84d9eb6daee5c7b.jpg,meningioma,0.520891365625,0.48746518125,0.5571030640625,0.459610028125,0.6490250703125,0.43175487500000004,0.6490250703125,0.39554317499999997,0.6155988859375,0.3064066859375,0.5515320328125,0.2757660171875,0.5292479109375,0.2757660171875,0.5125348187500001,0.292479109375,0.509749303125,0.21727019531249997,0.4484679671875,0.25626740937500003,0.4428969359375,0.2841225625,0.40389972187499995,0.2841225625,0.3871866296875,0.311977715625,0.3844011140625,0.40389972187499995
188,2902_jpg.rf.f3cfcc6b0982bb1ed77e32ac776a2e6b.jpg,glioma,0.7186629531250001,0.4679665734375,0.7186629531250001,0.43454039062499994,0.6963788296875,0.398328690625,0.6796657374999999,0.3871866296875,0.632311978125,0.3871866296875,0.5933147625,0.40111420625000005,0.5571030640625,0.39554317499999997,0.5320334265625,0.40389972187499995,0.509749303125,0.428969359375,0.479108634375,0.520891365625,0.520891365625,0.651810584375,0.53760445625,0.651810584375,0.5598885796874999,0.6211699171875,0.5933147625,0.6211699171875
189,1767_jpg.rf.31e1fc456c742104d0f242a01397212d.jpg,pituitary,0.626740946875,0.317548746875,0.6155988859375,0.2785515328125,0.576601671875,0.2395543171875,0.5459610031250001,0.23676880156250002,0.515320334375,0.24791086406249999,0.4568245125,0.311977715625,0.4484679671875,0.3537604453125,0.46239554375,0.3927576609375,0.490250696875,0.4150417828125,0.5431754875,0.3927576609375,0.5459610031250001,0.4150417828125,0.5626740953125,0.428969359375,0.5905292484375,0.4150417828125,0.62395543125,0.3704735375
190,24_jpg.rf.08504de242b2d3dc8f4e414fe35f40fc.jpg,meningioma,0.5905292484375,0.5543175484375,0.5264623953124999,0.5515320328125,0.49582172656249995,0.568245125,0.490250696875,0.6072423390624999,0.4484679671875,0.6072423390624999,0.4373259046875,0.6183844015625,0.428969359375,0.6545961,0.44568245156249997,0.6796657374999999,0.509749303125,0.713091921875,0.596100278125,0.7242339828125,0.6155988859375,0.6991643453124999,0.6183844015625,0.571030640625,0.5905292484375,0.5543175484375,0,0
191,1519_jpg.rf.a09b7b2afaa9ed26fc95dfa727ecf3fe.jpg,pituitary,0.7520891359374999,0.520891365625,0.7548746515625,0.49860724218749997,0.7325905296874999,0.45403899687499993,0.7325905296874999,0.428969359375,0.71030640625,0.398328690625,0.6685236765625,0.428969359375,0.6211699171875,0.43454039062499994,0.5905292484375,0.45403899687499993,0.576601671875,0.509749303125,0.5877437328124999,0.5348189421875,0.6434540390625,0.54874651875,0.688022284375,0.53760445625,0.707520890625,0.5626740953125,0.7270194984375,0.5626740953125
192,2892_jpg.rf.e99dd40bc525af3228771575dedadf9d.jpg,glioma,0.337047353125,0.32869080781250004,0.2785515328125,0.2952646234375,0.22562674062500002,0.292479109375,0.17270195,0.3036211703125,0.119777159375,0.39554317499999997,0.1337047359375,0.4428969359375,0.1838440109375,0.51810585,0.22284122499999998,0.520891365625,0.261838440625,0.484679665625,0.292479109375,0.47353760468750006,0.3091922,0.3816155984375,0.32869080781250004,0.4094707515625,0.34261838437500003,0.4094707515625,0.337047353125,0.32869080781250004
193,1522_jpg.rf.4540391ba58742dfb200a2f32923b10e.jpg,pituitary,0.46518105781249997,0.520891365625,0.49582172656249995,0.5598885796874999,0.6072423390624999,0.5459610031250001,0.6378830078125,0.5125348187500001,0.632311978125,0.46239554375,0.6128133703125,0.4484679671875,0.520891365625,0.45403899687499993,0.490250696875,0.44568245156249997,0.4679665734375,0.4679665734375,0.46518105781249997,0.520891365625,0,0,0,0,0,0,0,0
194,2809_jpg.rf.b4f5ab957db29aa7e6e15b23e8364a20.jpg,glioma,0.2785515328125,0.4373259046875,0.3259052921875,0.4484679671875,0.34261838437500003,0.42618384374999996,0.3816155984375,0.42339832812499995,0.40389972187499995,0.40668523749999996,0.4122562671875,0.33983286874999996,0.398328690625,0.3259052921875,0.367688021875,0.3259052921875,0.281337046875,0.39554317499999997,0.2785515328125,0.4373259046875,0,0,0,0,0,0,0,0
195,128_jpg.rf.b86d8374e77df624d6885d838d210c78.jpg,meningioma,0.3704735375,0.8161559890625,0.42339832812499995,0.8133704734375,0.4206128140625,0.7715877437499999,0.44568245156249997,0.7548746515625,0.4428969359375,0.7298050140625,0.4178272984375,0.6406685234375,0.40389972187499995,0.62395543125,0.3788300828125,0.6183844015625,0.23676880156250002,0.6601671312499999,0.17270195,0.707520890625,0.1532033421875,0.7548746515625,0.2089136484375,0.740947075,0.1810584953125,0.777158775,0.1838440109375,0.799442896875
196,225_jpg.rf.a6b5de2dfff80d204eb52952cf9c236b.jpg,meningioma,0.3844011140625,0.479108634375,0.3537604453125,0.459610028125,0.2395543171875,0.45403899687499993,0.1559888578125,0.4707520890625,0.13649024999999998,0.484679665625,0.1229374625,0.5430013921875,0.133649121875,0.599473365625,0.20055710312500002,0.6685236765625,0.2980501390625,0.682451253125,0.3314763234375,0.6657381609375,0.36490250625,0.626740946875,0.398328690625,0.5515320328125,0.398328690625,0.509749303125,0.3844011140625,0.479108634375
197,908_jpg.rf.5abecc0b03a9fed14a05a26f12c1b05a.jpg,glioma,0.515320334375,0.17270195,0.4679665734375,0.10863509687499999,0.4150417828125,0.10306406718750001,0.348189415625,0.11699164375,0.292479109375,0.16713091875,0.250696378125,0.24791086406249999,0.175487465625,0.3537604453125,0.1476323125,0.51810585,0.1532033421875,0.5431754875,0.31476323125,0.5571030640625,0.4150417828125,0.540389971875,0.5069637890625,0.4401114203125,0.5264623953124999,0.3537604453125,0.515320334375,0.17270195
198,1996_jpg.rf.63eb9d020d8ce51bc3f7766d46233b22.jpg,glioma,0.0696378828125,0.5515320328125,0.050139275000000004,0.57381615625,0.055710306249999994,0.6183844015625,0.12813370468750002,0.6740947078125,0.1587743734375,0.749303621875,0.250696378125,0.8077994421874999,0.250696378125,0.7298050140625,0.20612813437500002,0.7047353765625,0.2144846796875,0.6768802234375,0.1922005578125,0.6573816156250001,0.17827298125,0.6072423390624999,0.0696378828125,0.5515320328125,0,0,0,0
199,846_jpg.rf.d7fb422fd99dd1850977a1d49d41620c.jpg,glioma,0.44568245156249997,0.5320334265625,0.42618384374999996,0.5125348187500001,0.37604456875,0.5571030640625,0.3704735375,0.6490250703125,0.4178272984375,0.6406685234375,0.459610028125,0.5849582171875001,0.44568245156249997,0.5320334265625,0,0,0,0,0,0,0,0,0,0,0,0,0,0
200,2802_jpg.rf.d099d2ad48675c2d19ba154ac8c9c38d.jpg,glioma,0.373259053125,0.9052924796875,0.39554317499999997,0.8718662953124999,0.42339832812499995,0.8774373265625,0.4122562671875,0.824512534375,0.3927576609375,0.8022284125000001,0.3844011140625,0.7270194984375,0.4401114203125,0.7158774375,0.44568245156249997,0.738161559375,0.43454039062499994,0.7827298046875,0.46239554375,0.7910863515625,0.49303621093750005,0.743732590625,0.5041782734375,0.6740947078125,0.51810585,0.6490250703125,0.4679665734375,0.662952646875
201,1167_jpg.rf.dba24902b4308ca657927197541dfc5b.jpg,pituitary,0.6155988859375,0.4094707515625,0.6713091921875,0.40111420625000005,0.6908078,0.373259053125,0.6852367687500001,0.3259052921875,0.6545961,0.3008356546875,0.6072423390624999,0.292479109375,0.59888579375,0.3036211703125,0.601671309375,0.39554317499999997,0.6155988859375,0.4094707515625,0,0,0,0,0,0,0,0,0,0
202,1925_jpg.rf.9498d957b51035025e5b5f378ca5e567.jpg,glioma,0.6573816156250001,0.9052924796875,0.6796657374999999,0.85793871875,0.6740947078125,0.8412256265625,0.6378830078125,0.830083565625,0.6490250703125,0.8105849578125,0.6434540390625,0.7548746515625,0.6211699171875,0.743732590625,0.5849582171875001,0.7883008359375,0.5459610031250001,0.7827298046875,0.540389971875,0.7910863515625,0.48189415,0.79665738125,0.43454039062499994,0.8440111421875001,0.42339832812499995,0.8718662953124999,0.428969359375,0.8969359328125
203,998_jpg.rf.9b92e82d3913e69c63ea6baa1568a896.jpg,pituitary,0.40111420625000005,0.571030640625,0.4206128140625,0.57381615625,0.479108634375,0.5543175484375,0.48189415,0.509749303125,0.479108634375,0.45403899687499993,0.4178272984375,0.4428969359375,0.3816155984375,0.490250696875,0.37604456875,0.5292479109375,0.40111420625000005,0.571030640625,0,0,0,0,0,0,0,0,0,0
204,2324_jpg.rf.27d761ec80c0e923d8d420686c119e8d.jpg,glioma,0.022284121875,0.398328690625,0.022284121875,0.4206128140625,0.0362116984375,0.43454039062499994,0.12813370468750002,0.4373259046875,0.1559888578125,0.4122562671875,0.1532033421875,0.3871866296875,0.1225626734375,0.3621169921875,0.050139275000000004,0.35933147656250003,0.03064066875,0.373259053125,0.022284121875,0.398328690625,0,0,0,0,0,0,0,0
205,1453_jpg.rf.72bb940493a5f198c2a1f98f8cc06a17.jpg,pituitary,0.3621169921875,0.5626740953125,0.4122562671875,0.5598885796874999,0.42618384374999996,0.5125348187500001,0.4178272984375,0.47353760468750006,0.3788300828125,0.4428969359375,0.348189415625,0.4428969359375,0.311977715625,0.479108634375,0.32033426249999997,0.5320334265625,0.3621169921875,0.5626740953125,0,0,0,0,0,0,0,0,0,0
206,1075_jpg.rf.de97ca25fbaf83837c40d550e8cc1262.jpg,pituitary,0.7039106140625,0.3966480453125,0.7262569828125,0.480446928125,0.70949720625,0.631284915625,0.7262569828125,0.675977653125,0.787709496875,0.6927374296875,0.7932960890625,0.631284915625,0.8268156421875,0.5977653625,0.8268156421875,0.3966480453125,0.8044692734375,0.3575419,0.7262569828125,0.33519553125,0.7039106140625,0.3966480453125,0,0,0,0,0,0
207,706_jpg.rf.2b44458f9593642d34b53d6755ff580e.jpg,meningioma,0.3314763234375,0.6434540390625,0.2952646234375,0.6406685234375,0.2423398328125,0.6601671312499999,0.19777158749999998,0.7186629531250001,0.194986071875,0.777158775,0.21169916406249997,0.824512534375,0.286908078125,0.8941504171875,0.3788300828125,0.880222840625,0.4373259046875,0.85793871875,0.47353760468750006,0.8133704734375,0.46518105781249997,0.7158774375,0.40668523749999996,0.6740947078125,0.3314763234375,0.6434540390625,0,0
208,2760_jpg.rf.b91b6396283f6d9a87a7b157345f484e.jpg,glioma,0.484679665625,0.8133704734375,0.5292479109375,0.8105849578125,0.571030640625,0.768802228125,0.5877437328124999,0.7214484671875,0.662952646875,0.6072423390624999,0.738161559375,0.5292479109375,0.743732590625,0.49860724218749997,0.7242339828125,0.490250696875,0.6685236765625,0.5125348187500001,0.5515320328125,0.6378830078125,0.509749303125,0.6601671312499999,0.4679665734375,0.6601671312499999,0.39554317499999997,0.6100278546875,0.3565459609375,0.6100278546875
209,2864_jpg.rf.12942dad376b622487ebe1ce0c922eb9.jpg,glioma,0.3091922,0.5654596093750001,0.3342618390625,0.540389971875,0.3342618390625,0.5292479109375,0.3091922,0.509749303125,0.2646239546875,0.5069637890625,0.2451253484375,0.48189415,0.22284122499999998,0.47632312031249996,0.21169916406249997,0.45403899687499993,0.2144846796875,0.35933147656250003,0.2339832875,0.31476323125,0.22562674062500002,0.3036211703125,0.1810584953125,0.34261838437500003,0.14206128125,0.43175487500000004,0.11699164375,0.509749303125
210,830_jpg.rf.71c1a8bee3af4de0d1fce7b4cf73e37e.jpg,glioma,0.4568245125,0.515320334375,0.37604456875,0.5543175484375,0.348189415625,0.6295264625,0.3899721453125,0.7910863515625,0.4094707515625,0.8189415046875,0.44568245156249997,0.835654596875,0.47353760468750006,0.830083565625,0.51810585,0.7910863515625,0.5013927578125,0.6713091921875,0.4679665734375,0.626740946875,0.48189415,0.5320334265625,0.4568245125,0.515320334375,0,0,0,0
211,2954_jpg.rf.022297c1d29b1e31911ce7672d0fdcf0.jpg,glioma,0.14206128125,0.4373259046875,0.175487465625,0.3816155984375,0.17827298125,0.281337046875,0.19777158749999998,0.2451253484375,0.19777158749999998,0.2200557109375,0.1866295265625,0.21727019531249997,0.114206128125,0.2980501390625,0.11699164375,0.45403899687499993,0.14206128125,0.4373259046875,0,0,0,0,0,0,0,0,0,0
212,1258_jpg.rf.67c9170780f1fbec0aee9d511ed16cad.jpg,pituitary,0.5626740953125,0.42339832812499995,0.63509749375,0.4373259046875,0.6545961,0.3927576609375,0.651810584375,0.367688021875,0.6295264625,0.33983286874999996,0.5933147625,0.32869080781250004,0.5431754875,0.35933147656250003,0.540389971875,0.39554317499999997,0.5626740953125,0.42339832812499995,0,0,0,0,0,0,0,0,0,0
213,2529_jpg.rf.46eaa1a353595ddb11ae3deadafc912b.jpg,glioma,0.4150417828125,0.5598885796874999,0.4122562671875,0.5013927578125,0.4484679671875,0.44568245156249997,0.45125348125000003,0.40111420625000005,0.4178272984375,0.337047353125,0.3788300828125,0.32869080781250004,0.348189415625,0.292479109375,0.3064066859375,0.286908078125,0.1810584953125,0.34261838437500003,0.16155988906250002,0.373259053125,0.16155988906250002,0.398328690625,0.1894150421875,0.4568245125,0.1838440109375,0.5125348187500001,0.23676880156250002,0.5320334265625
214,1339_jpg.rf.520e416f86758647053b676367254adc.jpg,pituitary,0.3314763234375,0.490250696875,0.3454039,0.5348189421875,0.367688021875,0.54874651875,0.43175487500000004,0.540389971875,0.45403899687499993,0.48746518125,0.45403899687499993,0.47353760468750006,0.4373259046875,0.459610028125,0.39554317499999997,0.45125348125000003,0.3537604453125,0.46239554375,0.3314763234375,0.490250696875,0,0,0,0,0,0,0,0
215,1928_jpg.rf.9b2bc7c122dd7aa2d8345d56b9545e0a.jpg,glioma,0.5571030640625,0.793871865625,0.5264623953124999,0.8272980499999999,0.5236768796875,0.85793871875,0.5515320328125,0.8941504171875,0.596100278125,0.8941504171875,0.7186629531250001,0.8523676874999999,0.71030640625,0.8328690812499999,0.6768802234375,0.824512534375,0.6211699171875,0.7827298046875,0.596100278125,0.7799442890625,0.5571030640625,0.793871865625,0,0,0,0,0,0
216,2771_jpg.rf.ecc34bba84e1c01a43cf62096bda9318.jpg,glioma,0.47353760468750006,0.8830083562500001,0.6295264625,0.835654596875,0.632311978125,0.7604456828124999,0.6211699171875,0.7186629531250001,0.6072423390624999,0.749303621875,0.5877437328124999,0.7604456828124999,0.5236768796875,0.6991643453124999,0.5598885796874999,0.6490250703125,0.5515320328125,0.6072423390624999,0.5292479109375,0.5933147625,0.49303621093750005,0.6211699171875,0.46518105781249997,0.6183844015625,0.43175487500000004,0.6685236765625,0.3927576609375,0.6908078
217,362_jpg.rf.de99e1847266132b69ea65844526d3d6.jpg,meningioma,0.0724233984375,0.3704735375,0.0696378828125,0.4707520890625,0.11142061249999999,0.5069637890625,0.16155988906250002,0.5125348187500001,0.20334261874999998,0.4707520890625,0.20612813437500002,0.3509749296875,0.17270195,0.3231197765625,0.10863509687499999,0.317548746875,0.086350975,0.3314763234375,0.0724233984375,0.3704735375,0,0,0,0,0,0,0,0
218,1095_jpg.rf.695e0be0029aefc81db0d37164f658eb.jpg,pituitary,0.4568245125,0.47353760468750006,0.46239554375,0.48189415,0.5041782734375,0.48189415,0.53760445625,0.5069637890625,0.5905292484375,0.428969359375,0.5571030640625,0.4094707515625,0.5236768796875,0.3565459609375,0.484679665625,0.3454039,0.4707520890625,0.35933147656250003,0.4568245125,0.47353760468750006,0,0,0,0,0,0,0,0
219,359_jpg.rf.b6b8a5b01f93275bcf960ef9906b347a.jpg,meningioma,0.14206128125,0.3509749296875,0.119777159375,0.3259052921875,0.08077994375,0.3844011140625,0.055710306249999994,0.45403899687499993,0.0696378828125,0.5571030640625,0.10584958281250001,0.53760445625,0.20612813437500002,0.54874651875,0.2395543171875,0.5125348187500001,0.2395543171875,0.479108634375,0.2089136484375,0.43454039062499994,0.20334261874999998,0.35933147656250003,0.1838440109375,0.34261838437500003,0.14206128125,0.3509749296875,0,0
220,2030_jpg.rf.4c1ab118a7ba207cf261b75c08b28e98.jpg,glioma,0.4707520890625,0.51810585,0.47632312031249996,0.44568245156249997,0.43175487500000004,0.4178272984375,0.42339832812499995,0.3927576609375,0.40111420625000005,0.3844011140625,0.3008356546875,0.40668523749999996,0.2674094703125,0.428969359375,0.2646239546875,0.48746518125,0.22562674062500002,0.540389971875,0.2144846796875,0.576601671875,0.22562674062500002,0.6183844015625,0.286908078125,0.5933147625,0.348189415625,0.5933147625,0.37604456875,0.6128133703125
221,2982_jpg.rf.41b6fa0482fcdcc14d17cc8f07fac773.jpg,glioma,0.57381615625,0.688022284375,0.6183844015625,0.6852367687500001,0.6462395546875,0.6601671312499999,0.63509749375,0.6155988859375,0.6072423390624999,0.5877437328124999,0.5571030640625,0.5821727015625,0.5320334265625,0.632311978125,0.540389971875,0.6740947078125,0.57381615625,0.688022284375,0,0,0,0,0,0,0,0,0,0
222,587_jpg.rf.c4efd3bee0a9d304156c10f7f97cbe38.jpg,meningioma,0.2952646234375,0.5571030640625,0.25626740937500003,0.5905292484375,0.2395543171875,0.6211699171875,0.2339832875,0.6768802234375,0.31476323125,0.743732590625,0.33983286874999996,0.749303621875,0.3844011140625,0.707520890625,0.3927576609375,0.6657381609375,0.3621169921875,0.5598885796874999,0.3259052921875,0.54874651875,0.2952646234375,0.5571030640625,0,0,0,0,0,0
223,560_jpg.rf.47f6a8f21311e2b45a9d2e5007f3805e.jpg,meningioma,0.54874651875,0.74651810625,0.576601671875,0.7632311984375,0.63509749375,0.768802228125,0.6963788296875,0.7158774375,0.6991643453124999,0.682451253125,0.626740946875,0.662952646875,0.6100278546875,0.6378830078125,0.6072423390624999,0.596100278125,0.596100278125,0.5933147625,0.5431754875,0.6211699171875,0.5125348187500001,0.6601671312499999,0.4094707515625,0.743732590625,0.36490250625,0.8189415046875,0.373259053125,0.855153203125
224,1657_jpg.rf.f3c798e75c0eb3258a63df6d2ad83e10.jpg,pituitary,0.5431754875,0.37604456875,0.5654596093750001,0.3788300828125,0.5849582171875001,0.36490250625,0.5933147625,0.3259052921875,0.5793871859374999,0.3036211703125,0.540389971875,0.28969359375,0.51810585,0.3231197765625,0.520891365625,0.348189415625,0.5431754875,0.37604456875,0,0,0,0,0,0,0,0,0,0
225,770_jpg.rf.68652c756beada3c54fbb0445ccca3c9.jpg,glioma,0.5125348187500001,0.40389972187499995,0.520891365625,0.3788300828125,0.515320334375,0.2980501390625,0.5543175484375,0.23676880156250002,0.5543175484375,0.21169916406249997,0.5348189421875,0.175487465625,0.49303621093750005,0.1810584953125,0.4679665734375,0.1476323125,0.428969359375,0.139275765625,0.3314763234375,0.286908078125,0.286908078125,0.3036211703125,0.2785515328125,0.3509749296875,0.2841225625,0.36490250625,0.31476323125,0.35933147656250003
226,2924_jpg.rf.8b1ed2fed73a9455d7343aa229ad7007.jpg,glioma,0.194986071875,0.3927576609375,0.175487465625,0.47353760468750006,0.1810584953125,0.49303621093750005,0.2646239546875,0.490250696875,0.33983286874999996,0.45125348125000003,0.36490250625,0.4150417828125,0.36490250625,0.3899721453125,0.3454039,0.35933147656250003,0.281337046875,0.311977715625,0.2451253484375,0.3064066859375,0.194986071875,0.3927576609375,0,0,0,0,0,0
227,658_jpg.rf.a74ea8eba10e52502d24395a100a5603.jpg,meningioma,0.3704735375,0.682451253125,0.33983286874999996,0.6601671312499999,0.2841225625,0.6545961,0.25626740937500003,0.6685236765625,0.250696378125,0.7270194984375,0.20055710312500002,0.7576601671875001,0.1922005578125,0.7910863515625,0.250696378125,0.8635097500000001,0.3537604453125,0.8997214484375,0.3704735375,0.8913649031249999,0.3927576609375,0.774373259375,0.3871866296875,0.74651810625,0.3704735375,0.7298050140625,0.3704735375,0.682451253125
228,863_jpg.rf.7e4fb799f3a2de229e2bcdbd77e52eb7.jpg,glioma,0.49582172656249995,0.749303621875,0.5236768796875,0.71030640625,0.5654596093750001,0.682451253125,0.6601671312499999,0.45403899687499993,0.6796657374999999,0.43175487500000004,0.6740947078125,0.3927576609375,0.632311978125,0.311977715625,0.6100278546875,0.3064066859375,0.5571030640625,0.261838440625,0.47632312031249996,0.250696378125,0.4568245125,0.2674094703125,0.4178272984375,0.2674094703125,0.34261838437500003,0.3314763234375,0.3259052921875,0.3621169921875
229,2286_jpg.rf.73101110149da7add10c4c3e3692cf08.jpg,glioma,0.459610028125,0.713091921875,0.479108634375,0.713091921875,0.48746518125,0.6768802234375,0.479108634375,0.651810584375,0.45125348125000003,0.62395543125,0.40389972187499995,0.6128133703125,0.40389972187499995,0.6573816156250001,0.4150417828125,0.682451253125,0.459610028125,0.713091921875,0,0,0,0,0,0,0,0,0,0
230,313_jpg.rf.3ed430572bf84ad423a14f96141b203c.jpg,meningioma,0.738161559375,0.540389971875,0.7019498609375,0.5013927578125,0.6713091921875,0.48746518125,0.632311978125,0.48746518125,0.576601671875,0.5069637890625,0.5571030640625,0.5543175484375,0.568245125,0.6713091921875,0.6072423390624999,0.7548746515625,0.626740946875,0.74651810625,0.6434540390625,0.7186629531250001,0.682451253125,0.7019498609375,0.7047353765625,0.6601671312499999,0.7520891359374999,0.6490250703125,0.777158775,0.62395543125
231,2256_jpg.rf.dc64d7352cd02222d4c0ea8db0fe7f90.jpg,glioma,0.42618384374999996,0.5654596093750001,0.4428969359375,0.53760445625,0.47353760468750006,0.5264623953124999,0.47632312031249996,0.515320334375,0.40389972187499995,0.484679665625,0.3899721453125,0.44568245156249997,0.3565459609375,0.40668523749999996,0.31476323125,0.40111420625000005,0.292479109375,0.4484679671875,0.2701949859375,0.45403899687499993,0.259052925,0.479108634375,0.2200557109375,0.49303621093750005,0.1922005578125,0.5320334265625,0.2841225625,0.5459610031250001
232,2818_jpg.rf.efe35514c8e93992cfc88de4c4b84431.jpg,glioma,0.259052925,0.793871865625,0.259052925,0.8272980499999999,0.2841225625,0.8635097500000001,0.3091922,0.8690807796875,0.36490250625,0.8217270187500001,0.3704735375,0.74651810625,0.3342618390625,0.7325905296874999,0.2952646234375,0.7325905296874999,0.2785515328125,0.74651810625,0.259052925,0.793871865625,0,0,0,0,0,0,0,0
233,620_jpg.rf.3d45506dcefa0e1e6502aace9b9868f3.jpg,meningioma,0.4428969359375,0.2841225625,0.4401114203125,0.3008356546875,0.5264623953124999,0.40668523749999996,0.5626740953125,0.40668523749999996,0.626740946875,0.348189415625,0.632311978125,0.28969359375,0.604456825,0.2423398328125,0.5236768796875,0.2395543171875,0.4679665734375,0.261838440625,0.4428969359375,0.2841225625,0,0,0,0,0,0,0,0
234,860_jpg.rf.aebde905a659b64e5925a0f32be3df73.jpg,glioma,0.4178272984375,0.6935933140625,0.4373259046875,0.7158774375,0.49582172656249995,0.7353760453125,0.54874651875,0.7186629531250001,0.5933147625,0.632311978125,0.6183844015625,0.601671309375,0.6740947078125,0.5654596093750001,0.682451253125,0.5431754875,0.7214484671875,0.509749303125,0.7353760453125,0.4679665734375,0.7186629531250001,0.3816155984375,0.6740947078125,0.31476323125,0.6406685234375,0.286908078125,0.5654596093750001,0.2785515328125
235,2907_jpg.rf.a0f0ac4b4653fd8d848cb8dab7bac266.jpg,glioma,0.5459610031250001,0.568245125,0.49860724218749997,0.7604456828124999,0.5013927578125,0.793871865625,0.540389971875,0.8050139281250001,0.5654596093750001,0.8022284125000001,0.6378830078125,0.7548746515625,0.6601671312499999,0.71030640625,0.6657381609375,0.6713091921875,0.6601671312499999,0.62395543125,0.6295264625,0.5849582171875001,0.5877437328124999,0.568245125,0.5459610031250001,0.568245125,0,0,0,0
236,820_jpg.rf.f572c9059297faa5089acf710887eee2.jpg,glioma,0.317548746875,0.484679665625,0.3454039,0.6155988859375,0.3816155984375,0.6434540390625,0.4178272984375,0.626740946875,0.4679665734375,0.520891365625,0.46518105781249997,0.48189415,0.4373259046875,0.43454039062499994,0.3899721453125,0.4178272984375,0.34261838437500003,0.44568245156249997,0.317548746875,0.484679665625,0,0,0,0,0,0,0,0
237,2720_jpg.rf.aef2c8f665cc7122bdde423be5ec601b.jpg,glioma,0.5933147625,0.35933147656250003,0.5821727015625,0.348189415625,0.5348189421875,0.3454039,0.47353760468750006,0.40668523749999996,0.4373259046875,0.46518105781249997,0.4206128140625,0.520891365625,0.4401114203125,0.5292479109375,0.49303621093750005,0.5236768796875,0.54874651875,0.5598885796874999,0.5849582171875001,0.5598885796874999,0.626740946875,0.5236768796875,0.6295264625,0.479108634375,0.6072423390624999,0.44568245156249997,0.5933147625,0.35933147656250003
238,682_jpg.rf.d77c86e5314b5b53d8dda7684315d261.jpg,meningioma,0,0.7632311984375,0.013927576562499999,0.79665738125,0.0696378828125,0.835654596875,0.10584958281250001,0.8328690812499999,0.139275765625,0.8133704734375,0.24791086406249999,0.688022284375,0.250696378125,0.5793871859374999,0.2395543171875,0.54874651875,0.1476323125,0.46239554375,0.09192200625,0.45125348125000003,0.0111420609375,0.47632312031249996,0,0.49489322343750003,0,0.7632311984375,0,0
239,1521_jpg.rf.cd42b76ae75960bd1be1f6f397dc0de0.jpg,pituitary,0.5654596093750001,0.48189415,0.5236768796875,0.4707520890625,0.48189415,0.5125348187500001,0.49582172656249995,0.54874651875,0.540389971875,0.54874651875,0.568245125,0.5069637890625,0.5654596093750001,0.48189415,0,0,0,0,0,0,0,0,0,0,0,0,0,0
240,1308_jpg.rf.82a0a21055f0d1fa67df872bcb40c15d.jpg,pituitary,0.3231197765625,0.48189415,0.3231197765625,0.5013927578125,0.34261838437500003,0.53760445625,0.4094707515625,0.5626740953125,0.45403899687499993,0.5348189421875,0.46239554375,0.5013927578125,0.43454039062499994,0.4568245125,0.398328690625,0.4401114203125,0.3454039,0.4568245125,0.3231197765625,0.48189415,0,0,0,0,0,0,0,0
241,1239_jpg.rf.988683d30080f933696911287014f718.jpg,pituitary,0.484679665625,0.317548746875,0.4568245125,0.3314763234375,0.43454039062499994,0.35933147656250003,0.428969359375,0.40111420625000005,0.4401114203125,0.4178272984375,0.46518105781249997,0.43175487500000004,0.571030640625,0.4206128140625,0.5877437328124999,0.40111420625000005,0.5877437328124999,0.3816155984375,0.571030640625,0.3509749296875,0.520891365625,0.32033426249999997,0.484679665625,0.317548746875,0,0,0,0
242,1004_jpg.rf.1ef451458c994287cc6a303d1048d017.jpg,pituitary,0.3454039,0.5571030640625,0.39554317499999997,0.54874651875,0.4206128140625,0.5571030640625,0.428969359375,0.5431754875,0.42618384374999996,0.44568245156249997,0.3509749296875,0.4373259046875,0.3342618390625,0.46518105781249997,0.337047353125,0.54874651875,0.3454039,0.5571030640625,0,0,0,0,0,0,0,0,0,0
243,1473_jpg.rf.73c3e8fb837fcd7f3740c5c5e225af73.jpg,pituitary,0.484679665625,0.5515320328125,0.509749303125,0.5515320328125,0.5320334265625,0.515320334375,0.5264623953124999,0.4707520890625,0.5125348187500001,0.45125348125000003,0.4679665734375,0.4484679671875,0.4401114203125,0.490250696875,0.4428969359375,0.5125348187500001,0.484679665625,0.5515320328125,0,0,0,0,0,0,0,0,0,0
244,2527_jpg.rf.3fbcab7798dee34ba824d50002a53bc0.jpg,glioma,0.32869080781250004,0.286908078125,0.2674094703125,0.27298050156250003,0.20055710312500002,0.2952646234375,0.17270195,0.3231197765625,0.13649024999999998,0.43454039062499994,0.0779944296875,0.5292479109375,0.086350975,0.5543175484375,0.2089136484375,0.515320334375,0.292479109375,0.5292479109375,0.3454039,0.51810585,0.3844011140625,0.40668523749999996,0.3871866296875,0.3509749296875,0.32869080781250004,0.286908078125,0,0
245,552_jpg.rf.8a47f68bfee66fc9d767336ba359348b.jpg,meningioma,0.5654596093750001,0.5041782734375,0.5598885796874999,0.540389971875,0.571030640625,0.57381615625,0.7047353765625,0.59888579375,0.740947075,0.6155988859375,0.8105849578125,0.5626740953125,0.8105849578125,0.540389971875,0.7604456828124999,0.490250696875,0.6490250703125,0.4428969359375,0.6183844015625,0.4428969359375,0.5654596093750001,0.5041782734375,0,0,0,0,0,0
246,556_jpg.rf.2c112c9196bd22f7c823b8fd2d4bc2bf.jpg,meningioma,0.774373259375,0.43175487500000004,0.774373259375,0.40668523749999996,0.740947075,0.348189415625,0.7353760453125,0.3036211703125,0.7158774375,0.281337046875,0.6657381609375,0.2674094703125,0.6406685234375,0.2674094703125,0.6295264625,0.292479109375,0.6100278546875,0.3008356546875,0.5905292484375,0.259052925,0.5571030640625,0.2423398328125,0.5348189421875,0.261838440625,0.5320334265625,0.31476323125,0.5598885796874999,0.3454039
247,1304_jpg.rf.49116651434d7289142b9f10247684e3.jpg,pituitary,0.45125348125000003,0.3871866296875,0.3927576609375,0.373259053125,0.3788300828125,0.3816155984375,0.37604456875,0.40111420625000005,0.32033426249999997,0.4178272984375,0.2980501390625,0.490250696875,0.3342618390625,0.5515320328125,0.36490250625,0.5598885796874999,0.39554317499999997,0.5905292484375,0.4206128140625,0.5905292484375,0.42618384374999996,0.490250696875,0.4707520890625,0.4094707515625,0.45125348125000003,0.3871866296875,0,0
248,1585_jpg.rf.009693b0a9cce9aec0fba83b1ab4aca7.jpg,pituitary,0.5654596093750001,0.4150417828125,0.5069637890625,0.47632312031249996,0.49582172656249995,0.5236768796875,0.51810585,0.5793871859374999,0.6545961,0.601671309375,0.743732590625,0.5459610031250001,0.7548746515625,0.47353760468750006,0.7353760453125,0.43454039062499994,0.7019498609375,0.398328690625,0.6573816156250001,0.3788300828125,0.5654596093750001,0.4150417828125,0,0,0,0,0,0
249,2346_jpg.rf.f7c0ef41e30c2d29b171756fbea024de.jpg,glioma,0.6991643453124999,0.28969359375,0.6406685234375,0.22562674062500002,0.6128133703125,0.2200557109375,0.5348189421875,0.16713091875,0.48189415,0.16155988906250002,0.39554317499999997,0.1894150421875,0.373259053125,0.21727019531249997,0.3621169921875,0.281337046875,0.36490250625,0.37604456875,0.3927576609375,0.428969359375,0.44568245156249997,0.4679665734375,0.5571030640625,0.47632312031249996,0.5905292484375,0.4679665734375,0.6852367687500001,0.40389972187499995
250,2273_jpg.rf.d02cc6cd4c7d7e7697fceaa88cd8ff16.jpg,glioma,0.33983286874999996,0.51810585,0.2980501390625,0.51810585,0.1894150421875,0.5905292484375,0.17827298125,0.6155988859375,0.20334261874999998,0.6713091921875,0.2395543171875,0.6768802234375,0.3091922,0.7353760453125,0.3259052921875,0.768802228125,0.3565459609375,0.768802228125,0.3871866296875,0.7353760453125,0.42618384374999996,0.626740946875,0.3844011140625,0.5515320328125,0.33983286874999996,0.51810585,0,0
251,1698_jpg.rf.861e010d4563b3f1f669c0adc783e875.jpg,pituitary,0.601671309375,0.3816155984375,0.6072423390624999,0.43454039062499994,0.6462395546875,0.45125348125000003,0.6852367687500001,0.43175487500000004,0.6657381609375,0.3927576609375,0.6657381609375,0.3621169921875,0.682451253125,0.3231197765625,0.6601671312499999,0.3231197765625,0.6100278546875,0.3509749296875,0.601671309375,0.3816155984375,0,0,0,0,0,0,0,0
252,2074_jpg.rf.5d09768be38d0c582592897f71bd5edb.jpg,glioma,0.4568245125,0.520891365625,0.5459610031250001,0.5236768796875,0.571030640625,0.5069637890625,0.571030640625,0.44568245156249997,0.5515320328125,0.428969359375,0.515320334375,0.42618384374999996,0.484679665625,0.3621169921875,0.3899721453125,0.311977715625,0.348189415625,0.3064066859375,0.231197771875,0.3565459609375,0.16991643437499998,0.39554317499999997,0.12813370468750002,0.44568245156249997,0.1225626734375,0.520891365625,0.1309192203125,0.5431754875
253,2363_jpg.rf.f93689865c9ece3a0ca704e9ab2043e0.jpg,glioma,0.8746518109375,0.626740946875,0.9025069640625001,0.5793871859374999,0.9025069640625001,0.540389971875,0.860724234375,0.5320334265625,0.8384401109375,0.5459610031250001,0.8384401109375,0.5821727015625,0.8440111421875001,0.604456825,0.8746518109375,0.626740946875,0,0,0,0,0,0,0,0,0,0,0,0
254,2292_jpg.rf.c6f37898409f42433ec5ad4dec34ad23.jpg,glioma,0.4401114203125,0.688022284375,0.3704735375,0.6935933140625,0.367688021875,0.7158774375,0.46239554375,0.7520891359374999,0.5320334265625,0.7576601671875001,0.596100278125,0.7158774375,0.59888579375,0.688022284375,0.576601671875,0.682451253125,0.5320334265625,0.707520890625,0.4401114203125,0.688022284375,0,0,0,0,0,0,0,0
255,2337_jpg.rf.d2a2b9a0e34e61095d5348e5c9b4a943.jpg,glioma,0.10584958281250001,0.6908078,0.10584958281250001,0.713091921875,0.22284122499999998,0.7242339828125,0.286908078125,0.6740947078125,0.3008356546875,0.6378830078125,0.2952646234375,0.5793871859374999,0.281337046875,0.5571030640625,0.2451253484375,0.5459610031250001,0.2339832875,0.596100278125,0.10584958281250001,0.6908078,0,0,0,0,0,0,0,0
256,2154_jpg.rf.89c21a9cf562a013d31a4d349baa191f.jpg,glioma,0.47353760468750006,0.3036211703125,0.47353760468750006,0.2674094703125,0.46518105781249997,0.25626740937500003,0.40389972187499995,0.25626740937500003,0.3927576609375,0.2980501390625,0.4150417828125,0.32869080781250004,0.43454039062499994,0.3927576609375,0.47353760468750006,0.3036211703125,0,0,0,0,0,0,0,0,0,0,0,0
257,1363_jpg.rf.11b212ea0dbfa54d11d1443225698e85.jpg,pituitary,0.4206128140625,0.4178272984375,0.3844011140625,0.40389972187499995,0.311977715625,0.40111420625000005,0.2952646234375,0.40668523749999996,0.25348189374999996,0.484679665625,0.250696378125,0.540389971875,0.2785515328125,0.6128133703125,0.3091922,0.6128133703125,0.34261838437500003,0.5877437328124999,0.3788300828125,0.5821727015625,0.40111420625000005,0.596100278125,0.40389972187499995,0.6155988859375,0.4428969359375,0.6128133703125,0.4206128140625,0.4178272984375
258,670_jpg.rf.1e7f1172643723ab9e1387f803104f2b.jpg,meningioma,0,0.7052418328125001,0.0194986078125,0.7353760453125,0.064066853125,0.7715877437499999,0.089136490625,0.777158775,0.114206128125,0.749303621875,0.1476323125,0.738161559375,0.17827298125,0.7019498609375,0.1810584953125,0.6295264625,0.13649024999999998,0.568245125,0.083565459375,0.5543175484375,0.0111420609375,0.5543175484375,0,0.5624883921875,0,0.7052418328125001,0,0
259,303_jpg.rf.d463f5c98348bff51f442814d1c1c2f4.jpg,meningioma,0.3621169921875,0.576601671875,0.3844011140625,0.509749303125,0.3844011140625,0.47353760468750006,0.3621169921875,0.4150417828125,0.281337046875,0.3537604453125,0.16991643437499998,0.32869080781250004,0.144846796875,0.348189415625,0.11699164375,0.3454039,0.083565459375,0.3621169921875,0.0473537609375,0.3899721453125,0.03064066875,0.42339832812499995,0.0362116984375,0.48189415,0.0724233984375,0.5013927578125,0.16155988906250002,0.51810585
260,2342_jpg.rf.914a8424d3c5658265e950890523405d.jpg,glioma,0.3565459609375,0.3899721453125,0.3927576609375,0.2785515328125,0.36490250625,0.2089136484375,0.34261838437500003,0.17827298125,0.3259052921875,0.175487465625,0.24791086406249999,0.1810584953125,0.2089136484375,0.194986071875,0.17827298125,0.2200557109375,0.1337047359375,0.2841225625,0.139275765625,0.31476323125,0.16155988906250002,0.337047353125,0.1894150421875,0.348189415625,0.27298050156250003,0.42618384374999996,0.3008356546875,0.43175487500000004
261,2295_jpg.rf.0337e3c30db88b0afb1343dc85a57968.jpg,glioma,0.22562674062500002,0.749303621875,0.22562674062500002,0.7855153203125,0.2423398328125,0.830083565625,0.3036211703125,0.885793871875,0.3454039,0.8997214484375,0.37604456875,0.885793871875,0.4484679671875,0.8885793874999999,0.47632312031249996,0.8830083562500001,0.49860724218749997,0.860724234375,0.5013927578125,0.8105849578125,0.3509749296875,0.8022284125000001,0.22562674062500002,0.749303621875,0,0,0,0
262,521_jpg.rf.34d03f5ef80013beeb6458290ee03cf1.jpg,meningioma,0.17270195,0.47353760468750006,0.1225626734375,0.46518105781249997,0.0724233984375,0.48746518125,0.0389972140625,0.571030640625,0.0445682453125,0.651810584375,0.083565459375,0.6852367687500001,0.1337047359375,0.6852367687500001,0.17270195,0.6685236765625,0.20334261874999998,0.63509749375,0.2200557109375,0.5849582171875001,0.2200557109375,0.540389971875,0.20055710312500002,0.49582172656249995,0.17270195,0.47353760468750006,0,0
263,996_jpg.rf.75e7749a06101c3f73be43eb50901203.jpg,pituitary,0.28969359375,0.479108634375,0.2841225625,0.5320334265625,0.3064066859375,0.57381615625,0.37604456875,0.5905292484375,0.4206128140625,0.571030640625,0.43175487500000004,0.5292479109375,0.428969359375,0.43454039062499994,0.40389972187499995,0.428969359375,0.3454039,0.4373259046875,0.28969359375,0.479108634375,0,0,0,0,0,0,0,0
264,2203_jpg.rf.0180d36a226d38870fad29e75fa9af9e.jpg,glioma,0.6991643453124999,0.6545961,0.6685236765625,0.6155988859375,0.62395543125,0.6100278546875,0.5821727015625,0.571030640625,0.45403899687499993,0.4206128140625,0.40389972187499995,0.4150417828125,0.35933147656250003,0.4373259046875,0.3231197765625,0.48746518125,0.337047353125,0.5598885796874999,0.373259053125,0.568245125,0.3899721453125,0.6100278546875,0.4178272984375,0.626740946875,0.5598885796874999,0.6573816156250001,0.59888579375,0.6852367687500001
265,1834_jpg.rf.c0e5e1c468a72374f26c08b737658491.jpg,pituitary,0.63509749375,0.3314763234375,0.5598885796874999,0.3064066859375,0.5320334265625,0.32869080781250004,0.479108634375,0.3454039,0.46239554375,0.3704735375,0.47353760468750006,0.428969359375,0.49860724218749997,0.45125348125000003,0.5459610031250001,0.459610028125,0.6183844015625,0.45125348125000003,0.6490250703125,0.43175487500000004,0.662952646875,0.40389972187499995,0.6601671312499999,0.36490250625,0.63509749375,0.3314763234375,0,0
266,2757_jpg.rf.f45feb2ea5f5e1df63d0fb7b0579df14.jpg,glioma,0.5515320328125,0.6740947078125,0.5236768796875,0.6657381609375,0.479108634375,0.707520890625,0.5069637890625,0.7325905296874999,0.540389971875,0.7298050140625,0.5571030640625,0.71030640625,0.5515320328125,0.6740947078125,0,0,0,0,0,0,0,0,0,0,0,0,0,0
267,1577_jpg.rf.55e8bd280501a3c5e3bbfee0216f91fe.jpg,pituitary,0.5125348187500001,0.40668523749999996,0.4484679671875,0.39554317499999997,0.40111420625000005,0.45125348125000003,0.43454039062499994,0.5320334265625,0.5041782734375,0.5654596093750001,0.5654596093750001,0.53760445625,0.5849582171875001,0.57381615625,0.6072423390624999,0.576601671875,0.626740946875,0.509749303125,0.6155988859375,0.47632312031249996,0.576601671875,0.4428969359375,0.5348189421875,0.4401114203125,0.5125348187500001,0.40668523749999996,0,0
268,1934_jpg.rf.666cd7d109682d0e6ef8fc8ce0996d03.jpg,glioma,0.23676880156250002,0.7019498609375,0.175487465625,0.74651810625,0.16991643437499998,0.7660167125,0.19777158749999998,0.8189415046875,0.25626740937500003,0.8662952640625001,0.3036211703125,0.885793871875,0.3871866296875,0.885793871875,0.3927576609375,0.8133704734375,0.337047353125,0.6935933140625,0.3091922,0.682451253125,0.23676880156250002,0.7019498609375,0,0,0,0,0,0
269,2694_jpg.rf.f58f273dd3eb43ef4feef7aad3a7b14c.jpg,glioma,0.3537604453125,0.32033426249999997,0.3036211703125,0.292479109375,0.25348189374999996,0.2841225625,0.20055710312500002,0.3008356546875,0.1587743734375,0.337047353125,0.144846796875,0.3704735375,0.1504178265625,0.40111420625000005,0.2144846796875,0.48189415,0.2674094703125,0.520891365625,0.32869080781250004,0.5236768796875,0.3788300828125,0.509749303125,0.40389972187499995,0.47632312031249996,0.40389972187499995,0.45403899687499993,0.3537604453125,0.32033426249999997
270,928_jpg.rf.3f06b77213dfd9af62354da3c7d7899d.jpg,pituitary,0.4373259046875,0.5571030640625,0.4373259046875,0.45403899687499993,0.40668523749999996,0.428969359375,0.3704735375,0.42339832812499995,0.3036211703125,0.49303621093750005,0.348189415625,0.5933147625,0.4206128140625,0.5849582171875001,0.4373259046875,0.5571030640625,0,0,0,0,0,0,0,0,0,0,0,0
271,2635_jpg.rf.54427b7383b76650a7917ed52de8ae60.jpg,glioma,0.5431754875,0.3509749296875,0.5515320328125,0.4206128140625,0.604456825,0.42339832812499995,0.6852367687500001,0.40668523749999996,0.707520890625,0.37604456875,0.713091921875,0.3342618390625,0.6935933140625,0.31476323125,0.6908078,0.25626740937500003,0.6685236765625,0.22284122499999998,0.604456825,0.1866295265625,0.4428969359375,0.144846796875,0.5431754875,0.3509749296875,0,0,0,0
272,4_jpg.rf.02d22bbaeb3dcac64ef99e82dfd946e9.jpg,meningioma,0.5264623953124999,0.7325905296874999,0.571030640625,0.7158774375,0.5821727015625,0.6796657374999999,0.5571030640625,0.6183844015625,0.5292479109375,0.6100278546875,0.49303621093750005,0.62395543125,0.45403899687499993,0.5933147625,0.45125348125000003,0.5571030640625,0.4122562671875,0.54874651875,0.3871866296875,0.5626740953125,0.2980501390625,0.5626740953125,0.2646239546875,0.5793871859374999,0.24791086406249999,0.596100278125,0.2451253484375,0.6573816156250001
273,2891_jpg.rf.bb46f91a7ec9ef4cc30223b461e414fb.jpg,glioma,0.17827298125,0.34261838437500003,0.14206128125,0.39554317499999997,0.144846796875,0.43454039062499994,0.1866295265625,0.47632312031249996,0.24791086406249999,0.4679665734375,0.28969359375,0.4373259046875,0.286908078125,0.3816155984375,0.3091922,0.3342618390625,0.2841225625,0.292479109375,0.25348189374999996,0.28969359375,0.17827298125,0.34261838437500003,0,0,0,0,0,0
274,1869_jpg.rf.7f87ad1bcccd9690be05145ea05b74d4.jpg,glioma,0.4707520890625,0.3927576609375,0.4707520890625,0.4206128140625,0.49582172656249995,0.4484679671875,0.54874651875,0.45125348125000003,0.626740946875,0.4094707515625,0.6183844015625,0.35933147656250003,0.5793871859374999,0.33983286874999996,0.54874651875,0.33983286874999996,0.49860724218749997,0.3537604453125,0.4707520890625,0.3927576609375,0,0,0,0,0,0,0,0
275,3032_jpg.rf.15395bd54a714d80e22a6d5cc7069638.jpg,glioma,0,0.682451253125,0.022284121875,0.7047353765625,0.0473537609375,0.7576601671875001,0.114206128125,0.8050139281250001,0.1476323125,0.8105849578125,0.175487465625,0.8440111421875001,0.22284122499999998,0.85793871875,0.2980501390625,0.8467966578125001,0.373259053125,0.8133704734375,0.4122562671875,0.7799442890625,0.4428969359375,0.71030640625,0.4373259046875,0.6462395546875,0.39554317499999997,0.5431754875,0.367688021875,0.428969359375
276,1990_jpg.rf.5c87b5a9f462bdcea30d95d7c7be0442.jpg,glioma,0.3704735375,0.5459610031250001,0.2980501390625,0.5431754875,0.2701949859375,0.5626740953125,0.1922005578125,0.571030640625,0.1504178265625,0.59888579375,0.0947075203125,0.6128133703125,0.089136490625,0.662952646875,0.10584958281250001,0.71030640625,0.1504178265625,0.7632311984375,0.2339832875,0.774373259375,0.2841225625,0.7298050140625,0.3788300828125,0.576601671875,0.3704735375,0.5459610031250001,0,0
277,2303_jpg.rf.e5459a7e831c80c29d57caed72d6f75e.jpg,glioma,0.3537604453125,0.31476323125,0.2841225625,0.27298050156250003,0.250696378125,0.27298050156250003,0.2144846796875,0.286908078125,0.1337047359375,0.36490250625,0.11699164375,0.398328690625,0.11699164375,0.42618384374999996,0.1337047359375,0.44568245156249997,0.1587743734375,0.4484679671875,0.22841225625,0.428969359375,0.2757660171875,0.3844011140625,0.3565459609375,0.373259053125,0.36490250625,0.3314763234375,0.3537604453125,0.31476323125
278,2931_jpg.rf.cb9e5ddc486de0e1b24b6325c0bd0483.jpg,glioma,0.2757660171875,0.1504178265625,0.250696378125,0.16434540312499998,0.250696378125,0.2395543171875,0.27298050156250003,0.2980501390625,0.3314763234375,0.3036211703125,0.4373259046875,0.2451253484375,0.44568245156249997,0.16155988906250002,0.40389972187499995,0.14206128125,0.36490250625,0.1559888578125,0.2757660171875,0.1504178265625,0,0,0,0,0,0,0,0
279,652_jpg.rf.356768957d780cea93ff826c16d4393e.jpg,meningioma,0.34261838437500003,0.2339832875,0.3036211703125,0.22562674062500002,0.2395543171875,0.261838440625,0.2089136484375,0.2952646234375,0.1922005578125,0.33983286874999996,0.1866295265625,0.42339832812499995,0.27298050156250003,0.51810585,0.36490250625,0.5264623953124999,0.40389972187499995,0.5013927578125,0.45403899687499993,0.4401114203125,0.4679665734375,0.373259053125,0.4373259046875,0.2952646234375,0.34261838437500003,0.2339832875,0,0
280,1451_jpg.rf.c5f739d936ca416eb41135575837cd8b.jpg,pituitary,0.3231197765625,0.5459610031250001,0.367688021875,0.5793871859374999,0.43175487500000004,0.57381615625,0.44568245156249997,0.54874651875,0.44568245156249997,0.4428969359375,0.3565459609375,0.43454039062499994,0.3314763234375,0.4484679671875,0.3091922,0.479108634375,0.3231197765625,0.5459610031250001,0,0,0,0,0,0,0,0,0,0
281,893_jpg.rf.d3ad5f7eecbd7f4514a2f38e1470ded9.jpg,glioma,0.1476323125,0.5041782734375,0.16713091875,0.5292479109375,0.2339832875,0.5431754875,0.25348189374999996,0.5654596093750001,0.2785515328125,0.53760445625,0.286908078125,0.484679665625,0.27298050156250003,0.4178272984375,0.2395543171875,0.4122562671875,0.1504178265625,0.47353760468750006,0.1476323125,0.5041782734375,0,0,0,0,0,0,0,0
282,3015_jpg.rf.6ca3b2db8b7c6352f01e8fc37cac2f7e.jpg,glioma,0.6100278546875,0.348189415625,0.51810585,0.3342618390625,0.5125348187500001,0.36490250625,0.4568245125,0.46518105781249997,0.44568245156249997,0.5292479109375,0.49860724218749997,0.6378830078125,0.571030640625,0.6601671312499999,0.5905292484375,0.6490250703125,0.626740946875,0.5626740953125,0.6768802234375,0.5125348187500001,0.682451253125,0.45403899687499993,0.6155988859375,0.40111420625000005,0.6100278546875,0.348189415625,0,0
283,451_jpg.rf.1a44f0e2fb3b69dd56d55b9cf9202f86.jpg,meningioma,0,0.74206128125,0.022284121875,0.768802228125,0.0779944296875,0.774373259375,0.10863509687499999,0.749303621875,0.114206128125,0.7019498609375,0.08077994375,0.6490250703125,0.033426184375,0.6378830078125,0,0.6498209296875,0,0.74206128125,0,0,0,0,0,0,0,0,0,0
284,321_jpg.rf.9317f4cd5b303841b07f06cfb75521e6.jpg,meningioma,0.4401114203125,0.373259053125,0.42339832812499995,0.39554317499999997,0.42618384374999996,0.4428969359375,0.5125348187500001,0.540389971875,0.5125348187500001,0.39554317499999997,0.48746518125,0.3064066859375,0.47353760468750006,0.28969359375,0.459610028125,0.28969359375,0.42618384374999996,0.3314763234375,0.4401114203125,0.373259053125,0,0,0,0,0,0,0,0
285,3048_jpg.rf.e87719506c3814d2290de76a00106b82.jpg,glioma,0.3704735375,0.71030640625,0.428969359375,0.7186629531250001,0.428969359375,0.662952646875,0.3927576609375,0.6657381609375,0.3509749296875,0.626740946875,0.3704735375,0.71030640625,0,0,0,0,0,0,0,0,0,0,0,0,0,0,0,0
286,753_jpg.rf.87fa293ae07f4e9bdc32381602a63cfa.jpg,glioma,0.515320334375,0.626740946875,0.4707520890625,0.6155988859375,0.43454039062499994,0.6211699171875,0.4150417828125,0.6462395546875,0.40668523749999996,0.7186629531250001,0.43175487500000004,0.777158775,0.44568245156249997,0.777158775,0.4679665734375,0.8022284125000001,0.490250696875,0.8022284125000001,0.515320334375,0.7855153203125,0.53760445625,0.7158774375,0.5264623953124999,0.7019498609375,0.515320334375,0.626740946875,0,0
287,1378_jpg.rf.d8390215aeb66a691d4d14dbc4c9797e.jpg,pituitary,0.4568245125,0.48746518125,0.398328690625,0.47353760468750006,0.39554317499999997,0.571030640625,0.42618384374999996,0.5849582171875001,0.46239554375,0.5626740953125,0.46239554375,0.49860724218749997,0.4568245125,0.48746518125,0,0,0,0,0,0,0,0,0,0,0,0,0,0
288,2428_jpg.rf.8bfe203b38b6a5c1b9504ade2cabc4a9.jpg,glioma,0.37604456875,0.39554317499999997,0.3704735375,0.48746518125,0.39554317499999997,0.540389971875,0.428969359375,0.5571030640625,0.47353760468750006,0.5571030640625,0.520891365625,0.515320334375,0.5264623953124999,0.4373259046875,0.51810585,0.4094707515625,0.49303621093750005,0.3844011140625,0.44568245156249997,0.3704735375,0.37604456875,0.39554317499999997,0,0,0,0,0,0
289,2575_jpg.rf.76286f4a106156b932f407937a19c5a5.jpg,glioma,0.16713091875,0.5264623953124999,0.0445682453125,0.51810585,0.0111420609375,0.5626740953125,0.0111420609375,0.6155988859375,0.03064066875,0.6768802234375,0.0779944296875,0.74651810625,0.139275765625,0.743732590625,0.17827298125,0.7158774375,0.25348189374999996,0.6908078,0.2841225625,0.662952646875,0.2952646234375,0.6072423390624999,0.27298050156250003,0.571030640625,0.16713091875,0.5264623953124999,0,0
290,691_jpg.rf.4f94d7c716b2f7a528bc61ec5dd3a6b1.jpg,meningioma,0.0947075203125,0.292479109375,0.058495821875,0.3704735375,0.064066853125,0.4178272984375,0.0974930359375,0.44568245156249997,0.139275765625,0.44568245156249997,0.1810584953125,0.42618384374999996,0.22284122499999998,0.3704735375,0.21169916406249997,0.3064066859375,0.16713091875,0.2701949859375,0.1253481890625,0.2674094703125,0.0947075203125,0.292479109375,0,0,0,0,0,0
291,2544_jpg.rf.a6cbf21ebdcaa2bb2012db73f6eea293.jpg,glioma,0.3788300828125,0.520891365625,0.3454039,0.4568245125,0.2980501390625,0.4428969359375,0.2785515328125,0.459610028125,0.22841225625,0.47353760468750006,0.20612813437500002,0.5013927578125,0.19777158749999998,0.49582172656249995,0.1838440109375,0.515320334375,0.1866295265625,0.5598885796874999,0.22284122499999998,0.59888579375,0.28969359375,0.6183844015625,0.33983286874999996,0.6183844015625,0.373259053125,0.596100278125,0.3788300828125,0.520891365625
292,1165_jpg.rf.55e74012146f0af721e7eb3833870b58.jpg,pituitary,0.7855153203125,0.520891365625,0.777158775,0.47632312031249996,0.743732590625,0.4428969359375,0.740947075,0.42339832812499995,0.6963788296875,0.4178272984375,0.651810584375,0.428969359375,0.6211699171875,0.46518105781249997,0.5793871859374999,0.47353760468750006,0.5654596093750001,0.515320334375,0.5821727015625,0.5459610031250001,0.63509749375,0.576601671875,0.6545961,0.601671309375,0.71030640625,0.62395543125,0.7548746515625,0.601671309375
293,534_jpg.rf.92710f502f1e06979003315cce59601f.jpg,meningioma,0.23676880156250002,0.2674094703125,0.1810584953125,0.2952646234375,0.13649024999999998,0.348189415625,0.1309192203125,0.4150417828125,0.1559888578125,0.4679665734375,0.2757660171875,0.459610028125,0.32033426249999997,0.428969359375,0.3537604453125,0.3871866296875,0.35933147656250003,0.337047353125,0.348189415625,0.3008356546875,0.2952646234375,0.2701949859375,0.23676880156250002,0.2674094703125,0,0,0,0
294,2307_jpg.rf.dacf3f24708abb329ebecffe2392545e.jpg,glioma,0.46518105781249997,0.540389971875,0.484679665625,0.540389971875,0.5041782734375,0.520891365625,0.5125348187500001,0.4373259046875,0.48189415,0.398328690625,0.4484679671875,0.39554317499999997,0.4150417828125,0.42339832812499995,0.40111420625000005,0.48746518125,0.46518105781249997,0.540389971875,0,0,0,0,0,0,0,0,0,0
295,1984_jpg.rf.2c6d29b1b938443ee67ff8c2bf79df9c.jpg,glioma,0.3064066859375,0.43175487500000004,0.3509749296875,0.4428969359375,0.3816155984375,0.4178272984375,0.37604456875,0.35933147656250003,0.3064066859375,0.3537604453125,0.3064066859375,0.43175487500000004,0,0,0,0,0,0,0,0,0,0,0,0,0,0,0,0
296,2023_jpg.rf.97ce1246b3cb3cfb720e1c5bde4bec82.jpg,glioma,0.5793871859374999,0.57381615625,0.53760445625,0.576601671875,0.48189415,0.54874651875,0.4178272984375,0.54874651875,0.3899721453125,0.5571030640625,0.36490250625,0.5933147625,0.36490250625,0.6100278546875,0.40111420625000005,0.6490250703125,0.515320334375,0.6657381609375,0.5626740953125,0.688022284375,0.5849582171875001,0.688022284375,0.6155988859375,0.662952646875,0.626740946875,0.6072423390624999,0.6100278546875,0.5877437328124999
297,1250_jpg.rf.2eaf4d59c771430b41580bd3c7c9f9fb.jpg,pituitary,0.4679665734375,0.4707520890625,0.5264623953124999,0.46239554375,0.540389971875,0.4150417828125,0.520891365625,0.3621169921875,0.48746518125,0.33983286874999996,0.4373259046875,0.337047353125,0.3899721453125,0.3537604453125,0.37604456875,0.428969359375,0.4679665734375,0.4707520890625,0,0,0,0,0,0,0,0,0,0
298,1797_jpg.rf.5d14006964e557176f46330438ec0531.jpg,pituitary,0.45125348125000003,0.35933147656250003,0.45125348125000003,0.40389972187499995,0.47353760468750006,0.4401114203125,0.51810585,0.4484679671875,0.5543175484375,0.428969359375,0.6378830078125,0.4373259046875,0.6434540390625,0.37604456875,0.62395543125,0.3537604453125,0.5905292484375,0.3342618390625,0.49303621093750005,0.32869080781250004,0.45125348125000003,0.35933147656250003,0,0,0,0,0,0
299,2367_jpg.rf.3ad8d413d202f0a52bc7f643a8eaa0ff.jpg,glioma,0.6462395546875,0.6796657374999999,0.6852367687500001,0.62395543125,0.768802228125,0.6128133703125,0.8189415046875,0.5905292484375,0.885793871875,0.5264623953124999,0.8774373265625,0.484679665625,0.8495821734375,0.46239554375,0.8022284125000001,0.5013927578125,0.7910863515625,0.5348189421875,0.7715877437499999,0.5543175484375,0.7353760453125,0.57381615625,0.7047353765625,0.57381615625,0.6295264625,0.5459610031250001,0.6183844015625,0.5125348187500001
300,1630_jpg.rf.dcad9b689b8a4fe9fda944555af85c2e.jpg,pituitary,0.651810584375,0.40668523749999996,0.5849582171875001,0.3816155984375,0.5571030640625,0.40668523749999996,0.49860724218749997,0.39554317499999997,0.4568245125,0.42339832812499995,0.4428969359375,0.484679665625,0.4679665734375,0.5292479109375,0.5013927578125,0.54874651875,0.5654596093750001,0.5320334265625,0.59888579375,0.54874651875,0.6490250703125,0.5264623953124999,0.6713091921875,0.43175487500000004,0.651810584375,0.40668523749999996,0,0
301,1602_jpg.rf.5a230612b67443087c4610d42b0ca2ee.jpg,pituitary,0.5849582171875001,0.48189415,0.5626740953125,0.4401114203125,0.5236768796875,0.43454039062499994,0.5041782734375,0.45403899687499993,0.4373259046875,0.4401114203125,0.4094707515625,0.46239554375,0.40389972187499995,0.49303621093750005,0.428969359375,0.5348189421875,0.45403899687499993,0.54874651875,0.49582172656249995,0.54874651875,0.509749303125,0.5793871859374999,0.5292479109375,0.5877437328124999,0.57381615625,0.568245125,0.5849582171875001,0.48189415
302,1324_jpg.rf.86c75b86cba31de062895c3d0754b995.jpg,pituitary,0.373259053125,0.540389971875,0.3871866296875,0.5543175484375,0.42618384374999996,0.54874651875,0.44568245156249997,0.51810585,0.4373259046875,0.47632312031249996,0.40111420625000005,0.46239554375,0.3621169921875,0.4707520890625,0.3565459609375,0.484679665625,0.373259053125,0.540389971875,0,0,0,0,0,0,0,0,0,0
303,116_jpg.rf.3720f3d16518127755e5bfcf574d8dd5.jpg,meningioma,0.49582172656249995,0.48746518125,0.509749303125,0.4707520890625,0.5125348187500001,0.4401114203125,0.46239554375,0.3509749296875,0.4206128140625,0.32033426249999997,0.3899721453125,0.317548746875,0.35933147656250003,0.32869080781250004,0.3259052921875,0.3621169921875,0.3091922,0.3844011140625,0.3091922,0.4122562671875,0.281337046875,0.428969359375,0.2785515328125,0.4484679671875,0.32033426249999997,0.49582172656249995,0.39554317499999997,0.49582172656249995
304,2361_jpg.rf.b76d31a52f210e67f3c3bd12f74ff074.jpg,glioma,0.2674094703125,0.79665738125,0.261838440625,0.7242339828125,0.22562674062500002,0.6963788296875,0.2339832875,0.6740947078125,0.2980501390625,0.6768802234375,0.32033426249999997,0.662952646875,0.4679665734375,0.6295264625,0.49860724218749997,0.6100278546875,0.49582172656249995,0.5933147625,0.46239554375,0.5793871859374999,0.33983286874999996,0.568245125,0.2674094703125,0.5905292484375,0.22284122499999998,0.6211699171875,0.1225626734375,0.5821727015625
305,2604_jpg.rf.a7460d20ef7886101d2dd31b0a94eab6.jpg,glioma,0.37604456875,0.43454039062499994,0.32869080781250004,0.36490250625,0.2646239546875,0.348189415625,0.21727019531249997,0.32033426249999997,0.1922005578125,0.32033426249999997,0.17270195,0.337047353125,0.20055710312500002,0.3927576609375,0.19777158749999998,0.49582172656249995,0.16713091875,0.5598885796874999,0.175487465625,0.5877437328124999,0.19777158749999998,0.5877437328124999,0.2144846796875,0.57381615625,0.231197771875,0.5793871859374999,0.2701949859375,0.5543175484375
306,654_jpg.rf.c20580aeb02d2900b28507b00ad1bd78.jpg,meningioma,0.281337046875,0.286908078125,0.23676880156250002,0.27298050156250003,0.2200557109375,0.2980501390625,0.22562674062500002,0.3565459609375,0.20612813437500002,0.398328690625,0.20612813437500002,0.428969359375,0.2701949859375,0.49582172656249995,0.3314763234375,0.49860724218749997,0.3537604453125,0.479108634375,0.3788300828125,0.4206128140625,0.398328690625,0.3259052921875,0.3621169921875,0.27298050156250003,0.281337046875,0.286908078125,0,0
307,2508_jpg.rf.e2625247248c72e49901314ef444529e.jpg,glioma,0.5626740953125,0.6490250703125,0.57381615625,0.682451253125,0.5933147625,0.71030640625,0.626740946875,0.713091921875,0.6406685234375,0.6935933140625,0.6406685234375,0.6545961,0.604456825,0.59888579375,0.57381615625,0.5877437328124999,0.5626740953125,0.59888579375,0.5626740953125,0.6490250703125,0,0,0,0,0,0,0,0
308,1770_jpg.rf.625bc0f06f59dcbad354204905e377ec.jpg,pituitary,0.5459610031250001,0.2701949859375,0.47353760468750006,0.2423398328125,0.43175487500000004,0.2646239546875,0.4150417828125,0.292479109375,0.4178272984375,0.3621169921875,0.4679665734375,0.4178272984375,0.53760445625,0.42618384374999996,0.5459610031250001,0.3899721453125,0.5654596093750001,0.36490250625,0.6183844015625,0.35933147656250003,0.604456825,0.2785515328125,0.5877437328124999,0.259052925,0.5459610031250001,0.2701949859375,0,0
309,693_jpg.rf.cf3a993a4939106a94a433ed3e2a1d18.jpg,meningioma,0.1810584953125,0.2144846796875,0.16155988906250002,0.2451253484375,0.1559888578125,0.2785515328125,0.16434540312499998,0.3064066859375,0.1866295265625,0.32033426249999997,0.2395543171875,0.317548746875,0.261838440625,0.292479109375,0.261838440625,0.27298050156250003,0.231197771875,0.22562674062500002,0.20055710312500002,0.2089136484375,0.1810584953125,0.2144846796875,0,0,0,0,0,0
310,1771_jpg.rf.af0c26cacd67f30082a36003871e4045.jpg,pituitary,0.42339832812499995,0.311977715625,0.4428969359375,0.3899721453125,0.47632312031249996,0.40668523749999996,0.5069637890625,0.3927576609375,0.5292479109375,0.3621169921875,0.53760445625,0.3091922,0.51810585,0.25626740937500003,0.46518105781249997,0.250696378125,0.43175487500000004,0.2785515328125,0.42339832812499995,0.311977715625,0,0,0,0,0,0,0,0
311,1461_jpg.rf.5d4bdf2fadccff9366c7214b517324df.jpg,pituitary,0.62395543125,0.43175487500000004,0.651810584375,0.4094707515625,0.6462395546875,0.3844011140625,0.6072423390624999,0.3704735375,0.568245125,0.3844011140625,0.5515320328125,0.4150417828125,0.5013927578125,0.43454039062499994,0.5236768796875,0.515320334375,0.51810585,0.5571030640625,0.576601671875,0.6295264625,0.5905292484375,0.6295264625,0.6100278546875,0.601671309375,0.6072423390624999,0.53760445625,0.626740946875,0.46518105781249997
312,1937_jpg.rf.fee53b7117ecdaf4140685144e6bcc46.jpg,glioma,0,0.7592728328125,0.033426184375,0.8050139281250001,0.144846796875,0.8662952640625001,0.250696378125,0.9052924796875,0.37604456875,0.9108635093749999,0.40111420625000005,0.885793871875,0.39554317499999997,0.8133704734375,0.4178272984375,0.6490250703125,0.3704735375,0.6072423390624999,0.337047353125,0.596100278125,0.22284122499999998,0.6434540390625,0.139275765625,0.7047353765625,0.10027855156250001,0.688022284375,0.0612813375,0.6462395546875
313,1690_jpg.rf.dcd5463c10d3d51664db8e91632ed751.jpg,pituitary,0.5125348187500001,0.3259052921875,0.5125348187500001,0.348189415625,0.5571030640625,0.428969359375,0.5877437328124999,0.4373259046875,0.6378830078125,0.39554317499999997,0.6434540390625,0.36490250625,0.626740946875,0.317548746875,0.57381615625,0.28969359375,0.5292479109375,0.3091922,0.5125348187500001,0.3259052921875,0,0,0,0,0,0,0,0
314,2823_jpg.rf.e9f64584d827f2ad61d6f9d50f518361.jpg,glioma,0.3008356546875,0.74651810625,0.2980501390625,0.7604456828124999,0.34261838437500003,0.7855153203125,0.3509749296875,0.8022284125000001,0.3788300828125,0.8077994421874999,0.3899721453125,0.7883008359375,0.3871866296875,0.7576601671875001,0.367688021875,0.7576601671875001,0.348189415625,0.7353760453125,0.3259052921875,0.7353760453125,0.3008356546875,0.74651810625,0,0,0,0,0,0
315,2684_jpg.rf.ceb1e0ea38aa786a52ad121e62b0dfda.jpg,glioma,0.53760445625,0.5264623953124999,0.5348189421875,0.5793871859374999,0.5793871859374999,0.6601671312499999,0.59888579375,0.6657381609375,0.626740946875,0.6434540390625,0.6462395546875,0.604456825,0.651810584375,0.54874651875,0.6462395546875,0.5264623953124999,0.6211699171875,0.5013927578125,0.571030640625,0.48746518125,0.53760445625,0.5264623953124999,0,0,0,0,0,0
316,2472_jpg.rf.1570f61053b07a929a6746ae4d00c000.jpg,glioma,0.25626740937500003,0.662952646875,0.20055710312500002,0.6685236765625,0.1559888578125,0.71030640625,0.16434540312499998,0.7883008359375,0.1894150421875,0.8189415046875,0.24791086406249999,0.8217270187500001,0.25626740937500003,0.7855153203125,0.286908078125,0.7855153203125,0.3008356546875,0.7660167125,0.3008356546875,0.7242339828125,0.27298050156250003,0.6685236765625,0.25626740937500003,0.662952646875,0,0,0,0
317,2035_jpg.rf.9cbeddd3aa2f4be43bd67d05a5b1a662.jpg,glioma,0.16155988906250002,0.5264623953124999,0.114206128125,0.54874651875,0.119777159375,0.632311978125,0.1922005578125,0.7158774375,0.20612813437500002,0.7270194984375,0.27298050156250003,0.7242339828125,0.311977715625,0.707520890625,0.34261838437500003,0.6768802234375,0.373259053125,0.6128133703125,0.3565459609375,0.5793871859374999,0.2701949859375,0.5320334265625,0.16155988906250002,0.5264623953124999,0,0,0,0
318,168_jpg.rf.3785419278436eb155e2e182a220163d.jpg,meningioma,0.49582172656249995,0.3259052921875,0.45403899687499993,0.311977715625,0.3871866296875,0.35933147656250003,0.373259053125,0.40389972187499995,0.3788300828125,0.4428969359375,0.4094707515625,0.459610028125,0.4178272984375,0.5013927578125,0.4428969359375,0.5125348187500001,0.48746518125,0.49582172656249995,0.5459610031250001,0.4401114203125,0.53760445625,0.37604456875,0.515320334375,0.367688021875,0.49582172656249995,0.3259052921875,0,0
319,792_jpg.rf.371b070fdf158954a1383b23a95b3c9a.jpg,glioma,0.42339832812499995,0.17827298125,0.3621169921875,0.1587743734375,0.292479109375,0.2701949859375,0.2785515328125,0.3231197765625,0.286908078125,0.3537604453125,0.317548746875,0.3899721453125,0.3565459609375,0.4094707515625,0.40111420625000005,0.45125348125000003,0.4707520890625,0.459610028125,0.5292479109375,0.44568245156249997,0.5292479109375,0.3509749296875,0.490250696875,0.2339832875,0.42339832812499995,0.17827298125,0,0
320,2614_jpg.rf.fbc52b6110d7696ecd3121a1798fd243.jpg,glioma,0.626740946875,0.46518105781249997,0.5793871859374999,0.40111420625000005,0.5654596093750001,0.46239554375,0.53760445625,0.49303621093750005,0.59888579375,0.5041782734375,0.62395543125,0.48746518125,0.626740946875,0.46518105781249997,0,0,0,0,0,0,0,0,0,0,0,0,0,0
321,930_jpg.rf.71d9609cb37c570124d762e4fdbccb86.jpg,pituitary,0.32869080781250004,0.53760445625,0.4150417828125,0.5459610031250001,0.4484679671875,0.520891365625,0.46518105781249997,0.484679665625,0.46239554375,0.46518105781249997,0.398328690625,0.43175487500000004,0.348189415625,0.45403899687499993,0.3314763234375,0.47632312031249996,0.32869080781250004,0.53760445625,0,0,0,0,0,0,0,0,0,0
322,1394_jpg.rf.d58e80fe45d1bb4641aedb0009ab6a73.jpg,pituitary,0.2144846796875,0.459610028125,0.231197771875,0.48746518125,0.259052925,0.49582172656249995,0.2841225625,0.479108634375,0.311977715625,0.484679665625,0.3231197765625,0.47353760468750006,0.3231197765625,0.4484679671875,0.3036211703125,0.43175487500000004,0.2674094703125,0.4373259046875,0.23676880156250002,0.42618384374999996,0.2144846796875,0.459610028125,0,0,0,0,0,0
323,2351_jpg.rf.9f24e280380a7583486ecb5195d02a14.jpg,glioma,0.42339832812499995,0.74651810625,0.46239554375,0.74651810625,0.4707520890625,0.7325905296874999,0.4484679671875,0.7019498609375,0.44568245156249997,0.6573816156250001,0.3844011140625,0.6100278546875,0.3704735375,0.6211699171875,0.3788300828125,0.7158774375,0.42339832812499995,0.74651810625,0,0,0,0,0,0,0,0,0,0
324,2993_jpg.rf.31f972aba32e044ad44dc62bc529c329.jpg,glioma,0.662952646875,0.768802228125,0.682451253125,0.768802228125,0.738161559375,0.7186629531250001,0.71030640625,0.5598885796874999,0.6908078,0.5348189421875,0.5877437328124999,0.515320334375,0.540389971875,0.53760445625,0.540389971875,0.6295264625,0.662952646875,0.768802228125,0,0,0,0,0,0,0,0,0,0
325,842_jpg.rf.cfc5b429e9660bfe3d2968c88ec1d4ad.jpg,glioma,0.4707520890625,0.3899721453125,0.44568245156249997,0.4428969359375,0.44568245156249997,0.47353760468750006,0.47632312031249996,0.5348189421875,0.520891365625,0.5598885796874999,0.576601671875,0.51810585,0.601671309375,0.4401114203125,0.571030640625,0.40111420625000005,0.5264623953124999,0.39554317499999997,0.5041782734375,0.37604456875,0.4707520890625,0.3899721453125,0,0,0,0,0,0
326,1983_jpg.rf.890b4f6855474bc4b255565bf709df60.jpg,glioma,0.6935933140625,0.6545961,0.7270194984375,0.7325905296874999,0.777158775,0.6796657374999999,0.7883008359375,0.5933147625,0.7715877437499999,0.5571030640625,0.688022284375,0.5292479109375,0.6545961,0.54874651875,0.6462395546875,0.5933147625,0.6935933140625,0.6545961,0,0,0,0,0,0,0,0,0,0
327,1254_jpg.rf.8d5fe51e9aeac5292fdcb1bde50990e3.jpg,pituitary,0.5292479109375,0.509749303125,0.5849582171875001,0.5041782734375,0.59888579375,0.47632312031249996,0.5933147625,0.43454039062499994,0.57381615625,0.4178272984375,0.51810585,0.4122562671875,0.46518105781249997,0.45125348125000003,0.46518105781249997,0.490250696875,0.5292479109375,0.509749303125,0,0,0,0,0,0,0,0,0,0
328,1246_jpg.rf.7539d8309b0c924016a83b05e6f76318.jpg,pituitary,0.42618384374999996,0.46518105781249997,0.479108634375,0.479108634375,0.5348189421875,0.4484679671875,0.53760445625,0.3927576609375,0.5041782734375,0.34261838437500003,0.45125348125000003,0.3314763234375,0.398328690625,0.3899721453125,0.398328690625,0.4122562671875,0.42618384374999996,0.46518105781249997,0,0,0,0,0,0,0,0,0,0
329,2170_jpg.rf.011ad9aad85a02a41f206f77251cb5f5.jpg,glioma,0.626740946875,0.7019498609375,0.6155988859375,0.7186629531250001,0.6155988859375,0.835654596875,0.7019498609375,0.8272980499999999,0.749303621875,0.7910863515625,0.7298050140625,0.777158775,0.7242339828125,0.7353760453125,0.6991643453124999,0.7214484671875,0.6908078,0.7019498609375,0.651810584375,0.6935933140625,0.626740946875,0.7019498609375,0,0,0,0,0,0
330,1200_jpg.rf.9f17075c46f1471c5bd7e1c95a909074.jpg,pituitary,0.43454039062499994,0.4373259046875,0.45125348125000003,0.46239554375,0.520891365625,0.48189415,0.5543175484375,0.4707520890625,0.568245125,0.4484679671875,0.568245125,0.42339832812499995,0.5515320328125,0.398328690625,0.4679665734375,0.3927576609375,0.43454039062499994,0.4150417828125,0.43454039062499994,0.4373259046875,0,0,0,0,0,0,0,0
331,2726_jpg.rf.464ce98386d511759af9a03bf37c5513.jpg,glioma,0.39554317499999997,0.8523676874999999,0.35933147656250003,0.85793871875,0.37604456875,0.8690807796875,0.46239554375,0.8774373265625,0.57381615625,0.855153203125,0.59888579375,0.835654596875,0.6100278546875,0.799442896875,0.5793871859374999,0.7325905296874999,0.571030640625,0.6852367687500001,0.540389971875,0.6545961,0.5013927578125,0.5849582171875001,0.479108634375,0.5626740953125,0.43454039062499994,0.5459610031250001,0.4401114203125,0.571030640625
332,3031_jpg.rf.e1230f1c38186ffceb6fa5eeb37129aa.jpg,glioma,0.42339832812499995,0.740947075,0.428969359375,0.6935933140625,0.40668523749999996,0.59888579375,0.3788300828125,0.540389971875,0.3565459609375,0.42618384374999996,0.311977715625,0.3871866296875,0.2674094703125,0.3816155984375,0.22841225625,0.398328690625,0.194986071875,0.44568245156249997,0.1309192203125,0.459610028125,0.083565459375,0.48746518125,0.055710306249999994,0.5849582171875001,0.0473537609375,0.7325905296874999,0.16155988906250002,0.8133704734375
333,2013_jpg.rf.044772a3ff591ae7e3ba83e84bb50b31.jpg,glioma,0.3342618390625,0.6490250703125,0.31476323125,0.632311978125,0.261838440625,0.6295264625,0.250696378125,0.6573816156250001,0.22841225625,0.6685236765625,0.20612813437500002,0.62395543125,0.16991643437499998,0.6100278546875,0.1559888578125,0.6155988859375,0.1476323125,0.6434540390625,0.114206128125,0.6490250703125,0.10863509687499999,0.6796657374999999,0.119777159375,0.7047353765625,0.175487465625,0.7214484671875,0.20334261874999998,0.749303621875
334,2979_jpg.rf.ef9c301b8f264763b9b7c991a547006b.jpg,glioma,0.49860724218749997,0.626740946875,0.5013927578125,0.6601671312499999,0.53760445625,0.7186629531250001,0.6183844015625,0.7325905296874999,0.682451253125,0.6657381609375,0.6852367687500001,0.6128133703125,0.63509749375,0.5598885796874999,0.571030640625,0.54874651875,0.520891365625,0.5821727015625,0.49860724218749997,0.626740946875,0,0,0,0,0,0,0,0
335,468_jpg.rf.b83858a2c3eb4f3f6d598eef1c5c89b3.jpg,meningioma,0.19777158749999998,0.5459610031250001,0.17270195,0.576601671875,0.17827298125,0.651810584375,0.19777158749999998,0.688022284375,0.2395543171875,0.7270194984375,0.3259052921875,0.749303621875,0.3788300828125,0.6991643453124999,0.37604456875,0.6183844015625,0.32869080781250004,0.5543175484375,0.22841225625,0.5348189421875,0.19777158749999998,0.5459610031250001,0,0,0,0,0,0
336,163_jpg.rf.645c1249b0895cc103b868fafcfb6110.jpg,meningioma,0.3342618390625,0.6685236765625,0.28969359375,0.6406685234375,0.261838440625,0.651810584375,0.2646239546875,0.688022284375,0.286908078125,0.71030640625,0.31476323125,0.71030640625,0.3342618390625,0.6685236765625,0,0,0,0,0,0,0,0,0,0,0,0,0,0
337,2901_jpg.rf.5a5cb537fa5cef4c858ba5db2c7d564a.jpg,glioma,0.6796657374999999,0.3927576609375,0.63509749375,0.3816155984375,0.54874651875,0.40111420625000005,0.520891365625,0.4206128140625,0.490250696875,0.46518105781249997,0.5013927578125,0.5431754875,0.53760445625,0.6072423390624999,0.57381615625,0.6128133703125,0.626740946875,0.5877437328124999,0.6852367687500001,0.5125348187500001,0.7019498609375,0.46239554375,0.6963788296875,0.4150417828125,0.6796657374999999,0.3927576609375,0,0
338,3004_jpg.rf.7ad094273288269bc214111d963dbb81.jpg,glioma,0.484679665625,0.6128133703125,0.47632312031249996,0.5793871859374999,0.43454039062499994,0.5348189421875,0.4206128140625,0.5348189421875,0.4122562671875,0.54874651875,0.4428969359375,0.632311978125,0.47632312031249996,0.6406685234375,0.484679665625,0.6128133703125,0,0,0,0,0,0,0,0,0,0,0,0
339,372_jpg.rf.acbc8c9853b7e2cb3705346c3278c295.jpg,meningioma,0.3565459609375,0.651810584375,0.317548746875,0.6378830078125,0.281337046875,0.6434540390625,0.259052925,0.6211699171875,0.1838440109375,0.6128133703125,0.13649024999999998,0.62395543125,0.1337047359375,0.662952646875,0.1532033421875,0.713091921875,0.21727019531249997,0.7910863515625,0.2757660171875,0.830083565625,0.3231197765625,0.8467966578125001,0.367688021875,0.8467966578125001,0.42339832812499995,0.8022284125000001,0.43175487500000004,0.7604456828124999
340,2235_jpg.rf.f4a2363315de662836740d2916757e5a.jpg,glioma,0.3704735375,0.6378830078125,0.3871866296875,0.62395543125,0.5041782734375,0.6072423390624999,0.6378830078125,0.6685236765625,0.6796657374999999,0.6713091921875,0.7158774375,0.6601671312499999,0.7270194984375,0.6462395546875,0.7242339828125,0.6183844015625,0.6183844015625,0.540389971875,0.59888579375,0.490250696875,0.6072423390624999,0.45403899687499993,0.7047353765625,0.3704735375,0.713091921875,0.348189415625,0.682451253125,0.3454039
341,768_jpg.rf.9e6e4e1efc17fa927c4e458609b6981c.jpg,glioma,0.509749303125,0.3036211703125,0.5431754875,0.281337046875,0.5431754875,0.261838440625,0.5236768796875,0.261838440625,0.49860724218749997,0.2423398328125,0.4373259046875,0.2339832875,0.3509749296875,0.286908078125,0.348189415625,0.3008356546875,0.509749303125,0.3036211703125,0,0,0,0,0,0,0,0,0,0
342,2573_jpg.rf.5b022044dbce57f1638b15dcd6c85751.jpg,glioma,0.00557103125,0.59888579375,0.083565459375,0.688022284375,0.1476323125,0.6935933140625,0.194986071875,0.6601671312499999,0.20612813437500002,0.6295264625,0.1810584953125,0.5654596093750001,0.09192200625,0.5292479109375,0.0417827296875,0.5264623953124999,0.00557103125,0.54874651875,0.00557103125,0.59888579375,0,0,0,0,0,0,0,0
343,939_jpg.rf.6ce72268e0d3357f1f26d107aea1d962.jpg,pituitary,0.34261838437500003,0.576601671875,0.4178272984375,0.5571030640625,0.428969359375,0.53760445625,0.4206128140625,0.46239554375,0.40111420625000005,0.45125348125000003,0.3259052921875,0.45125348125000003,0.286908078125,0.48746518125,0.2952646234375,0.5292479109375,0.34261838437500003,0.576601671875,0,0,0,0,0,0,0,0,0,0
344,1220_jpg.rf.d13ec4aada62e29096c92e61157d6498.jpg,pituitary,0.5877437328124999,0.459610028125,0.6462395546875,0.45403899687499993,0.6713091921875,0.4150417828125,0.662952646875,0.3788300828125,0.6128133703125,0.33983286874999996,0.53760445625,0.32869080781250004,0.515320334375,0.348189415625,0.520891365625,0.4150417828125,0.5877437328124999,0.459610028125,0,0,0,0,0,0,0,0,0,0
345,2416_jpg.rf.dd2cbffce1193317ff7aa4b7c4e1d6c7.jpg,glioma,0.4373259046875,0.16434540312499998,0.4178272984375,0.139275765625,0.3844011140625,0.13649024999999998,0.3537604453125,0.1532033421875,0.32033426249999997,0.1532033421875,0.32869080781250004,0.22284122499999998,0.32033426249999997,0.2423398328125,0.281337046875,0.27298050156250003,0.2841225625,0.311977715625,0.4373259046875,0.317548746875,0.5041782734375,0.25626740937500003,0.484679665625,0.231197771875,0.44568245156249997,0.2089136484375,0.4373259046875,0.16434540312499998
346,684_jpg.rf.5e640ef5b318f62756c76015b47d14e6.jpg,meningioma,0,0.790015,0.033426184375,0.8105849578125,0.10306406718750001,0.8133704734375,0.144846796875,0.79665738125,0.17827298125,0.7520891359374999,0.2144846796875,0.6713091921875,0.2200557109375,0.6295264625,0.16713091875,0.5125348187500001,0.10584958281250001,0.47632312031249996,0.0473537609375,0.4707520890625,0.0083565453125,0.484679665625,0,0.49117920000000004,0,0.790015,0,0
347,2961_jpg.rf.1fe4ad8a500a023bd434373b241768b5.jpg,glioma,0.5041782734375,0.48746518125,0.5013927578125,0.40389972187499995,0.47632312031249996,0.3816155984375,0.4707520890625,0.3621169921875,0.4373259046875,0.3788300828125,0.398328690625,0.42339832812499995,0.3314763234375,0.43454039062499994,0.3816155984375,0.4679665734375,0.36490250625,0.5348189421875,0.367688021875,0.6155988859375,0.3816155984375,0.632311978125,0.4150417828125,0.6434540390625,0.42618384374999996,0.63509749375,0.45403899687499993,0.54874651875
348,559_jpg.rf.0871213412648dd7d8c37881d4a350d4.jpg,meningioma,0.5543175484375,0.261838440625,0.5431754875,0.3231197765625,0.5793871859374999,0.3704735375,0.6462395546875,0.3871866296875,0.6490250703125,0.3509749296875,0.6183844015625,0.24791086406249999,0.596100278125,0.25626740937500003,0.571030640625,0.250696378125,0.5543175484375,0.261838440625,0,0,0,0,0,0,0,0,0,0
349,806_jpg.rf.b5def59c63cdbe522d2c9e94ed10d69b.jpg,glioma,0.3621169921875,0.367688021875,0.43175487500000004,0.3788300828125,0.515320334375,0.37604456875,0.5264623953124999,0.36490250625,0.5348189421875,0.3036211703125,0.459610028125,0.317548746875,0.4401114203125,0.3008356546875,0.4150417828125,0.2980501390625,0.373259053125,0.3314763234375,0.3621169921875,0.367688021875,0,0,0,0,0,0,0,0
350,1506_jpg.rf.827d5fa345ea4f5090aa77d2004e265b.jpg,pituitary,0.74651810625,0.5459610031250001,0.74651810625,0.5348189421875,0.7270194984375,0.48189415,0.6935933140625,0.459610028125,0.6852367687500001,0.43454039062499994,0.6573816156250001,0.4122562671875,0.6434540390625,0.4401114203125,0.59888579375,0.46239554375,0.5626740953125,0.459610028125,0.54874651875,0.47632312031249996,0.5459610031250001,0.5069637890625,0.601671309375,0.5598885796874999,0.6462395546875,0.5654596093750001,0.682451253125,0.5905292484375
351,277_jpg.rf.77c8b42e7569707d649c58582de4846a.jpg,meningioma,0.459610028125,0.7242339828125,0.367688021875,0.6768802234375,0.337047353125,0.682451253125,0.25626740937500003,0.6713091921875,0.21727019531249997,0.6991643453124999,0.19777158749999998,0.7325905296874999,0.194986071875,0.774373259375,0.21169916406249997,0.799442896875,0.27298050156250003,0.824512534375,0.3314763234375,0.8774373265625,0.43454039062499994,0.880222840625,0.46518105781249997,0.8635097500000001,0.490250696875,0.7827298046875,0.479108634375,0.743732590625
352,1531_jpg.rf.0041f68e95d166e73c1ce8aa415cdee6.jpg,pituitary,0.626740946875,0.39554317499999997,0.596100278125,0.3621169921875,0.576601671875,0.35933147656250003,0.5292479109375,0.3899721453125,0.5125348187500001,0.45125348125000003,0.4707520890625,0.428969359375,0.4373259046875,0.44568245156249997,0.42618384374999996,0.5041782734375,0.4373259046875,0.5264623953124999,0.5041782734375,0.5571030640625,0.5598885796874999,0.5515320328125,0.5821727015625,0.490250696875,0.6295264625,0.4206128140625,0.626740946875,0.39554317499999997
353,809_jpg.rf.c9fcd89a5724091deed43edc0b57e5aa.jpg,glioma,0.42339832812499995,0.7298050140625,0.4428969359375,0.682451253125,0.3704735375,0.6295264625,0.3259052921875,0.6183844015625,0.2841225625,0.6406685234375,0.2841225625,0.7799442890625,0.3509749296875,0.7855153203125,0.42339832812499995,0.7298050140625,0,0,0,0,0,0,0,0,0,0,0,0
354,374_jpg.rf.4b44edbb0e3ab3569f12fbed65880798.jpg,meningioma,0.398328690625,0.6935933140625,0.33983286874999996,0.6155988859375,0.31476323125,0.5598885796874999,0.22841225625,0.53760445625,0.10306406718750001,0.5905292484375,0.08077994375,0.6211699171875,0.08077994375,0.6378830078125,0.139275765625,0.7325905296874999,0.21727019531249997,0.830083565625,0.2980501390625,0.8718662953124999,0.3704735375,0.8774373265625,0.4150417828125,0.8412256265625,0.4206128140625,0.8189415046875,0.4206128140625,0.7520891359374999
355,301_jpg.rf.9745b62caaff72c36ebb5a6555d9297a.jpg,meningioma,0.3899721453125,0.428969359375,0.3342618390625,0.35933147656250003,0.2980501390625,0.3454039,0.3064066859375,0.311977715625,0.2646239546875,0.25626740937500003,0.19777158749999998,0.24791086406249999,0.1559888578125,0.259052925,0.11699164375,0.2952646234375,0.0612813375,0.4206128140625,0.050139275000000004,0.48746518125,0.250696378125,0.576601671875,0.3064066859375,0.6183844015625,0.34261838437500003,0.6128133703125,0.3704735375,0.5933147625
356,1761_jpg.rf.3f95c9e7b11f908128f081a25a9e39ab.jpg,pituitary,0.5348189421875,0.3342618390625,0.484679665625,0.31476323125,0.47632312031249996,0.3844011140625,0.490250696875,0.40111420625000005,0.515320334375,0.40389972187499995,0.5431754875,0.367688021875,0.5348189421875,0.3342618390625,0,0,0,0,0,0,0,0,0,0,0,0,0,0
357,2805_jpg.rf.7819be144c192dff92d5a5df133b7a2c.jpg,glioma,0.2980501390625,0.479108634375,0.2841225625,0.45125348125000003,0.2200557109375,0.4373259046875,0.17270195,0.45403899687499993,0.144846796875,0.49582172656249995,0.16434540312499998,0.5236768796875,0.16434540312499998,0.5459610031250001,0.10863509687499999,0.5626740953125,0.0947075203125,0.59888579375,0.2144846796875,0.7019498609375,0.231197771875,0.7047353765625,0.292479109375,0.6545961,0.286908078125,0.5571030640625,0.2980501390625,0.479108634375
358,1229_jpg.rf.ef4b1abeed2daf1c23ef419063c96fe5.jpg,pituitary,0.5264623953124999,0.46518105781249997,0.5626740953125,0.46518105781249997,0.576601671875,0.43175487500000004,0.576601671875,0.39554317499999997,0.5626740953125,0.3788300828125,0.5348189421875,0.37604456875,0.515320334375,0.42618384374999996,0.51810585,0.45403899687499993,0.5264623953124999,0.46518105781249997,0,0,0,0,0,0,0,0,0,0
359,722_jpg.rf.5bd3388c5cd0ee49323d0a3bb1aeff04.jpg,glioma,0.6685236765625,0.250696378125,0.682451253125,0.2701949859375,0.7353760453125,0.261838440625,0.7604456828124999,0.22562674062500002,0.7604456828124999,0.20612813437500002,0.743732590625,0.1838440109375,0.7325905296874999,0.17270195,0.71030640625,0.17270195,0.6713091921875,0.20334261874999998,0.6685236765625,0.250696378125,0,0,0,0,0,0,0,0
360,1665_jpg.rf.182cb67d6d5a498e549f3939c34f449f.jpg,pituitary,0.5292479109375,0.5348189421875,0.540389971875,0.4373259046875,0.5236768796875,0.4178272984375,0.49303621093750005,0.40668523749999996,0.479108634375,0.42618384374999996,0.47632312031249996,0.47353760468750006,0.49582172656249995,0.51810585,0.5292479109375,0.5348189421875,0,0,0,0,0,0,0,0,0,0,0,0
361,1604_jpg.rf.20d72e2cdf677597c08fe575d33c243b.jpg,pituitary,0.4428969359375,0.5236768796875,0.47353760468750006,0.5292479109375,0.49303621093750005,0.5041782734375,0.49582172656249995,0.47632312031249996,0.479108634375,0.4568245125,0.44568245156249997,0.45403899687499993,0.42339832812499995,0.4707520890625,0.42618384374999996,0.5041782734375,0.4428969359375,0.5236768796875,0,0,0,0,0,0,0,0,0,0
362,2945_jpg.rf.8f74fdecc407638f130df1c6e88b21bb.jpg,glioma,0.3091922,0.144846796875,0.231197771875,0.21169916406249997,0.2089136484375,0.2451253484375,0.16713091875,0.3565459609375,0.17827298125,0.3871866296875,0.25348189374999996,0.4094707515625,0.337047353125,0.40668523749999996,0.42339832812499995,0.3259052921875,0.43175487500000004,0.2701949859375,0.4178272984375,0.20055710312500002,0.3844011140625,0.16713091875,0.3091922,0.144846796875,0,0,0,0
363,1398_jpg.rf.26e57644c89824c99fe6e92fd8828cd0.jpg,pituitary,0.2980501390625,0.4401114203125,0.3008356546875,0.49860724218749997,0.3454039,0.576601671875,0.398328690625,0.5821727015625,0.4428969359375,0.5515320328125,0.46518105781249997,0.5125348187500001,0.48189415,0.43175487500000004,0.4568245125,0.39554317499999997,0.4206128140625,0.37604456875,0.348189415625,0.367688021875,0.2980501390625,0.4401114203125,0,0,0,0,0,0
364,1410_jpg.rf.f911c2a520088d8e72f25c874d280534.jpg,pituitary,0.3871866296875,0.5459610031250001,0.44568245156249997,0.571030640625,0.48189415,0.571030640625,0.48189415,0.5431754875,0.45403899687499993,0.48746518125,0.46239554375,0.4428969359375,0.45403899687499993,0.428969359375,0.4094707515625,0.4206128140625,0.3899721453125,0.4401114203125,0.3871866296875,0.5459610031250001,0,0,0,0,0,0,0,0
365,1455_jpg.rf.4e32de0e4f7eb94d990dcd02e966a1e6.jpg,pituitary,0.4150417828125,0.515320334375,0.4150417828125,0.49860724218749997,0.3927576609375,0.47353760468750006,0.3565459609375,0.46239554375,0.337047353125,0.4707520890625,0.3231197765625,0.5236768796875,0.367688021875,0.5515320328125,0.4150417828125,0.515320334375,0,0,0,0,0,0,0,0,0,0,0,0
366,1682_jpg.rf.5532342f38cc6712df034338398f44d0.jpg,pituitary,0.459610028125,0.428969359375,0.46239554375,0.46518105781249997,0.5013927578125,0.5041782734375,0.5654596093750001,0.5069637890625,0.5793871859374999,0.48189415,0.571030640625,0.3927576609375,0.5320334265625,0.3342618390625,0.5125348187500001,0.32869080781250004,0.49303621093750005,0.3899721453125,0.459610028125,0.428969359375,0,0,0,0,0,0,0,0
367,2179_jpg.rf.8df17d88e1da5e4abfc1b2e21a7372fe.jpg,glioma,0.7270194984375,0.40389972187499995,0.7158774375,0.36490250625,0.6796657374999999,0.35933147656250003,0.6434540390625,0.3899721453125,0.63509749375,0.48189415,0.62395543125,0.49582172656249995,0.6295264625,0.5320334265625,0.7270194984375,0.5515320328125,0.85793871875,0.5598885796874999,0.885793871875,0.509749303125,0.8690807796875,0.484679665625,0.8635097500000001,0.42618384374999996,0.777158775,0.4373259046875,0.7270194984375,0.40389972187499995
368,793_jpg.rf.8680a4f3c9a4e83147c95aa2beaa5e33.jpg,glioma,0.32869080781250004,0.428969359375,0.43175487500000004,0.46239554375,0.5431754875,0.42339832812499995,0.568245125,0.3788300828125,0.601671309375,0.3927576609375,0.6462395546875,0.3871866296875,0.6852367687500001,0.3509749296875,0.6935933140625,0.32033426249999997,0.688022284375,0.281337046875,0.6462395546875,0.19777158749999998,0.5905292484375,0.17270195,0.5236768796875,0.16434540312499998,0.484679665625,0.13649024999999998,0.459610028125,0.13649024999999998
369,1560_jpg.rf.2e1d2493d63a3277e6385d8e1abcb8db.jpg,pituitary,0.5348189421875,0.5933147625,0.6072423390624999,0.5933147625,0.62395543125,0.54874651875,0.6211699171875,0.515320334375,0.571030640625,0.45403899687499993,0.5431754875,0.4484679671875,0.490250696875,0.48746518125,0.49582172656249995,0.5459610031250001,0.5348189421875,0.5933147625,0,0,0,0,0,0,0,0,0,0
370,2403_jpg.rf.ea9c356e12de8204a1762764e89e0b7b.jpg,glioma,0.261838440625,0.27298050156250003,0.2674094703125,0.281337046875,0.3064066859375,0.286908078125,0.3537604453125,0.259052925,0.3621169921875,0.21169916406249997,0.311977715625,0.20055710312500002,0.2841225625,0.21727019531249997,0.2785515328125,0.250696378125,0.261838440625,0.27298050156250003,0,0,0,0,0,0,0,0,0,0
371,522_jpg.rf.17b00bb74dbbacad3cf6fc12b57a8e15.jpg,meningioma,0.10863509687499999,0.48189415,0.07520891406249999,0.509749303125,0.058495821875,0.6573816156250001,0.09192200625,0.6908078,0.12813370468750002,0.6908078,0.1894150421875,0.6545961,0.2089136484375,0.6211699171875,0.2200557109375,0.568245125,0.21169916406249997,0.5320334265625,0.1894150421875,0.5013927578125,0.14206128125,0.48189415,0.10863509687499999,0.48189415,0,0,0,0
372,2006_jpg.rf.70af932b7f4e76ca5dd9c9cb2fa1a9f8.jpg,glioma,0.27298050156250003,0.231197771875,0.24791086406249999,0.22841225625,0.1476323125,0.28969359375,0.11142061249999999,0.33983286874999996,0.1838440109375,0.3788300828125,0.22841225625,0.4206128140625,0.2785515328125,0.42618384374999996,0.2980501390625,0.40668523749999996,0.3064066859375,0.3621169921875,0.3454039,0.311977715625,0.3342618390625,0.286908078125,0.2952646234375,0.2674094703125,0.27298050156250003,0.231197771875,0,0
373,1595_jpg.rf.ad568e44f59fcb5cf4d518157d60395a.jpg,pituitary,0.53760445625,0.5348189421875,0.5320334265625,0.48746518125,0.51810585,0.4679665734375,0.490250696875,0.459610028125,0.48189415,0.5292479109375,0.5041782734375,0.5515320328125,0.5292479109375,0.54874651875,0.53760445625,0.5348189421875,0,0,0,0,0,0,0,0,0,0,0,0
374,2376_jpg.rf.b0a3371b1d7e6cf300966ae99e706851.jpg,glioma,0.6740947078125,0.6128133703125,0.632311978125,0.571030640625,0.5292479109375,0.5236768796875,0.484679665625,0.48746518125,0.44568245156249997,0.484679665625,0.4094707515625,0.5236768796875,0.40668523749999996,0.5933147625,0.43454039062499994,0.6155988859375,0.44568245156249997,0.6657381609375,0.4707520890625,0.682451253125,0.49303621093750005,0.7186629531250001,0.515320334375,0.7298050140625,0.5654596093750001,0.7242339828125,0.632311978125,0.688022284375
375,1462_jpg.rf.1b5a3d6b1b79e98f36b93161ad65ea1c.jpg,pituitary,0.596100278125,0.3899721453125,0.5571030640625,0.3927576609375,0.5431754875,0.4094707515625,0.5013927578125,0.4178272984375,0.45125348125000003,0.45125348125000003,0.45125348125000003,0.5013927578125,0.484679665625,0.5571030640625,0.5571030640625,0.5654596093750001,0.604456825,0.520891365625,0.6128133703125,0.45403899687499993,0.6072423390624999,0.40389972187499995,0.596100278125,0.3899721453125,0,0,0,0
376,583_jpg.rf.5691b8eb63fb35b044f52018002119e4.jpg,meningioma,0.5041782734375,0.6935933140625,0.49582172656249995,0.7270194984375,0.5041782734375,0.7604456828124999,0.5264623953124999,0.793871865625,0.568245125,0.8105849578125,0.6768802234375,0.8161559890625,0.7214484671875,0.7715877437499999,0.713091921875,0.6796657374999999,0.651810584375,0.6183844015625,0.596100278125,0.6100278546875,0.5041782734375,0.6935933140625,0,0,0,0,0,0
377,481_jpg.rf.8c18c763feee53971fd048f640a5a08a.jpg,meningioma,0.830083565625,0.348189415625,0.824512534375,0.311977715625,0.774373259375,0.24791086406249999,0.7019498609375,0.2200557109375,0.6657381609375,0.1894150421875,0.6295264625,0.1838440109375,0.596100278125,0.20612813437500002,0.5905292484375,0.259052925,0.626740946875,0.34261838437500003,0.6434540390625,0.3537604453125,0.6545961,0.40389972187499995,0.688022284375,0.40111420625000005,0.7019498609375,0.36490250625,0.749303621875,0.3621169921875
378,2238_jpg.rf.3fb16c5a50314833f0c14fa869dd223a.jpg,glioma,0.688022284375,0.8384401109375,0.777158775,0.8467966578125001,0.8161559890625,0.799442896875,0.8133704734375,0.74651810625,0.777158775,0.7186629531250001,0.7214484671875,0.7158774375,0.6685236765625,0.738161559375,0.662952646875,0.8105849578125,0.688022284375,0.8384401109375,0,0,0,0,0,0,0,0,0,0
379,1036_jpg.rf.08d37679a9c0aacbf1169c0dd303a78d.jpg,pituitary,0.6183844015625,0.43175487500000004,0.54874651875,0.4428969359375,0.520891365625,0.428969359375,0.490250696875,0.428969359375,0.4401114203125,0.44568245156249997,0.40668523749999996,0.490250696875,0.40111420625000005,0.54874651875,0.4178272984375,0.5821727015625,0.4679665734375,0.6155988859375,0.5543175484375,0.576601671875,0.6100278546875,0.5877437328124999,0.6462395546875,0.509749303125,0.6490250703125,0.4707520890625,0.6378830078125,0.44568245156249997
380,2582_jpg.rf.518d16f8b543d84378ddd5297467de55.jpg,glioma,0.4178272984375,0.63509749375,0.4094707515625,0.6100278546875,0.3509749296875,0.5849582171875001,0.317548746875,0.5292479109375,0.286908078125,0.5236768796875,0.24791086406249999,0.5348189421875,0.16155988906250002,0.5320334265625,0.1559888578125,0.540389971875,0.16155988906250002,0.576601671875,0.2200557109375,0.6935933140625,0.24791086406249999,0.7186629531250001,0.2674094703125,0.6935933140625,0.3091922,0.6713091921875,0.36490250625,0.6740947078125
381,718_jpg.rf.ed719a794b22e0f2d9d95ed5bd40873c.jpg,glioma,0.662952646875,0.71030640625,0.682451253125,0.7019498609375,0.7298050140625,0.7632311984375,0.79665738125,0.774373259375,0.8161559890625,0.7548746515625,0.835654596875,0.7019498609375,0.85793871875,0.682451253125,0.8495821734375,0.6378830078125,0.8774373265625,0.62395543125,0.8412256265625,0.6155988859375,0.7883008359375,0.6378830078125,0.7353760453125,0.62395543125,0.6740947078125,0.6657381609375,0.6462395546875,0.6685236765625
382,1067_jpg.rf.10e70595ff8afe2abf0e230171937a90.jpg,pituitary,0.5125348187500001,0.6100278546875,0.540389971875,0.6295264625,0.5571030640625,0.5264623953124999,0.5459610031250001,0.45125348125000003,0.5348189421875,0.43175487500000004,0.51810585,0.428969359375,0.49860724218749997,0.44568245156249997,0.48746518125,0.520891365625,0.5125348187500001,0.6100278546875,0,0,0,0,0,0,0,0,0,0
383,1109_jpg.rf.2d90d3edc3978b35cdaa4ba96adca628.jpg,pituitary,0.53760445625,0.53760445625,0.5793871859374999,0.46239554375,0.568245125,0.42618384374999996,0.5264623953124999,0.4178272984375,0.484679665625,0.45403899687499993,0.47632312031249996,0.5431754875,0.490250696875,0.571030640625,0.53760445625,0.53760445625,0,0,0,0,0,0,0,0,0,0,0,0
384,1051_jpg.rf.2cb85fa68ea831400d3317c234de0f0a.jpg,pituitary,0.6406685234375,0.3816155984375,0.5849582171875001,0.3565459609375,0.459610028125,0.42339832812499995,0.4206128140625,0.46518105781249997,0.4094707515625,0.5236768796875,0.4568245125,0.5849582171875001,0.5543175484375,0.5793871859374999,0.62395543125,0.596100278125,0.6573816156250001,0.568245125,0.6685236765625,0.5431754875,0.651810584375,0.48746518125,0.662952646875,0.4122562671875,0.6406685234375,0.3816155984375,0,0
385,1601_jpg.rf.2d2b3317a1fa28df26e3010724c275a2.jpg,pituitary,0.51810585,0.44568245156249997,0.49582172656249995,0.46239554375,0.4679665734375,0.4401114203125,0.4373259046875,0.43454039062499994,0.39554317499999997,0.479108634375,0.4150417828125,0.5264623953124999,0.45125348125000003,0.5459610031250001,0.49582172656249995,0.5459610031250001,0.520891365625,0.57381615625,0.568245125,0.57381615625,0.5877437328124999,0.5292479109375,0.5877437328124999,0.48189415,0.576601671875,0.46239554375,0.5515320328125,0.44568245156249997
386,2591_jpg.rf.cbb63c30bfaa17c70eaa1e6504da30b4.jpg,glioma,0.5793871859374999,0.4150417828125,0.53760445625,0.43175487500000004,0.5041782734375,0.47632312031249996,0.5041782734375,0.515320334375,0.5292479109375,0.568245125,0.6100278546875,0.5905292484375,0.6796657374999999,0.5626740953125,0.713091921875,0.515320334375,0.71030640625,0.49860724218749997,0.6796657374999999,0.479108634375,0.6378830078125,0.42618384374999996,0.5793871859374999,0.4150417828125,0,0,0,0
387,1469_jpg.rf.20cf6926eabafa7e105984aec17c239a.jpg,pituitary,0.6072423390624999,0.43454039062499994,0.5905292484375,0.428969359375,0.540389971875,0.49860724218749997,0.596100278125,0.5571030640625,0.6211699171875,0.53760445625,0.62395543125,0.48746518125,0.6072423390624999,0.43454039062499994,0,0,0,0,0,0,0,0,0,0,0,0,0,0
388,76_jpg.rf.047c5041b6c64cac11edbdc457a28a01.jpg,meningioma,0.459610028125,0.571030640625,0.5292479109375,0.5459610031250001,0.5654596093750001,0.490250696875,0.5626740953125,0.4094707515625,0.54874651875,0.37604456875,0.47353760468750006,0.32869080781250004,0.4679665734375,0.3036211703125,0.45125348125000003,0.28969359375,0.4094707515625,0.286908078125,0.40389972187499995,0.27298050156250003,0.367688021875,0.2646239546875,0.3314763234375,0.2757660171875,0.3064066859375,0.2980501390625,0.292479109375,0.337047353125
389,2601_jpg.rf.1c1e1aa91fecfb32adaa8c16425b8cc0.jpg,glioma,0.4428969359375,0.768802228125,0.4568245125,0.7520891359374999,0.4568245125,0.6657381609375,0.373259053125,0.5877437328124999,0.3621169921875,0.4401114203125,0.3036211703125,0.37604456875,0.24791086406249999,0.3342618390625,0.19777158749999998,0.3231197765625,0.16155988906250002,0.3454039,0.194986071875,0.40389972187499995,0.20334261874999998,0.490250696875,0.1532033421875,0.5626740953125,0.1476323125,0.6406685234375,0.1894150421875,0.6740947078125
390,319_jpg.rf.9e498245852e148bc86f5c8c1023bacf.jpg,meningioma,0.4150417828125,0.6100278546875,0.46518105781249997,0.713091921875,0.490250696875,0.7325905296874999,0.5431754875,0.7298050140625,0.5821727015625,0.6852367687500001,0.576601671875,0.62395543125,0.49303621093750005,0.576601671875,0.4568245125,0.57381615625,0.42339832812499995,0.5933147625,0.4150417828125,0.6100278546875,0,0,0,0,0,0,0,0
391,2673_jpg.rf.7611397a6e13f1158bfeb47cd1a084d3.jpg,glioma,0.540389971875,0.8913649031249999,0.5821727015625,0.8885793874999999,0.604456825,0.8690807796875,0.6434540390625,0.8105849578125,0.6406685234375,0.79665738125,0.5933147625,0.749303621875,0.5459610031250001,0.6378830078125,0.49860724218749997,0.6406685234375,0.40111420625000005,0.540389971875,0.3565459609375,0.5264623953124999,0.2841225625,0.576601671875,0.2757660171875,0.63509749375,0.311977715625,0.6713091921875,0.428969359375,0.707520890625
392,2002_jpg.rf.50f2a570bf080e8f9bbabbdcedb3e2b6.jpg,glioma,0.3008356546875,0.5654596093750001,0.1838440109375,0.5849582171875001,0.16434540312499998,0.59888579375,0.16713091875,0.6462395546875,0.2200557109375,0.7270194984375,0.27298050156250003,0.743732590625,0.3621169921875,0.749303621875,0.4206128140625,0.7242339828125,0.46239554375,0.6545961,0.45125348125000003,0.596100278125,0.4122562671875,0.5654596093750001,0.3008356546875,0.5654596093750001,0,0,0,0
393,1932_jpg.rf.2895da050c752cbab6de741cd4b2f214.jpg,glioma,0.4150417828125,0.8746518109375,0.3816155984375,0.8161559890625,0.3816155984375,0.777158775,0.398328690625,0.749303621875,0.36490250625,0.738161559375,0.33983286874999996,0.6935933140625,0.317548746875,0.707520890625,0.2980501390625,0.743732590625,0.250696378125,0.7520891359374999,0.250696378125,0.7715877437499999,0.2757660171875,0.7827298046875,0.2701949859375,0.8328690812499999,0.286908078125,0.8662952640625001,0.311977715625,0.8830083562500001
394,2448_jpg.rf.d259a4fc51588705bd26732e3dce0330.jpg,glioma,0.59888579375,0.5571030640625,0.604456825,0.5348189421875,0.59888579375,0.49860724218749997,0.5821727015625,0.48189415,0.51810585,0.45125348125000003,0.479108634375,0.4484679671875,0.4122562671875,0.459610028125,0.3788300828125,0.49582172656249995,0.36490250625,0.5292479109375,0.36490250625,0.6685236765625,0.3844011140625,0.6908078,0.44568245156249997,0.7214484671875,0.46518105781249997,0.7186629531250001,0.5125348187500001,0.6657381609375
395,77_jpg.rf.a3ecf46d6f22d20d46965ac07d2d7f93.jpg,meningioma,0.47353760468750006,0.3064066859375,0.45125348125000003,0.27298050156250003,0.40668523749999996,0.261838440625,0.3314763234375,0.2980501390625,0.2841225625,0.3565459609375,0.2339832875,0.5348189421875,0.4094707515625,0.540389971875,0.5041782734375,0.5264623953124999,0.5320334265625,0.5125348187500001,0.5654596093750001,0.47353760468750006,0.571030640625,0.4373259046875,0.540389971875,0.367688021875,0.47353760468750006,0.32869080781250004,0.47353760468750006,0.3064066859375
396,2703_jpg.rf.580c9d5b345ad97251f2e4939da40c9b.jpg,glioma,0.46239554375,0.8440111421875001,0.49582172656249995,0.8384401109375,0.5264623953124999,0.799442896875,0.520891365625,0.777158775,0.45403899687499993,0.7325905296874999,0.43175487500000004,0.7325905296874999,0.43175487500000004,0.7827298046875,0.4150417828125,0.8328690812499999,0.46239554375,0.8440111421875001,0,0,0,0,0,0,0,0,0,0
397,523_jpg.rf.e9591f66bd6f01d4fe0199b81b052497.jpg,meningioma,0.250696378125,0.4707520890625,0.25348189374999996,0.43454039062499994,0.292479109375,0.40111420625000005,0.2980501390625,0.3454039,0.2701949859375,0.3036211703125,0.231197771875,0.286908078125,0.20612813437500002,0.261838440625,0.16991643437499998,0.250696378125,0.175487465625,0.231197771875,0.1587743734375,0.21169916406249997,0.055710306249999994,0.261838440625,0.013927576562499999,0.3342618390625,0.0167130921875,0.3871866296875,0.0417827296875,0.43175487500000004
398,2111_jpg.rf.4a7e77ae6e229b0a647e9ab0366d284f.jpg,glioma,0.45403899687499993,0.3621169921875,0.42339832812499995,0.3621169921875,0.40389972187499995,0.3454039,0.373259053125,0.34261838437500003,0.3537604453125,0.311977715625,0.34261838437500003,0.3342618390625,0.3509749296875,0.37604456875,0.40389972187499995,0.39554317499999997,0.4178272984375,0.4178272984375,0.4150417828125,0.45403899687499993,0.4401114203125,0.45403899687499993,0.46239554375,0.4094707515625,0.49860724218749997,0.373259053125,0.48746518125,0.34261838437500003
399,1162_jpg.rf.4b618f3a8e2ffd7ea98c162771b9febf.jpg,pituitary,0.713091921875,0.63509749375,0.7548746515625,0.6211699171875,0.7883008359375,0.5292479109375,0.7855153203125,0.48189415,0.774373259375,0.46518105781249997,0.7325905296874999,0.4373259046875,0.6963788296875,0.43175487500000004,0.6462395546875,0.4401114203125,0.6155988859375,0.48189415,0.6100278546875,0.515320334375,0.6100278546875,0.57381615625,0.6295264625,0.604456825,0.6573816156250001,0.6072423390624999,0.6657381609375,0.63509749375
400,1733_jpg.rf.e444b25bf7e2293e80b40ec88de8ce2e.jpg,pituitary,0.5125348187500001,0.3091922,0.48746518125,0.3036211703125,0.4401114203125,0.317548746875,0.42339832812499995,0.3788300828125,0.42339832812499995,0.42618384374999996,0.4568245125,0.4484679671875,0.515320334375,0.45125348125000003,0.568245125,0.4428969359375,0.601671309375,0.42339832812499995,0.6072423390624999,0.3871866296875,0.59888579375,0.3621169921875,0.5515320328125,0.3537604453125,0.5125348187500001,0.3091922,0,0
401,243_jpg.rf.fc16575683a8b1eccf1fafe605e7bde9.jpg,meningioma,0.6963788296875,0.25626740937500003,0.6545961,0.22841225625,0.6072423390624999,0.22284122499999998,0.568245125,0.250696378125,0.5320334265625,0.3091922,0.5348189421875,0.3816155984375,0.5543175484375,0.4094707515625,0.5821727015625,0.4206128140625,0.63509749375,0.4150417828125,0.6908078,0.3899721453125,0.713091921875,0.3704735375,0.7298050140625,0.32869080781250004,0.7270194984375,0.2980501390625,0.6963788296875,0.25626740937500003
402,197_jpg.rf.13736f35b7b16c6a97ca9ad9db99823a.jpg,meningioma,0.6657381609375,0.2423398328125,0.5571030640625,0.23676880156250002,0.49860724218749997,0.281337046875,0.490250696875,0.311977715625,0.45403899687499993,0.34261838437500003,0.46518105781249997,0.3927576609375,0.48746518125,0.42339832812499995,0.604456825,0.509749303125,0.8050139281250001,0.4428969359375,0.799442896875,0.3565459609375,0.7270194984375,0.2952646234375,0.7047353765625,0.261838440625,0.6657381609375,0.2423398328125,0,0
403,323_jpg.rf.03282b70012be0f864b3a92df4bbd9bd.jpg,meningioma,0.5793871859374999,0.3064066859375,0.509749303125,0.286908078125,0.47353760468750006,0.3036211703125,0.46239554375,0.36490250625,0.4679665734375,0.40389972187499995,0.5013927578125,0.428969359375,0.5292479109375,0.42618384374999996,0.5626740953125,0.3788300828125,0.6406685234375,0.367688021875,0.6685236765625,0.348189415625,0.6685236765625,0.32033426249999997,0.63509749375,0.3008356546875,0.5793871859374999,0.3064066859375,0,0
404,2415_jpg.rf.7486fefd6da7ea25b8624eb8569b19a5.jpg,glioma,0.40111420625000005,0.1810584953125,0.3816155984375,0.16434540312499998,0.348189415625,0.16155988906250002,0.3231197765625,0.16991643437499998,0.3259052921875,0.20055710312500002,0.3036211703125,0.23676880156250002,0.28969359375,0.3008356546875,0.32033426249999997,0.292479109375,0.33983286874999996,0.3091922,0.3565459609375,0.3091922,0.479108634375,0.2701949859375,0.48746518125,0.2339832875,0.45125348125000003,0.194986071875,0.40111420625000005,0.1810584953125
405,648_jpg.rf.8aefd5dc680797ab304032ac8d25e36e.jpg,meningioma,0.40668523749999996,0.2646239546875,0.3704735375,0.2841225625,0.3008356546875,0.40389972187499995,0.292479109375,0.45125348125000003,0.337047353125,0.484679665625,0.3704735375,0.48746518125,0.4178272984375,0.47353760468750006,0.46239554375,0.4094707515625,0.47632312031249996,0.348189415625,0.46518105781249997,0.2841225625,0.44568245156249997,0.2674094703125,0.40668523749999996,0.2646239546875,0,0,0,0
406,174_jpg.rf.40bba697caad1f550fc89aba6e596be8.jpg,meningioma,0.3816155984375,0.5877437328124999,0.337047353125,0.6128133703125,0.311977715625,0.59888579375,0.2841225625,0.601671309375,0.28969359375,0.6963788296875,0.281337046875,0.7270194984375,0.348189415625,0.7715877437499999,0.4094707515625,0.7827298046875,0.4373259046875,0.7604456828124999,0.45403899687499993,0.62395543125,0.4428969359375,0.5905292484375,0.3816155984375,0.5877437328124999,0,0,0,0
407,2313_jpg.rf.dbeeeeb57f8dc0ff13344b98dab58e09.jpg,glioma,0.6100278546875,0.22562674062500002,0.540389971875,0.250696378125,0.48746518125,0.2980501390625,0.48746518125,0.39554317499999997,0.49860724218749997,0.4401114203125,0.5849582171875001,0.47353760468750006,0.6378830078125,0.46518105781249997,0.713091921875,0.3816155984375,0.7242339828125,0.348189415625,0.6852367687500001,0.2423398328125,0.6573816156250001,0.22841225625,0.6100278546875,0.22562674062500002,0,0,0,0
408,459_jpg.rf.e3b1b4e3e0b9af6081424c4049c35efe.jpg,meningioma,0.2785515328125,0.3064066859375,0.311977715625,0.2646239546875,0.3036211703125,0.20055710312500002,0.25348189374999996,0.17270195,0.175487465625,0.2674094703125,0.19777158749999998,0.3036211703125,0.23676880156250002,0.317548746875,0.2785515328125,0.3064066859375,0,0,0,0,0,0,0,0,0,0,0,0
409,758_jpg.rf.34663e00ceb12f2134fad2314c032821.jpg,glioma,0.5041782734375,0.604456825,0.459610028125,0.62395543125,0.42339832812499995,0.6601671312499999,0.4094707515625,0.6991643453124999,0.4178272984375,0.74651810625,0.4428969359375,0.7520891359374999,0.4679665734375,0.7353760453125,0.54874651875,0.713091921875,0.5598885796874999,0.6545961,0.54874651875,0.62395543125,0.53760445625,0.6100278546875,0.5041782734375,0.604456825,0,0,0,0
410,2362_jpg.rf.b0c9e35e526a237b8b5ea8ade040c27f.jpg,glioma,0.4568245125,0.6908078,0.5041782734375,0.6768802234375,0.48189415,0.651810584375,0.40111420625000005,0.6155988859375,0.3899721453125,0.626740946875,0.3899721453125,0.6545961,0.40389972187499995,0.6796657374999999,0.4568245125,0.6908078,0,0,0,0,0,0,0,0,0,0,0,0
411,952_jpg.rf.0f23cd4c19cdc197a52c667f48e468e1.jpg,pituitary,0.3816155984375,0.5626740953125,0.40668523749999996,0.5626740953125,0.4428969359375,0.5292479109375,0.44568245156249997,0.490250696875,0.42618384374999996,0.4401114203125,0.3788300828125,0.43454039062499994,0.35933147656250003,0.45125348125000003,0.3621169921875,0.540389971875,0.3816155984375,0.5626740953125,0,0,0,0,0,0,0,0,0,0
412,2920_jpg.rf.7672f45f896a4004fd47fc1300e3ab6b.jpg,glioma,0.3788300828125,0.490250696875,0.4094707515625,0.4401114203125,0.398328690625,0.3565459609375,0.37604456875,0.3064066859375,0.3091922,0.22562674062500002,0.2646239546875,0.2089136484375,0.22562674062500002,0.22284122499999998,0.17827298125,0.2701949859375,0.12813370468750002,0.337047353125,0.11142061249999999,0.3899721453125,0.10863509687499999,0.4428969359375,0.119777159375,0.48746518125,0.16991643437499998,0.5348189421875,0.21169916406249997,0.5459610031250001
413,90_jpg.rf.c968945341d1a0ef70c41e59f92a65c0.jpg,meningioma,0.9108635093749999,0.5431754875,0.91922005625,0.484679665625,0.8830083562500001,0.44568245156249997,0.7827298046875,0.46518105781249997,0.7325905296874999,0.5236768796875,0.707520890625,0.5348189421875,0.7186629531250001,0.6378830078125,0.7660167125,0.6908078,0.7883008359375,0.6963788296875,0.8217270187500001,0.682451253125,0.8077994421874999,0.62395543125,0.8133704734375,0.601671309375,0.885793871875,0.5849582171875001,0.9108635093749999,0.5431754875
414,2343_jpg.rf.d2fcbc31526c448ed6f5991a6a796471.jpg,glioma,0.32869080781250004,0.17827298125,0.286908078125,0.17827298125,0.22562674062500002,0.2089136484375,0.1894150421875,0.250696378125,0.1838440109375,0.2841225625,0.25348189374999996,0.4206128140625,0.27298050156250003,0.4373259046875,0.32033426249999997,0.4484679671875,0.3704735375,0.43175487500000004,0.4094707515625,0.2841225625,0.3899721453125,0.2339832875,0.3621169921875,0.19777158749999998,0.32869080781250004,0.17827298125,0,0
415,1993_jpg.rf.43523a5714649ff73d4e7ae0de69f829.jpg,glioma,0.25626740937500003,0.6768802234375,0.22841225625,0.6155988859375,0.1504178265625,0.6128133703125,0.119777159375,0.5933147625,0.052924790624999996,0.5849582171875001,0.055710306249999994,0.6545961,0.10306406718750001,0.7660167125,0.1253481890625,0.7855153203125,0.22562674062500002,0.8189415046875,0.23676880156250002,0.8133704734375,0.23676880156250002,0.7910863515625,0.3036211703125,0.774373259375,0.33983286874999996,0.74651810625,0.34261838437500003,0.7270194984375
416,1936_jpg.rf.ffd530f5e113e8f1faf336477d21a49f.jpg,glioma,0.6713091921875,0.9470752093750001,0.7047353765625,0.9247910859375,0.7715877437499999,0.9275766015625001,0.8161559890625,0.9025069640625001,0.824512534375,0.8885793874999999,0.8189415046875,0.8189415046875,0.8635097500000001,0.774373259375,0.8913649031249999,0.7186629531250001,0.8941504171875,0.688022284375,0.855153203125,0.6713091921875,0.8133704734375,0.6713091921875,0.662952646875,0.7242339828125,0.6155988859375,0.7214484671875,0.5877437328124999,0.707520890625
417,2133_jpg.rf.f6932c18a1bf2bcc7ed39d22500934e9.jpg,glioma,0.604456825,0.9108635093749999,0.713091921875,0.8746518109375,0.768802228125,0.835654596875,0.7883008359375,0.7883008359375,0.7660167125,0.7715877437499999,0.7298050140625,0.777158775,0.713091921875,0.768802228125,0.6963788296875,0.7548746515625,0.6991643453124999,0.7325905296874999,0.7883008359375,0.6963788296875,0.85793871875,0.6434540390625,0.8495821734375,0.6211699171875,0.79665738125,0.6155988859375,0.7353760453125,0.626740946875
418,2692_jpg.rf.f58eb5e650bd83ac6677bf42b750108d.jpg,glioma,0.3899721453125,0.2200557109375,0.3036211703125,0.3454039,0.3036211703125,0.37604456875,0.33983286874999996,0.4178272984375,0.367688021875,0.428969359375,0.40389972187499995,0.428969359375,0.44568245156249997,0.4094707515625,0.49303621093750005,0.33983286874999996,0.484679665625,0.2980501390625,0.46239554375,0.261838440625,0.42339832812499995,0.22562674062500002,0.3899721453125,0.2200557109375,0,0,0,0
419,2999_jpg.rf.0dac35909f0be0d66f24a5159d0d964b.jpg,glioma,0.6378830078125,0.45125348125000003,0.651810584375,0.3927576609375,0.6406685234375,0.373259053125,0.6155988859375,0.36490250625,0.5877437328124999,0.3816155984375,0.5431754875,0.3788300828125,0.515320334375,0.34261838437500003,0.4568245125,0.32869080781250004,0.4568245125,0.37604456875,0.4679665734375,0.40668523749999996,0.48189415,0.4150417828125,0.484679665625,0.5236768796875,0.46239554375,0.5626740953125,0.4679665734375,0.6100278546875
420,1627_jpg.rf.950f4969796644f5640c59a041e33986.jpg,pituitary,0.5933147625,0.5320334265625,0.6183844015625,0.6072423390624999,0.63509749375,0.6211699171875,0.6545961,0.6211699171875,0.7242339828125,0.5821727015625,0.749303621875,0.5598885796874999,0.7576601671875001,0.5348189421875,0.7520891359374999,0.4679665734375,0.71030640625,0.40111420625000005,0.7047353765625,0.3231197765625,0.6796657374999999,0.317548746875,0.59888579375,0.3621169921875,0.5793871859374999,0.3816155984375,0.57381615625,0.4206128140625
421,1272_jpg.rf.e8de755d0f017c25ebfc91289a1f4382.jpg,pituitary,0.490250696875,0.3704735375,0.49582172656249995,0.398328690625,0.5626740953125,0.42339832812499995,0.54874651875,0.3788300828125,0.509749303125,0.348189415625,0.490250696875,0.3704735375,0,0,0,0,0,0,0,0,0,0,0,0,0,0,0,0
422,1387_jpg.rf.a09ddbd1f994b5b19acada0be950e9e3.jpg,pituitary,0.20334261874999998,0.479108634375,0.20612813437500002,0.515320334375,0.23676880156250002,0.5571030640625,0.3259052921875,0.515320334375,0.3509749296875,0.479108634375,0.3509749296875,0.46239554375,0.3259052921875,0.4484679671875,0.2423398328125,0.43454039062499994,0.2144846796875,0.45403899687499993,0.20334261874999998,0.479108634375,0,0,0,0,0,0,0,0
423,795_jpg.rf.540ce0a4d85ae256132efe302fd5d5a0.jpg,glioma,0.3231197765625,0.49303621093750005,0.3816155984375,0.49582172656249995,0.520891365625,0.47632312031249996,0.5459610031250001,0.45125348125000003,0.54874651875,0.348189415625,0.5905292484375,0.286908078125,0.5933147625,0.2451253484375,0.5543175484375,0.2089136484375,0.5013927578125,0.20612813437500002,0.48189415,0.16155988906250002,0.428969359375,0.1532033421875,0.31476323125,0.17827298125,0.25626740937500003,0.20612813437500002,0.2200557109375,0.261838440625
424,1598_jpg.rf.15100dfa8ac6f7b162bdbf69bc8d0dbd.jpg,pituitary,0.6128133703125,0.5571030640625,0.6573816156250001,0.576601671875,0.6908078,0.5543175484375,0.6935933140625,0.5125348187500001,0.682451253125,0.43454039062499994,0.6490250703125,0.42339832812499995,0.6100278546875,0.46239554375,0.601671309375,0.515320334375,0.6128133703125,0.5571030640625,0,0,0,0,0,0,0,0,0,0
425,2830_jpg.rf.6e78e9bb2636a25fed1ad25ca2ad69e9.jpg,glioma,0.37604456875,0.7604456828124999,0.311977715625,0.743732590625,0.2952646234375,0.7632311984375,0.2952646234375,0.8133704734375,0.36490250625,0.824512534375,0.3816155984375,0.7910863515625,0.37604456875,0.7604456828124999,0,0,0,0,0,0,0,0,0,0,0,0,0,0
426,2156_jpg.rf.c72824968ee3a589c21c9dc1234b1cdb.jpg,glioma,0.6545961,0.31476323125,0.6183844015625,0.25626740937500003,0.5793871859374999,0.24791086406249999,0.5069637890625,0.2701949859375,0.4428969359375,0.3259052921875,0.3509749296875,0.3844011140625,0.3314763234375,0.4094707515625,0.34261838437500003,0.45125348125000003,0.3844011140625,0.4707520890625,0.4679665734375,0.47353760468750006,0.5905292484375,0.4484679671875,0.6434540390625,0.4122562671875,0.6573816156250001,0.3816155984375,0.6545961,0.31476323125
427,1748_jpg.rf.abe127a8638d094c62f366ea86528fa1.jpg,pituitary,0.5320334265625,0.3871866296875,0.5654596093750001,0.39554317499999997,0.5821727015625,0.3621169921875,0.5821727015625,0.317548746875,0.571030640625,0.3036211703125,0.54874651875,0.3036211703125,0.520891365625,0.31476323125,0.5125348187500001,0.35933147656250003,0.5320334265625,0.3871866296875,0,0,0,0,0,0,0,0,0,0
428,39_jpg.rf.3a9338afb8fb8fd6a008b87d4023ec44.jpg,meningioma,0.27298050156250003,0.5013927578125,0.286908078125,0.5320334265625,0.36490250625,0.5877437328124999,0.4206128140625,0.5654596093750001,0.484679665625,0.48189415,0.48189415,0.46239554375,0.4150417828125,0.3899721453125,0.3816155984375,0.3844011140625,0.3064066859375,0.45125348125000003,0.27298050156250003,0.5013927578125,0,0,0,0,0,0,0,0
429,573_jpg.rf.492f477ccf0d391b6d435ddbb5df1f71.jpg,meningioma,0.25348189374999996,0.3064066859375,0.1894150421875,0.3342618390625,0.17270195,0.3621169921875,0.1894150421875,0.45403899687499993,0.22284122499999998,0.479108634375,0.250696378125,0.47353760468750006,0.32033426249999997,0.428969359375,0.3537604453125,0.37604456875,0.3537604453125,0.348189415625,0.337047353125,0.3231197765625,0.3036211703125,0.3064066859375,0.25348189374999996,0.3064066859375,0,0,0,0
430,1283_jpg.rf.a42f9cc128279a1c24c1df3f34164200.jpg,pituitary,0.37604456875,0.5459610031250001,0.4206128140625,0.5431754875,0.4401114203125,0.5041782734375,0.4373259046875,0.4484679671875,0.40668523749999996,0.42339832812499995,0.3537604453125,0.4206128140625,0.32869080781250004,0.4707520890625,0.34261838437500003,0.5320334265625,0.37604456875,0.5459610031250001,0,0,0,0,0,0,0,0,0,0
431,1623_jpg.rf.4be933fa36d76448c80c73aa10dedf95.jpg,pituitary,0.6713091921875,0.43175487500000004,0.604456825,0.459610028125,0.5626740953125,0.42339832812499995,0.515320334375,0.4206128140625,0.4707520890625,0.44568245156249997,0.44568245156249997,0.49860724218749997,0.4568245125,0.54874651875,0.49303621093750005,0.5933147625,0.5543175484375,0.601671309375,0.6100278546875,0.5626740953125,0.6657381609375,0.571030640625,0.713091921875,0.53760445625,0.7214484671875,0.47632312031249996,0.7019498609375,0.4373259046875
432,338_jpg.rf.29d9606b36fbc59b210012a5385cc634.jpg,meningioma,0.1476323125,0.373259053125,0.1309192203125,0.428969359375,0.1337047359375,0.47632312031249996,0.1559888578125,0.49582172656249995,0.19777158749999998,0.509749303125,0.3064066859375,0.5125348187500001,0.3342618390625,0.46239554375,0.32033426249999997,0.40389972187499995,0.2646239546875,0.348189415625,0.19777158749999998,0.337047353125,0.1476323125,0.373259053125,0,0,0,0,0,0
433,182_jpg.rf.62d3c529a2e39dbe26ab7769e53a508a.jpg,meningioma,0.713091921875,0.3509749296875,0.651810584375,0.348189415625,0.6072423390624999,0.3816155984375,0.59888579375,0.40668523749999996,0.59888579375,0.43175487500000004,0.63509749375,0.5264623953124999,0.6740947078125,0.5543175484375,0.6991643453124999,0.5571030640625,0.7910863515625,0.5236768796875,0.799442896875,0.515320334375,0.79665738125,0.4401114203125,0.777158775,0.3788300828125,0.713091921875,0.3509749296875,0,0
434,3010_jpg.rf.e5434300d6198d6ebf2731b826d7041f.jpg,glioma,0.49303621093750005,0.3509749296875,0.4707520890625,0.311977715625,0.4568245125,0.3064066859375,0.43454039062499994,0.428969359375,0.45125348125000003,0.4484679671875,0.479108634375,0.44568245156249997,0.48746518125,0.47632312031249996,0.515320334375,0.48746518125,0.53760445625,0.47353760468750006,0.5459610031250001,0.45403899687499993,0.5905292484375,0.4401114203125,0.596100278125,0.3816155984375,0.5571030640625,0.348189415625,0.49303621093750005,0.3509749296875
435,511_jpg.rf.0911c6b8dad0c16ff3fab0eb75affaf8.jpg,meningioma,0.48189415,0.51810585,0.479108634375,0.479108634375,0.45403899687499993,0.4484679671875,0.42618384374999996,0.43175487500000004,0.373259053125,0.43175487500000004,0.2952646234375,0.4679665734375,0.25626740937500003,0.520891365625,0.2200557109375,0.53760445625,0.2089136484375,0.5571030640625,0.2200557109375,0.62395543125,0.2451253484375,0.662952646875,0.2785515328125,0.6963788296875,0.337047353125,0.713091921875,0.39554317499999997,0.71030640625
436,1136_jpg.rf.ff092f83d72825279c7f63e9a9a6888c.jpg,pituitary,0.428969359375,0.568245125,0.5125348187500001,0.57381615625,0.53760445625,0.5348189421875,0.5320334265625,0.46239554375,0.5013927578125,0.4373259046875,0.45403899687499993,0.42339832812499995,0.40389972187499995,0.5013927578125,0.40111420625000005,0.5459610031250001,0.428969359375,0.568245125,0,0,0,0,0,0,0,0,0,0
437,536_jpg.rf.142c7c5d5e6e4ea393e12f0ef42e9d33.jpg,meningioma,0.3871866296875,0.3314763234375,0.3008356546875,0.25626740937500003,0.22841225625,0.2395543171875,0.1476323125,0.2701949859375,0.10584958281250001,0.3314763234375,0.055710306249999994,0.46518105781249997,0.058495821875,0.49582172656249995,0.08077994375,0.5264623953124999,0.1894150421875,0.5543175484375,0.23676880156250002,0.5543175484375,0.32869080781250004,0.5348189421875,0.398328690625,0.48189415,0.4122562671875,0.3844011140625,0.3871866296875,0.3314763234375
438,1654_jpg.rf.4fe2965cdae5a7b6140f687ff07f8747.jpg,pituitary,0.6406685234375,0.3537604453125,0.604456825,0.3314763234375,0.5821727015625,0.3621169921875,0.596100278125,0.4094707515625,0.651810584375,0.4150417828125,0.6573816156250001,0.3927576609375,0.6406685234375,0.3537604453125,0,0,0,0,0,0,0,0,0,0,0,0,0,0
439,719_jpg.rf.301dc0ce691327bb215f8a8cec2b1652.jpg,glioma,0.5905292484375,0.7270194984375,0.6295264625,0.8050139281250001,0.7799442890625,0.8050139281250001,0.8328690812499999,0.7270194984375,0.885793871875,0.6768802234375,0.8774373265625,0.626740946875,0.85793871875,0.6100278546875,0.6462395546875,0.601671309375,0.5793871859374999,0.6573816156250001,0.5905292484375,0.7270194984375,0,0,0,0,0,0,0,0
440,636_jpg.rf.ada99bf0ced3d4f61e4e32b2aae78821.jpg,meningioma,0.5571030640625,0.6100278546875,0.5598885796874999,0.5571030640625,0.520891365625,0.490250696875,0.47632312031249996,0.4707520890625,0.4122562671875,0.4707520890625,0.3704735375,0.490250696875,0.3342618390625,0.5292479109375,0.31476323125,0.57381615625,0.31476323125,0.6155988859375,0.32869080781250004,0.6573816156250001,0.3509749296875,0.682451253125,0.39554317499999997,0.707520890625,0.4401114203125,0.71030640625,0.47632312031249996,0.7019498609375
441,2822_jpg.rf.4f9b192aeb8b387723e243aedc5484b6.jpg,glioma,0.250696378125,0.596100278125,0.2980501390625,0.6155988859375,0.337047353125,0.5905292484375,0.348189415625,0.540389971875,0.3231197765625,0.49860724218749997,0.2674094703125,0.484679665625,0.22284122499999998,0.509749303125,0.2144846796875,0.54874651875,0.250696378125,0.596100278125,0,0,0,0,0,0,0,0,0,0
442,162_jpg.rf.c3452d46d7300ccc466c9c879e01b787.jpg,meningioma,0.5348189421875,0.5041782734375,0.51810585,0.5292479109375,0.520891365625,0.5905292484375,0.5459610031250001,0.6378830078125,0.601671309375,0.6378830078125,0.6740947078125,0.5821727015625,0.6713091921875,0.5515320328125,0.651810584375,0.520891365625,0.5905292484375,0.49582172656249995,0.5543175484375,0.49582172656249995,0.5348189421875,0.5041782734375,0,0,0,0,0,0
443,1476_jpg.rf.c52dda15aea4d6780ed5ec992f087e58.jpg,pituitary,0.5125348187500001,0.4373259046875,0.47632312031249996,0.43454039062499994,0.4373259046875,0.490250696875,0.4707520890625,0.5515320328125,0.5125348187500001,0.540389971875,0.5236768796875,0.515320334375,0.5125348187500001,0.4373259046875,0,0,0,0,0,0,0,0,0,0,0,0,0,0
444,180_jpg.rf.fd5eef69f5c5713148fbb9f6ed5dd06d.jpg,meningioma,0.682451253125,0.3621169921875,0.63509749375,0.3927576609375,0.6295264625,0.48746518125,0.6490250703125,0.540389971875,0.6685236765625,0.5515320328125,0.713091921875,0.5515320328125,0.7632311984375,0.5292479109375,0.7910863515625,0.45403899687499993,0.7910863515625,0.4094707515625,0.7827298046875,0.3871866296875,0.7548746515625,0.3704735375,0.682451253125,0.3621169921875,0,0,0,0
445,1850_jpg.rf.cbad32730e157fe1b350a3e8f54ce379.jpg,glioma,0.6657381609375,0.1337047359375,0.6406685234375,0.1532033421875,0.62395543125,0.28969359375,0.6601671312499999,0.3314763234375,0.71030640625,0.33983286874999996,0.7298050140625,0.3231197765625,0.740947075,0.281337046875,0.774373259375,0.2423398328125,0.7855153203125,0.20055710312500002,0.7520891359374999,0.1587743734375,0.6963788296875,0.1337047359375,0.6657381609375,0.1337047359375,0,0,0,0
446,2602_jpg.rf.3d2f11134b2f1444ce675ed32cdf7120.jpg,glioma,0.281337046875,0.62395543125,0.2952646234375,0.6100278546875,0.35933147656250003,0.47353760468750006,0.3621169921875,0.4401114203125,0.292479109375,0.3927576609375,0.261838440625,0.33983286874999996,0.1894150421875,0.32033426249999997,0.1587743734375,0.34261838437500003,0.1838440109375,0.40111420625000005,0.1838440109375,0.42618384374999996,0.175487465625,0.5069637890625,0.1532033421875,0.5543175484375,0.1532033421875,0.5821727015625,0.1838440109375,0.6183844015625
447,2751_jpg.rf.f438d55eb16e43dd56e63a6183c85ee1.jpg,glioma,0.25626740937500003,0.8105849578125,0.2841225625,0.8328690812499999,0.31476323125,0.830083565625,0.337047353125,0.777158775,0.3342618390625,0.7298050140625,0.3091922,0.7214484671875,0.2701949859375,0.7353760453125,0.259052925,0.777158775,0.25626740937500003,0.8105849578125,0,0,0,0,0,0,0,0,0,0
448,1197_jpg.rf.8bfa39f28a7aa8fd1f2de740b7be3f4e.jpg,pituitary,0.571030640625,0.3091922,0.5236768796875,0.3036211703125,0.5125348187500001,0.42339832812499995,0.596100278125,0.43454039062499994,0.6155988859375,0.398328690625,0.6128133703125,0.3454039,0.571030640625,0.3091922,0,0,0,0,0,0,0,0,0,0,0,0,0,0
449,2831_jpg.rf.484507a13771575a4e357a6d4c6ed44b.jpg,glioma,0.43454039062499994,0.428969359375,0.3788300828125,0.42339832812499995,0.3259052921875,0.4373259046875,0.286908078125,0.47353760468750006,0.250696378125,0.54874651875,0.250696378125,0.571030640625,0.3509749296875,0.5905292484375,0.37604456875,0.6100278546875,0.40668523749999996,0.6128133703125,0.48746518125,0.5654596093750001,0.5013927578125,0.509749303125,0.48189415,0.459610028125,0.43454039062499994,0.428969359375,0,0
450,1783_jpg.rf.6ed0c789c44a2d5ad6c7585c3295107f.jpg,pituitary,0.6852367687500001,0.317548746875,0.6573816156250001,0.3454039,0.6295264625,0.40111420625000005,0.6378830078125,0.428969359375,0.7548746515625,0.4484679671875,0.7799442890625,0.4206128140625,0.7883008359375,0.3816155984375,0.7799442890625,0.348189415625,0.7576601671875001,0.311977715625,0.7298050140625,0.3036211703125,0.6852367687500001,0.317548746875,0,0,0,0,0,0
451,2101_jpg.rf.83a7be4c98f9ab60b3d6dfc45a799f38.jpg,glioma,0.3342618390625,0.6657381609375,0.34261838437500003,0.6963788296875,0.3844011140625,0.71030640625,0.4428969359375,0.6963788296875,0.45403899687499993,0.682451253125,0.4484679671875,0.6434540390625,0.40111420625000005,0.604456825,0.367688021875,0.59888579375,0.33983286874999996,0.6100278546875,0.3342618390625,0.6657381609375,0,0,0,0,0,0,0,0
452,1737_jpg.rf.c238ffa687333a289a5adf3ab71d3942.jpg,pituitary,0.6406685234375,0.281337046875,0.59888579375,0.2451253484375,0.49303621093750005,0.22841225625,0.46518105781249997,0.23676880156250002,0.45125348125000003,0.25348189374999996,0.40389972187499995,0.2646239546875,0.3927576609375,0.2980501390625,0.42618384374999996,0.3844011140625,0.484679665625,0.4150417828125,0.515320334375,0.4150417828125,0.5793871859374999,0.3927576609375,0.6128133703125,0.36490250625,0.6406685234375,0.32033426249999997,0.6406685234375,0.281337046875
453,2226_jpg.rf.e4ac93bc7f7f5d222f743d0eee8e3ac5.jpg,glioma,0.48189415,0.682451253125,0.45125348125000003,0.7214484671875,0.4484679671875,0.799442896875,0.479108634375,0.8328690812499999,0.5849582171875001,0.835654596875,0.596100278125,0.8217270187500001,0.596100278125,0.7827298046875,0.5849582171875001,0.7047353765625,0.5598885796874999,0.6740947078125,0.5125348187500001,0.6713091921875,0.48189415,0.682451253125,0,0,0,0,0,0
454,919_jpg.rf.e57465754696271120811b6b3689040c.jpg,pituitary,0.5654596093750001,0.428969359375,0.576601671875,0.46518105781249997,0.6155988859375,0.47632312031249996,0.62395543125,0.515320334375,0.6490250703125,0.490250696875,0.6573816156250001,0.4206128140625,0.6490250703125,0.40389972187499995,0.604456825,0.3927576609375,0.571030640625,0.4094707515625,0.5654596093750001,0.428969359375,0,0,0,0,0,0,0,0
455,958_jpg.rf.f0ed04b1db44a06c36dee75d3843e897.jpg,pituitary,0.317548746875,0.4373259046875,0.2980501390625,0.5013927578125,0.3008356546875,0.5236768796875,0.32869080781250004,0.576601671875,0.3844011140625,0.59888579375,0.42618384374999996,0.571030640625,0.428969359375,0.5264623953124999,0.40668523749999996,0.47632312031249996,0.36490250625,0.45403899687499993,0.3342618390625,0.4206128140625,0.317548746875,0.4373259046875,0,0,0,0,0,0
456,1859_jpg.rf.9246b670f622b5f14bb2b7f702269581.jpg,glioma,0.53760445625,0.596100278125,0.27298050156250003,0.5236768796875,0.2395543171875,0.571030640625,0.2339832875,0.651810584375,0.2757660171875,0.71030640625,0.2980501390625,0.774373259375,0.46239554375,0.835654596875,0.5041782734375,0.8189415046875,0.5264623953124999,0.7548746515625,0.54874651875,0.74651810625,0.5849582171875001,0.707520890625,0.596100278125,0.6490250703125,0.53760445625,0.596100278125,0,0
457,555_jpg.rf.08314ac75a09b65eb4f32260a8ec1832.jpg,meningioma,0.4094707515625,0.5849582171875001,0.37604456875,0.6100278546875,0.37604456875,0.6211699171875,0.4178272984375,0.688022284375,0.46518105781249997,0.7158774375,0.5041782734375,0.713091921875,0.5348189421875,0.682451253125,0.540389971875,0.6183844015625,0.479108634375,0.571030640625,0.45403899687499993,0.568245125,0.4094707515625,0.5849582171875001,0,0,0,0,0,0
458,1671_jpg.rf.e7a9302c16652c474c49f3a99b658c8f.jpg,pituitary,0.5125348187500001,0.49303621093750005,0.53760445625,0.5041782734375,0.5571030640625,0.4679665734375,0.5515320328125,0.42339832812499995,0.5264623953124999,0.3816155984375,0.5041782734375,0.3788300828125,0.48189415,0.4122562671875,0.484679665625,0.4568245125,0.5125348187500001,0.49303621093750005,0,0,0,0,0,0,0,0,0,0
459,54_jpg.rf.1d0f04df659cd5289e3ad243067c8985.jpg,meningioma,0.632311978125,0.7883008359375,0.6935933140625,0.8022284125000001,0.738161559375,0.7632311984375,0.738161559375,0.7158774375,0.682451253125,0.6573816156250001,0.6295264625,0.6434540390625,0.5877437328124999,0.6740947078125,0.5821727015625,0.7242339828125,0.632311978125,0.7883008359375,0,0,0,0,0,0,0,0,0,0
460,1370_jpg.rf.d2bffcb7be0bc975a7732ef2992f4f68.jpg,pituitary,0.3314763234375,0.4373259046875,0.3259052921875,0.479108634375,0.292479109375,0.5348189421875,0.292479109375,0.5793871859374999,0.32033426249999997,0.6072423390624999,0.373259053125,0.5933147625,0.4094707515625,0.5264623953124999,0.40111420625000005,0.4484679671875,0.3816155984375,0.43175487500000004,0.3454039,0.42618384374999996,0.3314763234375,0.4373259046875,0,0,0,0,0,0
461,2474_jpg.rf.913c76f28606512396227130f559ac6b.jpg,glioma,0.2980501390625,0.799442896875,0.3036211703125,0.7660167125,0.2980501390625,0.6462395546875,0.2423398328125,0.6128133703125,0.1309192203125,0.596100278125,0.114206128125,0.626740946875,0.16155988906250002,0.63509749375,0.17270195,0.6490250703125,0.119777159375,0.688022284375,0.050139275000000004,0.682451253125,0.050139275000000004,0.71030640625,0.10863509687499999,0.7799442890625,0.14206128125,0.8022284125000001,0.22841225625,0.8272980499999999
462,453_jpg.rf.535653deeecf101ff875e72bd2fc42a9.jpg,meningioma,0.367688021875,0.2701949859375,0.3259052921875,0.3621169921875,0.33983286874999996,0.4178272984375,0.398328690625,0.46239554375,0.4206128140625,0.459610028125,0.48746518125,0.4178272984375,0.5069637890625,0.3927576609375,0.48746518125,0.292479109375,0.4568245125,0.25348189374999996,0.4178272984375,0.2423398328125,0.367688021875,0.2701949859375,0,0,0,0,0,0
463,31_jpg.rf.5520c7b4314459d58b640bb1f368cb36.jpg,meningioma,0.32869080781250004,0.2451253484375,0.2646239546875,0.2200557109375,0.24791086406249999,0.22841225625,0.2144846796875,0.281337046875,0.2144846796875,0.317548746875,0.23676880156250002,0.3816155984375,0.2674094703125,0.40389972187499995,0.367688021875,0.428969359375,0.4150417828125,0.3788300828125,0.4401114203125,0.32033426249999997,0.42339832812499995,0.3008356546875,0.3509749296875,0.2701949859375,0.32869080781250004,0.2451253484375,0,0
464,2234_jpg.rf.3cd611c0c41a7ff808c5ad559c918788.jpg,glioma,0.47632312031249996,0.5821727015625,0.4707520890625,0.4428969359375,0.39554317499999997,0.40111420625000005,0.34261838437500003,0.3899721453125,0.34261838437500003,0.48746518125,0.2841225625,0.6406685234375,0.4428969359375,0.6211699171875,0.47632312031249996,0.5821727015625,0,0,0,0,0,0,0,0,0,0,0,0
465,1559_jpg.rf.4d0ce28af00a3f0eff1cf7ec2d70e45a.jpg,pituitary,0.604456825,0.5933147625,0.6211699171875,0.540389971875,0.5821727015625,0.4679665734375,0.5571030640625,0.4484679671875,0.5013927578125,0.484679665625,0.49860724218749997,0.5236768796875,0.54874651875,0.596100278125,0.604456825,0.5933147625,0,0,0,0,0,0,0,0,0,0,0,0
466,2424_jpg.rf.4998f00fa197cfcbee9234adb35dbd52.jpg,glioma,0.28969359375,0.8774373265625,0.4060227109375,0.8882045984375001,0.520891365625,0.8523676874999999,0.53760445625,0.8217270187500001,0.5626740953125,0.8105849578125,0.6072423390624999,0.7632311984375,0.63509749375,0.688022284375,0.626740946875,0.6211699171875,0.5571030640625,0.5877437328124999,0.5598885796874999,0.6183844015625,0.5264623953124999,0.6545961,0.459610028125,0.651810584375,0.4373259046875,0.6657381609375,0.428969359375,0.707520890625
467,1730_jpg.rf.1f69b6c5a5a117a0b7b82df863ef4004.jpg,pituitary,0.509749303125,0.5125348187500001,0.6155988859375,0.515320334375,0.6295264625,0.4373259046875,0.7158774375,0.428969359375,0.7827298046875,0.4094707515625,0.7883008359375,0.3231197765625,0.7548746515625,0.261838440625,0.6935933140625,0.22562674062500002,0.59888579375,0.22284122499999998,0.5793871859374999,0.27298050156250003,0.571030640625,0.2646239546875,0.5793871859374999,0.2339832875,0.5654596093750001,0.231197771875,0.540389971875,0.24791086406249999
468,363_jpg.rf.6749cc502a04461816ebb64882e62c93.jpg,meningioma,0.11142061249999999,0.3064066859375,0.08077994375,0.31476323125,0.0473537609375,0.348189415625,0.0389972140625,0.47632312031249996,0.0779944296875,0.5041782734375,0.16155988906250002,0.5069637890625,0.1922005578125,0.49303621093750005,0.2200557109375,0.459610028125,0.22284122499999998,0.3816155984375,0.1810584953125,0.3231197765625,0.1504178265625,0.3064066859375,0.11142061249999999,0.3064066859375,0,0,0,0
469,2171_jpg.rf.49bb288b1b776d7c3be7df1b4690ccc9.jpg,glioma,0.6796657374999999,0.6685236765625,0.6183844015625,0.6545961,0.5821727015625,0.662952646875,0.5654596093750001,0.6796657374999999,0.5654596093750001,0.7325905296874999,0.6100278546875,0.7632311984375,0.6406685234375,0.768802228125,0.6490250703125,0.7855153203125,0.6740947078125,0.7883008359375,0.7270194984375,0.740947075,0.7298050140625,0.707520890625,0.713091921875,0.6852367687500001,0.6796657374999999,0.6685236765625,0,0
470,2525_jpg.rf.bcb5a957fdad09bb6b4b56abb97d2456.jpg,glioma,0.367688021875,0.47632312031249996,0.3788300828125,0.4428969359375,0.3788300828125,0.3816155984375,0.36490250625,0.33983286874999996,0.3259052921875,0.3008356546875,0.2674094703125,0.28969359375,0.2339832875,0.3036211703125,0.19777158749999998,0.33983286874999996,0.16155988906250002,0.398328690625,0.1309192203125,0.48189415,0.1309192203125,0.5348189421875,0.17827298125,0.5264623953124999,0.23676880156250002,0.49303621093750005,0.24791086406249999,0.4679665734375
471,1537_jpg.rf.5ba3d2853298b8044fb48ae256869b7a.jpg,pituitary,0.57381615625,0.42339832812499995,0.568245125,0.4401114203125,0.571030640625,0.5125348187500001,0.5571030640625,0.5515320328125,0.6155988859375,0.571030640625,0.6545961,0.5125348187500001,0.6601671312499999,0.459610028125,0.6545961,0.4401114203125,0.626740946875,0.4150417828125,0.596100278125,0.4122562671875,0.57381615625,0.42339832812499995,0,0,0,0,0,0
472,1002_jpg.rf.74495c845455dec52db120e378834be9.jpg,pituitary,0.39554317499999997,0.5626740953125,0.43454039062499994,0.568245125,0.46239554375,0.540389971875,0.46573477656250006,0.4867470421875,0.45729601875,0.438060971875,0.4178272984375,0.42618384374999996,0.37604456875,0.4679665734375,0.3704735375,0.5236768796875,0.39554317499999997,0.5626740953125,0,0,0,0,0,0,0,0,0,0
473,2257_jpg.rf.222e8e46f4d42e4002d7e0343b5cd2fd.jpg,glioma,0.3509749296875,0.3899721453125,0.311977715625,0.3871866296875,0.2674094703125,0.4122562671875,0.2339832875,0.4568245125,0.1810584953125,0.47632312031249996,0.16713091875,0.5515320328125,0.2674094703125,0.5459610031250001,0.2980501390625,0.5654596093750001,0.32033426249999997,0.5654596093750001,0.3927576609375,0.5320334265625,0.40389972187499995,0.5013927578125,0.3871866296875,0.43175487500000004,0.3509749296875,0.3899721453125,0,0
474,258_jpg.rf.1ca36b44758f922a5216c4b04c9baa11.jpg,meningioma,0.5125348187500001,0.459610028125,0.479108634375,0.4206128140625,0.4401114203125,0.4150417828125,0.40111420625000005,0.3899721453125,0.367688021875,0.4150417828125,0.348189415625,0.4568245125,0.3509749296875,0.520891365625,0.367688021875,0.5459610031250001,0.43175487500000004,0.576601671875,0.484679665625,0.576601671875,0.49860724218749997,0.5654596093750001,0.49303621093750005,0.5236768796875,0.5125348187500001,0.515320334375,0.51810585,0.49860724218749997
475,218_jpg.rf.69e41e8956f11b192cd9ee28c156282e.jpg,meningioma,0.4401114203125,0.5320334265625,0.4206128140625,0.5905292484375,0.45125348125000003,0.632311978125,0.5348189421875,0.682451253125,0.5571030640625,0.6406685234375,0.5571030640625,0.5905292484375,0.520891365625,0.5654596093750001,0.5013927578125,0.5264623953124999,0.49860724218749997,0.48189415,0.490250696875,0.48189415,0.4401114203125,0.5320334265625,0,0,0,0,0,0
476,2090_jpg.rf.662c35a978bdf4b7d4a90c0a1c0fdbdc.jpg,glioma,0.348189415625,0.835654596875,0.398328690625,0.8635097500000001,0.48746518125,0.8830083562500001,0.576601671875,0.8830083562500001,0.5877437328124999,0.8746518109375,0.6072423390624999,0.8412256265625,0.6128133703125,0.79665738125,0.57381615625,0.7353760453125,0.5821727015625,0.651810584375,0.571030640625,0.6295264625,0.5515320328125,0.62395543125,0.5069637890625,0.6434540390625,0.48746518125,0.6991643453124999,0.44568245156249997,0.7353760453125
477,2040_jpg.rf.7b6dd6580d17f618db075b2ee5e3d8f7.jpg,glioma,0.4679665734375,0.596100278125,0.428969359375,0.5598885796874999,0.36490250625,0.5320334265625,0.3008356546875,0.5292479109375,0.2451253484375,0.5543175484375,0.21169916406249997,0.59888579375,0.1838440109375,0.6100278546875,0.1559888578125,0.6462395546875,0.1587743734375,0.688022284375,0.2674094703125,0.8105849578125,0.311977715625,0.799442896875,0.32869080781250004,0.71030640625,0.4373259046875,0.6852367687500001,0.4707520890625,0.6490250703125
478,414_jpg.rf.2190c1b4a945cd79375e5d1548922646.jpg,meningioma,0.5348189421875,0.47632312031249996,0.5654596093750001,0.479108634375,0.59888579375,0.45403899687499993,0.59888579375,0.40389972187499995,0.576601671875,0.3704735375,0.5348189421875,0.3537604453125,0.5041782734375,0.367688021875,0.49582172656249995,0.45403899687499993,0.5348189421875,0.47632312031249996,0,0,0,0,0,0,0,0,0,0
479,816_jpg.rf.89f6036046dd47ab03afd04e950c1a62.jpg,glioma,0.3899721453125,0.4178272984375,0.3621169921875,0.398328690625,0.35933147656250003,0.34261838437500003,0.34261838437500003,0.3091922,0.2785515328125,0.261838440625,0.21727019531249997,0.2451253484375,0.16713091875,0.2451253484375,0.1225626734375,0.2646239546875,0.0668523671875,0.32869080781250004,0.052924790624999996,0.367688021875,0.0612813375,0.4122562671875,0.1532033421875,0.484679665625,0.1922005578125,0.5320334265625,0.2451253484375,0.5571030640625
480,2918_jpg.rf.235e886eedd810f5fbb1fc3d748c9752.jpg,glioma,0.2757660171875,0.259052925,0.1922005578125,0.25348189374999996,0.1532033421875,0.292479109375,0.119777159375,0.3621169921875,0.09192200625,0.4707520890625,0.10027855156250001,0.5013927578125,0.16713091875,0.51810585,0.22841225625,0.51810585,0.281337046875,0.5041782734375,0.3788300828125,0.4568245125,0.3788300828125,0.39554317499999997,0.3091922,0.286908078125,0.2757660171875,0.259052925,0,0
481,2092_jpg.rf.e02b0df41a9db96dc74a4fd3111d2c0d.jpg,glioma,0.6490250703125,0.85793871875,0.6545961,0.8384401109375,0.632311978125,0.8189415046875,0.5905292484375,0.8161559890625,0.5543175484375,0.8384401109375,0.540389971875,0.8328690812499999,0.5292479109375,0.7632311984375,0.5459610031250001,0.7520891359374999,0.54874651875,0.713091921875,0.5264623953124999,0.6991643453124999,0.4484679671875,0.8105849578125,0.4122562671875,0.8189415046875,0.3844011140625,0.793871865625,0.36490250625,0.7910863515625
482,3050_jpg.rf.79623ccdcd2694235b0c200e5f71e2ac.jpg,glioma,0.5069637890625,0.16713091875,0.4707520890625,0.11699164375,0.40668523749999996,0.09192200625,0.33983286874999996,0.09192200625,0.2757660171875,0.114206128125,0.2395543171875,0.1587743734375,0.2200557109375,0.20612813437500002,0.2200557109375,0.2451253484375,0.2339832875,0.2701949859375,0.3091922,0.3342618390625,0.3537604453125,0.3342618390625,0.4401114203125,0.311977715625,0.49303621093750005,0.2674094703125,0.5125348187500001,0.22841225625
483,3021_jpg.rf.dd9d9f3bc174170aa51a0395d01871fd.jpg,glioma,0,0.6058495828125,0.0167130921875,0.62395543125,0.10863509687499999,0.59888579375,0.16991643437499998,0.6100278546875,0.20055710312500002,0.5877437328124999,0.2089136484375,0.540389971875,0.175487465625,0.49860724218749997,0.064066853125,0.49582172656249995,0.0362116984375,0.5069637890625,0.027855153124999997,0.484679665625,0.013927576562499999,0.479108634375,0,0.495025865625,0,0.6058495828125,0,0
484,1159_jpg.rf.f0a1bc1cf638945c84bc70ee114917dd.jpg,pituitary,0.688022284375,0.568245125,0.662952646875,0.5264623953124999,0.662952646875,0.5069637890625,0.6685236765625,0.4484679671875,0.6908078,0.4178272984375,0.688022284375,0.40389972187499995,0.662952646875,0.3844011140625,0.63509749375,0.4206128140625,0.5933147625,0.3899721453125,0.5543175484375,0.3844011140625,0.5236768796875,0.4094707515625,0.49582172656249995,0.46518105781249997,0.49303621093750005,0.5069637890625,0.5069637890625,0.53760445625
485,984_jpg.rf.a7676bdc0b7ba07ee888373dd8270ad1.jpg,pituitary,0.348189415625,0.571030640625,0.42339832812499995,0.5654596093750001,0.43454039062499994,0.5264623953124999,0.43175487500000004,0.4707520890625,0.40668523749999996,0.4401114203125,0.3621169921875,0.4373259046875,0.337047353125,0.44568245156249997,0.3314763234375,0.47632312031249996,0.348189415625,0.571030640625,0,0,0,0,0,0,0,0,0,0
486,2620_jpg.rf.1caaf115628b4d3a7d816053854c9433.jpg,glioma,0.16713091875,0.85793871875,0.281337046875,0.913649025,0.398328690625,0.9303621171875,0.5125348187500001,0.9108635093749999,0.540389971875,0.8885793874999999,0.6295264625,0.8662952640625001,0.6573816156250001,0.8328690812499999,0.6768802234375,0.768802228125,0.662952646875,0.707520890625,0.59888579375,0.6490250703125,0.5626740953125,0.632311978125,0.5236768796875,0.6768802234375,0.5236768796875,0.7325905296874999,0.5041782734375,0.7660167125
487,1115_jpg.rf.c550c1aed5adf1a559b42e85521333d5.jpg,pituitary,0.6545961,0.520891365625,0.7019498609375,0.5348189421875,0.7520891359374999,0.5292479109375,0.7520891359374999,0.4707520890625,0.738161559375,0.45403899687499993,0.707520890625,0.45125348125000003,0.682451253125,0.4568245125,0.6601671312499999,0.479108634375,0.6545961,0.520891365625,0,0,0,0,0,0,0,0,0,0
488,1348_jpg.rf.4025c02f8dc59c067d1fad990466d2f4.jpg,pituitary,0.459610028125,0.5515320328125,0.4568245125,0.5041782734375,0.4484679671875,0.47353760468750006,0.42339832812499995,0.45403899687499993,0.3927576609375,0.48746518125,0.3899721453125,0.5069637890625,0.4373259046875,0.5626740953125,0.459610028125,0.5515320328125,0,0,0,0,0,0,0,0,0,0,0,0
489,1732_jpg.rf.06b5331bf34b05a9aa20fd120f39e7b0.jpg,pituitary,0.5654596093750001,0.3314763234375,0.576601671875,0.2980501390625,0.5292479109375,0.259052925,0.49860724218749997,0.250696378125,0.49860724218749997,0.2841225625,0.44568245156249997,0.2841225625,0.4178272984375,0.2980501390625,0.39554317499999997,0.35933147656250003,0.4150417828125,0.4373259046875,0.4428969359375,0.4707520890625,0.479108634375,0.48189415,0.5849582171875001,0.46239554375,0.6211699171875,0.3927576609375,0.6183844015625,0.32869080781250004
490,1856_jpg.rf.0456d612377688cf817ac74b24c8e8b2.jpg,glioma,0.28969359375,0.8272980499999999,0.3816155984375,0.860724234375,0.428969359375,0.8662952640625001,0.4373259046875,0.860724234375,0.43454039062499994,0.835654596875,0.39554317499999997,0.8105849578125,0.40389972187499995,0.7910863515625,0.39554317499999997,0.7576601671875001,0.42339832812499995,0.7270194984375,0.43175487500000004,0.6740947078125,0.5041782734375,0.632311978125,0.509749303125,0.5515320328125,0.49303621093750005,0.520891365625,0.4679665734375,0.5125348187500001
491,2336_jpg.rf.91d7ffaee512a7631d3318c79794ed38.jpg,glioma,0.10306406718750001,0.71030640625,0.11142061249999999,0.7325905296874999,0.22562674062500002,0.713091921875,0.2785515328125,0.6768802234375,0.2952646234375,0.6406685234375,0.2952646234375,0.5905292484375,0.2757660171875,0.5598885796874999,0.25348189374999996,0.5571030640625,0.11142061249999999,0.6852367687500001,0.10306406718750001,0.71030640625,0,0,0,0,0,0,0,0
492,434_jpg.rf.85ae3dd72c025b08aff9ffc3f1a6e966.jpg,meningioma,0,0.6713091921875,0.058495821875,0.6740947078125,0.114206128125,0.626740946875,0.1253481890625,0.54874651875,0.10306406718750001,0.5125348187500001,0.064066853125,0.49582172656249995,0.025069637500000002,0.49582172656249995,0,0.50037984375,0,0.6713091921875,0,0,0,0,0,0,0,0,0,0
493,1956_jpg.rf.09cc3e9cef5d1b6e5c7bdab9e0a3d397.jpg,glioma,0.520891365625,0.348189415625,0.47632312031249996,0.3537604453125,0.45403899687499993,0.373259053125,0.4373259046875,0.43454039062499994,0.44568245156249997,0.49303621093750005,0.45403899687499993,0.5069637890625,0.49303621093750005,0.520891365625,0.59888579375,0.5069637890625,0.6211699171875,0.47353760468750006,0.6155988859375,0.3927576609375,0.5793871859374999,0.3621169921875,0.520891365625,0.348189415625,0,0,0,0
494,2269_jpg.rf.03e2508291858f5765a3818241628953.jpg,glioma,0.5821727015625,0.348189415625,0.576601671875,0.2841225625,0.54874651875,0.2674094703125,0.5125348187500001,0.2952646234375,0.5069637890625,0.311977715625,0.459610028125,0.3064066859375,0.42618384374999996,0.32869080781250004,0.4150417828125,0.3565459609375,0.428969359375,0.39554317499999997,0.4568245125,0.40389972187499995,0.49582172656249995,0.3816155984375,0.49860724218749997,0.36490250625,0.5598885796874999,0.3621169921875,0.5821727015625,0.348189415625
495,2832_jpg.rf.6bf0d7bd60d61f548685759039872c92.jpg,glioma,0.45125348125000003,0.5821727015625,0.4568245125,0.5654596093750001,0.42618384374999996,0.46239554375,0.398328690625,0.45403899687499993,0.373259053125,0.479108634375,0.3621169921875,0.53760445625,0.3816155984375,0.576601671875,0.45125348125000003,0.5821727015625,0,0,0,0,0,0,0,0,0,0,0,0
496,835_jpg.rf.5302548a67d71bda14a8960b3f8c86ed.jpg,glioma,0.33983286874999996,0.175487465625,0.311977715625,0.14206128125,0.2701949859375,0.1253481890625,0.2144846796875,0.1559888578125,0.14206128125,0.2451253484375,0.086350975,0.398328690625,0.086350975,0.4679665734375,0.1476323125,0.46239554375,0.17270195,0.4178272984375,0.23676880156250002,0.4150417828125,0.3064066859375,0.3816155984375,0.34261838437500003,0.3314763234375,0.35933147656250003,0.23676880156250002,0.33983286874999996,0.175487465625
497,231_jpg.rf.7da6e13fd605f85be2aed1dad17cda0d.jpg,meningioma,0.3844011140625,0.484679665625,0.3621169921875,0.44568245156249997,0.3064066859375,0.43175487500000004,0.3036211703125,0.398328690625,0.281337046875,0.398328690625,0.2674094703125,0.45125348125000003,0.22841225625,0.46518105781249997,0.19777158749999998,0.5125348187500001,0.25626740937500003,0.5849582171875001,0.3036211703125,0.601671309375,0.3064066859375,0.6490250703125,0.32033426249999997,0.6545961,0.3231197765625,0.596100278125,0.3788300828125,0.5793871859374999
498,2725_jpg.rf.bb7bc22e2966c5a9493ac337057c0776.jpg,glioma,0.4401114203125,0.860724234375,0.509749303125,0.8718662953124999,0.5431754875,0.860724234375,0.5459610031250001,0.8495821734375,0.5236768796875,0.8161559890625,0.5849582171875001,0.8050139281250001,0.5933147625,0.7604456828124999,0.53760445625,0.632311978125,0.5069637890625,0.596100278125,0.490250696875,0.604456825,0.459610028125,0.5793871859374999,0.37604456875,0.57381615625,0.337047353125,0.5877437328124999,0.311977715625,0.6295264625
499,975_jpg.rf.09d4013a857d342b4e615474f52b665d.jpg,pituitary,0.3871866296875,0.568245125,0.46518105781249997,0.57381615625,0.4679665734375,0.5125348187500001,0.45125348125000003,0.46518105781249997,0.428969359375,0.4428969359375,0.3927576609375,0.4401114203125,0.367688021875,0.47632312031249996,0.3621169921875,0.5571030640625,0.3871866296875,0.568245125,0,0,0,0,0,0,0,0,0,0
500,1484_jpg.rf.df81cf467ba8e555e122d843f7c82ca8.jpg,pituitary,0.57381615625,0.5654596093750001,0.604456825,0.568245125,0.6406685234375,0.5515320328125,0.6601671312499999,0.46518105781249997,0.6211699171875,0.4150417828125,0.5849582171875001,0.40668523749999996,0.5348189421875,0.43175487500000004,0.520891365625,0.484679665625,0.57381615625,0.5654596093750001,0,0,0,0,0,0,0,0,0,0
501,2705_jpg.rf.d3c4e0f56cb99eac7435c6cb40f2145b.jpg,glioma,0.5069637890625,0.7883008359375,0.48746518125,0.7604456828124999,0.48746518125,0.743732590625,0.520891365625,0.713091921875,0.509749303125,0.6295264625,0.46239554375,0.57381615625,0.40389972187499995,0.5598885796874999,0.373259053125,0.5793871859374999,0.3704735375,0.6155988859375,0.4094707515625,0.6713091921875,0.34261838437500003,0.6768802234375,0.3231197765625,0.71030640625,0.3259052921875,0.74651810625,0.3621169921875,0.7548746515625
502,223_jpg.rf.58a38f5199f026ea0175fd33f6105ee5.jpg,meningioma,0.4150417828125,0.490250696875,0.3899721453125,0.45125348125000003,0.3454039,0.43175487500000004,0.2841225625,0.428969359375,0.16713091875,0.459610028125,0.14206128125,0.48189415,0.1309192203125,0.57381615625,0.144846796875,0.6155988859375,0.1810584953125,0.662952646875,0.2200557109375,0.682451253125,0.2841225625,0.6852367687500001,0.32869080781250004,0.6740947078125,0.3704735375,0.63509749375,0.4150417828125,0.5571030640625
503,832_jpg.rf.036ca55ab02d6afc1b9209dffc2283b6.jpg,glioma,0.49303621093750005,0.6100278546875,0.49303621093750005,0.5515320328125,0.47353760468750006,0.53760445625,0.4150417828125,0.53760445625,0.37604456875,0.568245125,0.3816155984375,0.6378830078125,0.3621169921875,0.651810584375,0.367688021875,0.6908078,0.35933147656250003,0.7242339828125,0.3816155984375,0.7799442890625,0.5041782734375,0.7576601671875001,0.5348189421875,0.6852367687500001,0.5236768796875,0.6545961,0.47632312031249996,0.6490250703125
504,2470_jpg.rf.92f14990db954e3acc578d9fe82b56f7.jpg,glioma,0.22562674062500002,0.713091921875,0.25626740937500003,0.7325905296874999,0.2841225625,0.7325905296874999,0.281337046875,0.6545961,0.2423398328125,0.651810584375,0.1922005578125,0.626740946875,0.1838440109375,0.63509749375,0.1810584953125,0.7047353765625,0.22562674062500002,0.713091921875,0,0,0,0,0,0,0,0,0,0
505,1216_jpg.rf.c4eb559061fbcf853c460f117ccb01c7.jpg,pituitary,0.43175487500000004,0.39554317499999997,0.43175487500000004,0.4178272984375,0.45125348125000003,0.4428969359375,0.5236768796875,0.46518105781249997,0.5598885796874999,0.42339832812499995,0.5598885796874999,0.3899721453125,0.5292479109375,0.35933147656250003,0.49303621093750005,0.35933147656250003,0.45125348125000003,0.373259053125,0.43175487500000004,0.39554317499999997,0,0,0,0,0,0,0,0
506,491_jpg.rf.a8995f85b7f491d41af6e55fde3db8fa.jpg,meningioma,0.3621169921875,0.1894150421875,0.3342618390625,0.1894150421875,0.3036211703125,0.24791086406249999,0.3064066859375,0.3259052921875,0.317548746875,0.337047353125,0.32869080781250004,0.398328690625,0.3509749296875,0.4178272984375,0.3704735375,0.4178272984375,0.40111420625000005,0.40111420625000005,0.4428969359375,0.3565459609375,0.45125348125000003,0.3064066859375,0.4122562671875,0.21169916406249997,0.3621169921875,0.1894150421875,0,0
507,1101_jpg.rf.7e7d5abf62c9715afd2cd59c161d7148.jpg,pituitary,0.47632312031249996,0.5598885796874999,0.49582172656249995,0.571030640625,0.51810585,0.5543175484375,0.51810585,0.5013927578125,0.5041782734375,0.45125348125000003,0.47353760468750006,0.4428969359375,0.46239554375,0.4707520890625,0.4707520890625,0.5431754875,0.47632312031249996,0.5598885796874999,0,0,0,0,0,0,0,0,0,0
508,574_jpg.rf.fe0ac03c2215000756ed3e7bbe1045a7.jpg,meningioma,0.20612813437500002,0.3036211703125,0.1559888578125,0.348189415625,0.16434540312499998,0.4122562671875,0.194986071875,0.4707520890625,0.2144846796875,0.484679665625,0.32033426249999997,0.47632312031249996,0.35933147656250003,0.4206128140625,0.3704735375,0.3314763234375,0.3537604453125,0.2952646234375,0.259052925,0.286908078125,0.20612813437500002,0.3036211703125,0,0,0,0,0,0
509,2210_jpg.rf.fd9b1fe3dcfb52de92fa22fce9a45b87.jpg,glioma,0.632311978125,0.6601671312499999,0.6100278546875,0.6601671312499999,0.6072423390624999,0.6128133703125,0.6601671312499999,0.53760445625,0.6573816156250001,0.520891365625,0.5877437328124999,0.47632312031249996,0.4178272984375,0.4428969359375,0.373259053125,0.45125348125000003,0.35933147656250003,0.47632312031249996,0.3621169921875,0.53760445625,0.3927576609375,0.5598885796874999,0.40668523749999996,0.59888579375,0.4401114203125,0.63509749375,0.509749303125,0.6740947078125
510,2097_jpg.rf.95bc213ce0aaf55cd0194b3df41063ca.jpg,glioma,0.604456825,0.3899721453125,0.632311978125,0.36490250625,0.632311978125,0.3454039,0.6155988859375,0.32869080781250004,0.5933147625,0.337047353125,0.576601671875,0.35933147656250003,0.5793871859374999,0.39554317499999997,0.604456825,0.3899721453125,0,0,0,0,0,0,0,0,0,0,0,0
511,1480_jpg.rf.3c47ba97cbe71bbba73c51236807cb06.jpg,pituitary,0.632311978125,0.40389972187499995,0.604456825,0.46518105781249997,0.5821727015625,0.46518105781249997,0.57381615625,0.484679665625,0.5849582171875001,0.49860724218749997,0.5933147625,0.5905292484375,0.626740946875,0.6155988859375,0.6378830078125,0.59888579375,0.662952646875,0.5905292484375,0.6685236765625,0.49582172656249995,0.6545961,0.42618384374999996,0.632311978125,0.40389972187499995,0,0,0,0
512,1199_jpg.rf.775eafb336a07fa12c2091731373af14.jpg,pituitary,0.479108634375,0.4679665734375,0.540389971875,0.47353760468750006,0.5626740953125,0.4484679671875,0.5626740953125,0.4094707515625,0.540389971875,0.3899721453125,0.49582172656249995,0.3871866296875,0.4373259046875,0.4094707515625,0.4373259046875,0.4484679671875,0.479108634375,0.4679665734375,0,0,0,0,0,0,0,0,0,0
513,891_jpg.rf.1532aa7ada332a00f34b20204d8a95a1.jpg,glioma,0.3704735375,0.5571030640625,0.43175487500000004,0.5793871859374999,0.479108634375,0.520891365625,0.48746518125,0.43175487500000004,0.4679665734375,0.36490250625,0.4150417828125,0.348189415625,0.348189415625,0.4094707515625,0.33983286874999996,0.46518105781249997,0.3704735375,0.5571030640625,0,0,0,0,0,0,0,0,0,0
514,1129_jpg.rf.f288321b9015665e964b1a20332ee418.jpg,pituitary,0.4122562671875,0.5125348187500001,0.4150417828125,0.5515320328125,0.428969359375,0.571030640625,0.5069637890625,0.571030640625,0.5292479109375,0.5626740953125,0.54874651875,0.5348189421875,0.54874651875,0.490250696875,0.5320334265625,0.45125348125000003,0.5041782734375,0.43175487500000004,0.4707520890625,0.428969359375,0.4122562671875,0.5125348187500001,0,0,0,0,0,0
515,2517_jpg.rf.b7fb3f643e3f9ab4e74a375d6a06cd20.jpg,glioma,0.6991643453124999,0.662952646875,0.7242339828125,0.7270194984375,0.8022284125000001,0.6796657374999999,0.79665738125,0.651810584375,0.740947075,0.6183844015625,0.7520891359374999,0.5543175484375,0.743732590625,0.5348189421875,0.7270194984375,0.5236768796875,0.7186629531250001,0.5571030640625,0.6796657374999999,0.571030640625,0.6685236765625,0.5654596093750001,0.6963788296875,0.509749303125,0.688022284375,0.47632312031249996,0.6601671312499999,0.48746518125
516,2326_jpg.rf.a30a99fdb20f5e80eaf42e65f86641a0.jpg,glioma,0.367688021875,0.6852367687500001,0.39554317499999997,0.7186629531250001,0.42339832812499995,0.7325905296874999,0.459610028125,0.7325905296874999,0.484679665625,0.707520890625,0.49303621093750005,0.6378830078125,0.4679665734375,0.6100278546875,0.4178272984375,0.596100278125,0.373259053125,0.626740946875,0.367688021875,0.6852367687500001,0,0,0,0,0,0,0,0
517,1320_jpg.rf.5dded444cf89257ad2429e2f108195f3.jpg,pituitary,0.32033426249999997,0.5236768796875,0.337047353125,0.54874651875,0.3788300828125,0.571030640625,0.40111420625000005,0.571030640625,0.4206128140625,0.5543175484375,0.4206128140625,0.5125348187500001,0.40111420625000005,0.45125348125000003,0.3788300828125,0.4401114203125,0.337047353125,0.4679665734375,0.32033426249999997,0.5236768796875,0,0,0,0,0,0,0,0
518,2473_jpg.rf.9f5dcea6c4e4cb7af63fc15b6f1088b8.jpg,glioma,0.1838440109375,0.8217270187500001,0.250696378125,0.8328690812499999,0.292479109375,0.79665738125,0.3036211703125,0.740947075,0.2701949859375,0.662952646875,0.22562674062500002,0.651810584375,0.16713091875,0.6935933140625,0.16155988906250002,0.793871865625,0.1838440109375,0.8217270187500001,0,0,0,0,0,0,0,0,0,0
519,2496_jpg.rf.3e434ccb7be836d1e614db7074d155b8.jpg,glioma,0.42339832812499995,0.707520890625,0.479108634375,0.7158774375,0.46518105781249997,0.6740947078125,0.43175487500000004,0.6657381609375,0.36490250625,0.6183844015625,0.34261838437500003,0.6155988859375,0.31476323125,0.6295264625,0.3314763234375,0.662952646875,0.42339832812499995,0.707520890625,0,0,0,0,0,0,0,0,0,0
520,272_jpg.rf.9ab91cec90b97abd3f96a439bb867df9.jpg,meningioma,0.373259053125,0.231197771875,0.3231197765625,0.1810584953125,0.3091922,0.1504178265625,0.2952646234375,0.1476323125,0.2144846796875,0.175487465625,0.1559888578125,0.2144846796875,0.119777159375,0.25348189374999996,0.10584958281250001,0.3064066859375,0.1309192203125,0.3454039,0.16155988906250002,0.36490250625,0.22841225625,0.3704735375,0.31476323125,0.3454039,0.3509749296875,0.317548746875,0.3704735375,0.281337046875
521,1715_jpg.rf.6ae72b65ccc378feb7da3a248fa0b08d.jpg,pituitary,0.5236768796875,0.4373259046875,0.5849582171875001,0.4428969359375,0.604456825,0.4150417828125,0.5933147625,0.337047353125,0.568245125,0.3008356546875,0.540389971875,0.286908078125,0.5013927578125,0.3454039,0.49582172656249995,0.40389972187499995,0.5236768796875,0.4373259046875,0,0,0,0,0,0,0,0,0,0
522,599_jpg.rf.87de20ae74152b640e01ec63e39ce751.jpg,meningioma,0.17827298125,0.055710306249999994,0.1504178265625,0.0696378828125,0.0947075203125,0.12813370468750002,0.0668523671875,0.20612813437500002,0.07520891406249999,0.231197771875,0.1225626734375,0.2451253484375,0.1894150421875,0.2339832875,0.1922005578125,0.20612813437500002,0.22562674062500002,0.16713091875,0.2395543171875,0.1225626734375,0.21727019531249997,0.07520891406249999,0.17827298125,0.055710306249999994,0,0,0,0
523,1505_jpg.rf.044bba41d0aea46fdfb1a73038779203.jpg,pituitary,0.520891365625,0.5431754875,0.5236768796875,0.40111420625000005,0.51810585,0.3704735375,0.484679665625,0.36490250625,0.40389972187499995,0.46239554375,0.3704735375,0.428969359375,0.3259052921875,0.4373259046875,0.317548746875,0.490250696875,0.3314763234375,0.5292479109375,0.3927576609375,0.5292479109375,0.42339832812499995,0.5459610031250001,0.4428969359375,0.604456825,0.4679665734375,0.62395543125,0.49303621093750005,0.626740946875
524,405_jpg.rf.1b3281fca311a7f8c7d1b8208fc853e5.jpg,meningioma,0.194986071875,0.32033426249999997,0.10584958281250001,0.3621169921875,0.10027855156250001,0.42618384374999996,0.119777159375,0.490250696875,0.14206128125,0.515320334375,0.1838440109375,0.5348189421875,0.23676880156250002,0.53760445625,0.2646239546875,0.5236768796875,0.3008356546875,0.4679665734375,0.3036211703125,0.3816155984375,0.2395543171875,0.32869080781250004,0.194986071875,0.32033426249999997,0,0,0,0
525,65_jpg.rf.50c9af772a7775eca359b435f6afb8b2.jpg,meningioma,0.4707520890625,0.6545961,0.490250696875,0.6155988859375,0.479108634375,0.5292479109375,0.42618384374999996,0.48746518125,0.43454039062499994,0.4679665734375,0.40111420625000005,0.4679665734375,0.286908078125,0.49303621093750005,0.25626740937500003,0.509749303125,0.231197771875,0.540389971875,0.2451253484375,0.576601671875,0.2646239546875,0.5933147625,0.2674094703125,0.6295264625,0.286908078125,0.6657381609375,0.33983286874999996,0.7019498609375
526,1880_jpg.rf.c4f43fa78f60ad07530caf57f1ff678c.jpg,glioma,0.484679665625,0.596100278125,0.5320334265625,0.6100278546875,0.5626740953125,0.5849582171875001,0.5626740953125,0.540389971875,0.5431754875,0.5236768796875,0.5125348187500001,0.51810585,0.47632312031249996,0.5431754875,0.4679665734375,0.576601671875,0.484679665625,0.596100278125,0,0,0,0,0,0,0,0,0,0
527,2715_jpg.rf.fe74fec1d91b081eebaa9154cf3c5b0e.jpg,glioma,0.596100278125,0.4122562671875,0.5849582171875001,0.4122562671875,0.51810585,0.46518105781249997,0.5320334265625,0.490250696875,0.5320334265625,0.5515320328125,0.54874651875,0.576601671875,0.5654596093750001,0.5654596093750001,0.604456825,0.571030640625,0.604456825,0.5236768796875,0.6490250703125,0.49582172656249995,0.632311978125,0.4568245125,0.6072423390624999,0.4401114203125,0.596100278125,0.4122562671875,0,0
528,344_jpg.rf.3eddde2ec345567021e60716b2bb555f.jpg,meningioma,0.740947075,0.3008356546875,0.6713091921875,0.28969359375,0.632311978125,0.32033426249999997,0.601671309375,0.37604456875,0.5933147625,0.42618384374999996,0.6072423390624999,0.4679665734375,0.632311978125,0.48746518125,0.749303621875,0.484679665625,0.7910863515625,0.47353760468750006,0.8077994421874999,0.42618384374999996,0.8077994421874999,0.3788300828125,0.7910863515625,0.33983286874999996,0.740947075,0.3008356546875,0,0
529,2143_jpg.rf.65e8cd36c4d2b65b6baee12665110557.jpg,glioma,0.25626740937500003,0.6072423390624999,0.2757660171875,0.6211699171875,0.311977715625,0.6100278546875,0.32869080781250004,0.5849582171875001,0.311977715625,0.5264623953124999,0.311977715625,0.5125348187500001,0.32869080781250004,0.5069637890625,0.3259052921875,0.48746518125,0.40668523749999996,0.5013927578125,0.44568245156249997,0.49303621093750005,0.42618384374999996,0.45125348125000003,0.4094707515625,0.367688021875,0.35933147656250003,0.3621169921875,0.33983286874999996,0.3454039
530,941_jpg.rf.d7e71b5fa5ba332465ea1c3ccc6136d4.jpg,pituitary,0.34261838437500003,0.42339832812499995,0.311977715625,0.459610028125,0.2980501390625,0.49303621093750005,0.2980501390625,0.5515320328125,0.3454039,0.576601671875,0.4150417828125,0.5877437328124999,0.43454039062499994,0.5654596093750001,0.43175487500000004,0.515320334375,0.4094707515625,0.42618384374999996,0.373259053125,0.4122562671875,0.34261838437500003,0.42339832812499995,0,0,0,0,0,0
531,2643_jpg.rf.e5eb81232efbfa2247250aaed747ff5c.jpg,glioma,0.3537604453125,0.25348189374999996,0.3509749296875,0.231197771875,0.3342618390625,0.2144846796875,0.2701949859375,0.20055710312500002,0.22841225625,0.25626740937500003,0.22841225625,0.27298050156250003,0.3259052921875,0.2674094703125,0.3537604453125,0.25348189374999996,0,0,0,0,0,0,0,0,0,0,0,0
532,423_jpg.rf.dc17e3f66667d83a718b73c64151f9d1.jpg,meningioma,0,0.4330547828125,0.0111420609375,0.44568245156249997,0.0724233984375,0.46239554375,0.144846796875,0.459610028125,0.1866295265625,0.43175487500000004,0.22562674062500002,0.3621169921875,0.19777158749999998,0.2451253484375,0.1504178265625,0.20334261874999998,0.1225626734375,0.20055710312500002,0.0779944296875,0.2089136484375,0.0612813375,0.22284122499999998,0,0.32270710937499997,0,0.4330547828125,0,0
533,2071_jpg.rf.e14c56829ad2d0d712cb7516d7c8a7f8.jpg,glioma,0.520891365625,0.6155988859375,0.47632312031249996,0.601671309375,0.4428969359375,0.6183844015625,0.4178272984375,0.6685236765625,0.428969359375,0.7242339828125,0.4568245125,0.768802228125,0.5013927578125,0.793871865625,0.5821727015625,0.799442896875,0.651810584375,0.768802228125,0.651810584375,0.707520890625,0.6183844015625,0.6601671312499999,0.571030640625,0.651810584375,0.520891365625,0.6155988859375,0,0
534,1225_jpg.rf.00ae5d15cdc1c15ce0e40eb9a349c586.jpg,pituitary,0.53760445625,0.490250696875,0.57381615625,0.459610028125,0.5821727015625,0.4206128140625,0.515320334375,0.3788300828125,0.47353760468750006,0.428969359375,0.4707520890625,0.4568245125,0.5041782734375,0.48746518125,0.53760445625,0.490250696875,0,0,0,0,0,0,0,0,0,0,0,0
535,2262_jpg.rf.75aa624faf68e7688d632326b061324a.jpg,glioma,0.3342618390625,0.21169916406249997,0.2674094703125,0.292479109375,0.2785515328125,0.3509749296875,0.33983286874999996,0.39554317499999997,0.4122562671875,0.36490250625,0.484679665625,0.2952646234375,0.5041782734375,0.25348189374999996,0.5041782734375,0.22562674062500002,0.48746518125,0.2089136484375,0.3899721453125,0.1838440109375,0.3342618390625,0.21169916406249997,0,0,0,0,0,0
536,2506_jpg.rf.c74fb242e20d4816eba7f2f504a67313.jpg,glioma,0.5292479109375,0.651810584375,0.479108634375,0.651810584375,0.43175487500000004,0.6852367687500001,0.43175487500000004,0.7047353765625,0.46239554375,0.7520891359374999,0.484679665625,0.7548746515625,0.5041782734375,0.7325905296874999,0.5459610031250001,0.7548746515625,0.5515320328125,0.768802228125,0.5654596093750001,0.768802228125,0.596100278125,0.749303621875,0.5543175484375,0.6685236765625,0.5292479109375,0.651810584375,0,0
537,2605_jpg.rf.90c7cfc69988e4e87080fb55c0905f73.jpg,glioma,0.3844011140625,0.47353760468750006,0.3899721453125,0.46239554375,0.3927576609375,0.4150417828125,0.3788300828125,0.39554317499999997,0.231197771875,0.3231197765625,0.20334261874999998,0.32033426249999997,0.16713091875,0.3509749296875,0.1866295265625,0.4178272984375,0.175487465625,0.4373259046875,0.175487465625,0.5348189421875,0.1476323125,0.5598885796874999,0.1559888578125,0.5793871859374999,0.231197771875,0.571030640625,0.2451253484375,0.5431754875
538,2454_jpg.rf.7f0b1805e8edd3fcba88d17ba03f3440.jpg,glioma,0.44568245156249997,0.6211699171875,0.49303621093750005,0.6406685234375,0.47632312031249996,0.6935933140625,0.49860724218749997,0.7214484671875,0.5821727015625,0.7520891359374999,0.6183844015625,0.7214484671875,0.6100278546875,0.6685236765625,0.5654596093750001,0.6573816156250001,0.509749303125,0.6100278546875,0.49582172656249995,0.5821727015625,0.48746518125,0.5013927578125,0.4428969359375,0.4428969359375,0.348189415625,0.428969359375,0.2841225625,0.39554317499999997
539,1817_jpg.rf.23604f26f057cf610b6f9ba4b745738e.jpg,pituitary,0.6657381609375,0.2980501390625,0.6406685234375,0.259052925,0.604456825,0.25348189374999996,0.568245125,0.2841225625,0.568245125,0.3259052921875,0.596100278125,0.35933147656250003,0.601671309375,0.3871866296875,0.651810584375,0.3565459609375,0.682451253125,0.39554317499999997,0.707520890625,0.3927576609375,0.7298050140625,0.3565459609375,0.7270194984375,0.311977715625,0.6991643453124999,0.2952646234375,0.6657381609375,0.2980501390625
540,2247_jpg.rf.969f5fe96fb9e9a39e13c3c6a2a046b8.jpg,glioma,0,0.6626740953125,0.0083565453125,0.6685236765625,0.064066853125,0.6740947078125,0.119777159375,0.632311978125,0.16713091875,0.62395543125,0.16155988906250002,0.5933147625,0.12813370468750002,0.5543175484375,0.083565459375,0.53760445625,0.00557103125,0.5348189421875,0,0.5386758078125,0,0.6626740953125,0,0,0,0,0,0
541,2418_jpg.rf.39d71c00ce2c23867fc50d7ebb6da284.jpg,glioma,0.3788300828125,0.33983286874999996,0.428969359375,0.261838440625,0.46239554375,0.259052925,0.4679665734375,0.20055710312500002,0.4428969359375,0.13649024999999998,0.3342618390625,0.1253481890625,0.28969359375,0.16991643437499998,0.281337046875,0.2785515328125,0.3788300828125,0.33983286874999996,0,0,0,0,0,0,0,0,0,0
542,550_jpg.rf.1abf0d06dacaf00f658f7d7193bd0fe0.jpg,meningioma,0.10306406718750001,0.43454039062499994,0.1587743734375,0.4122562671875,0.175487465625,0.3899721453125,0.175487465625,0.36490250625,0.1587743734375,0.33983286874999996,0.1309192203125,0.32869080781250004,0.08077994375,0.3899721453125,0.083565459375,0.4178272984375,0.10306406718750001,0.43454039062499994,0,0,0,0,0,0,0,0,0,0
543,1924_jpg.rf.db235965789d8c69a4eefcde4bfc30df.jpg,glioma,0.576601671875,0.9108635093749999,0.6211699171875,0.9275766015625001,0.6991643453124999,0.9080779937499999,0.7298050140625,0.885793871875,0.738161559375,0.8495821734375,0.682451253125,0.8384401109375,0.6713091921875,0.8189415046875,0.6740947078125,0.793871865625,0.6545961,0.7715877437499999,0.6155988859375,0.7660167125,0.59888579375,0.749303621875,0.520891365625,0.768802228125,0.5041782734375,0.749303621875,0.459610028125,0.7353760453125
544,287_jpg.rf.481a269d112968d717a2e5dbd75196be.jpg,meningioma,0,0.5553123765625,0.03064066875,0.6406685234375,0.052924790624999996,0.662952646875,0.086350975,0.6657381609375,0.11699164375,0.651810584375,0.1476323125,0.6183844015625,0.16155988906250002,0.5877437328124999,0.16155988906250002,0.5320334265625,0.1476323125,0.49303621093750005,0.1253481890625,0.4679665734375,0.0947075203125,0.45403899687499993,0.0612813375,0.45403899687499993,0.002785515625,0.479108634375,0,0.4923398328125
545,1806_jpg.rf.5bb52b42b6c74d27b6c690269bcc6bf2.jpg,pituitary,0.740947075,0.317548746875,0.6963788296875,0.3844011140625,0.6740947078125,0.35933147656250003,0.6434540390625,0.3704735375,0.6378830078125,0.40668523749999996,0.6490250703125,0.43175487500000004,0.6935933140625,0.43175487500000004,0.7548746515625,0.45125348125000003,0.799442896875,0.40389972187499995,0.799442896875,0.3704735375,0.7855153203125,0.34261838437500003,0.740947075,0.317548746875,0,0,0,0
546,1913_jpg.rf.61f8a61b3867292e578cc189624a9573.jpg,glioma,0.60573669375,0.726297278125,0.602982459375,0.686887946875,0.572719903125,0.6397191640625,0.5421037156249999,0.633340225,0.4946289046875,0.6275257328125,0.46233977656249997,0.6302799671875,0.43062189999999995,0.6441395375,0.4171703625,0.668363184375,0.4231412671875,0.6962999437499999,0.4421964765625,0.718313403125,0.4676714296875,0.7275689859375001,0.47629455781249996,0.7475082703125,0.474737225,0.7680392031250001,0.47331590468750007,0.79263008125
547,2211_jpg.rf.7f2b29535014f1b524e8506860556474.jpg,glioma,0.6295264625,0.6740947078125,0.601671309375,0.6657381609375,0.59888579375,0.6072423390624999,0.5626740953125,0.5793871859374999,0.5431754875,0.5264623953124999,0.45125348125000003,0.43175487500000004,0.3899721453125,0.4150417828125,0.3621169921875,0.42618384374999996,0.3231197765625,0.46239554375,0.3231197765625,0.5236768796875,0.337047353125,0.5459610031250001,0.35933147656250003,0.571030640625,0.4122562671875,0.576601671875,0.4484679671875,0.6183844015625
548,995_jpg.rf.61190394a1eb3588a084a75f7220f6e8.jpg,pituitary,0.3927576609375,0.3871866296875,0.3621169921875,0.3871866296875,0.3064066859375,0.4122562671875,0.281337046875,0.49860724218749997,0.292479109375,0.5626740953125,0.3314763234375,0.59888579375,0.373259053125,0.596100278125,0.43454039062499994,0.57381615625,0.45125348125000003,0.5320334265625,0.4373259046875,0.45125348125000003,0.39554317499999997,0.42339832812499995,0.40111420625000005,0.39554317499999997,0.3927576609375,0.3871866296875,0,0
549,2691_jpg.rf.373a898fc223911f83c40cbd25c0ec92.jpg,glioma,0.4094707515625,0.21727019531249997,0.3871866296875,0.21727019531249997,0.35933147656250003,0.2395543171875,0.32869080781250004,0.292479109375,0.281337046875,0.311977715625,0.281337046875,0.3844011140625,0.3816155984375,0.43175487500000004,0.42618384374999996,0.43175487500000004,0.45125348125000003,0.42339832812499995,0.4707520890625,0.40111420625000005,0.48189415,0.3091922,0.43454039062499994,0.23676880156250002,0.4094707515625,0.21727019531249997,0,0
550,2407_jpg.rf.d29037f2582380fc69011fe61ea6c9e2.jpg,glioma,0.3844011140625,0.20055710312500002,0.3537604453125,0.1532033421875,0.3064066859375,0.14206128125,0.2785515328125,0.1559888578125,0.2339832875,0.20612813437500002,0.20055710312500002,0.2144846796875,0.1894150421875,0.23676880156250002,0.1922005578125,0.281337046875,0.261838440625,0.3259052921875,0.317548746875,0.3231197765625,0.3454039,0.3091922,0.3704735375,0.286908078125,0.3871866296875,0.24791086406249999,0.3844011140625,0.20055710312500002
551,1760_jpg.rf.923d50264581d4515bb84060e3caafce.jpg,pituitary,0.5515320328125,0.3927576609375,0.5515320328125,0.367688021875,0.5236768796875,0.348189415625,0.4679665734375,0.337047353125,0.4568245125,0.39554317499999997,0.48746518125,0.4373259046875,0.515320334375,0.4373259046875,0.5515320328125,0.3927576609375,0,0,0,0,0,0,0,0,0,0,0,0
552,1027_jpg.rf.f6bea3e630d96beea6b1cf268db5ef2c.jpg,pituitary,0.3231197765625,0.46239554375,0.32033426249999997,0.5292479109375,0.3871866296875,0.5431754875,0.4428969359375,0.53760445625,0.4679665734375,0.48746518125,0.46239554375,0.43454039062499994,0.4373259046875,0.4178272984375,0.3816155984375,0.4122562671875,0.337047353125,0.42618384374999996,0.3231197765625,0.46239554375,0,0,0,0,0,0,0,0
553,707_jpg.rf.63a1755a110f88d918465b666fc1fcd9.jpg,meningioma,0.5431754875,0.7019498609375,0.515320334375,0.6740947078125,0.509749303125,0.6434540390625,0.48746518125,0.6378830078125,0.47353760468750006,0.6155988859375,0.45125348125000003,0.6155988859375,0.4122562671875,0.5849582171875001,0.39554317499999997,0.5849582171875001,0.3342618390625,0.626740946875,0.2646239546875,0.6545961,0.20612813437500002,0.7270194984375,0.20055710312500002,0.79665738125,0.22841225625,0.8412256265625,0.3621169921875,0.8746518109375
554,3025_jpg.rf.0d5722bc9fab420492e0f42406b23bf1.jpg,glioma,0.5933147625,0.3454039,0.5849582171875001,0.3064066859375,0.5598885796874999,0.2701949859375,0.49582172656249995,0.259052925,0.428969359375,0.2952646234375,0.36490250625,0.3621169921875,0.3509749296875,0.39554317499999997,0.3537604453125,0.4373259046875,0.37604456875,0.490250696875,0.42339832812499995,0.5320334265625,0.5069637890625,0.5292479109375,0.540389971875,0.5069637890625,0.568245125,0.4373259046875,0.576601671875,0.3704735375
555,2709_jpg.rf.c33a49da79791f468c50127b1aa2ff2d.jpg,glioma,0.4428969359375,0.6601671312499999,0.367688021875,0.651810584375,0.3342618390625,0.6685236765625,0.348189415625,0.7270194984375,0.398328690625,0.7548746515625,0.42339832812499995,0.7520891359374999,0.4428969359375,0.6601671312499999,0,0,0,0,0,0,0,0,0,0,0,0,0,0
556,2404_jpg.rf.a7606487e4be79b92e6375baffdfb594.jpg,glioma,0.20055710312500002,0.2980501390625,0.2451253484375,0.317548746875,0.2980501390625,0.317548746875,0.33983286874999996,0.3036211703125,0.373259053125,0.2451253484375,0.3704735375,0.2089136484375,0.3231197765625,0.17827298125,0.261838440625,0.175487465625,0.2144846796875,0.22841225625,0.20055710312500002,0.2980501390625,0,0,0,0,0,0,0,0
557,387_jpg.rf.01bdae81ac755e421bbcad407a6d8f10.jpg,meningioma,0.43175487500000004,0.45403899687499993,0.37604456875,0.3454039,0.31476323125,0.31476323125,0.261838440625,0.311977715625,0.14206128125,0.3621169921875,0.10027855156250001,0.4094707515625,0.0974930359375,0.4484679671875,0.11142061249999999,0.490250696875,0.1504178265625,0.5654596093750001,0.1838440109375,0.5905292484375,0.2952646234375,0.5877437328124999,0.348189415625,0.5571030640625,0.4150417828125,0.5431754875,0.43454039062499994,0.5125348187500001
558,1306_jpg.rf.ac4f0ee1d2d62047f1affd1dea0b612d.jpg,pituitary,0.3091922,0.4428969359375,0.311977715625,0.5292479109375,0.3816155984375,0.5543175484375,0.40668523749999996,0.5515320328125,0.43175487500000004,0.42339832812499995,0.40111420625000005,0.4150417828125,0.3788300828125,0.42339832812499995,0.3621169921875,0.44568245156249997,0.3091922,0.4428969359375,0,0,0,0,0,0,0,0,0,0
559,1263_jpg.rf.a03a185fd7c5ce808a6dfe07105f070a.jpg,pituitary,0.632311978125,0.2757660171875,0.568245125,0.2701949859375,0.5598885796874999,0.34261838437500003,0.5849582171875001,0.3844011140625,0.6768802234375,0.367688021875,0.6991643453124999,0.3537604453125,0.6991643453124999,0.3036211703125,0.6740947078125,0.2952646234375,0.662952646875,0.2674094703125,0.6462395546875,0.2674094703125,0.632311978125,0.2757660171875,0,0,0,0,0,0
560,589_jpg.rf.a7459537981031aee365f68cc9b3b60d.jpg,meningioma,0.520891365625,0.3899721453125,0.48746518125,0.3621169921875,0.46518105781249997,0.2841225625,0.42618384374999996,0.27298050156250003,0.398328690625,0.28969359375,0.3927576609375,0.3064066859375,0.3871866296875,0.428969359375,0.39554317499999997,0.4568245125,0.4206128140625,0.47632312031249996,0.4206128140625,0.515320334375,0.459610028125,0.520891365625,0.49860724218749997,0.484679665625,0.5348189421875,0.4679665734375,0.5431754875,0.43454039062499994
561,1478_jpg.rf.b9706b8bf93756321f6c34cf100a469c.jpg,pituitary,0.49582172656249995,0.5654596093750001,0.520891365625,0.568245125,0.5264623953124999,0.459610028125,0.5069637890625,0.4484679671875,0.49303621093750005,0.459610028125,0.4568245125,0.4568245125,0.459610028125,0.5292479109375,0.49582172656249995,0.5654596093750001,0,0,0,0,0,0,0,0,0,0,0,0
562,782_jpg.rf.2b1401b022a25c3719fbb66707452802.jpg,glioma,0.509749303125,0.540389971875,0.459610028125,0.5543175484375,0.43454039062499994,0.5793871859374999,0.3927576609375,0.6295264625,0.3537604453125,0.7019498609375,0.3844011140625,0.768802228125,0.43175487500000004,0.824512534375,0.4679665734375,0.8217270187500001,0.5459610031250001,0.7548746515625,0.6155988859375,0.6072423390624999,0.6100278546875,0.5543175484375,0.509749303125,0.540389971875,0,0,0,0
563,1957_jpg.rf.ac33616c20fd210c02bca26815c38461.jpg,glioma,0.5236768796875,0.3259052921875,0.5013927578125,0.3091922,0.479108634375,0.3091922,0.45125348125000003,0.3454039,0.4094707515625,0.36490250625,0.3871866296875,0.43454039062499994,0.428969359375,0.479108634375,0.47353760468750006,0.5041782734375,0.53760445625,0.5125348187500001,0.5877437328124999,0.5013927578125,0.6155988859375,0.46518105781249997,0.6072423390624999,0.4122562671875,0.5459610031250001,0.35933147656250003,0.5236768796875,0.3259052921875
564,990_jpg.rf.be92ff5543f8aeeaca8e6fbeba1da3d6.jpg,pituitary,0.348189415625,0.571030640625,0.35933147656250003,0.5933147625,0.42618384374999996,0.5821727015625,0.45403899687499993,0.5431754875,0.44568245156249997,0.46518105781249997,0.373259053125,0.44568245156249997,0.3509749296875,0.4707520890625,0.3454039,0.5013927578125,0.348189415625,0.571030640625,0,0,0,0,0,0,0,0,0,0
565,1408_jpg.rf.c4229c598f821d9dc8932bfd1696b149.jpg,pituitary,0.398328690625,0.490250696875,0.337047353125,0.4679665734375,0.3314763234375,0.53760445625,0.3927576609375,0.53760445625,0.398328690625,0.490250696875,0,0,0,0,0,0,0,0,0,0,0,0,0,0,0,0,0,0
566,3051_jpg.rf.d10a9710bc1c97624b94f5508b402566.jpg,glioma,0.515320334375,0.25626740937500003,0.520891365625,0.21727019531249997,0.48189415,0.114206128125,0.43454039062499994,0.08077994375,0.373259053125,0.0724233984375,0.2339832875,0.1309192203125,0.1587743734375,0.22284122499999998,0.1866295265625,0.3036211703125,0.20612813437500002,0.3231197765625,0.231197771875,0.32869080781250004,0.2451253484375,0.348189415625,0.34261838437500003,0.3565459609375,0.37604456875,0.337047353125,0.4373259046875,0.33983286874999996
567,306_jpg.rf.b1ae8d2b4d13ab9604fe90664208db96.jpg,meningioma,0.4247910859375,1,0.4373259046875,0.9832869078125,0.4401114203125,0.9526462390624999,0.4122562671875,0.9220055703125001,0.49860724218749997,0.8913649031249999,0.4679665734375,0.799442896875,0.42339832812499995,0.7604456828124999,0.348189415625,0.7214484671875,0.1559888578125,0.707520890625,0.144846796875,0.7298050140625,0.11699164375,0.749303621875,0.11699164375,0.774373259375,0.1309192203125,0.85793871875,0.1866295265625,0.9860724234375
568,2144_jpg.rf.b5d7db83bff5b340e7cb33c58ca50d33.jpg,glioma,0.74651810625,0.7799442890625,0.74651810625,0.74651810625,0.7298050140625,0.7270194984375,0.6768802234375,0.707520890625,0.651810584375,0.7883008359375,0.6685236765625,0.8050139281250001,0.7186629531250001,0.799442896875,0.74651810625,0.7799442890625,0,0,0,0,0,0,0,0,0,0,0,0
569,427_jpg.rf.023c6bb38ba53c56db922c1585e1e884.jpg,meningioma,0,0.4939066859375,0.07520891406249999,0.49860724218749997,0.16155988906250002,0.48189415,0.20334261874999998,0.4401114203125,0.259052925,0.3509749296875,0.25626740937500003,0.2701949859375,0.2423398328125,0.2395543171875,0.22284122499999998,0.2200557109375,0.16713091875,0.2089136484375,0.12813370468750002,0.16713091875,0.09192200625,0.1559888578125,0.050139275000000004,0.19777158749999998,0.002785515625,0.2841225625,0,0.2941039921875
570,1374_jpg.rf.6402b63b704c940bf6021cb2803ba73b.jpg,pituitary,0.373259053125,0.44568245156249997,0.32869080781250004,0.43175487500000004,0.281337046875,0.5125348187500001,0.3036211703125,0.5431754875,0.3621169921875,0.5515320328125,0.3788300828125,0.53760445625,0.373259053125,0.44568245156249997,0,0,0,0,0,0,0,0,0,0,0,0,0,0
571,33_jpg.rf.b3b7d7891828a98b96fe480acdf7e51c.jpg,meningioma,0.367688021875,0.39554317499999997,0.40111420625000005,0.4373259046875,0.45403899687499993,0.45125348125000003,0.4707520890625,0.490250696875,0.5125348187500001,0.490250696875,0.515320334375,0.45403899687499993,0.5431754875,0.44568245156249997,0.5543175484375,0.4094707515625,0.576601671875,0.3844011140625,0.4707520890625,0.3816155984375,0.367688021875,0.39554317499999997,0,0,0,0,0,0
572,1741_jpg.rf.a71b8d1ec36f9cdb88a2136abc7c8cf4.jpg,pituitary,0.5793871859374999,0.40668523749999996,0.5515320328125,0.4568245125,0.5849582171875001,0.4568245125,0.601671309375,0.43454039062499994,0.6406685234375,0.4679665734375,0.6740947078125,0.479108634375,0.6155988859375,0.37604456875,0.5905292484375,0.3621169921875,0.576601671875,0.3704735375,0.5793871859374999,0.40668523749999996,0,0,0,0,0,0,0,0
573,1113_jpg.rf.cd59926dc481fb1551c4a9795c8112fe.jpg,pituitary,0.5905292484375,0.4401114203125,0.568245125,0.46239554375,0.5654596093750001,0.5041782734375,0.5905292484375,0.54874651875,0.6601671312499999,0.576601671875,0.6796657374999999,0.5654596093750001,0.662952646875,0.4178272984375,0.626740946875,0.4094707515625,0.6183844015625,0.4428969359375,0.5905292484375,0.4401114203125,0,0,0,0,0,0,0,0
574,1751_jpg.rf.e16ea2b1b0d9b2a13286831cbd735871.jpg,pituitary,0.509749303125,0.3816155984375,0.5320334265625,0.3899721453125,0.571030640625,0.367688021875,0.5793871859374999,0.317548746875,0.5626740953125,0.2980501390625,0.5264623953124999,0.28969359375,0.49582172656249995,0.3091922,0.48746518125,0.348189415625,0.509749303125,0.3816155984375,0,0,0,0,0,0,0,0,0,0
575,1073_jpg.rf.7bf65eb85139afc850576ffaeb2f17e1.jpg,pituitary,0.6368715078125,0.553072625,0.6480446921875,0.45251396718750003,0.6145251390625,0.41899441406250004,0.5754189937499999,0.41899441406250004,0.5810055859375,0.5977653625,0.6424581,0.6145251390625,0.6592178765625001,0.5921787703125,0.6368715078125,0.553072625,0,0,0,0,0,0,0,0,0,0,0,0
576,279_jpg.rf.2a81d9c8fd211e2fcd58fe020bf5f1d2.jpg,meningioma,0.3844011140625,0.682451253125,0.33983286874999996,0.682451253125,0.28969359375,0.6963788296875,0.2701949859375,0.7186629531250001,0.259052925,0.7799442890625,0.2701949859375,0.8105849578125,0.3091922,0.8384401109375,0.37604456875,0.835654596875,0.40389972187499995,0.855153203125,0.46239554375,0.8662952640625001,0.4679665734375,0.768802228125,0.4373259046875,0.7019498609375,0.3844011140625,0.682451253125,0,0
577,1240_jpg.rf.dd4f078a32055080e538c758fd7b8dd1.jpg,pituitary,0.43175487500000004,0.4094707515625,0.51810585,0.42339832812499995,0.5626740953125,0.42339832812499995,0.5877437328124999,0.4122562671875,0.5877437328124999,0.373259053125,0.568245125,0.348189415625,0.520891365625,0.3231197765625,0.47353760468750006,0.32033426249999997,0.428969359375,0.3621169921875,0.43175487500000004,0.4094707515625,0,0,0,0,0,0,0,0
578,1866_jpg.rf.f0f42a39c8b4003da74cef8ba8e0418c.jpg,glioma,0.5821727015625,0.25348189374999996,0.47353760468750006,0.250696378125,0.3565459609375,0.281337046875,0.286908078125,0.3537604453125,0.2646239546875,0.39554317499999997,0.2646239546875,0.49860724218749997,0.3314763234375,0.509749303125,0.5459610031250001,0.484679665625,0.6685236765625,0.43175487500000004,0.6935933140625,0.4094707515625,0.6852367687500001,0.3509749296875,0.632311978125,0.27298050156250003,0.5821727015625,0.25348189374999996,0,0
579,2610_jpg.rf.5109e6a1c1e71c0d18e84c6bd100b734.jpg,glioma,0.7186629531250001,0.5264623953124999,0.713091921875,0.48189415,0.651810584375,0.4707520890625,0.596100278125,0.49303621093750005,0.568245125,0.51810585,0.5459610031250001,0.5543175484375,0.5515320328125,0.6100278546875,0.6545961,0.6685236765625,0.707520890625,0.6490250703125,0.738161559375,0.62395543125,0.7910863515625,0.632311978125,0.793871865625,0.5877437328124999,0.7548746515625,0.5459610031250001,0.7186629531250001,0.5264623953124999
580,329_jpg.rf.f17d867619e93e8a0e9cdf6a8c21fc2d.jpg,meningioma,0.2785515328125,0.13649024999999998,0.19777158749999998,0.1587743734375,0.114206128125,0.2339832875,0.10863509687499999,0.25626740937500003,0.1309192203125,0.2785515328125,0.16155988906250002,0.34261838437500003,0.2423398328125,0.3621169921875,0.3788300828125,0.31476323125,0.4150417828125,0.28969359375,0.42339832812499995,0.1922005578125,0.4150417828125,0.1476323125,0.2785515328125,0.13649024999999998,0,0,0,0
581,2806_jpg.rf.a90fea3e90ca73c6dbd35a613b7d6270.jpg,glioma,0.1866295265625,0.7186629531250001,0.259052925,0.6490250703125,0.2980501390625,0.576601671875,0.3036211703125,0.5459610031250001,0.281337046875,0.428969359375,0.24791086406249999,0.40389972187499995,0.231197771875,0.40389972187499995,0.1838440109375,0.4122562671875,0.16155988906250002,0.4373259046875,0.16713091875,0.459610028125,0.2200557109375,0.46518105781249997,0.22562674062500002,0.48746518125,0.1532033421875,0.51810585,0.0779944296875,0.5320334265625
582,88_jpg.rf.8e45330136766be3cdadcfecfaa492b5.jpg,meningioma,0.8718662953124999,0.49860724218749997,0.8774373265625,0.459610028125,0.8050139281250001,0.44568245156249997,0.7298050140625,0.45403899687499993,0.6908078,0.49582172656249995,0.6601671312499999,0.571030640625,0.682451253125,0.6657381609375,0.7214484671875,0.707520890625,0.7576601671875001,0.7214484671875,0.8189415046875,0.713091921875,0.835654596875,0.6657381609375,0.8885793874999999,0.6211699171875,0.8885793874999999,0.54874651875,0.8718662953124999,0.49860724218749997
583,1288_jpg.rf.e1087d065992cb67a18672139d5ea907.jpg,pituitary,0.4178272984375,0.5598885796874999,0.4484679671875,0.5626740953125,0.48746518125,0.5348189421875,0.48746518125,0.47353760468750006,0.46239554375,0.45125348125000003,0.42339832812499995,0.44568245156249997,0.3899721453125,0.4707520890625,0.3899721453125,0.5236768796875,0.4178272984375,0.5598885796874999,0,0,0,0,0,0,0,0,0,0
584,741_jpg.rf.eec2b53f2cbe597e2f9ef2c2fd3d1641.jpg,glioma,0.367688021875,0.830083565625,0.4707520890625,0.85793871875,0.515320334375,0.855153203125,0.5905292484375,0.8022284125000001,0.6573816156250001,0.79665738125,0.651810584375,0.6545961,0.682451253125,0.5877437328124999,0.6601671312499999,0.5571030640625,0.651810584375,0.5069637890625,0.5877437328124999,0.47353760468750006,0.5348189421875,0.4679665734375,0.45403899687499993,0.5320334265625,0.4568245125,0.4707520890625,0.5292479109375,0.42618384374999996
585,138_jpg.rf.545581ed787d92648169f1fb1a7b9e0e.jpg,meningioma,0.2200557109375,0.37604456875,0.17827298125,0.367688021875,0.144846796875,0.3816155984375,0.10863509687499999,0.4150417828125,0.0974930359375,0.46239554375,0.10584958281250001,0.5264623953124999,0.11699164375,0.5431754875,0.144846796875,0.54874651875,0.2423398328125,0.5431754875,0.25348189374999996,0.53760445625,0.24791086406249999,0.49860724218749997,0.261838440625,0.42618384374999996,0.2200557109375,0.37604456875,0,0
586,769_jpg.rf.8c7b3c0c0d826168b5733ded4d313456.jpg,glioma,0.4373259046875,0.3816155984375,0.48746518125,0.3537604453125,0.5459610031250001,0.2674094703125,0.5598885796874999,0.2200557109375,0.5571030640625,0.19777158749999998,0.53760445625,0.17270195,0.5041782734375,0.16991643437499998,0.45403899687499993,0.12813370468750002,0.42339832812499995,0.16155988906250002,0.4150417828125,0.2200557109375,0.3927576609375,0.25348189374999996,0.3537604453125,0.261838440625,0.32033426249999997,0.2980501390625,0.3259052921875,0.32869080781250004
587,2022_jpg.rf.d3941552b293135d748964614b69c249.jpg,glioma,0.6963788296875,0.6378830078125,0.6740947078125,0.5849582171875001,0.5821727015625,0.540389971875,0.4373259046875,0.515320334375,0.373259053125,0.5626740953125,0.34261838437500003,0.5654596093750001,0.3231197765625,0.5821727015625,0.3231197765625,0.6211699171875,0.3509749296875,0.6545961,0.40668523749999996,0.6796657374999999,0.47353760468750006,0.688022284375,0.5543175484375,0.7186629531250001,0.6462395546875,0.707520890625,0.688022284375,0.682451253125
588,668_jpg.rf.726938478d1bb4f39cb43c630815795e.jpg,meningioma,0,0.6378830078125,0.050139275000000004,0.7353760453125,0.0668523671875,0.749303621875,0.10027855156250001,0.749303621875,0.13649024999999998,0.7214484671875,0.16155988906250002,0.6657381609375,0.1587743734375,0.62395543125,0.14206128125,0.5849582171875001,0.119777159375,0.5905292484375,0.10863509687499999,0.57381615625,0.0417827296875,0.5571030640625,0.027855153124999997,0.5793871859374999,0,0.5933147625,0,0.6378830078125
589,2667_jpg.rf.4f2ce8ec8be8b903791cbd1cfff3428c.jpg,glioma,0.601671309375,0.59888579375,0.4373259046875,0.774373259375,0.4122562671875,0.8272980499999999,0.4206128140625,0.8495821734375,0.4568245125,0.8635097500000001,0.520891365625,0.8662952640625001,0.601671309375,0.8495821734375,0.662952646875,0.8105849578125,0.6908078,0.749303621875,0.688022284375,0.6601671312499999,0.6406685234375,0.6072423390624999,0.601671309375,0.59888579375,0,0,0,0
590,1365_jpg.rf.2e3af382240de993d0753d094a1cad69.jpg,pituitary,0.43454039062499994,0.5013927578125,0.428969359375,0.4679665734375,0.3927576609375,0.42339832812499995,0.373259053125,0.4122562671875,0.3314763234375,0.4122562671875,0.286908078125,0.42339832812499995,0.259052925,0.45403899687499993,0.250696378125,0.5292479109375,0.259052925,0.5571030640625,0.3036211703125,0.5849582171875001,0.32033426249999997,0.6155988859375,0.3454039,0.6155988859375,0.373259053125,0.6100278546875,0.42339832812499995,0.5543175484375
591,1752_jpg.rf.008361d89d3c704ec0c19ae384cb0789.jpg,pituitary,0.568245125,0.373259053125,0.5849582171875001,0.348189415625,0.57381615625,0.3008356546875,0.540389971875,0.28969359375,0.5069637890625,0.3036211703125,0.490250696875,0.3314763234375,0.515320334375,0.3899721453125,0.568245125,0.373259053125,0,0,0,0,0,0,0,0,0,0,0,0
592,365_jpg.rf.18380b98a5cf7496e369251a56eab076.jpg,meningioma,0,0.49321030625000006,0.086350975,0.49860724218749997,0.139275765625,0.484679665625,0.1810584953125,0.4206128140625,0.1838440109375,0.348189415625,0.0779944296875,0.311977715625,0.0445682453125,0.3342618390625,0.027855153124999997,0.3788300828125,0.0083565453125,0.3704735375,0,0.3838440109375,0,0.49321030625000006,0,0,0,0,0,0
593,1112_jpg.rf.ff48a5565b84aedb2edc9b4e0c01e1ec.jpg,pituitary,0.6128133703125,0.42618384374999996,0.5598885796874999,0.47632312031249996,0.5598885796874999,0.51810585,0.6295264625,0.51810585,0.682451253125,0.5320334265625,0.6963788296875,0.5515320328125,0.713091921875,0.5431754875,0.7214484671875,0.49582172656249995,0.6908078,0.4206128140625,0.6685236765625,0.4094707515625,0.6128133703125,0.42618384374999996,0,0,0,0,0,0
594,1080_jpg.rf.2cec24868fa9bb8ebb9acba1c7a07287.jpg,pituitary,0.6072423390624999,0.59888579375,0.6935933140625,0.5849582171875001,0.7186629531250001,0.5264623953124999,0.71030640625,0.479108634375,0.6657381609375,0.4401114203125,0.6601671312499999,0.4094707515625,0.6100278546875,0.40389972187499995,0.6072423390624999,0.43454039062499994,0.5933147625,0.45125348125000003,0.5431754875,0.4178272984375,0.509749303125,0.4206128140625,0.48189415,0.4428969359375,0.46518105781249997,0.49303621093750005,0.46518105781249997,0.5320334265625
595,1592_jpg.rf.4b6e253253a60b7974f9e1232c01e9c1.jpg,pituitary,0.6378830078125,0.40111420625000005,0.6128133703125,0.428969359375,0.6128133703125,0.44568245156249997,0.626740946875,0.4707520890625,0.6657381609375,0.490250696875,0.6991643453124999,0.5292479109375,0.7214484671875,0.5292479109375,0.738161559375,0.49860724218749997,0.740947075,0.459610028125,0.682451253125,0.3816155984375,0.6378830078125,0.40111420625000005,0,0,0,0,0,0
596,1428_jpg.rf.d6ea2d26644fff4da0debc4e86c4b917.jpg,pituitary,0.3259052921875,0.5459610031250001,0.367688021875,0.5626740953125,0.4122562671875,0.540389971875,0.43175487500000004,0.47353760468750006,0.40111420625000005,0.428969359375,0.348189415625,0.4178272984375,0.3091922,0.4428969359375,0.2952646234375,0.49860724218749997,0.3259052921875,0.5459610031250001,0,0,0,0,0,0,0,0,0,0
597,1039_jpg.rf.4b47256ef2b48674ab6dda54e1602e7d.jpg,pituitary,0.59888579375,0.5849582171875001,0.596100278125,0.54874651875,0.6128133703125,0.515320334375,0.6100278546875,0.44568245156249997,0.5849582171875001,0.4178272984375,0.5654596093750001,0.4178272984375,0.540389971875,0.43175487500000004,0.459610028125,0.43454039062499994,0.40668523749999996,0.46518105781249997,0.3927576609375,0.49582172656249995,0.3927576609375,0.5459610031250001,0.4150417828125,0.5849582171875001,0.46239554375,0.6100278546875,0.49860724218749997,0.6100278546875
598,570_jpg.rf.5096a3097a0f20b0a4470eda903649c3.jpg,meningioma,0.5236768796875,0.4373259046875,0.54874651875,0.45125348125000003,0.6155988859375,0.4401114203125,0.626740946875,0.428969359375,0.626740946875,0.39554317499999997,0.604456825,0.348189415625,0.5793871859374999,0.3231197765625,0.5292479109375,0.311977715625,0.509749303125,0.3927576609375,0.5236768796875,0.4373259046875,0,0,0,0,0,0,0,0
599,1194_jpg.rf.b635092823dc6498b04967fa3f7a5d7a.jpg,pituitary,0.6100278546875,0.428969359375,0.601671309375,0.34261838437500003,0.5821727015625,0.32869080781250004,0.53760445625,0.3231197765625,0.51810585,0.33983286874999996,0.520891365625,0.42339832812499995,0.5459610031250001,0.43454039062499994,0.6100278546875,0.428969359375,0,0,0,0,0,0,0,0,0,0,0,0
600,12_jpg.rf.ed8a54dff377ce139532eac49991c4da.jpg,meningioma,0.7520891359374999,0.54874651875,0.7298050140625,0.49860724218749997,0.6573816156250001,0.4484679671875,0.54874651875,0.428969359375,0.49582172656249995,0.44568245156249997,0.46518105781249997,0.490250696875,0.4568245125,0.5626740953125,0.4707520890625,0.601671309375,0.515320334375,0.651810584375,0.5654596093750001,0.6768802234375,0.6183844015625,0.682451253125,0.6796657374999999,0.6685236765625,0.7353760453125,0.6183844015625,0.749303621875,0.5877437328124999
601,1668_jpg.rf.d06e92df9cf856ea615a38a18b192314.jpg,pituitary,0.48189415,0.49860724218749997,0.5543175484375,0.49582172656249995,0.57381615625,0.47353760468750006,0.576601671875,0.43175487500000004,0.540389971875,0.40111420625000005,0.48746518125,0.3927576609375,0.4401114203125,0.4206128140625,0.4401114203125,0.46518105781249997,0.48189415,0.49860724218749997,0,0,0,0,0,0,0,0,0,0
602,2008_jpg.rf.a9c0a55b0453bda10ed310a3780924cc.jpg,glioma,0.33983286874999996,0.3788300828125,0.36490250625,0.3509749296875,0.3537604453125,0.32033426249999997,0.3899721453125,0.3008356546875,0.3927576609375,0.28969359375,0.3454039,0.2339832875,0.33983286874999996,0.1922005578125,0.3231197765625,0.1810584953125,0.2451253484375,0.2423398328125,0.2144846796875,0.24791086406249999,0.16434540312499998,0.2785515328125,0.11699164375,0.3259052921875,0.0696378828125,0.428969359375,0.0668523671875,0.515320334375
603,2564_jpg.rf.7cecd510c1c488a18e5a64b47680b814.jpg,glioma,0.44568245156249997,0.7270194984375,0.515320334375,0.74651810625,0.5348189421875,0.777158775,0.5598885796874999,0.7910863515625,0.626740946875,0.7910863515625,0.6462395546875,0.7660167125,0.6490250703125,0.6963788296875,0.5348189421875,0.63509749375,0.53760445625,0.604456825,0.5877437328124999,0.5264623953124999,0.5877437328124999,0.48189415,0.5515320328125,0.4373259046875,0.47632312031249996,0.3788300828125,0.46239554375,0.3537604453125
604,293_jpg.rf.f39d821bf9fec940f018a789d431438c.jpg,meningioma,0.281337046875,0.5431754875,0.2395543171875,0.520891365625,0.20055710312500002,0.51810585,0.1559888578125,0.5264623953124999,0.10863509687499999,0.5598885796874999,0.089136490625,0.5877437328124999,0.0974930359375,0.6545961,0.13649024999999998,0.6991643453124999,0.16155988906250002,0.707520890625,0.22841225625,0.7019498609375,0.2674094703125,0.6852367687500001,0.31476323125,0.62395543125,0.3091922,0.5793871859374999,0.281337046875,0.5431754875
605,2858_jpg.rf.4393482868140ff6088d0113f3a261b1.jpg,glioma,0,0.40557103124999994,0.002785515625,0.4094707515625,0.050139275000000004,0.43175487500000004,0.119777159375,0.42618384374999996,0.1504178265625,0.3621169921875,0.14206128125,0.2952646234375,0.114206128125,0.2785515328125,0.058495821875,0.2701949859375,0.013927576562499999,0.292479109375,0,0.3081476328125,0,0.40557103124999994,0,0,0,0,0,0
606,2214_jpg.rf.5b34cd848dc7bf2401c14a65a7b9e860.jpg,glioma,0.5069637890625,0.5125348187500001,0.46518105781249997,0.49303621093750005,0.4206128140625,0.5041782734375,0.40111420625000005,0.5431754875,0.3927576609375,0.5933147625,0.4150417828125,0.6183844015625,0.4484679671875,0.63509749375,0.5543175484375,0.63509749375,0.5849582171875001,0.651810584375,0.604456825,0.6490250703125,0.604456825,0.6183844015625,0.53760445625,0.568245125,0.5069637890625,0.5125348187500001,0,0
607,50_jpg.rf.2eacf3d389a56d0a8751d13da8b9d598.jpg,meningioma,0.6963788296875,0.6685236765625,0.5849582171875001,0.6991643453124999,0.5348189421875,0.7325905296874999,0.5264623953124999,0.7548746515625,0.5320334265625,0.8077994421874999,0.5626740953125,0.855153203125,0.6211699171875,0.8690807796875,0.774373259375,0.8105849578125,0.7910863515625,0.7548746515625,0.7855153203125,0.6963788296875,0.7632311984375,0.6740947078125,0.6963788296875,0.6685236765625,0,0,0,0
608,2799_jpg.rf.fb00caced0b287b2c8c51c5e1e6cd455.jpg,glioma,0.3871866296875,0.7576601671875001,0.4206128140625,0.7604456828124999,0.46239554375,0.7353760453125,0.49582172656249995,0.6740947078125,0.5459610031250001,0.632311978125,0.5877437328124999,0.54874651875,0.6295264625,0.49860724218749997,0.6573816156250001,0.428969359375,0.6573816156250001,0.398328690625,0.6462395546875,0.3871866296875,0.571030640625,0.3704735375,0.5125348187500001,0.4568245125,0.5125348187500001,0.490250696875,0.5459610031250001,0.5264623953124999
609,1962_jpg.rf.d44851a506a613ed56ee770e86329f72.jpg,glioma,0.36490250625,0.175487465625,0.32869080781250004,0.16991643437499998,0.3091922,0.1810584953125,0.1922005578125,0.1838440109375,0.1894150421875,0.2395543171875,0.1532033421875,0.2674094703125,0.1532033421875,0.2952646234375,0.175487465625,0.311977715625,0.24791086406249999,0.2952646234375,0.2841225625,0.3816155984375,0.3314763234375,0.348189415625,0.37604456875,0.2646239546875,0.36490250625,0.175487465625,0,0
610,871_jpg.rf.ababe77f9d11f2ec8c64b0830c8c6b0f.jpg,glioma,0.43175487500000004,0.777158775,0.479108634375,0.688022284375,0.46239554375,0.62395543125,0.3927576609375,0.601671309375,0.35933147656250003,0.601671309375,0.34261838437500003,0.6128133703125,0.34261838437500003,0.626740946875,0.3621169921875,0.63509749375,0.36490250625,0.6657381609375,0.2785515328125,0.7325905296874999,0.3008356546875,0.79665738125,0.32869080781250004,0.79665738125,0.373259053125,0.7548746515625,0.40111420625000005,0.7576601671875001
611,55_jpg.rf.483eddd0aa4bb2073831cfde2ad7b180.jpg,meningioma,0.626740946875,0.768802228125,0.6545961,0.7715877437499999,0.6852367687500001,0.74651810625,0.6963788296875,0.6991643453124999,0.6713091921875,0.6713091921875,0.63509749375,0.6657381609375,0.601671309375,0.7047353765625,0.604456825,0.7520891359374999,0.626740946875,0.768802228125,0,0,0,0,0,0,0,0,0,0
612,2796_jpg.rf.1932d8c2a4fb20c596828de50b950de5.jpg,glioma,0.44568245156249997,0.6490250703125,0.44568245156249997,0.6713091921875,0.46239554375,0.6768802234375,0.479108634375,0.7214484671875,0.479108634375,0.7827298046875,0.5013927578125,0.8217270187500001,0.520891365625,0.8217270187500001,0.515320334375,0.793871865625,0.54874651875,0.7353760453125,0.5543175484375,0.6545961,0.576601671875,0.601671309375,0.5933147625,0.4568245125,0.5793871859374999,0.3871866296875,0.5069637890625,0.3064066859375
613,161_jpg.rf.c0057c620ad7bed3035431bf1300e067.jpg,meningioma,0.54874651875,0.47353760468750006,0.51810585,0.5125348187500001,0.49582172656249995,0.59888579375,0.5264623953124999,0.6406685234375,0.5849582171875001,0.651810584375,0.6685236765625,0.604456825,0.6796657374999999,0.5598885796874999,0.662952646875,0.5236768796875,0.6183844015625,0.48189415,0.568245125,0.46518105781249997,0.54874651875,0.47353760468750006,0,0,0,0,0,0
614,1548_jpg.rf.b0fb1e18726df91aad5aa1b9d54428a8.jpg,pituitary,0.63509749375,0.57381615625,0.6657381609375,0.5125348187500001,0.6545961,0.46239554375,0.6072423390624999,0.4122562671875,0.47353760468750006,0.398328690625,0.4206128140625,0.428969359375,0.4178272984375,0.47353760468750006,0.43175487500000004,0.51810585,0.484679665625,0.568245125,0.5041782734375,0.604456825,0.51810585,0.6072423390624999,0.53760445625,0.5821727015625,0.5543175484375,0.5821727015625,0.576601671875,0.6183844015625
615,366_jpg.rf.53ec8e8448215d76391a65d6872ebfef.jpg,meningioma,0.1309192203125,0.3871866296875,0.1225626734375,0.43454039062499994,0.1337047359375,0.4484679671875,0.19777158749999998,0.459610028125,0.2701949859375,0.4094707515625,0.27298050156250003,0.3816155984375,0.2395543171875,0.3454039,0.22284122499999998,0.34261838437500003,0.1559888578125,0.36490250625,0.1309192203125,0.3871866296875,0,0,0,0,0,0,0,0
616,1894_jpg.rf.05692c34a57d1c385937b3d4e817a0af.jpg,glioma,0.632311978125,0.45403899687499993,0.662952646875,0.45125348125000003,0.7298050140625,0.4122562671875,0.7270194984375,0.3927576609375,0.707520890625,0.3844011140625,0.6295264625,0.3816155984375,0.576601671875,0.4150417828125,0.54874651875,0.398328690625,0.5125348187500001,0.4150417828125,0.4707520890625,0.47632312031249996,0.4679665734375,0.515320334375,0.51810585,0.5236768796875,0.51810585,0.49303621093750005,0.5320334265625,0.47353760468750006
617,1055_jpg.rf.bb1390742645201c1599791889fa5e2c.jpg,pituitary,0.4150417828125,0.459610028125,0.4178272984375,0.49582172656249995,0.5236768796875,0.604456825,0.576601671875,0.6072423390624999,0.604456825,0.5849582171875001,0.5877437328124999,0.48746518125,0.5626740953125,0.43454039062499994,0.5236768796875,0.42618384374999996,0.428969359375,0.4428969359375,0.4150417828125,0.459610028125,0,0,0,0,0,0,0,0
618,178_jpg.rf.bc77079f5a91c67dc554d1bcbbeb7dfa.jpg,meningioma,0.682451253125,0.3036211703125,0.626740946875,0.3537604453125,0.632311978125,0.428969359375,0.651810584375,0.4707520890625,0.6908078,0.5041782734375,0.7242339828125,0.5041782734375,0.7353760453125,0.49303621093750005,0.8161559890625,0.47353760468750006,0.8189415046875,0.3927576609375,0.79665738125,0.348189415625,0.74651810625,0.3091922,0.682451253125,0.3036211703125,0,0,0,0
619,2368_jpg.rf.c63acac49204b2c8c14fffbd4eec6592.jpg,glioma,0.8328690812499999,0.71030640625,0.8885793874999999,0.682451253125,0.9331476328124999,0.6295264625,0.9387186625,0.571030640625,0.9303621171875,0.5264623953124999,0.8161559890625,0.5041782734375,0.774373259375,0.48746518125,0.7576601671875001,0.459610028125,0.6657381609375,0.42618384374999996,0.6462395546875,0.4428969359375,0.6155988859375,0.43454039062499994,0.6100278546875,0.459610028125,0.596100278125,0.46518105781249997,0.5905292484375,0.5264623953124999
620,2437_jpg.rf.848981558e8733254ab893557f78a9c0.jpg,glioma,0.398328690625,0.6545961,0.4206128140625,0.5877437328124999,0.4150417828125,0.5292479109375,0.3899721453125,0.5069637890625,0.3064066859375,0.49303621093750005,0.250696378125,0.509749303125,0.2089136484375,0.5069637890625,0.1922005578125,0.520891365625,0.1866295265625,0.5459610031250001,0.1504178265625,0.568245125,0.139275765625,0.6183844015625,0.16991643437499998,0.707520890625,0.22841225625,0.7298050140625,0.3036211703125,0.740947075
621,1358_jpg.rf.5b329738b16e5a77cfed6476283e66d8.jpg,pituitary,0.3231197765625,0.42339832812499995,0.2785515328125,0.45403899687499993,0.24791086406249999,0.5013927578125,0.25626740937500003,0.5905292484375,0.31476323125,0.6434540390625,0.3621169921875,0.6545961,0.42339832812499995,0.651810584375,0.48189415,0.57381615625,0.490250696875,0.5013927578125,0.479108634375,0.459610028125,0.4428969359375,0.42618384374999996,0.3231197765625,0.42339832812499995,0,0,0,0
622,2633_jpg.rf.70a63c7a91d55740748022b091c8e8e4.jpg,glioma,0.5654596093750001,0.47632312031249996,0.5654596093750001,0.5264623953124999,0.596100278125,0.5654596093750001,0.6573816156250001,0.5626740953125,0.6740947078125,0.5348189421875,0.6713091921875,0.515320334375,0.6434540390625,0.48746518125,0.6295264625,0.45403899687499993,0.6100278546875,0.43454039062499994,0.596100278125,0.43454039062499994,0.5654596093750001,0.47632312031249996,0,0,0,0,0,0
623,441_jpg.rf.cd8de827a886fa6b3d805a5f24092c94.jpg,meningioma,0.11699164375,0.5125348187500001,0.0083565453125,0.5292479109375,0.00557103125,0.5849582171875001,0.052924790624999996,0.740947075,0.1253481890625,0.8189415046875,0.16713091875,0.8328690812499999,0.20055710312500002,0.8161559890625,0.22284122499999998,0.7855153203125,0.22841225625,0.6406685234375,0.20334261874999998,0.54874651875,0.1866295265625,0.5236768796875,0.11699164375,0.5125348187500001,0,0,0,0
624,2382_jpg.rf.c908545d56e04a770177570a971bfce4.jpg,glioma,0.5793871859374999,0.6128133703125,0.6378830078125,0.651810584375,0.777158775,0.6768802234375,0.8328690812499999,0.6740947078125,0.8969359328125,0.6295264625,0.91922005625,0.5654596093750001,0.91922005625,0.53760445625,0.9025069640625001,0.51810585,0.8133704734375,0.5069637890625,0.74651810625,0.53760445625,0.707520890625,0.5933147625,0.6852367687500001,0.596100278125,0.5264623953124999,0.5041782734375,0.3509749296875,0.45403899687499993
625,2964_jpg.rf.d51d545d45ba98cb37445c472cf39e36.jpg,glioma,0.47353760468750006,0.5654596093750001,0.43454039062499994,0.53760445625,0.428969359375,0.49582172656249995,0.45125348125000003,0.47353760468750006,0.49303621093750005,0.46518105781249997,0.5069637890625,0.44568245156249997,0.5459610031250001,0.42618384374999996,0.5459610031250001,0.337047353125,0.5348189421875,0.311977715625,0.5041782734375,0.286908078125,0.4122562671875,0.2980501390625,0.3509749296875,0.34261838437500003,0.32869080781250004,0.34261838437500003,0.2451253484375,0.292479109375
626,2632_jpg.rf.362504f171f5f2db246032e396a4c026.jpg,glioma,0.5821727015625,0.45125348125000003,0.5515320328125,0.47632312031249996,0.5515320328125,0.51810585,0.5877437328124999,0.5459610031250001,0.6406685234375,0.54874651875,0.6657381609375,0.5348189421875,0.6740947078125,0.49582172656249995,0.662952646875,0.45125348125000003,0.6490250703125,0.4373259046875,0.62395543125,0.4373259046875,0.5821727015625,0.45125348125000003,0,0,0,0,0,0
627,1153_jpg.rf.ec5400d4cfcab210ac33140e24ed77f5.jpg,pituitary,0.484679665625,0.40389972187499995,0.5125348187500001,0.46239554375,0.5125348187500001,0.520891365625,0.490250696875,0.5933147625,0.5292479109375,0.601671309375,0.5654596093750001,0.5877437328124999,0.568245125,0.4679665734375,0.5598885796874999,0.43175487500000004,0.5264623953124999,0.39554317499999997,0.49582172656249995,0.3899721453125,0.484679665625,0.40389972187499995,0,0,0,0,0,0
628,2381_jpg.rf.e44e9ec5ac57a8507cfbc6626dc444b8.jpg,glioma,0.5348189421875,0.5821727015625,0.5821727015625,0.6100278546875,0.6100278546875,0.6601671312499999,0.6601671312499999,0.682451253125,0.799442896875,0.688022284375,0.85793871875,0.6685236765625,0.916434540625,0.5877437328124999,0.9108635093749999,0.5125348187500001,0.8635097500000001,0.49303621093750005,0.743732590625,0.490250696875,0.6434540390625,0.4707520890625,0.6072423390624999,0.47632312031249996,0.596100278125,0.459610028125,0.6406685234375,0.3899721453125
629,609_jpg.rf.1005ec003c9f7f357a85db16c2f4848c.jpg,meningioma,0.3565459609375,0.4150417828125,0.2701949859375,0.2646239546875,0.19777158749999998,0.22284122499999998,0.16713091875,0.2200557109375,0.119777159375,0.2339832875,0.083565459375,0.259052925,0.0445682453125,0.3259052921875,0.0167130921875,0.4428969359375,0.0362116984375,0.49303621093750005,0.12813370468750002,0.5598885796874999,0.1810584953125,0.5821727015625,0.250696378125,0.5821727015625,0.3064066859375,0.5571030640625,0.3454039,0.5125348187500001
630,1787_jpg.rf.a5917b51d466360c0990c662624a9b4f.jpg,pituitary,0.48746518125,0.5125348187500001,0.51810585,0.515320334375,0.5292479109375,0.5013927578125,0.5292479109375,0.4679665734375,0.5125348187500001,0.4401114203125,0.49303621093750005,0.43454039062499994,0.479108634375,0.45403899687499993,0.47632312031249996,0.49303621093750005,0.48746518125,0.5125348187500001,0,0,0,0,0,0,0,0,0,0
631,1857_jpg.rf.c69fc59b3ad12358257ea14fb603125d.jpg,glioma,0.40389972187499995,0.7715877437499999,0.40668523749999996,0.7242339828125,0.5125348187500001,0.7047353765625,0.5264623953124999,0.6796657374999999,0.5236768796875,0.632311978125,0.49860724218749997,0.54874651875,0.48189415,0.5320334265625,0.43454039062499994,0.51810585,0.373259053125,0.5236768796875,0.337047353125,0.509749303125,0.25626740937500003,0.5041782734375,0.20334261874999998,0.5543175484375,0.194986071875,0.5793871859374999,0.20334261874999998,0.6072423390624999
632,1128_jpg.rf.05ecdebde5a227d713910c62d8b7aaeb.jpg,pituitary,0.5041782734375,0.45125348125000003,0.45125348125000003,0.4401114203125,0.4373259046875,0.47353760468750006,0.4568245125,0.5013927578125,0.5013927578125,0.49860724218749997,0.5264623953124999,0.5431754875,0.59888579375,0.5515320328125,0.6128133703125,0.4707520890625,0.5877437328124999,0.4206128140625,0.5515320328125,0.4206128140625,0.5041782734375,0.45125348125000003,0,0,0,0,0,0
633,113_jpg.rf.c40c219e667b494bdf61a4c7e6f2f5af.jpg,meningioma,0.2841225625,0.515320334375,0.2701949859375,0.5431754875,0.281337046875,0.596100278125,0.311977715625,0.6128133703125,0.3454039,0.6155988859375,0.3871866296875,0.5933147625,0.3927576609375,0.5626740953125,0.3704735375,0.5125348187500001,0.3509749296875,0.5013927578125,0.3064066859375,0.5013927578125,0.2841225625,0.515320334375,0,0,0,0,0,0
634,1686_jpg.rf.867500364afcd839df96fc4a2d7aea92.jpg,pituitary,0.479108634375,0.259052925,0.4428969359375,0.286908078125,0.43175487500000004,0.337047353125,0.43454039062499994,0.3816155984375,0.45403899687499993,0.40389972187499995,0.49582172656249995,0.4094707515625,0.5849582171875001,0.39554317499999997,0.6490250703125,0.3509749296875,0.6462395546875,0.3036211703125,0.6295264625,0.286908078125,0.568245125,0.261838440625,0.479108634375,0.259052925,0,0,0,0
635,1006_jpg.rf.fc1decff7e5c0e9af779c80fbfd26275.jpg,pituitary,0.3342618390625,0.4178272984375,0.34261838437500003,0.45125348125000003,0.3314763234375,0.49582172656249995,0.348189415625,0.5431754875,0.3899721453125,0.5571030640625,0.428969359375,0.540389971875,0.42339832812499995,0.4428969359375,0.40111420625000005,0.4373259046875,0.3844011140625,0.40668523749999996,0.3509749296875,0.40111420625000005,0.3342618390625,0.4178272984375,0,0,0,0,0,0
636,1019_jpg.rf.de3cd7bb753f81b4b7a15135e89e7592.jpg,pituitary,0.33983286874999996,0.4150417828125,0.31476323125,0.4373259046875,0.3008356546875,0.49303621093750005,0.32033426249999997,0.5320334265625,0.37414161562500003,0.5688858906250001,0.42679317499999997,0.5735646859375,0.479108634375,0.5292479109375,0.490250696875,0.46518105781249997,0.46239554375,0.4150417828125,0.40111420625000005,0.3927576609375,0.33983286874999996,0.4150417828125,0,0,0,0,0,0
637,1570_jpg.rf.f6652158d95123cd04172cb763b3f5e9.jpg,pituitary,0.484679665625,0.5348189421875,0.5125348187500001,0.53760445625,0.53760445625,0.5013927578125,0.53760445625,0.42339832812499995,0.51810585,0.4094707515625,0.48746518125,0.4094707515625,0.45403899687499993,0.44568245156249997,0.45403899687499993,0.48746518125,0.484679665625,0.5348189421875,0,0,0,0,0,0,0,0,0,0
638,442_jpg.rf.5ac618a53c1cde5505fa5ae427c21802.jpg,meningioma,0.5877437328124999,0.4401114203125,0.63509749375,0.45125348125000003,0.6434540390625,0.42339832812499995,0.6155988859375,0.3314763234375,0.596100278125,0.3008356546875,0.540389971875,0.2701949859375,0.49860724218749997,0.2841225625,0.5041782734375,0.2395543171875,0.490250696875,0.2395543171875,0.4428969359375,0.27298050156250003,0.4679665734375,0.32033426249999997,0.3844011140625,0.3899721453125,0.4206128140625,0.44568245156249997,0.4178272984375,0.47353760468750006
639,1524_jpg.rf.f4c160973bf785dfb2fe57cd3026de80.jpg,pituitary,0.6100278546875,0.4401114203125,0.5571030640625,0.45125348125000003,0.48746518125,0.4373259046875,0.47353760468750006,0.45125348125000003,0.4094707515625,0.4679665734375,0.3899721453125,0.5236768796875,0.479108634375,0.5821727015625,0.520891365625,0.571030640625,0.5877437328124999,0.5793871859374999,0.63509749375,0.571030640625,0.6490250703125,0.5320334265625,0.6490250703125,0.4707520890625,0.63509749375,0.45403899687499993,0.6100278546875,0.4401114203125
640,680_jpg.rf.30b398d091ff55b1a05c033a7c5e4b9a.jpg,meningioma,0.250696378125,0.6573816156250001,0.24791086406249999,0.6183844015625,0.21169916406249997,0.540389971875,0.1810584953125,0.51810585,0.16155988906250002,0.48189415,0.119777159375,0.47353760468750006,0.064066853125,0.48746518125,0.025069637500000002,0.51810585,0.022284121875,0.53760445625,0.0194986078125,0.6462395546875,0.03064066875,0.6963788296875,0.0473537609375,0.74651810625,0.0947075203125,0.79665738125,0.1225626734375,0.7910863515625
641,1933_jpg.rf.a876fae342329204c2f5ba15ed3076fa.jpg,glioma,0.28969359375,0.738161559375,0.2757660171875,0.7019498609375,0.1810584953125,0.6796657374999999,0.139275765625,0.71030640625,0.144846796875,0.7520891359374999,0.20334261874999998,0.8217270187500001,0.25348189374999996,0.8440111421875001,0.2952646234375,0.8830083562500001,0.3816155984375,0.9025069640625001,0.42961012500000006,0.8704687015625,0.41766529218750004,0.8175753453124999,0.45403899687499993,0.774373259375,0.4484679671875,0.749303621875,0.28969359375,0.738161559375
642,1745_jpg.rf.72c8c519c2d43fa32277aa1fda625283.jpg,pituitary,0.5654596093750001,0.47353760468750006,0.63509749375,0.4568245125,0.6490250703125,0.42339832812499995,0.6406685234375,0.3788300828125,0.626740946875,0.36490250625,0.5654596093750001,0.35933147656250003,0.509749303125,0.3927576609375,0.5236768796875,0.46518105781249997,0.5654596093750001,0.47353760468750006,0,0,0,0,0,0,0,0,0,0
643,43_jpg.rf.e0fde6e226d93a5060c8f6a1feed7063.jpg,meningioma,0.601671309375,0.5598885796874999,0.5292479109375,0.5264623953124999,0.490250696875,0.5320334265625,0.46239554375,0.5515320328125,0.44568245156249997,0.5849582171875001,0.4428969359375,0.626740946875,0.51810585,0.7214484671875,0.5515320328125,0.7270194984375,0.5933147625,0.713091921875,0.626740946875,0.682451253125,0.63509749375,0.6211699171875,0.62395543125,0.5849582171875001,0.601671309375,0.5598885796874999,0,0
644,542_jpg.rf.af0eb4ccf997fd24fed28c3b740e34f3.jpg,meningioma,0.36490250625,0.749303621875,0.40111420625000005,0.7242339828125,0.4206128140625,0.682451253125,0.43175487500000004,0.6406685234375,0.428969359375,0.5431754875,0.3927576609375,0.459610028125,0.348189415625,0.43175487500000004,0.3091922,0.3871866296875,0.25626740937500003,0.3788300828125,0.20055710312500002,0.4094707515625,0.1838440109375,0.40111420625000005,0.144846796875,0.4150417828125,0.12813370468750002,0.4373259046875,0.1225626734375,0.5069637890625
645,1600_jpg.rf.4171a72e308f50bddef6dd242c607f1a.jpg,pituitary,0.484679665625,0.4568245125,0.45125348125000003,0.45125348125000003,0.4094707515625,0.479108634375,0.4206128140625,0.5125348187500001,0.4428969359375,0.5236768796875,0.490250696875,0.5236768796875,0.5069637890625,0.5515320328125,0.5654596093750001,0.57381615625,0.5793871859374999,0.5125348187500001,0.5571030640625,0.479108634375,0.5348189421875,0.4707520890625,0.5013927578125,0.479108634375,0.484679665625,0.4568245125,0,0
646,81_jpg.rf.4fead7dcb1ddc79f41794a39d2cb5952.jpg,meningioma,0.547720275,1,0.6072423390624999,0.9610027859375,0.6072423390624999,0.9387186625,0.5905292484375,0.913649025,0.596100278125,0.9025069640625001,0.6545961,0.8885793874999999,0.7214484671875,0.8384401109375,0.7214484671875,0.8189415046875,0.6963788296875,0.7799442890625,0.651810584375,0.7520891359374999,0.4401114203125,0.7270194984375,0.3816155984375,0.7632311984375,0.33983286874999996,0.824512534375,0.337047353125,0.8523676874999999
647,399_jpg.rf.67c5ab8913cb345b382e2018de10d1a9.jpg,meningioma,0.3816155984375,0.662952646875,0.3565459609375,0.596100278125,0.3342618390625,0.576601671875,0.3064066859375,0.57381615625,0.2674094703125,0.5933147625,0.21169916406249997,0.59888579375,0.20055710312500002,0.7270194984375,0.32869080781250004,0.8272980499999999,0.42618384374999996,0.860724234375,0.459610028125,0.8328690812499999,0.47353760468750006,0.79665738125,0.46518105781249997,0.7242339828125,0.4401114203125,0.6963788296875,0.40389972187499995,0.6852367687500001
648,1833_jpg.rf.51986a97996ef7a3d292149c909345f4.jpg,pituitary,0.651810584375,0.3454039,0.59888579375,0.311977715625,0.5125348187500001,0.3091922,0.47353760468750006,0.3259052921875,0.45125348125000003,0.36490250625,0.45403899687499993,0.4150417828125,0.48189415,0.47632312031249996,0.49582172656249995,0.48746518125,0.5264623953124999,0.48746518125,0.5877437328124999,0.45403899687499993,0.651810584375,0.4428969359375,0.6768802234375,0.40668523749999996,0.6768802234375,0.3871866296875,0.651810584375,0.3454039
649,2869_jpg.rf.51e9ac7562f9dec7fa99598179f4efc4.jpg,glioma,0.5543175484375,0.5459610031250001,0.568245125,0.4206128140625,0.601671309375,0.3704735375,0.576601671875,0.3036211703125,0.601671309375,0.2674094703125,0.601671309375,0.2451253484375,0.57381615625,0.1838440109375,0.5292479109375,0.16155988906250002,0.46239554375,0.25348189374999996,0.3259052921875,0.3091922,0.2785515328125,0.36490250625,0.250696378125,0.428969359375,0.2451253484375,0.515320334375,0.261838440625,0.5849582171875001
650,1707_jpg.rf.4b42e9726e185859508e86576bc8d2d8.jpg,pituitary,0.5626740953125,0.3454039,0.54874651875,0.4150417828125,0.596100278125,0.45403899687499993,0.6462395546875,0.4484679671875,0.662952646875,0.42339832812499995,0.7019498609375,0.428969359375,0.7186629531250001,0.398328690625,0.7158774375,0.36490250625,0.6935933140625,0.33983286874999996,0.662952646875,0.3314763234375,0.5626740953125,0.3454039,0,0,0,0,0,0
651,2559_jpg.rf.81f56f09d62336edb7b622260924a8f6.jpg,glioma,0.459610028125,0.40111420625000005,0.4178272984375,0.398328690625,0.3816155984375,0.42339832812499995,0.3565459609375,0.5069637890625,0.3036211703125,0.6100278546875,0.3091922,0.6462395546875,0.3565459609375,0.6740947078125,0.4206128140625,0.6713091921875,0.5236768796875,0.601671309375,0.5933147625,0.53760445625,0.5877437328124999,0.48746518125,0.5571030640625,0.44568245156249997,0.459610028125,0.40111420625000005,0,0
652,2628_jpg.rf.7b453835c7fcd26fec04212b24384c28.jpg,glioma,0.46239554375,0.5933147625,0.4707520890625,0.5793871859374999,0.3871866296875,0.46239554375,0.3537604453125,0.4373259046875,0.3537604453125,0.4206128140625,0.34261838437500003,0.4206128140625,0.231197771875,0.5041782734375,0.21727019531249997,0.53760445625,0.21727019531249997,0.596100278125,0.22284122499999998,0.6155988859375,0.2451253484375,0.6295264625,0.3036211703125,0.6378830078125,0.3259052921875,0.651810584375,0.367688021875,0.6434540390625
653,2953_jpg.rf.a7704731015b0929f98efe81ef8f1ba8.jpg,glioma,0.16713091875,0.25626740937500003,0.1532033421875,0.24791086406249999,0.083565459375,0.3259052921875,0.07520891406249999,0.3704735375,0.055710306249999994,0.3899721453125,0.033426184375,0.5654596093750001,0.07520891406249999,0.5348189421875,0.09192200625,0.5041782734375,0.1225626734375,0.49303621093750005,0.13649024999999998,0.46518105781249997,0.1894150421875,0.4150417828125,0.19777158749999998,0.348189415625,0.16713091875,0.25626740937500003,0,0
654,3002_jpg.rf.b239e8c32c9c72747068643fe9fe5667.jpg,glioma,0.5069637890625,0.6685236765625,0.5571030640625,0.713091921875,0.59888579375,0.601671309375,0.601671309375,0.51810585,0.632311978125,0.40389972187499995,0.48189415,0.3537604453125,0.4206128140625,0.36490250625,0.367688021875,0.4094707515625,0.373259053125,0.43454039062499994,0.40389972187499995,0.4679665734375,0.40668523749999996,0.49582172656249995,0.39554317499999997,0.540389971875,0.3537604453125,0.601671309375,0.3704735375,0.6100278546875
655,2572_jpg.rf.a97c2e467cbb36c896fc07aa9c93f8d8.jpg,glioma,0.1838440109375,0.738161559375,0.231197771875,0.743732590625,0.25348189374999996,0.7270194984375,0.261838440625,0.6434540390625,0.22284122499999998,0.604456825,0.17270195,0.601671309375,0.13649024999999998,0.6155988859375,0.1337047359375,0.6657381609375,0.1838440109375,0.738161559375,0,0,0,0,0,0,0,0,0,0
656,2380_jpg.rf.8315c0fafeb8320cc5b2026074ef26a6.jpg,glioma,0.46239554375,0.5933147625,0.47632312031249996,0.601671309375,0.5459610031250001,0.5654596093750001,0.57381615625,0.5292479109375,0.596100278125,0.5264623953124999,0.6211699171875,0.576601671875,0.6183844015625,0.604456825,0.59888579375,0.632311978125,0.59888579375,0.662952646875,0.6155988859375,0.6852367687500001,0.6490250703125,0.6963788296875,0.8189415046875,0.682451253125,0.85793871875,0.662952646875,0.91922005625,0.59888579375
657,507_jpg.rf.2cad7cde876f2bead24a98e564ef4728.jpg,meningioma,0.373259053125,0.259052925,0.32869080781250004,0.21727019531249997,0.2841225625,0.2144846796875,0.2200557109375,0.23676880156250002,0.175487465625,0.3008356546875,0.16991643437499998,0.40389972187499995,0.1866295265625,0.4484679671875,0.22562674062500002,0.484679665625,0.3342618390625,0.5069637890625,0.3565459609375,0.49582172656249995,0.4206128140625,0.42339832812499995,0.42618384374999996,0.36490250625,0.3844011140625,0.3008356546875,0.373259053125,0.259052925
658,1447_jpg.rf.4e6ff3c02d0daf52342f82eb04d4d585.jpg,pituitary,0.3788300828125,0.53760445625,0.4094707515625,0.5292479109375,0.4206128140625,0.5125348187500001,0.4150417828125,0.479108634375,0.3871866296875,0.4568245125,0.3509749296875,0.45125348125000003,0.337047353125,0.47353760468750006,0.33983286874999996,0.5125348187500001,0.3788300828125,0.53760445625,0,0,0,0,0,0,0,0,0,0
659,2944_jpg.rf.3f3577525d31a0f69e5a852e9d7b066b.jpg,glioma,0.259052925,0.1922005578125,0.22284122499999998,0.2200557109375,0.1866295265625,0.3036211703125,0.194986071875,0.373259053125,0.25348189374999996,0.3927576609375,0.2757660171875,0.3871866296875,0.3927576609375,0.3036211703125,0.3899721453125,0.25626740937500003,0.36490250625,0.1894150421875,0.3259052921875,0.17827298125,0.259052925,0.1922005578125,0,0,0,0,0,0
660,2236_jpg.rf.451b6fdfb02e951acc0a7e6302d2c692.jpg,glioma,0.4401114203125,0.626740946875,0.5236768796875,0.626740946875,0.6128133703125,0.6545961,0.6740947078125,0.6434540390625,0.6935933140625,0.62395543125,0.6963788296875,0.604456825,0.632311978125,0.5626740953125,0.576601671875,0.5041782734375,0.5793871859374999,0.4707520890625,0.6573816156250001,0.3871866296875,0.6545961,0.367688021875,0.6378830078125,0.36490250625,0.6128133703125,0.37604456875,0.520891365625,0.3816155984375
661,2712_jpg.rf.2c3c20141aff7154316f705a1d901275.jpg,glioma,0.4428969359375,0.3509749296875,0.40389972187499995,0.37604456875,0.3844011140625,0.4094707515625,0.3621169921875,0.47632312031249996,0.3565459609375,0.5431754875,0.3704735375,0.571030640625,0.3927576609375,0.5849582171875001,0.484679665625,0.596100278125,0.5320334265625,0.5431754875,0.5515320328125,0.4401114203125,0.48746518125,0.3565459609375,0.4428969359375,0.3509749296875,0,0,0,0
662,2085_jpg.rf.4f0aefcc2b947b146fc2a26cf92b003c.jpg,glioma,0,0.48107887812500005,0.10306406718750001,0.47353760468750006,0.10584958281250001,0.317548746875,0.14206128125,0.27298050156250003,0.139275765625,0.23676880156250002,0.114206128125,0.2339832875,0.0445682453125,0.2757660171875,0.0194986078125,0.3064066859375,0,0.36750232031249996,0,0.48107887812500005,0,0,0,0,0,0,0,0
663,2641_jpg.rf.48abd000bc71b6745d1351207c81b3d1.jpg,glioma,0.3788300828125,0.23676880156250002,0.2757660171875,0.231197771875,0.23676880156250002,0.25626740937500003,0.250696378125,0.28969359375,0.40668523749999996,0.2674094703125,0.40389972187499995,0.250696378125,0.3788300828125,0.23676880156250002,0,0,0,0,0,0,0,0,0,0,0,0,0,0
664,2498_jpg.rf.35f3769354dca186d029686968868399.jpg,glioma,0.4401114203125,0.5793871859374999,0.42339832812499995,0.576601671875,0.4122562671875,0.604456825,0.348189415625,0.6295264625,0.34261838437500003,0.6908078,0.3314763234375,0.7158774375,0.292479109375,0.7520891359374999,0.2785515328125,0.824512534375,0.3231197765625,0.793871865625,0.35933147656250003,0.7186629531250001,0.4568245125,0.6935933140625,0.4373259046875,0.6183844015625,0.4401114203125,0.5793871859374999,0,0
665,2612_jpg.rf.481aac4985b998fe6eab651a520ff0e0.jpg,glioma,0.49303621093750005,0.40668523749999996,0.5013927578125,0.3927576609375,0.49582172656249995,0.36490250625,0.45125348125000003,0.3537604453125,0.428969359375,0.3788300828125,0.43175487500000004,0.40389972187499995,0.4484679671875,0.4122562671875,0.49303621093750005,0.40668523749999996,0,0,0,0,0,0,0,0,0,0,0,0
666,2984_jpg.rf.08ddc90fbf797fd3a4dc1012ba3228d3.jpg,glioma,0.20334261874999998,0.5793871859374999,0.20334261874999998,0.6072423390624999,0.23676880156250002,0.651810584375,0.25626740937500003,0.6601671312499999,0.3091922,0.651810584375,0.3454039,0.6183844015625,0.3537604453125,0.5821727015625,0.32033426249999997,0.53760445625,0.3231197765625,0.5013927578125,0.36490250625,0.4484679671875,0.4150417828125,0.428969359375,0.4206128140625,0.4122562671875,0.3927576609375,0.367688021875,0.3565459609375,0.348189415625
667,1876_jpg.rf.9c70b5041d44b0ddea35f2bf7183ba4c.jpg,glioma,0.490250696875,0.568245125,0.4679665734375,0.540389971875,0.4094707515625,0.51810585,0.2451253484375,0.509749303125,0.1922005578125,0.5292479109375,0.175487465625,0.5515320328125,0.20334261874999998,0.59888579375,0.2144846796875,0.71030640625,0.286908078125,0.743732590625,0.3314763234375,0.743732590625,0.3871866296875,0.7799442890625,0.4150417828125,0.777158775,0.490250696875,0.682451253125,0.5013927578125,0.59888579375
668,2246_jpg.rf.442e42b945ebfd366d974c452e0c11e0.jpg,glioma,0.63509749375,0.5515320328125,0.6378830078125,0.515320334375,0.6211699171875,0.49582172656249995,0.57381615625,0.490250696875,0.5041782734375,0.53760445625,0.509749303125,0.57381615625,0.5849582171875001,0.5877437328124999,0.63509749375,0.5515320328125,0,0,0,0,0,0,0,0,0,0,0,0
669,209_jpg.rf.156a01e8c5d43e6d67b656191ca057c9.jpg,glioma,0,0.5013927578125,0.050139275000000004,0.47632312031249996,0.13649024999999998,0.47353760468750006,0.16155988906250002,0.5041782734375,0.1559888578125,0.5543175484375,0.16991643437499998,0.576601671875,0.2089136484375,0.5877437328124999,0.2144846796875,0.5348189421875,0.2395543171875,0.5459610031250001,0.2674094703125,0.5348189421875,0.292479109375,0.57381615625,0.3036211703125,0.571030640625,0.32869080781250004,0.5041782734375,0.292479109375,0.4707520890625
670,971_jpg.rf.4a9a7d320c20fdd866af68bd9ba94723.jpg,pituitary,0.3899721453125,0.5515320328125,0.4206128140625,0.5543175484375,0.44568245156249997,0.5320334265625,0.4484679671875,0.5013927578125,0.43454039062499994,0.48189415,0.3927576609375,0.4707520890625,0.36490250625,0.49860724218749997,0.36490250625,0.5292479109375,0.3899721453125,0.5515320328125,0,0,0,0,0,0,0,0,0,0
671,674_jpg.rf.19721b14fa6b50239d6466f72949ff11.jpg,meningioma,0.5292479109375,0.44568245156249997,0.5543175484375,0.4484679671875,0.5905292484375,0.4178272984375,0.5933147625,0.35933147656250003,0.571030640625,0.3259052921875,0.5264623953124999,0.32033426249999997,0.5013927578125,0.33983286874999996,0.5013927578125,0.398328690625,0.5292479109375,0.44568245156249997,0,0,0,0,0,0,0,0,0,0
672,2917_jpg.rf.c566e88cac7b281cb5edc5b0df74ec57.jpg,glioma,0.0779944296875,0.47353760468750006,0.11699164375,0.459610028125,0.14206128125,0.42618384374999996,0.14206128125,0.3871866296875,0.0974930359375,0.3621169921875,0.050139275000000004,0.3621169921875,0.0417827296875,0.4373259046875,0.050139275000000004,0.46518105781249997,0.0779944296875,0.47353760468750006,0,0,0,0,0,0,0,0,0,0
673,3062_jpg.rf.618245753b7bfae1cc2ae0f22da28016.jpg,glioma,0.3064066859375,0.5654596093750001,0.2785515328125,0.53760445625,0.2701949859375,0.604456825,0.2785515328125,0.6183844015625,0.348189415625,0.604456825,0.348189415625,0.576601671875,0.3064066859375,0.5654596093750001,0,0,0,0,0,0,0,0,0,0,0,0,0,0
674,2191_jpg.rf.71901f2e6cf75f148ebe93c00372233c.jpg,glioma,0.8161559890625,0.6685236765625,0.6908078,0.5877437328124999,0.6378830078125,0.568245125,0.520891365625,0.5877437328124999,0.4428969359375,0.6935933140625,0.45403899687499993,0.74651810625,0.49303621093750005,0.777158775,0.5125348187500001,0.8077994421874999,0.5598885796874999,0.8384401109375,0.6211699171875,0.8384401109375,0.74651810625,0.799442896875,0.79665738125,0.7604456828124999,0.8189415046875,0.7270194984375,0.8161559890625,0.6685236765625
675,196_jpg.rf.b260838762ae6d2eaea1607d5c8ee1ee.jpg,meningioma,0.79665738125,0.25626740937500003,0.682451253125,0.16991643437499998,0.57381615625,0.1559888578125,0.5013927578125,0.19777158749999998,0.45403899687499993,0.27298050156250003,0.46239554375,0.4122562671875,0.49582172656249995,0.4568245125,0.571030640625,0.49860724218749997,0.662952646875,0.49860724218749997,0.7548746515625,0.46239554375,0.8105849578125,0.4178272984375,0.8272980499999999,0.37604456875,0.8272980499999999,0.311977715625,0.79665738125,0.25626740937500003
676,813_jpg.rf.1cbee1255a497dd95391c8b9280b2ae2.jpg,glioma,0.3927576609375,0.3036211703125,0.36490250625,0.259052925,0.3314763234375,0.2339832875,0.2200557109375,0.22284122499999998,0.1866295265625,0.2339832875,0.16713091875,0.25348189374999996,0.10306406718750001,0.3509749296875,0.09192200625,0.4094707515625,0.1532033421875,0.45125348125000003,0.17270195,0.5041782734375,0.1922005578125,0.5264623953124999,0.3509749296875,0.540389971875,0.40668523749999996,0.46518105781249997,0.4122562671875,0.40111420625000005
677,836_jpg.rf.cac8d19ab4d0a384f6347fa007b299fc.jpg,glioma,0.13649024999999998,0.34261838437500003,0.1476323125,0.3816155984375,0.22562674062500002,0.3816155984375,0.2980501390625,0.31476323125,0.292479109375,0.2089136484375,0.2395543171875,0.16713091875,0.1810584953125,0.21169916406249997,0.1587743734375,0.24791086406249999,0.13649024999999998,0.34261838437500003,0,0,0,0,0,0,0,0,0,0
678,944_jpg.rf.bee81e522b633b20b2270b7ec3e5dbe8.jpg,pituitary,0.32869080781250004,0.4428969359375,0.311977715625,0.459610028125,0.3064066859375,0.490250696875,0.3342618390625,0.5348189421875,0.373259053125,0.5459610031250001,0.3899721453125,0.53760445625,0.4122562671875,0.5013927578125,0.4150417828125,0.46239554375,0.39554317499999997,0.43454039062499994,0.36490250625,0.43175487500000004,0.32869080781250004,0.4428969359375,0,0,0,0,0,0
679,2629_jpg.rf.aff7a0aedc3f4be80d53b706c291d30b.jpg,glioma,0.4178272984375,0.4484679671875,0.43175487500000004,0.42618384374999996,0.4178272984375,0.4178272984375,0.3788300828125,0.4373259046875,0.311977715625,0.44568245156249997,0.22841225625,0.490250696875,0.22841225625,0.6128133703125,0.24791086406249999,0.6462395546875,0.2785515328125,0.6573816156250001,0.3342618390625,0.6573816156250001,0.3537604453125,0.651810584375,0.367688021875,0.6295264625,0.398328690625,0.62395543125,0.4178272984375,0.4484679671875
680,565_jpg.rf.a165afa23b989c77f858206c270776d9.jpg,meningioma,0.3871866296875,0.8384401109375,0.459610028125,0.8050139281250001,0.47353760468750006,0.749303621875,0.47353760468750006,0.6908078,0.4679665734375,0.6713091921875,0.42339832812499995,0.6378830078125,0.3899721453125,0.540389971875,0.3565459609375,0.5292479109375,0.317548746875,0.5515320328125,0.281337046875,0.54874651875,0.25626740937500003,0.5320334265625,0.1810584953125,0.53760445625,0.16155988906250002,0.57381615625,0.16155988906250002,0.6490250703125
681,1173_jpg.rf.100cabd5edcf27827ac7ba59b5d355e6.jpg,pituitary,0.5933147625,0.2952646234375,0.5431754875,0.286908078125,0.45125348125000003,0.292479109375,0.3927576609375,0.3342618390625,0.3816155984375,0.35933147656250003,0.3816155984375,0.4094707515625,0.4150417828125,0.459610028125,0.46239554375,0.479108634375,0.49303621093750005,0.47632312031249996,0.6128133703125,0.4178272984375,0.632311978125,0.367688021875,0.6295264625,0.3231197765625,0.5933147625,0.2952646234375,0,0
682,1489_jpg.rf.9ea4d1ee31215f925d395b358df7530f.jpg,pituitary,0.651810584375,0.4428969359375,0.6295264625,0.4373259046875,0.5515320328125,0.4484679671875,0.54874651875,0.48746518125,0.5626740953125,0.509749303125,0.6490250703125,0.5125348187500001,0.651810584375,0.4428969359375,0,0,0,0,0,0,0,0,0,0,0,0,0,0
683,1203_jpg.rf.6d596768c5e85de155dc9dfa1ed0e4ee.jpg,pituitary,0.66480446875,0.37988826875,0.6145251390625,0.34078212343750003,0.5810055859375,0.3743016765625,0.5810055859375,0.4078212296875,0.6033519546874999,0.435754190625,0.6536312843750001,0.446927375,0.66480446875,0.37988826875,0,0,0,0,0,0,0,0,0,0,0,0,0,0
684,1897_jpg.rf.c76aef095721c53ce1f286063dc04d1f.jpg,glioma,0.6573816156250001,0.39554317499999997,0.6295264625,0.39554317499999997,0.5877437328124999,0.428969359375,0.5598885796874999,0.490250696875,0.5598885796874999,0.5125348187500001,0.5793871859374999,0.5459610031250001,0.6155988859375,0.54874651875,0.6490250703125,0.5348189421875,0.6991643453124999,0.5069637890625,0.7158774375,0.48189415,0.713091921875,0.44568245156249997,0.6908078,0.4150417828125,0.6573816156250001,0.39554317499999997,0,0
685,2747_jpg.rf.b918741155389157ebf5bdc43e66b87c.jpg,glioma,0,0.39554317499999997,0.0167130921875,0.3509749296875,0.0417827296875,0.3537604453125,0.055710306249999994,0.373259053125,0.050139275000000004,0.43454039062499994,0.064066853125,0.4484679671875,0.10584958281250001,0.45403899687499993,0.1225626734375,0.40389972187499995,0.139275765625,0.398328690625,0.139275765625,0.37604456875,0.1838440109375,0.3064066859375,0.1838440109375,0.28969359375,0.058495821875,0.250696378125,0.025069637500000002,0.261838440625
686,2985_jpg.rf.74ebc88c44625fc55b9fb8401a681b99.jpg,glioma,0.3871866296875,0.601671309375,0.348189415625,0.5236768796875,0.37604456875,0.44568245156249997,0.367688021875,0.34261838437500003,0.3509749296875,0.32033426249999997,0.2089136484375,0.32033426249999997,0.175487465625,0.3314763234375,0.16434540312499998,0.3537604453125,0.1587743734375,0.4428969359375,0.1894150421875,0.5654596093750001,0.21727019531249997,0.632311978125,0.2423398328125,0.662952646875,0.2952646234375,0.6908078,0.3509749296875,0.6908078
687,833_jpg.rf.e9327de01670282247b8733d54b9d28f.jpg,glioma,0.46518105781249997,0.6128133703125,0.48189415,0.57381615625,0.479108634375,0.5543175484375,0.42618384374999996,0.540389971875,0.3927576609375,0.5821727015625,0.3871866296875,0.6072423390624999,0.4150417828125,0.6406685234375,0.4178272984375,0.738161559375,0.45125348125000003,0.743732590625,0.49860724218749997,0.7298050140625,0.5013927578125,0.7047353765625,0.46518105781249997,0.651810584375,0.484679665625,0.632311978125,0.479108634375,0.6155988859375
688,2148_jpg.rf.159bcd570a120adab74a143aa548026b.jpg,glioma,0.5348189421875,0.568245125,0.540389971875,0.601671309375,0.5821727015625,0.6462395546875,0.6211699171875,0.6378830078125,0.6462395546875,0.6072423390624999,0.63509749375,0.5292479109375,0.6211699171875,0.51810585,0.5933147625,0.51810585,0.5571030640625,0.53760445625,0.5348189421875,0.568245125,0,0,0,0,0,0,0,0
689,2150_jpg.rf.9f08a2fb4fee86472d202dfd7fc17f2d.jpg,glioma,0.6713091921875,0.6713091921875,0.6796657374999999,0.6378830078125,0.6768802234375,0.6072423390624999,0.6573816156250001,0.601671309375,0.6211699171875,0.6434540390625,0.62395543125,0.6713091921875,0.6462395546875,0.688022284375,0.6713091921875,0.6713091921875,0,0,0,0,0,0,0,0,0,0,0,0
690,2669_jpg.rf.4845afdf097c5783f0c1a88416810229.jpg,glioma,0.5905292484375,0.6128133703125,0.571030640625,0.6100278546875,0.4150417828125,0.7660167125,0.3844011140625,0.855153203125,0.3899721453125,0.8690807796875,0.45403899687499993,0.8830083562500001,0.53760445625,0.880222840625,0.5933147625,0.8690807796875,0.6295264625,0.835654596875,0.6601671312499999,0.777158775,0.6490250703125,0.7019498609375,0.6183844015625,0.6434540390625,0.5905292484375,0.6128133703125,0,0
691,198_jpg.rf.8b928e60f5805c81afbe8d34dde3b5d4.jpg,meningioma,0.6657381609375,0.6768802234375,0.651810584375,0.7047353765625,0.6490250703125,0.738161559375,0.662952646875,0.768802228125,0.71030640625,0.799442896875,0.8050139281250001,0.768802228125,0.830083565625,0.7158774375,0.8217270187500001,0.6796657374999999,0.7827298046875,0.651810584375,0.707520890625,0.6434540390625,0.6657381609375,0.6768802234375,0,0,0,0,0,0
692,1333_jpg.rf.4c70fafec74072893416e5ee0554e1a9.jpg,pituitary,0.3927576609375,0.5571030640625,0.4150417828125,0.5292479109375,0.40668523749999996,0.45125348125000003,0.3454039,0.44568245156249997,0.3008356546875,0.4707520890625,0.2980501390625,0.53760445625,0.32033426249999997,0.5571030640625,0.3927576609375,0.5571030640625,0,0,0,0,0,0,0,0,0,0,0,0
693,381_jpg.rf.60bc1ad1918ab1ddd4aed73b60f81d95.jpg,meningioma,0.7242339828125,0.373259053125,0.7799442890625,0.3565459609375,0.8077994421874999,0.3036211703125,0.8077994421874999,0.259052925,0.6935933140625,0.21727019531249997,0.6601671312499999,0.2144846796875,0.6545961,0.311977715625,0.6685236765625,0.3454039,0.7242339828125,0.373259053125,0,0,0,0,0,0,0,0,0,0
694,1238_jpg.rf.b9ee252174c026e9b73995b0618b1909.jpg,pituitary,0.43454039062499994,0.3621169921875,0.428969359375,0.40668523749999996,0.4568245125,0.4206128140625,0.5264623953124999,0.42618384374999996,0.5654596093750001,0.42618384374999996,0.5793871859374999,0.4150417828125,0.5849582171875001,0.3788300828125,0.5598885796874999,0.3454039,0.509749303125,0.3259052921875,0.479108634375,0.3259052921875,0.43454039062499994,0.3621169921875,0,0,0,0,0,0
695,2217_jpg.rf.a5d9458f6eceec51c040563afdfc43ea.jpg,glioma,0.7910863515625,0.3788300828125,0.7827298046875,0.32869080781250004,0.7214484671875,0.2785515328125,0.6740947078125,0.27298050156250003,0.6100278546875,0.2841225625,0.5654596093750001,0.24791086406249999,0.5571030640625,0.2757660171875,0.576601671875,0.3509749296875,0.5793871859374999,0.4178272984375,0.5598885796874999,0.4568245125,0.5598885796874999,0.5013927578125,0.59888579375,0.4679665734375,0.6183844015625,0.43175487500000004,0.6768802234375,0.4122562671875
696,2774_jpg.rf.97d9be11fdfcae45f98ee37dfdf0f2ec.jpg,glioma,0.292479109375,0.7270194984375,0.2841225625,0.8077994421874999,0.3091922,0.8217270187500001,0.398328690625,0.7019498609375,0.398328690625,0.6796657374999999,0.2841225625,0.5598885796874999,0.25626740937500003,0.5849582171875001,0.25626740937500003,0.6378830078125,0.292479109375,0.7270194984375,0,0,0,0,0,0,0,0,0,0
697,647_jpg.rf.a02aa612ab73d246c879d6e2f6146eac.jpg,meningioma,0.6685236765625,0.46518105781249997,0.5654596093750001,0.45125348125000003,0.54874651875,0.4401114203125,0.5431754875,0.398328690625,0.5236768796875,0.39554317499999997,0.5041782734375,0.4094707515625,0.48189415,0.45125348125000003,0.48189415,0.49860724218749997,0.49860724218749997,0.5292479109375,0.54874651875,0.5905292484375,0.5793871859374999,0.6100278546875,0.6545961,0.601671309375,0.6740947078125,0.5459610031250001,0.71030640625,0.49303621093750005
698,955_jpg.rf.fc174222aa5d5e7dfaa2bc1918c8df81.jpg,pituitary,0.41899441406250004,0.45810055937499994,0.34078212343750003,0.4413407828125,0.3128491625,0.48603352031249997,0.31843575468749996,0.53072625625,0.346368715625,0.5586592171875,0.39106145312499996,0.5586592171875,0.41899441406250004,0.45810055937499994,0,0,0,0,0,0,0,0,0,0,0,0,0,0
699,189_jpg.rf.cb9a89fe3198817bd1e74599e1f6d9a2.jpg,meningioma,0.830083565625,0.2757660171875,0.7632311984375,0.3036211703125,0.740947075,0.3537604453125,0.7325905296874999,0.4178272984375,0.7715877437499999,0.5125348187500001,0.8105849578125,0.5320334265625,0.8440111421875001,0.5348189421875,0.9108635093749999,0.490250696875,0.9331476328124999,0.43454039062499994,0.935933146875,0.3816155984375,0.8774373265625,0.281337046875,0.830083565625,0.2757660171875,0,0,0,0
700,2176_jpg.rf.a030b7c37d03044925b187d5f350238b.jpg,glioma,0.768802228125,0.40111420625000005,0.7242339828125,0.3621169921875,0.6685236765625,0.3537604453125,0.62395543125,0.3704735375,0.5821727015625,0.40389972187499995,0.5515320328125,0.46239554375,0.5626740953125,0.5459610031250001,0.59888579375,0.5877437328124999,0.6462395546875,0.6155988859375,0.6796657374999999,0.6155988859375,0.749303621875,0.5877437328124999,0.774373259375,0.5598885796874999,0.7827298046875,0.5041782734375,0.768802228125,0.40111420625000005
701,1146_jpg.rf.c780b965042b5e54b924e968f135f965.jpg,pituitary,0.6713091921875,0.5125348187500001,0.6768802234375,0.48189415,0.6601671312499999,0.46518105781249997,0.632311978125,0.46518105781249997,0.626740946875,0.43175487500000004,0.5459610031250001,0.4094707515625,0.5236768796875,0.428969359375,0.5292479109375,0.46239554375,0.520891365625,0.479108634375,0.53760445625,0.5459610031250001,0.5598885796874999,0.576601671875,0.571030640625,0.576601671875,0.5821727015625,0.5543175484375,0.6128133703125,0.5598885796874999
702,2603_jpg.rf.64ca58d843921b6ec7e3eb7583907a24.jpg,glioma,0.3537604453125,0.43175487500000004,0.3036211703125,0.40111420625000005,0.286908078125,0.373259053125,0.292479109375,0.3537604453125,0.2841225625,0.34261838437500003,0.1810584953125,0.3259052921875,0.14206128125,0.36490250625,0.14206128125,0.3871866296875,0.175487465625,0.4568245125,0.1559888578125,0.5793871859374999,0.16434540312499998,0.5905292484375,0.231197771875,0.596100278125,0.2785515328125,0.568245125,0.2980501390625,0.5236768796875
703,2497_jpg.rf.e955830f690e1add26bd321a7cc818bf.jpg,glioma,0.4428969359375,0.7214484671875,0.47632312031249996,0.713091921875,0.4707520890625,0.6768802234375,0.4178272984375,0.6908078,0.3899721453125,0.6601671312499999,0.337047353125,0.6295264625,0.32869080781250004,0.6601671312499999,0.3537604453125,0.6935933140625,0.4428969359375,0.7214484671875,0,0,0,0,0,0,0,0,0,0
704,1935_jpg.rf.8a45b3002deb7fc92680d8632234b0b1.jpg,glioma,0.830083565625,0.824512534375,0.824512534375,0.7799442890625,0.8050139281250001,0.7660167125,0.6100278546875,0.7604456828124999,0.54874651875,0.768802228125,0.479108634375,0.8161559890625,0.4679665734375,0.8690807796875,0.44568245156249997,0.8941504171875,0.4484679671875,0.9247910859375,0.46518105781249997,0.9526462390624999,0.54874651875,0.9721448468749999,0.59888579375,0.96935933125,0.62395543125,0.949860725,0.7883008359375,0.8913649031249999
705,17_jpg.rf.97dfeb9fd89931c5bb86e969e80e37cf.jpg,meningioma,0.25626740937500003,0.46518105781249997,0.2339832875,0.5125348187500001,0.259052925,0.5849582171875001,0.286908078125,0.6072423390624999,0.3259052921875,0.6072423390624999,0.3565459609375,0.5933147625,0.3871866296875,0.5571030640625,0.40389972187499995,0.5069637890625,0.3509749296875,0.4401114203125,0.3064066859375,0.43175487500000004,0.25626740937500003,0.46518105781249997,0,0,0,0,0,0
706,2305_jpg.rf.9485565be9c8df23fe23b7545e0a1f2c.jpg,glioma,0.16991643437499998,0.2423398328125,0.139275765625,0.2757660171875,0.11699164375,0.3537604453125,0.1253481890625,0.3816155984375,0.16155988906250002,0.42618384374999996,0.22841225625,0.428969359375,0.286908078125,0.3788300828125,0.28969359375,0.25348189374999996,0.261838440625,0.22841225625,0.20612813437500002,0.22562674062500002,0.16991643437499998,0.2423398328125,0,0,0,0,0,0
707,2429_jpg.rf.16a0f9466a537878845c5bf9906643f3.jpg,glioma,0.3816155984375,0.348189415625,0.3454039,0.373259053125,0.34261838437500003,0.4094707515625,0.3509749296875,0.4484679671875,0.40111420625000005,0.5292479109375,0.428969359375,0.5459610031250001,0.5125348187500001,0.540389971875,0.5459610031250001,0.47632312031249996,0.54874651875,0.4373259046875,0.5348189421875,0.3927576609375,0.47632312031249996,0.3509749296875,0.3816155984375,0.348189415625,0,0,0,0
708,2791_jpg.rf.99f3008fc3e80fd4b7914dc201603c35.jpg,glioma,0.48189415,0.632311978125,0.5320334265625,0.54874651875,0.5431754875,0.509749303125,0.5348189421875,0.459610028125,0.509749303125,0.4178272984375,0.3899721453125,0.40668523749999996,0.34261838437500003,0.428969359375,0.28969359375,0.42339832812499995,0.24791086406249999,0.43454039062499994,0.2395543171875,0.42339832812499995,0.2089136484375,0.4707520890625,0.2200557109375,0.54874651875,0.2785515328125,0.6155988859375,0.292479109375,0.6545961
709,2553_jpg.rf.309bd85f2aa507bb50ef9e1b8809d09c.jpg,glioma,0.08077994375,0.5292479109375,0.0668523671875,0.5598885796874999,0.07520891406249999,0.6155988859375,0.0974930359375,0.6657381609375,0.12813370468750002,0.682451253125,0.16155988906250002,0.6183844015625,0.16713091875,0.568245125,0.1476323125,0.5459610031250001,0.144846796875,0.520891365625,0.119777159375,0.520891365625,0.08077994375,0.5292479109375,0,0,0,0,0,0
710,2157_jpg.rf.7f3cab48a28f2c006e3257d29165b2df.jpg,glioma,0.509749303125,0.3064066859375,0.47632312031249996,0.3259052921875,0.4122562671875,0.3927576609375,0.4150417828125,0.4178272984375,0.4568245125,0.428969359375,0.5877437328124999,0.4150417828125,0.6155988859375,0.3844011140625,0.6211699171875,0.311977715625,0.6100278546875,0.292479109375,0.5821727015625,0.28969359375,0.509749303125,0.3064066859375,0,0,0,0,0,0
711,1589_jpg.rf.ad7985ffa166bd06e430561c205c0f2d.jpg,pituitary,0.71030640625,0.40389972187499995,0.6601671312499999,0.40111420625000005,0.6434540390625,0.428969359375,0.651810584375,0.4568245125,0.6963788296875,0.51810585,0.740947075,0.515320334375,0.774373259375,0.47632312031249996,0.777158775,0.4401114203125,0.7604456828124999,0.39554317499999997,0.7353760453125,0.37604456875,0.71030640625,0.40389972187499995,0,0,0,0,0,0
712,903_jpg.rf.ab000f958c59b37c93f6ae9dcd355cc5.jpg,glioma,0.28969359375,0.6852367687500001,0.3231197765625,0.6601671312499999,0.3454039,0.6100278546875,0.3927576609375,0.5459610031250001,0.39554317499999997,0.46239554375,0.3788300828125,0.42618384374999996,0.311977715625,0.42618384374999996,0.281337046875,0.459610028125,0.259052925,0.428969359375,0.22841225625,0.43175487500000004,0.2144846796875,0.40668523749999996,0.1810584953125,0.3844011140625,0.1253481890625,0.3816155984375,0.0668523671875,0.46239554375
713,1427_jpg.rf.d59ee7f871235d246d857bd9beae7102.jpg,pituitary,0.3231197765625,0.5571030640625,0.37604456875,0.5654596093750001,0.42339832812499995,0.5236768796875,0.43175487500000004,0.4679665734375,0.40111420625000005,0.42339832812499995,0.348189415625,0.4122562671875,0.3008356546875,0.4484679671875,0.292479109375,0.515320334375,0.3231197765625,0.5571030640625,0,0,0,0,0,0,0,0,0,0
714,875_jpg.rf.5d7f4be8ec0b6a3ef1596019053e7a0f.jpg,glioma,0.3565459609375,0.520891365625,0.348189415625,0.49582172656249995,0.3342618390625,0.490250696875,0.311977715625,0.515320334375,0.3064066859375,0.5598885796874999,0.286908078125,0.59888579375,0.28969359375,0.6211699171875,0.2757660171875,0.6406685234375,0.2785515328125,0.6601671312499999,0.34261838437500003,0.713091921875,0.43175487500000004,0.7214484671875,0.46518105781249997,0.6378830078125,0.4484679671875,0.568245125,0.3565459609375,0.520891365625
715,276_jpg.rf.86a4a5d7d33218462ca64efa18ab487d.jpg,meningioma,0.5041782734375,0.768802228125,0.48189415,0.7353760453125,0.4094707515625,0.6991643453124999,0.3621169921875,0.7019498609375,0.3008356546875,0.7325905296874999,0.2980501390625,0.6963788296875,0.261838440625,0.6908078,0.22841225625,0.7214484671875,0.22562674062500002,0.7520891359374999,0.24791086406249999,0.7855153203125,0.2785515328125,0.7799442890625,0.28969359375,0.830083565625,0.31476323125,0.8690807796875,0.37604456875,0.8885793874999999
716,821_jpg.rf.1cbc7af607cb80e564485c8fcac1b66f.jpg,glioma,0.34261838437500003,0.5571030640625,0.348189415625,0.596100278125,0.373259053125,0.6128133703125,0.4094707515625,0.6072423390624999,0.4428969359375,0.571030640625,0.4401114203125,0.53760445625,0.4206128140625,0.5069637890625,0.3899721453125,0.5013927578125,0.3537604453125,0.5236768796875,0.34261838437500003,0.5571030640625,0,0,0,0,0,0,0,0
717,1608_jpg.rf.a574398387d072ba2bceae95bb4d8495.jpg,pituitary,0.6295264625,0.62395543125,0.651810584375,0.57381615625,0.6434540390625,0.479108634375,0.626740946875,0.459610028125,0.626740946875,0.4150417828125,0.57381615625,0.398328690625,0.5292479109375,0.42339832812499995,0.48189415,0.4094707515625,0.428969359375,0.47632312031249996,0.428969359375,0.490250696875,0.4679665734375,0.632311978125,0.5348189421875,0.6378830078125,0.5598885796874999,0.6545961,0.571030640625,0.682451253125
718,1891_jpg.rf.932481d86d466a31e6cdfbe89b1d78ea.jpg,glioma,0.47353760468750006,0.749303621875,0.479108634375,0.6852367687500001,0.45125348125000003,0.662952646875,0.42339832812499995,0.59888579375,0.4206128140625,0.51810585,0.398328690625,0.49582172656249995,0.32869080781250004,0.46239554375,0.3314763234375,0.40111420625000005,0.31476323125,0.348189415625,0.31476323125,0.3091922,0.292479109375,0.3091922,0.2701949859375,0.337047353125,0.261838440625,0.40111420625000005,0.2339832875,0.43454039062499994
719,895_jpg.rf.437b1b0918f32fe7f42b9a10f35b171b.jpg,glioma,0.231197771875,0.632311978125,0.2757660171875,0.6406685234375,0.3064066859375,0.6072423390624999,0.32033426249999997,0.5320334265625,0.292479109375,0.5069637890625,0.2646239546875,0.5013927578125,0.2144846796875,0.5292479109375,0.1922005578125,0.5849582171875001,0.231197771875,0.632311978125,0,0,0,0,0,0,0,0,0,0
720,95_jpg.rf.b8e389a4e6e127f06f5adf543ef95557.jpg,meningioma,0.4679665734375,0.44568245156249997,0.490250696875,0.4568245125,0.5320334265625,0.4568245125,0.5598885796874999,0.44568245156249997,0.57381615625,0.42618384374999996,0.576601671875,0.39554317499999997,0.5571030640625,0.348189415625,0.484679665625,0.337047353125,0.46518105781249997,0.3621169921875,0.4679665734375,0.44568245156249997,0,0,0,0,0,0,0,0
721,2906_jpg.rf.020f254448d02d6fb9e91218c3043915.jpg,glioma,0.5264623953124999,0.6852367687500001,0.520891365625,0.743732590625,0.5348189421875,0.7632311984375,0.5821727015625,0.7604456828124999,0.6406685234375,0.6657381609375,0.6378830078125,0.63509749375,0.6128133703125,0.596100278125,0.5598885796874999,0.5849582171875001,0.54874651875,0.596100278125,0.5264623953124999,0.6852367687500001,0,0,0,0,0,0,0,0
722,2535_jpg.rf.c1ebba98028be12ee74c634c93298acd.jpg,glioma,0.2200557109375,0.4094707515625,0.2757660171875,0.373259053125,0.317548746875,0.3704735375,0.3314763234375,0.32869080781250004,0.292479109375,0.3091922,0.292479109375,0.2841225625,0.33983286874999996,0.286908078125,0.33983286874999996,0.27298050156250003,0.311977715625,0.2423398328125,0.25348189374999996,0.2451253484375,0.21727019531249997,0.19777158749999998,0.21727019531249997,0.16155988906250002,0.1810584953125,0.1559888578125,0.11699164375,0.16991643437499998
723,2977_jpg.rf.4619e3cc1830a4329c1c76a8fa635b5f.jpg,glioma,0.5236768796875,0.6100278546875,0.53760445625,0.688022284375,0.5654596093750001,0.707520890625,0.63509749375,0.6991643453124999,0.662952646875,0.6685236765625,0.662952646875,0.6378830078125,0.6100278546875,0.568245125,0.5654596093750001,0.54874651875,0.53760445625,0.5654596093750001,0.5236768796875,0.6100278546875,0,0,0,0,0,0,0,0
724,2647_jpg.rf.4f00bd13ceaf2261c8a9cf90a005e613.jpg,glioma,0.43175487500000004,0.47632312031249996,0.49582172656249995,0.44568245156249997,0.5320334265625,0.31476323125,0.5598885796874999,0.27298050156250003,0.5543175484375,0.259052925,0.5348189421875,0.25626740937500003,0.5069637890625,0.2674094703125,0.5041782734375,0.32869080781250004,0.43175487500000004,0.47632312031249996,0,0,0,0,0,0,0,0,0,0
725,717_jpg.rf.7fbead8beaa2ef88bc868523413b1cc0.jpg,glioma,0.0974930359375,0.490250696875,0.16991643437499998,0.4679665734375,0.1810584953125,0.49582172656249995,0.20612813437500002,0.48189415,0.2144846796875,0.49582172656249995,0.2423398328125,0.49582172656249995,0.2674094703125,0.48746518125,0.292479109375,0.4568245125,0.311977715625,0.5013927578125,0.3704735375,0.5041782734375,0.5571030640625,0.4373259046875,0.5431754875,0.42339832812499995,0.515320334375,0.42339832812499995,0.459610028125,0.3537604453125
726,514_jpg.rf.cb4002ba35c1699bfdcd75c07a8c2708.jpg,meningioma,0.2451253484375,0.5543175484375,0.1922005578125,0.57381615625,0.194986071875,0.6573816156250001,0.22841225625,0.6852367687500001,0.3036211703125,0.688022284375,0.3231197765625,0.6768802234375,0.34261838437500003,0.6378830078125,0.33983286874999996,0.5793871859374999,0.31476323125,0.54874651875,0.2646239546875,0.5348189421875,0.2451253484375,0.5543175484375,0,0,0,0,0,0
727,887_jpg.rf.69e83847d5453b640e52f569bbc2b803.jpg,glioma,0.3704735375,0.2701949859375,0.3064066859375,0.2144846796875,0.20334261874999998,0.1838440109375,0.1838440109375,0.194986071875,0.1559888578125,0.261838440625,0.13782705,0.3577304265625,0.119777159375,0.46518105781249997,0.1225626734375,0.5041782734375,0.1559888578125,0.5348189421875,0.22284122499999998,0.5292479109375,0.27298050156250003,0.5069637890625,0.34261838437500003,0.4401114203125,0.37604456875,0.35933147656250003,0.3704735375,0.2701949859375
728,1373_jpg.rf.a4ce6e97ab6cb0fae5f7c793dd210fb9.jpg,pituitary,0.2841225625,0.51810585,0.286908078125,0.5571030640625,0.3342618390625,0.5877437328124999,0.3565459609375,0.571030640625,0.3927576609375,0.568245125,0.398328690625,0.5543175484375,0.3871866296875,0.49303621093750005,0.40389972187499995,0.47353760468750006,0.40111420625000005,0.45403899687499993,0.3509749296875,0.44568245156249997,0.2841225625,0.51810585,0,0,0,0,0,0
729,2695_jpg.rf.7b3c55755c0598705b998b2a0a475656.jpg,glioma,0.3899721453125,0.3844011140625,0.4122562671875,0.34261838437500003,0.43175487500000004,0.3231197765625,0.4679665734375,0.311977715625,0.479108634375,0.34261838437500003,0.49303621093750005,0.348189415625,0.5626740953125,0.281337046875,0.54874651875,0.25348189374999996,0.479108634375,0.19777158749999998,0.3844011140625,0.2423398328125,0.25626740937500003,0.25626740937500003,0.20055710312500002,0.2841225625,0.1587743734375,0.3259052921875,0.144846796875,0.35933147656250003
730,165_jpg.rf.9933a9ac7f8a797bf07cb89b6c97b19a.jpg,meningioma,0.5877437328124999,0.48189415,0.59888579375,0.45403899687499993,0.601671309375,0.3788300828125,0.5933147625,0.35933147656250003,0.568245125,0.3454039,0.490250696875,0.3509749296875,0.428969359375,0.34261838437500003,0.3704735375,0.3844011140625,0.35933147656250003,0.4094707515625,0.3816155984375,0.42339832812499995,0.39554317499999997,0.4122562671875,0.4122562671875,0.4178272984375,0.4206128140625,0.5348189421875,0.428969359375,0.5543175484375
731,2592_jpg.rf.abb163d52c9cda0883c32eaddf601b15.jpg,glioma,0.6768802234375,0.484679665625,0.6685236765625,0.44568245156249997,0.6128133703125,0.4150417828125,0.62395543125,0.37604456875,0.5933147625,0.33983286874999996,0.5431754875,0.40668523749999996,0.5431754875,0.43454039062499994,0.5069637890625,0.47353760468750006,0.5013927578125,0.5069637890625,0.515320334375,0.5459610031250001,0.5431754875,0.571030640625,0.6211699171875,0.5905292484375,0.682451253125,0.5654596093750001,0.6991643453124999,0.540389971875
732,2314_jpg.rf.83455e1221c8159deb119d8e2a85f3df.jpg,glioma,0.7019498609375,0.337047353125,0.6991643453124999,0.3064066859375,0.6685236765625,0.25348189374999996,0.651810584375,0.23676880156250002,0.596100278125,0.22841225625,0.5571030640625,0.2395543171875,0.51810585,0.2674094703125,0.479108634375,0.33983286874999996,0.48746518125,0.4206128140625,0.5320334265625,0.459610028125,0.5598885796874999,0.4679665734375,0.6100278546875,0.4679665734375,0.6462395546875,0.45125348125000003,0.6601671312499999,0.398328690625
733,785_jpg.rf.9594c60a6c149da2bf5e2f934f8f9d5d.jpg,glioma,0.6072423390624999,0.5459610031250001,0.5515320328125,0.5236768796875,0.5125348187500001,0.520891365625,0.4150417828125,0.5543175484375,0.3091922,0.6434540390625,0.3231197765625,0.7632311984375,0.3537604453125,0.8440111421875001,0.37604456875,0.8662952640625001,0.5571030640625,0.8662952640625001,0.6713091921875,0.8189415046875,0.7186629531250001,0.7660167125,0.738161559375,0.626740946875,0.651810584375,0.5905292484375,0.6072423390624999,0.5459610031250001
734,2721_jpg.rf.a588f9a10fd0167342ea97ca90021c6a.jpg,glioma,0.59888579375,0.40111420625000005,0.576601671875,0.367688021875,0.5348189421875,0.373259053125,0.49303621093750005,0.3621169921875,0.3454039,0.509749303125,0.348189415625,0.5459610031250001,0.3844011140625,0.576601671875,0.4150417828125,0.576601671875,0.42339832812499995,0.5515320328125,0.46239554375,0.540389971875,0.5821727015625,0.54874651875,0.6406685234375,0.515320334375,0.6434540390625,0.484679665625,0.601671309375,0.484679665625
735,1206_jpg.rf.7f485dcdba87a95fde498bcd5a96d314.jpg,pituitary,0.66480446875,0.368715084375,0.5977653625,0.3519553078125,0.586592178125,0.43016759843749997,0.6424581,0.435754190625,0.66480446875,0.368715084375,0,0,0,0,0,0,0,0,0,0,0,0,0,0,0,0,0,0
736,2043_jpg.rf.521d2023cb7a5327669bf16a20e09de2.jpg,glioma,0.3036211703125,0.5264623953124999,0.2757660171875,0.54874651875,0.281337046875,0.6183844015625,0.3342618390625,0.688022284375,0.4401114203125,0.7242339828125,0.45125348125000003,0.6406685234375,0.47632312031249996,0.6128133703125,0.46518105781249997,0.54874651875,0.4401114203125,0.5264623953124999,0.3537604453125,0.5125348187500001,0.3036211703125,0.5264623953124999,0,0,0,0,0,0
737,1501_jpg.rf.08e32a7d2de025dc02a912835d43c94e.jpg,pituitary,0.49303621093750005,0.5933147625,0.5320334265625,0.5849582171875001,0.5543175484375,0.5069637890625,0.5348189421875,0.46239554375,0.5013927578125,0.42339832812499995,0.43454039062499994,0.4150417828125,0.4150417828125,0.43175487500000004,0.3704735375,0.428969359375,0.3454039,0.4428969359375,0.317548746875,0.484679665625,0.311977715625,0.5264623953124999,0.3342618390625,0.5598885796874999,0.35933147656250003,0.568245125,0.3927576609375,0.5626740953125
738,343_jpg.rf.3fa34b879216beecbfb9fc97e31e10fe.jpg,meningioma,0.6434540390625,0.286908078125,0.59888579375,0.348189415625,0.5821727015625,0.43454039062499994,0.59888579375,0.47353760468750006,0.651810584375,0.49860724218749997,0.7910863515625,0.48189415,0.8161559890625,0.44568245156249997,0.8022284125000001,0.317548746875,0.74651810625,0.2785515328125,0.6796657374999999,0.27298050156250003,0.6434540390625,0.286908078125,0,0,0,0,0,0
739,1315_jpg.rf.ae5cfd6179650f18644cddf71bffef2c.jpg,pituitary,0.28969359375,0.5292479109375,0.32869080781250004,0.5515320328125,0.3927576609375,0.53760445625,0.4206128140625,0.49582172656249995,0.4122562671875,0.43454039062499994,0.348189415625,0.42618384374999996,0.2980501390625,0.4401114203125,0.2785515328125,0.47353760468750006,0.28969359375,0.5292479109375,0,0,0,0,0,0,0,0,0,0
740,2646_jpg.rf.33c97aa831d1c6da9a9fead840a7cb0a.jpg,glioma,0.16434540312499998,0.317548746875,0.14206128125,0.34261838437500003,0.11142061249999999,0.3509749296875,0.11699164375,0.3899721453125,0.13649024999999998,0.4094707515625,0.1922005578125,0.39554317499999997,0.22284122499999998,0.3704735375,0.2395543171875,0.31476323125,0.2339832875,0.3064066859375,0.194986071875,0.3064066859375,0.16434540312499998,0.317548746875,0,0,0,0,0,0
741,101_jpg.rf.2e7abc38601d181b080ebd86f60dce4a.jpg,meningioma,0.3788300828125,0.2757660171875,0.3454039,0.27298050156250003,0.3259052921875,0.2785515328125,0.2980501390625,0.3342618390625,0.2952646234375,0.373259053125,0.3091922,0.3899721453125,0.4178272984375,0.4178272984375,0.4373259046875,0.45403899687499993,0.515320334375,0.40389972187499995,0.5236768796875,0.373259053125,0.47353760468750006,0.311977715625,0.4206128140625,0.311977715625,0.3788300828125,0.2757660171875,0,0
742,2282_jpg.rf.eb6f697aceea3b0cd89d67c5f7396887.jpg,glioma,0.4707520890625,0.8189415046875,0.5793871859374999,0.74651810625,0.5877437328124999,0.7298050140625,0.5821727015625,0.6685236765625,0.5654596093750001,0.651810584375,0.5320334265625,0.6490250703125,0.5125348187500001,0.662952646875,0.4707520890625,0.738161559375,0.4401114203125,0.74651810625,0.40668523749999996,0.777158775,0.3454039,0.7799442890625,0.3314763234375,0.7910863515625,0.3231197765625,0.830083565625,0.33983286874999996,0.8774373265625
743,1982_jpg.rf.4801f719b9bfec8b53bb9a5f2fa1a446.jpg,glioma,0.8969359328125,0.5543175484375,0.85793871875,0.4568245125,0.793871865625,0.3621169921875,0.7660167125,0.3454039,0.740947075,0.3454039,0.6935933140625,0.3788300828125,0.6713091921875,0.4150417828125,0.6462395546875,0.5571030640625,0.62395543125,0.5849582171875001,0.63509749375,0.6545961,0.6657381609375,0.707520890625,0.713091921875,0.7520891359374999,0.740947075,0.749303621875,0.8272980499999999,0.6963788296875
744,1702_jpg.rf.d8ef2fc846b7bc3384614a6b62ae3af5.jpg,pituitary,0.49303621093750005,0.373259053125,0.47353760468750006,0.3927576609375,0.4707520890625,0.42618384374999996,0.48189415,0.4428969359375,0.5069637890625,0.4484679671875,0.5292479109375,0.43454039062499994,0.5793871859374999,0.428969359375,0.6072423390624999,0.4094707515625,0.59888579375,0.373259053125,0.5459610031250001,0.3565459609375,0.49303621093750005,0.373259053125,0,0,0,0,0,0
745,2793_jpg.rf.b5d21fde152e0bf1551df7c5ebc6295c.jpg,glioma,0.5069637890625,0.4178272984375,0.46518105781249997,0.4094707515625,0.43454039062499994,0.42339832812499995,0.3788300828125,0.490250696875,0.3788300828125,0.5905292484375,0.36490250625,0.6155988859375,0.36490250625,0.6462395546875,0.3927576609375,0.6796657374999999,0.42339832812499995,0.6796657374999999,0.46239554375,0.6573816156250001,0.5431754875,0.540389971875,0.5320334265625,0.45125348125000003,0.5069637890625,0.4178272984375,0,0
746,1292_jpg.rf.c1e35eaf81979aede3a120ee4a2ae5e3.jpg,pituitary,0.31476323125,0.5264623953124999,0.3509749296875,0.5264623953124999,0.367688021875,0.5125348187500001,0.36490250625,0.48189415,0.3537604453125,0.4679665734375,0.3231197765625,0.4679665734375,0.3036211703125,0.47632312031249996,0.3008356546875,0.5069637890625,0.31476323125,0.5264623953124999,0,0,0,0,0,0,0,0,0,0
747,1228_jpg.rf.7caa2ee95b9296fc4c0a55c962d4151a.jpg,pituitary,0.5292479109375,0.459610028125,0.54874651875,0.459610028125,0.576601671875,0.4428969359375,0.5849582171875001,0.3927576609375,0.5654596093750001,0.373259053125,0.53760445625,0.373259053125,0.5236768796875,0.3816155984375,0.5236768796875,0.4484679671875,0.5292479109375,0.459610028125,0,0,0,0,0,0,0,0,0,0
748,1576_jpg.rf.67558fac973f491a5180d2c33950c532.jpg,pituitary,0.45125348125000003,0.4094707515625,0.4178272984375,0.43454039062499994,0.4150417828125,0.46239554375,0.46239554375,0.5459610031250001,0.484679665625,0.5571030640625,0.5515320328125,0.5459610031250001,0.601671309375,0.5571030640625,0.6100278546875,0.54874651875,0.626740946875,0.48746518125,0.596100278125,0.4484679671875,0.5013927578125,0.4122562671875,0.45125348125000003,0.4094707515625,0,0,0,0
749,1844_jpg.rf.935717a9cb3337d5537af4ceb2c26520.jpg,glioma,0.45403899687499993,0.1309192203125,0.4401114203125,0.16434540312499998,0.3899721453125,0.1838440109375,0.36490250625,0.21169916406249997,0.373259053125,0.259052925,0.4401114203125,0.2952646234375,0.49582172656249995,0.2841225625,0.5320334265625,0.2423398328125,0.5348189421875,0.1810584953125,0.5264623953124999,0.16713091875,0.48189415,0.1337047359375,0.45403899687499993,0.1309192203125,0,0,0,0
750,403_jpg.rf.ce45e79250f6223259e48eb15f1a6cd6.jpg,meningioma,0.44568245156249997,0.7047353765625,0.4206128140625,0.6740947078125,0.40668523749999996,0.632311978125,0.35933147656250003,0.6128133703125,0.32033426249999997,0.5571030640625,0.292479109375,0.5515320328125,0.20334261874999998,0.5933147625,0.1838440109375,0.6128133703125,0.1894150421875,0.7604456828124999,0.20612813437500002,0.768802228125,0.22562674062500002,0.8077994421874999,0.27298050156250003,0.85793871875,0.3259052921875,0.880222840625,0.37604456875,0.8746518109375
751,1405_jpg.rf.339884d7e224cb39874f26deca6831d8.jpg,pituitary,0.3537604453125,0.4094707515625,0.3454039,0.46239554375,0.367688021875,0.51810585,0.3871866296875,0.5292479109375,0.4373259046875,0.5292479109375,0.4707520890625,0.509749303125,0.490250696875,0.44568245156249997,0.48746518125,0.4094707515625,0.4568245125,0.43454039062499994,0.42618384374999996,0.4373259046875,0.3899721453125,0.4122562671875,0.3537604453125,0.4094707515625,0,0,0,0
752,2131_jpg.rf.f1216f8fe557634bf0c00cad4886f8fe.jpg,glioma,0.6406685234375,0.6545961,0.5905292484375,0.6545961,0.4206128140625,0.7019498609375,0.37604456875,0.7353760453125,0.31476323125,0.74651810625,0.3036211703125,0.793871865625,0.3565459609375,0.8440111421875001,0.4150417828125,0.8718662953124999,0.601671309375,0.880222840625,0.6378830078125,0.8662952640625001,0.688022284375,0.8328690812499999,0.682451253125,0.6935933140625,0.6406685234375,0.6545961,0,0
753,2645_jpg.rf.47097e7023dca15fff626b4903e17057.jpg,glioma,0.1922005578125,0.2701949859375,0.22562674062500002,0.2841225625,0.2785515328125,0.2841225625,0.317548746875,0.2701949859375,0.311977715625,0.2451253484375,0.27298050156250003,0.2144846796875,0.2423398328125,0.139275765625,0.231197771875,0.13649024999999998,0.2144846796875,0.16155988906250002,0.1922005578125,0.2701949859375,0,0,0,0,0,0,0,0
754,3061_jpg.rf.7671ff2517cde80b7c0dd36c0b5b8f0a.jpg,glioma,0.28969359375,0.7520891359374999,0.28969359375,0.7353760453125,0.3231197765625,0.688022284375,0.32033426249999997,0.6155988859375,0.39554317499999997,0.5543175484375,0.4122562671875,0.490250696875,0.3871866296875,0.484679665625,0.2423398328125,0.5821727015625,0.20612813437500002,0.5933147625,0.1922005578125,0.6963788296875,0.2144846796875,0.7298050140625,0.21169916406249997,0.774373259375,0.259052925,0.8412256265625,0.281337046875,0.855153203125
755,2146_jpg.rf.a730ecd2d941136af361b1dce8c0d472.jpg,glioma,0.6713091921875,0.5431754875,0.6740947078125,0.51810585,0.6406685234375,0.490250696875,0.6183844015625,0.490250696875,0.6100278546875,0.5320334265625,0.626740946875,0.5543175484375,0.651810584375,0.5598885796874999,0.6713091921875,0.5431754875,0,0,0,0,0,0,0,0,0,0,0,0
756,2513_jpg.rf.7734f0340832c58fde8f024bbb1da079.jpg,glioma,0.5069637890625,0.540389971875,0.484679665625,0.5905292484375,0.5013927578125,0.6490250703125,0.5571030640625,0.6908078,0.5905292484375,0.6935933140625,0.6406685234375,0.6796657374999999,0.6713091921875,0.626740946875,0.6740947078125,0.5292479109375,0.6434540390625,0.5069637890625,0.596100278125,0.5041782734375,0.5069637890625,0.540389971875,0,0,0,0,0,0
757,1100_jpg.rf.e03af187af2eb602332c710fded41a55.jpg,pituitary,0.48746518125,0.57381615625,0.5013927578125,0.57381615625,0.5236768796875,0.54874651875,0.5264623953124999,0.5041782734375,0.5069637890625,0.44568245156249997,0.490250696875,0.4401114203125,0.47353760468750006,0.459610028125,0.47353760468750006,0.5459610031250001,0.48746518125,0.57381615625,0,0,0,0,0,0,0,0,0,0
758,1494_jpg.rf.7f4e50277db4a01045d0cc7339a390e0.jpg,pituitary,0.54874651875,0.4206128140625,0.5348189421875,0.40668523749999996,0.47632312031249996,0.40668523749999996,0.4484679671875,0.4428969359375,0.3565459609375,0.4568245125,0.33983286874999996,0.48189415,0.348189415625,0.5292479109375,0.3704735375,0.540389971875,0.4679665734375,0.5431754875,0.515320334375,0.5292479109375,0.5292479109375,0.515320334375,0.5292479109375,0.4679665734375,0.54874651875,0.4428969359375,0.54874651875,0.4206128140625
759,755_jpg.rf.c55ee96b9ac7e1daaee0359eb751270d.jpg,glioma,0.515320334375,0.777158775,0.51810585,0.738161559375,0.5654596093750001,0.740947075,0.576601671875,0.7298050140625,0.5320334265625,0.6740947078125,0.5348189421875,0.6462395546875,0.5069637890625,0.6072423390624999,0.47632312031249996,0.5905292484375,0.4122562671875,0.59888579375,0.39554317499999997,0.5877437328124999,0.36490250625,0.6072423390624999,0.3621169921875,0.6211699171875,0.367688021875,0.6434540390625,0.37604456875,0.6490250703125
760,1836_jpg.rf.16b6adad229aa73672d42f6029ea6726.jpg,pituitary,0.682451253125,0.28969359375,0.6295264625,0.2980501390625,0.59888579375,0.2841225625,0.57381615625,0.2952646234375,0.5515320328125,0.3314763234375,0.54874651875,0.3621169921875,0.571030640625,0.3927576609375,0.6072423390624999,0.398328690625,0.6462395546875,0.42618384374999996,0.7019498609375,0.43454039062499994,0.7604456828124999,0.3927576609375,0.7660167125,0.337047353125,0.740947075,0.2980501390625,0.682451253125,0.28969359375
761,246_jpg.rf.94e39bf7b8b0a296552c13def110d811.jpg,meningioma,0.6490250703125,0.348189415625,0.59888579375,0.35933147656250003,0.57381615625,0.3788300828125,0.571030640625,0.4122562671875,0.5933147625,0.4484679671875,0.6406685234375,0.43175487500000004,0.6545961,0.459610028125,0.682451253125,0.4373259046875,0.7019498609375,0.3927576609375,0.7019498609375,0.36490250625,0.682451253125,0.3509749296875,0.6490250703125,0.348189415625,0,0,0,0
762,509_jpg.rf.a8ddc655d57ae0d1f96ac254547d9a92.jpg,meningioma,0.19777158749999998,0.3788300828125,0.231197771875,0.40111420625000005,0.311977715625,0.3927576609375,0.32869080781250004,0.3565459609375,0.32869080781250004,0.3091922,0.31476323125,0.2757660171875,0.2952646234375,0.261838440625,0.22562674062500002,0.259052925,0.1838440109375,0.3008356546875,0.19777158749999998,0.3788300828125,0,0,0,0,0,0,0,0
763,1257_jpg.rf.94775ebe9dda2706f33da21fc9508206.jpg,pituitary,0.5236768796875,0.40111420625000005,0.5515320328125,0.39554317499999997,0.5877437328124999,0.43175487500000004,0.6183844015625,0.43454039062499994,0.6434540390625,0.4122562671875,0.6490250703125,0.37604456875,0.6406685234375,0.348189415625,0.596100278125,0.32869080781250004,0.5571030640625,0.3509749296875,0.5236768796875,0.40111420625000005,0,0,0,0,0,0,0,0
764,2187_jpg.rf.c374870a4e1d5e8370632b9725f00bc0.jpg,glioma,0.601671309375,0.682451253125,0.5431754875,0.6685236765625,0.49860724218749997,0.6852367687500001,0.45125348125000003,0.7242339828125,0.4484679671875,0.7715877437499999,0.4707520890625,0.8077994421874999,0.5292479109375,0.79665738125,0.571030640625,0.8050139281250001,0.6072423390624999,0.8272980499999999,0.6657381609375,0.8189415046875,0.6740947078125,0.7855153203125,0.6434540390625,0.713091921875,0.601671309375,0.682451253125,0,0
765,1645_jpg.rf.d13308f74ab267b19d72ddd1e8e12ffa.jpg,pituitary,0.6100278546875,0.43175487500000004,0.662952646875,0.4428969359375,0.71030640625,0.40389972187499995,0.71030640625,0.3509749296875,0.682451253125,0.3064066859375,0.626740946875,0.292479109375,0.5905292484375,0.3231197765625,0.5849582171875001,0.3816155984375,0.6100278546875,0.43175487500000004,0,0,0,0,0,0,0,0,0,0
766,2452_jpg.rf.b698fa99ab9042b0f9839ef367c9491f.jpg,glioma,0.4428969359375,0.47632312031249996,0.4122562671875,0.48746518125,0.3816155984375,0.48189415,0.36490250625,0.49860724218749997,0.35933147656250003,0.5236768796875,0.3844011140625,0.5598885796874999,0.4178272984375,0.5543175484375,0.45403899687499993,0.571030640625,0.48189415,0.5626740953125,0.49582172656249995,0.5320334265625,0.49303621093750005,0.484679665625,0.4428969359375,0.47632312031249996,0,0,0,0
767,2678_jpg.rf.e354951a4a98cffeb5e38c85132d5693.jpg,glioma,0,0.515320334375,0.1253481890625,0.51810585,0.1225626734375,0.4484679671875,0.10027855156250001,0.42618384374999996,0.0417827296875,0.4094707515625,0.0194986078125,0.37604456875,0,0.37604456875,0,0.515320334375,0,0,0,0,0,0,0,0,0,0,0,0
768,1620_jpg.rf.41df7e227b855d8369ef8420363a464a.jpg,pituitary,0.6378830078125,0.571030640625,0.6434540390625,0.540389971875,0.6295264625,0.48746518125,0.6490250703125,0.46518105781249997,0.6490250703125,0.4484679671875,0.6211699171875,0.40668523749999996,0.576601671875,0.428969359375,0.5543175484375,0.49582172656249995,0.5236768796875,0.49303621093750005,0.49860724218749997,0.5041782734375,0.490250696875,0.5431754875,0.515320334375,0.5849582171875001,0.54874651875,0.5849582171875001,0.5626740953125,0.5515320328125
769,21_jpg.rf.a9ccb368ca082e9312c850203c445402.jpg,meningioma,0.662952646875,0.45125348125000003,0.5933147625,0.4373259046875,0.5571030640625,0.4707520890625,0.540389971875,0.5905292484375,0.5793871859374999,0.6935933140625,0.604456825,0.713091921875,0.6434540390625,0.7186629531250001,0.6796657374999999,0.7019498609375,0.71030640625,0.6378830078125,0.768802228125,0.5877437328124999,0.7715877437499999,0.5543175484375,0.7325905296874999,0.48746518125,0.662952646875,0.45125348125000003,0,0
770,46_jpg.rf.34e8f57ecf973a11314313519d750a2c.jpg,meningioma,0.490250696875,0.2423398328125,0.47632312031249996,0.20334261874999998,0.4150417828125,0.175487465625,0.373259053125,0.17270195,0.25348189374999996,0.20055710312500002,0.21169916406249997,0.231197771875,0.19777158749999998,0.2646239546875,0.20334261874999998,0.3091922,0.22284122499999998,0.3509749296875,0.261838440625,0.3844011140625,0.3342618390625,0.3844011140625,0.4094707515625,0.35933147656250003,0.4401114203125,0.34261838437500003,0.479108634375,0.2980501390625
771,1391_jpg.rf.b543914eab6f632f6e126c70b64235b8.jpg,pituitary,0.2339832875,0.4094707515625,0.2089136484375,0.4373259046875,0.2200557109375,0.49860724218749997,0.25626740937500003,0.54874651875,0.3509749296875,0.5459610031250001,0.36490250625,0.5041782734375,0.3816155984375,0.48746518125,0.37604456875,0.4428969359375,0.33983286874999996,0.4122562671875,0.3008356546875,0.40389972187499995,0.2339832875,0.4094707515625,0,0,0,0,0,0
772,2912_jpg.rf.f105e5560aac51037d2988b349080a7c.jpg,glioma,0.6295264625,0.85793871875,0.682451253125,0.830083565625,0.7214484671875,0.7325905296874999,0.707520890625,0.601671309375,0.6796657374999999,0.54874651875,0.6406685234375,0.509749303125,0.54874651875,0.479108634375,0.5821727015625,0.43454039062499994,0.5821727015625,0.4150417828125,0.5654596093750001,0.40668523749999996,0.5264623953124999,0.43454039062499994,0.5069637890625,0.48189415,0.45125348125000003,0.5348189421875,0.428969359375,0.6490250703125
773,1108_jpg.rf.022a63fb6284f244c9ccb8f815950581.jpg,pituitary,0.6183844015625,0.4178272984375,0.604456825,0.40389972187499995,0.5598885796874999,0.40111420625000005,0.5292479109375,0.4150417828125,0.48189415,0.459610028125,0.520891365625,0.48189415,0.515320334375,0.5320334265625,0.49860724218749997,0.5459610031250001,0.49860724218749997,0.5654596093750001,0.540389971875,0.568245125,0.5877437328124999,0.520891365625,0.5849582171875001,0.479108634375,0.6128133703125,0.4428969359375,0.6183844015625,0.4178272984375
774,883_jpg.rf.dc8e33ca8964bdbba179c8d42c37ca88.jpg,glioma,0.1866295265625,0.2980501390625,0.16155988906250002,0.3565459609375,0.1587743734375,0.484679665625,0.31476323125,0.48746518125,0.3454039,0.47632312031249996,0.3788300828125,0.428969359375,0.3788300828125,0.3565459609375,0.3454039,0.3091922,0.3008356546875,0.2757660171875,0.22284122499999998,0.25626740937500003,0.1866295265625,0.2980501390625,0,0,0,0,0,0
775,2327_jpg.rf.7ac8f8c906830e6968f3ee9ccbe75d76.jpg,glioma,0.4401114203125,0.601671309375,0.40668523749999996,0.601671309375,0.34261838437500003,0.6573816156250001,0.3314763234375,0.682451253125,0.3342618390625,0.7186629531250001,0.3816155984375,0.79665738125,0.42339832812499995,0.8105849578125,0.484679665625,0.8050139281250001,0.509749303125,0.7910863515625,0.5348189421875,0.7576601671875001,0.5292479109375,0.6657381609375,0.49582172656249995,0.6211699171875,0.4401114203125,0.601671309375,0,0
776,2950_jpg.rf.ab28d835c7ca7f3e62c88f19c8eb8c3f.jpg,glioma,0,0.5556705125,0.064066853125,0.5849582171875001,0.1476323125,0.57381615625,0.20334261874999998,0.54874651875,0.2646239546875,0.49860724218749997,0.28969359375,0.45125348125000003,0.292479109375,0.4206128140625,0.2757660171875,0.3509749296875,0.2395543171875,0.3064066859375,0.1922005578125,0.2757660171875,0.16991643437499998,0.22284122499999998,0.1504178265625,0.19777158749999998,0.1337047359375,0.194986071875,0.0167130921875,0.3342618390625
777,1232_jpg.rf.c42a59fee0887444f4b756ce523d659a.jpg,pituitary,0.5877437328124999,0.490250696875,0.59888579375,0.5125348187500001,0.6434540390625,0.515320334375,0.688022284375,0.46518105781249997,0.6768802234375,0.42618384374999996,0.632311978125,0.3927576609375,0.6406685234375,0.43454039062499994,0.62395543125,0.47632312031249996,0.5877437328124999,0.490250696875,0,0,0,0,0,0,0,0,0,0
778,1854_jpg.rf.e43ae9214be1019892e156ed9fc17218.jpg,glioma,0.398328690625,0.5598885796874999,0.3454039,0.57381615625,0.2952646234375,0.6072423390624999,0.27298050156250003,0.6545961,0.281337046875,0.7047353765625,0.36490250625,0.7827298046875,0.48746518125,0.830083565625,0.5292479109375,0.835654596875,0.5431754875,0.7883008359375,0.53760445625,0.682451253125,0.4568245125,0.576601671875,0.398328690625,0.5598885796874999,0,0,0,0
779,1481_jpg.rf.6d23e50562dba73ef25db843c1612e68.jpg,pituitary,0.596100278125,0.479108634375,0.5849582171875001,0.5236768796875,0.5905292484375,0.5793871859374999,0.6183844015625,0.601671309375,0.651810584375,0.5933147625,0.6713091921875,0.568245125,0.6713091921875,0.490250696875,0.6601671312499999,0.46239554375,0.6657381609375,0.42618384374999996,0.6378830078125,0.4150417828125,0.596100278125,0.479108634375,0,0,0,0,0,0
780,64_jpg.rf.429d7c99524bb2d8d4921ae203ea777d.jpg,meningioma,0.49303621093750005,0.5626740953125,0.48189415,0.5264623953124999,0.45403899687499993,0.49860724218749997,0.3788300828125,0.47353760468750006,0.34261838437500003,0.47353760468750006,0.27298050156250003,0.5041782734375,0.25348189374999996,0.54874651875,0.25626740937500003,0.6378830078125,0.2674094703125,0.662952646875,0.3064066859375,0.6935933140625,0.3537604453125,0.71030640625,0.3899721453125,0.71030640625,0.4401114203125,0.6908078,0.47353760468750006,0.6573816156250001
781,2524_jpg.rf.abc8a040775147bbeec8932e3eec011e.jpg,glioma,0.3342618390625,0.40668523749999996,0.337047353125,0.35933147656250003,0.3231197765625,0.32869080781250004,0.2980501390625,0.311977715625,0.2646239546875,0.3091922,0.21169916406249997,0.3509749296875,0.1810584953125,0.398328690625,0.16434540312499998,0.459610028125,0.16434540312499998,0.5069637890625,0.17270195,0.515320334375,0.1922005578125,0.515320334375,0.21727019531249997,0.49303621093750005,0.25626740937500003,0.48746518125,0.23676880156250002,0.4373259046875
782,825_jpg.rf.23496dc5c209517e4f5984683ad1b979.jpg,glioma,0.4484679671875,0.2785515328125,0.42618384374999996,0.2785515328125,0.4094707515625,0.2674094703125,0.40111420625000005,0.2339832875,0.37604456875,0.22562674062500002,0.3454039,0.231197771875,0.33983286874999996,0.25348189374999996,0.367688021875,0.3314763234375,0.4150417828125,0.3871866296875,0.4428969359375,0.398328690625,0.5069637890625,0.36490250625,0.5320334265625,0.32869080781250004,0.5320334265625,0.311977715625,0.49303621093750005,0.250696378125
783,623_jpg.rf.50cee27caa48a5e40200c031afcf90aa.jpg,meningioma,0.6991643453124999,0.4206128140625,0.6796657374999999,0.35933147656250003,0.6128133703125,0.3259052921875,0.5264623953124999,0.32869080781250004,0.48746518125,0.3008356546875,0.46239554375,0.2980501390625,0.42618384374999996,0.33983286874999996,0.4206128140625,0.37604456875,0.4373259046875,0.4122562671875,0.49303621093750005,0.46518105781249997,0.5125348187500001,0.51810585,0.5459610031250001,0.5654596093750001,0.5598885796874999,0.571030640625,0.6295264625,0.5543175484375
784,2304_jpg.rf.d7d62e72da5560bba7c84a5a66f1ec5b.jpg,glioma,0.2200557109375,0.23676880156250002,0.1894150421875,0.2451253484375,0.1587743734375,0.2785515328125,0.1476323125,0.3064066859375,0.1504178265625,0.36490250625,0.175487465625,0.40111420625000005,0.20055710312500002,0.4150417828125,0.286908078125,0.42618384374999996,0.32033426249999997,0.3704735375,0.32033426249999997,0.311977715625,0.2674094703125,0.250696378125,0.2200557109375,0.23676880156250002,0,0,0,0
785,2223_jpg.rf.fc434750b90d558aafdc656d57028ba2.jpg,glioma,0.5626740953125,0.231197771875,0.5793871859374999,0.3064066859375,0.6434540390625,0.3844011140625,0.71030640625,0.40389972187499995,0.8022284125000001,0.40668523749999996,0.8105849578125,0.367688021875,0.8022284125000001,0.34261838437500003,0.738161559375,0.27298050156250003,0.6545961,0.22841225625,0.568245125,0.21169916406249997,0.5626740953125,0.231197771875,0,0,0,0,0,0
786,1995_jpg.rf.3b2a86cbf3f85094b46955d601576043.jpg,glioma,0.20055710312500002,0.6601671312499999,0.1810584953125,0.6685236765625,0.175487465625,0.6573816156250001,0.1532033421875,0.6573816156250001,0.139275765625,0.6657381609375,0.13649024999999998,0.713091921875,0.1225626734375,0.7325905296874999,0.1253481890625,0.7660167125,0.16713091875,0.7910863515625,0.25626740937500003,0.8077994421874999,0.3008356546875,0.79665738125,0.3008356546875,0.7715877437499999,0.2757660171875,0.7520891359374999,0.2646239546875,0.71030640625
787,606_jpg.rf.24e0a70a27301509d0e6c310bfecce55.jpg,meningioma,0.0668523671875,0.5236768796875,0.0668523671875,0.5821727015625,0.114206128125,0.59888579375,0.1838440109375,0.5905292484375,0.194986071875,0.5571030640625,0.17270195,0.49303621093750005,0.144846796875,0.4679665734375,0.114206128125,0.46518105781249997,0.086350975,0.484679665625,0.0668523671875,0.5236768796875,0,0,0,0,0,0,0,0
788,1016_jpg.rf.4e8fe50c6daa066a1347e4bc7ffaab62.jpg,pituitary,0.3788300828125,0.540389971875,0.40668523749999996,0.53760445625,0.43454039062499994,0.51810585,0.459610028125,0.43454039062499994,0.4401114203125,0.4178272984375,0.367688021875,0.4178272984375,0.3509749296875,0.4401114203125,0.348189415625,0.49303621093750005,0.3788300828125,0.540389971875,0,0,0,0,0,0,0,0,0,0
789,1807_jpg.rf.6e2f37598a78c8535389a85eebf9ef12.jpg,pituitary,0.7270194984375,0.3231197765625,0.6490250703125,0.33983286874999996,0.6128133703125,0.367688021875,0.6128133703125,0.42339832812499995,0.6378830078125,0.4568245125,0.7047353765625,0.4484679671875,0.7604456828124999,0.459610028125,0.7855153203125,0.4373259046875,0.79665738125,0.3927576609375,0.7827298046875,0.35933147656250003,0.7576601671875001,0.32869080781250004,0.7270194984375,0.3231197765625,0,0,0,0
790,370_jpg.rf.f72b2d6ac7bcfb377fecd8e18209fd25.jpg,meningioma,0.083565459375,0.596100278125,0.10306406718750001,0.6183844015625,0.139275765625,0.604456825,0.16991643437499998,0.5626740953125,0.1559888578125,0.51810585,0.119777159375,0.5013927578125,0.083565459375,0.520891365625,0.0779944296875,0.5348189421875,0.083565459375,0.596100278125,0,0,0,0,0,0,0,0,0,0
791,3016_jpg.rf.db8c2a304af6d5daa2d47227728b074f.jpg,glioma,0.71030640625,0.46518105781249997,0.707520890625,0.39554317499999997,0.6935933140625,0.3621169921875,0.6462395546875,0.311977715625,0.6183844015625,0.3091922,0.5543175484375,0.33983286874999996,0.5348189421875,0.3621169921875,0.46239554375,0.51810585,0.4707520890625,0.596100278125,0.5041782734375,0.6128133703125,0.51810585,0.6406685234375,0.5543175484375,0.6601671312499999,0.5877437328124999,0.6545961,0.59888579375,0.5877437328124999
792,3013_jpg.rf.52dfac33c6102ef256e34cbb3eb0b0c8.jpg,glioma,0.40111420625000005,0.259052925,0.3509749296875,0.311977715625,0.348189415625,0.348189415625,0.373259053125,0.3844011140625,0.373259053125,0.4094707515625,0.34261838437500003,0.4484679671875,0.40668523749999996,0.4484679671875,0.4707520890625,0.36490250625,0.47353760468750006,0.31476323125,0.46239554375,0.2701949859375,0.4401114203125,0.259052925,0.40111420625000005,0.259052925,0,0,0,0
793,1893_jpg.rf.a416952da17af0b2fb2982976a0768cc.jpg,glioma,0.7270194984375,0.3816155984375,0.6657381609375,0.373259053125,0.5793871859374999,0.42618384374999996,0.4707520890625,0.45403899687499993,0.39554317499999997,0.45125348125000003,0.3844011140625,0.459610028125,0.3871866296875,0.48189415,0.39554317499999997,0.49582172656249995,0.4401114203125,0.49582172656249995,0.509749303125,0.520891365625,0.57381615625,0.5264623953124999,0.738161559375,0.40389972187499995,0.7270194984375,0.3816155984375,0,0
794,1874_jpg.rf.267c547221ab6b5ecc53aaf74dbfd38d.jpg,glioma,0.5013927578125,0.6100278546875,0.490250696875,0.571030640625,0.4401114203125,0.5292479109375,0.3565459609375,0.5041782734375,0.2952646234375,0.49860724218749997,0.259052925,0.5125348187500001,0.22284122499999998,0.5069637890625,0.1559888578125,0.54874651875,0.13649024999999998,0.5849582171875001,0.144846796875,0.662952646875,0.3064066859375,0.774373259375,0.3844011140625,0.7855153203125,0.42339832812499995,0.774373259375,0.459610028125,0.749303621875
795,472_jpg.rf.71a4c2c37feedbc3686428e39855a55f.jpg,meningioma,0.48189415,0.7576601671875001,0.49860724218749997,0.793871865625,0.5348189421875,0.824512534375,0.601671309375,0.824512534375,0.6128133703125,0.8161559890625,0.6183844015625,0.713091921875,0.5905292484375,0.6685236765625,0.5543175484375,0.6601671312499999,0.5013927578125,0.7047353765625,0.48189415,0.7576601671875001,0,0,0,0,0,0,0,0
796,1436_jpg.rf.32463603bb2d8ae9df97775170a09dd8.jpg,pituitary,0.4679665734375,0.4122562671875,0.4679665734375,0.3509749296875,0.45403899687499993,0.337047353125,0.40389972187499995,0.3342618390625,0.3342618390625,0.3788300828125,0.33983286874999996,0.5459610031250001,0.367688021875,0.596100278125,0.4178272984375,0.6072423390624999,0.45125348125000003,0.59888579375,0.4679665734375,0.5598885796874999,0.47353760468750006,0.4679665734375,0.4679665734375,0.45125348125000003,0.44568245156249997,0.4401114203125,0.44568245156249997,0.4178272984375
797,2803_jpg.rf.e600a8f205b502d63e7e16f7852786d2.jpg,glioma,0.33983286874999996,0.880222840625,0.348189415625,0.8997214484375,0.36490250625,0.8997214484375,0.3844011140625,0.880222840625,0.3816155984375,0.8133704734375,0.40111420625000005,0.793871865625,0.43454039062499994,0.7855153203125,0.43454039062499994,0.7632311984375,0.46239554375,0.713091921875,0.46239554375,0.626740946875,0.484679665625,0.601671309375,0.48189415,0.5849582171875001,0.4373259046875,0.59888579375,0.3844011140625,0.5598885796874999
798,1701_jpg.rf.eddfb5532d4dad5b1a54ba2fd22d02e8.jpg,pituitary,0.48189415,0.4373259046875,0.5041782734375,0.4428969359375,0.5292479109375,0.42618384374999996,0.54874651875,0.4428969359375,0.601671309375,0.43454039062499994,0.6072423390624999,0.3927576609375,0.59888579375,0.3704735375,0.5292479109375,0.3537604453125,0.47632312031249996,0.3927576609375,0.48189415,0.4373259046875,0,0,0,0,0,0,0,0
799,1064_jpg.rf.4509d3d9e7b7b54b88602b8ebb7fb922.jpg,pituitary,0.459610028125,0.44568245156249997,0.4568245125,0.47632312031249996,0.5320334265625,0.4428969359375,0.5348189421875,0.4094707515625,0.5069637890625,0.398328690625,0.459610028125,0.44568245156249997,0,0,0,0,0,0,0,0,0,0,0,0,0,0,0,0
800,533_jpg.rf.9934fd5be7d3b0e8e8be5fc4ff3f0b00.jpg,meningioma,0.2339832875,0.3064066859375,0.1866295265625,0.3231197765625,0.16155988906250002,0.35933147656250003,0.1532033421875,0.4178272984375,0.1587743734375,0.44568245156249997,0.16991643437499998,0.45125348125000003,0.2701949859375,0.45403899687499993,0.3231197765625,0.3927576609375,0.3259052921875,0.33983286874999996,0.31476323125,0.3231197765625,0.2757660171875,0.3064066859375,0.2339832875,0.3064066859375,0,0,0,0
801,1530_jpg.rf.b97ad530c8ff6bb1a920d9b780d0b748.jpg,pituitary,0.632311978125,0.4206128140625,0.6128133703125,0.398328690625,0.5821727015625,0.3899721453125,0.540389971875,0.43175487500000004,0.46518105781249997,0.45125348125000003,0.45125348125000003,0.46518105781249997,0.45403899687499993,0.51810585,0.48189415,0.5626740953125,0.509749303125,0.54874651875,0.571030640625,0.5543175484375,0.5877437328124999,0.5459610031250001,0.5821727015625,0.5069637890625,0.62395543125,0.45125348125000003,0.632311978125,0.4206128140625
802,392_jpg.rf.8940b2d910aee881b5ec4c8574f6c97e.jpg,meningioma,0.31476323125,0.57381615625,0.348189415625,0.59888579375,0.39554317499999997,0.5933147625,0.42339832812499995,0.571030640625,0.42339832812499995,0.5515320328125,0.40389972187499995,0.520891365625,0.4094707515625,0.5013927578125,0.373259053125,0.49582172656249995,0.3091922,0.515320334375,0.31476323125,0.57381615625,0,0,0,0,0,0,0,0
803,2913_jpg.rf.f8415fb813975f28c21476842adf51ce.jpg,glioma,0.707520890625,0.7827298046875,0.749303621875,0.71030640625,0.7548746515625,0.6295264625,0.7325905296874999,0.5821727015625,0.682451253125,0.540389971875,0.6128133703125,0.5320334265625,0.571030640625,0.479108634375,0.5125348187500001,0.46518105781249997,0.4707520890625,0.49860724218749997,0.42339832812499995,0.568245125,0.40389972187499995,0.62395543125,0.40111420625000005,0.6713091921875,0.4206128140625,0.6963788296875,0.43175487500000004,0.7548746515625
804,122_jpg.rf.756019fe602a0f20411397a61c84c952.jpg,meningioma,0.7186629531250001,0.261838440625,0.6462395546875,0.25626740937500003,0.5933147625,0.286908078125,0.5320334265625,0.348189415625,0.5292479109375,0.3899721453125,0.5515320328125,0.4206128140625,0.6211699171875,0.46239554375,0.6657381609375,0.48189415,0.707520890625,0.484679665625,0.7325905296874999,0.4679665734375,0.7632311984375,0.4178272984375,0.74651810625,0.286908078125,0.7186629531250001,0.261838440625,0,0
805,112_jpg.rf.2c6196d8a006040874b0b3bc65158cd5.jpg,meningioma,0.3871866296875,0.568245125,0.3871866296875,0.4428969359375,0.3788300828125,0.4401114203125,0.35933147656250003,0.4707520890625,0.3342618390625,0.48189415,0.2952646234375,0.47353760468750006,0.281337046875,0.48746518125,0.261838440625,0.5598885796874999,0.2674094703125,0.5821727015625,0.2395543171875,0.6155988859375,0.2423398328125,0.6573816156250001,0.34261838437500003,0.6657381609375,0.4206128140625,0.62395543125,0.3871866296875,0.568245125
806,1393_jpg.rf.f9d01dd9b8c94dc81e02c55170aab4ec.jpg,pituitary,0.3342618390625,0.49582172656249995,0.33983286874999996,0.42618384374999996,0.317548746875,0.40668523749999996,0.2952646234375,0.40668523749999996,0.20612813437500002,0.42618384374999996,0.19777158749999998,0.46239554375,0.2200557109375,0.49860724218749997,0.3342618390625,0.49582172656249995,0,0,0,0,0,0,0,0,0,0,0,0
807,1642_jpg.rf.2ecf6297f6d2f868e2a0d911049a64db.jpg,pituitary,0.5069637890625,0.21727019531249997,0.5041782734375,0.2701949859375,0.4707520890625,0.348189415625,0.47632312031249996,0.3788300828125,0.515320334375,0.3704735375,0.5320334265625,0.3871866296875,0.568245125,0.3871866296875,0.6406685234375,0.3621169921875,0.6462395546875,0.348189415625,0.6128133703125,0.261838440625,0.5849582171875001,0.2395543171875,0.5069637890625,0.21727019531249997,0,0,0,0
808,137_jpg.rf.b6d0494db5b99b9f41c06b1a8d4b6e91.jpg,meningioma,0.19777158749999998,0.3537604453125,0.1587743734375,0.3844011140625,0.1309192203125,0.373259053125,0.0974930359375,0.3816155984375,0.07520891406249999,0.5264623953124999,0.144846796875,0.54874651875,0.23676880156250002,0.5431754875,0.23676880156250002,0.5013927578125,0.259052925,0.48189415,0.2674094703125,0.4206128140625,0.2395543171875,0.373259053125,0.19777158749999998,0.3537604453125,0,0,0,0
809,564_jpg.rf.121401a518425f59e4dbf8daff79c36a.jpg,meningioma,0.34261838437500003,0.5598885796874999,0.286908078125,0.568245125,0.2701949859375,0.5598885796874999,0.20612813437500002,0.568245125,0.2339832875,0.6768802234375,0.2674094703125,0.707520890625,0.337047353125,0.6852367687500001,0.3788300828125,0.71030640625,0.39554317499999997,0.74651810625,0.45403899687499993,0.749303621875,0.459610028125,0.6991643453124999,0.40389972187499995,0.6545961,0.3871866296875,0.604456825,0.34261838437500003,0.5598885796874999
810,993_jpg.rf.b20030cda77c2699f39b915b90d3b523.jpg,pituitary,0.382882621875,0.5481637859374999,0.4203129828125,0.5479945265625,0.4484679671875,0.5264623953124999,0.46518105781249997,0.47353760468750006,0.43454039062499994,0.44568245156249997,0.3927576609375,0.4401114203125,0.3621169921875,0.46239554375,0.3509749296875,0.5013927578125,0.382882621875,0.5481637859374999,0,0,0,0,0,0,0,0,0,0
811,82_jpg.rf.d8ff39a54c117a2f16389b9edbb14cb3.jpg,meningioma,0.568245125,1,0.5905292484375,0.9749303625,0.5933147625,0.9554317546875,0.63509749375,0.9275766015625001,0.63509749375,0.8913649031249999,0.6796657374999999,0.8746518109375,0.7325905296874999,0.8161559890625,0.6963788296875,0.768802228125,0.651810584375,0.743732590625,0.5236768796875,0.7298050140625,0.490250696875,0.71030640625,0.459610028125,0.71030640625,0.373259053125,0.749303621875,0.3314763234375,0.7827298046875
812,1704_jpg.rf.e219a9e95e6d3729c30551ee406c4486.jpg,pituitary,0.6434540390625,0.3509749296875,0.576601671875,0.3509749296875,0.568245125,0.3927576609375,0.59888579375,0.42618384374999996,0.6545961,0.42339832812499995,0.6935933140625,0.45403899687499993,0.7214484671875,0.4568245125,0.7158774375,0.373259053125,0.688022284375,0.3314763234375,0.6657381609375,0.32869080781250004,0.6434540390625,0.3509749296875,0,0,0,0,0,0
813,873_jpg.rf.245318c94a29ba1f5c8f46d06397f32f.jpg,glioma,0.4373259046875,0.6128133703125,0.3927576609375,0.604456825,0.373259053125,0.5821727015625,0.3454039,0.576601671875,0.2980501390625,0.596100278125,0.2646239546875,0.63509749375,0.2674094703125,0.707520890625,0.286908078125,0.738161559375,0.3036211703125,0.7520891359374999,0.3314763234375,0.7548746515625,0.37604456875,0.7298050140625,0.4568245125,0.7270194984375,0.47353760468750006,0.6908078,0.46518105781249997,0.6378830078125
814,2485_jpg.rf.dcfe14f1750ef56846e7b1dd0f1a2432.jpg,glioma,0.3621169921875,0.6072423390624999,0.42618384374999996,0.5793871859374999,0.428969359375,0.509749303125,0.4484679671875,0.46239554375,0.4428969359375,0.4122562671875,0.3927576609375,0.3704735375,0.3537604453125,0.36490250625,0.3231197765625,0.3871866296875,0.311977715625,0.4150417828125,0.311977715625,0.51810585,0.2952646234375,0.5264623953124999,0.292479109375,0.5933147625,0.27298050156250003,0.5933147625,0.2395543171875,0.6183844015625
815,1242_jpg.rf.5714894495fa59d9e70e2c82c3293603.jpg,pituitary,0.5013927578125,0.4484679671875,0.5320334265625,0.459610028125,0.576601671875,0.45125348125000003,0.571030640625,0.39554317499999997,0.5598885796874999,0.3816155984375,0.4679665734375,0.3621169921875,0.4373259046875,0.39554317499999997,0.4484679671875,0.46239554375,0.5013927578125,0.4484679671875,0,0,0,0,0,0,0,0,0,0
816,926_jpg.rf.35d98ec0aa2007e675ca97a42312d93d.jpg,pituitary,0.43175487500000004,0.5320334265625,0.42618384374999996,0.46518105781249997,0.4094707515625,0.4484679671875,0.348189415625,0.4484679671875,0.3091922,0.5013927578125,0.3565459609375,0.576601671875,0.42339832812499995,0.5654596093750001,0.43175487500000004,0.5320334265625,0,0,0,0,0,0,0,0,0,0,0,0
817,1458_jpg.rf.5a85007ed3bae216247333a1a60acfef.jpg,pituitary,0.5598885796874999,0.3899721453125,0.5459610031250001,0.3899721453125,0.509749303125,0.4373259046875,0.484679665625,0.45125348125000003,0.48189415,0.484679665625,0.5459610031250001,0.5543175484375,0.5598885796874999,0.5543175484375,0.5933147625,0.5431754875,0.6183844015625,0.490250696875,0.62395543125,0.4401114203125,0.6100278546875,0.4206128140625,0.576601671875,0.4178272984375,0.5598885796874999,0.3899721453125,0,0
818,1236_jpg.rf.3b7ebc18f7e11fdbd9055a9ca09663cb.jpg,pituitary,0.6155988859375,0.47353760468750006,0.6601671312499999,0.4206128140625,0.6601671312499999,0.3788300828125,0.632311978125,0.36490250625,0.57381615625,0.37604456875,0.571030640625,0.43454039062499994,0.59888579375,0.479108634375,0.6155988859375,0.47353760468750006,0,0,0,0,0,0,0,0,0,0,0,0
819,175_jpg.rf.af037f72c4be849202539ebe43e7c638.jpg,meningioma,0.777158775,0.4568245125,0.7855153203125,0.3871866296875,0.74651810625,0.348189415625,0.6963788296875,0.3454039,0.6685236765625,0.3871866296875,0.6657381609375,0.4373259046875,0.6908078,0.45403899687499993,0.777158775,0.4568245125,0,0,0,0,0,0,0,0,0,0,0,0
820,2606_jpg.rf.c86ac42f40bbd4507eb7c7e67d8ce114.jpg,glioma,0.250696378125,0.63509749375,0.261838440625,0.5933147625,0.25626740937500003,0.5264623953124999,0.3008356546875,0.515320334375,0.3454039,0.4707520890625,0.40389972187499995,0.46518105781249997,0.4094707515625,0.45403899687499993,0.40389972187499995,0.4094707515625,0.3899721453125,0.3927576609375,0.3036211703125,0.36490250625,0.25626740937500003,0.3259052921875,0.2200557109375,0.317548746875,0.175487465625,0.3565459609375,0.16434540312499998,0.42339832812499995
821,295_jpg.rf.bbead23857076aaf46412dfd488c8d64.jpg,meningioma,0.231197771875,0.37604456875,0.231197771875,0.40111420625000005,0.3036211703125,0.4679665734375,0.3899721453125,0.459610028125,0.4373259046875,0.4094707515625,0.43175487500000004,0.3509749296875,0.3704735375,0.281337046875,0.311977715625,0.2757660171875,0.2701949859375,0.3008356546875,0.231197771875,0.37604456875,0,0,0,0,0,0,0,0
822,747_jpg.rf.c7b73bf5e33e3eedd6e58d1226ee3834.jpg,glioma,0.3621169921875,0.51810585,0.3927576609375,0.5348189421875,0.53760445625,0.5626740953125,0.54874651875,0.5515320328125,0.5626740953125,0.479108634375,0.5571030640625,0.39554317499999997,0.49582172656249995,0.3036211703125,0.48189415,0.2200557109375,0.43454039062499994,0.16434540312499998,0.40111420625000005,0.1559888578125,0.3788300828125,0.17270195,0.2952646234375,0.1866295265625,0.2395543171875,0.2144846796875,0.20612813437500002,0.27298050156250003
823,1452_jpg.rf.db3f785b14834d5c2f31252c611b94fd.jpg,pituitary,0.32033426249999997,0.515320334375,0.3342618390625,0.5571030640625,0.3537604453125,0.568245125,0.42339832812499995,0.571030640625,0.4373259046875,0.540389971875,0.43175487500000004,0.4484679671875,0.4178272984375,0.4373259046875,0.37604456875,0.4373259046875,0.3259052921875,0.4707520890625,0.32033426249999997,0.515320334375,0,0,0,0,0,0,0,0
824,1964_jpg.rf.8e7e13761a69d9b587c17257c9ee2abe.jpg,glioma,0.3871866296875,0.261838440625,0.3621169921875,0.2785515328125,0.3259052921875,0.34261838437500003,0.3259052921875,0.373259053125,0.34261838437500003,0.4094707515625,0.373259053125,0.4428969359375,0.45403899687499993,0.4206128140625,0.490250696875,0.367688021875,0.484679665625,0.34261838437500003,0.44568245156249997,0.2952646234375,0.4150417828125,0.2674094703125,0.3871866296875,0.261838440625,0,0,0,0
825,2012_jpg.rf.7fef17c2bc0d502eee05692989fd43b2.jpg,glioma,0.16991643437499998,0.63509749375,0.16713091875,0.688022284375,0.2200557109375,0.740947075,0.28969359375,0.7715877437499999,0.33983286874999996,0.7298050140625,0.348189415625,0.6573816156250001,0.3259052921875,0.6434540390625,0.292479109375,0.6545961,0.2757660171875,0.59888579375,0.25626740937500003,0.5933147625,0.16991643437499998,0.63509749375,0,0,0,0,0,0
826,538_jpg.rf.d9d32f19909b27214ed5acf21952271c.jpg,meningioma,0.373259053125,0.5515320328125,0.40389972187499995,0.5125348187500001,0.428969359375,0.45403899687499993,0.4373259046875,0.3871866296875,0.4122562671875,0.33983286874999996,0.3231197765625,0.2339832875,0.2646239546875,0.21727019531249997,0.24791086406249999,0.22841225625,0.1810584953125,0.2200557109375,0.1476323125,0.2423398328125,0.0974930359375,0.3314763234375,0.0668523671875,0.459610028125,0.08077994375,0.48189415,0.1559888578125,0.5320334265625
827,598_jpg.rf.649835da812d268614516ac34237b854.jpg,meningioma,0.337047353125,0.6295264625,0.33983286874999996,0.6713091921875,0.36490250625,0.6935933140625,0.398328690625,0.6935933140625,0.4122562671875,0.6740947078125,0.40668523749999996,0.626740946875,0.3788300828125,0.5877437328124999,0.3621169921875,0.5849582171875001,0.367688021875,0.6072423390624999,0.337047353125,0.6295264625,0,0,0,0,0,0,0,0
828,1607_jpg.rf.c3c9a3ba2306d5ec05f9476eee179c1b.jpg,pituitary,0.44568245156249997,0.596100278125,0.46239554375,0.59888579375,0.509749303125,0.5849582171875001,0.515320334375,0.5626740953125,0.49860724218749997,0.479108634375,0.45403899687499993,0.4707520890625,0.4401114203125,0.5069637890625,0.4401114203125,0.5821727015625,0.44568245156249997,0.596100278125,0,0,0,0,0,0,0,0,0,0
829,1119_jpg.rf.5e0f90a98c93e0a3e71ef491bfaa2907.jpg,pituitary,0.33983286874999996,0.49303621093750005,0.3454039,0.5571030640625,0.36490250625,0.5905292484375,0.4122562671875,0.596100278125,0.49582172656249995,0.5543175484375,0.5013927578125,0.49582172656249995,0.48746518125,0.4707520890625,0.37604456875,0.45125348125000003,0.348189415625,0.4707520890625,0.33983286874999996,0.49303621093750005,0,0,0,0,0,0,0,0
830,771_jpg.rf.051718e2469e21ce7f5f47a4f1e531fa.jpg,glioma,0.3899721453125,0.3927576609375,0.398328690625,0.40111420625000005,0.42618384374999996,0.3927576609375,0.4094707515625,0.4401114203125,0.4401114203125,0.45125348125000003,0.47632312031249996,0.3844011140625,0.4707520890625,0.35933147656250003,0.5264623953124999,0.3064066859375,0.51810585,0.3008356546875,0.484679665625,0.3231197765625,0.4679665734375,0.32033426249999997,0.484679665625,0.2841225625,0.5264623953124999,0.24791086406249999,0.5264623953124999,0.22284122499999998
831,1301_jpg.rf.a7a2887c23468a175b43cfb7148a3367.jpg,pituitary,0.3816155984375,0.5041782734375,0.4094707515625,0.49303621093750005,0.4150417828125,0.459610028125,0.398328690625,0.4373259046875,0.367688021875,0.4178272984375,0.32869080781250004,0.4150417828125,0.317548746875,0.4568245125,0.337047353125,0.49303621093750005,0.3816155984375,0.5041782734375,0,0,0,0,0,0,0,0,0,0
832,2927_jpg.rf.c3631686b865bd480ff48df3347a41f6.jpg,glioma,0.2757660171875,0.19777158749999998,0.2674094703125,0.2200557109375,0.231197771875,0.2339832875,0.22841225625,0.250696378125,0.3231197765625,0.348189415625,0.3454039,0.3509749296875,0.37604456875,0.3008356546875,0.3704735375,0.22562674062500002,0.3342618390625,0.1866295265625,0.311977715625,0.1838440109375,0.2757660171875,0.19777158749999998,0,0,0,0,0,0
833,2064_jpg.rf.57a460177e4f5a9e7c6ba721106c95ca.jpg,glioma,0.5348189421875,0.47353760468750006,0.5459610031250001,0.5320334265625,0.576601671875,0.568245125,0.626740946875,0.5626740953125,0.6796657374999999,0.515320334375,0.6852367687500001,0.49860724218749997,0.682451253125,0.479108634375,0.651810584375,0.4568245125,0.651810584375,0.4094707515625,0.62395543125,0.40111420625000005,0.5348189421875,0.47353760468750006,0,0,0,0,0,0
834,2471_jpg.rf.4ad7e2164139dc3968c6c5c6b17f490f.jpg,glioma,0.16434540312499998,0.6295264625,0.2339832875,0.6740947078125,0.2646239546875,0.707520890625,0.28969359375,0.7158774375,0.3008356546875,0.6991643453124999,0.2980501390625,0.6490250703125,0.250696378125,0.59888579375,0.231197771875,0.5933147625,0.17827298125,0.601671309375,0.16434540312499998,0.6295264625,0,0,0,0,0,0,0,0
835,139_jpg.rf.07f8fbb9d8bd1157ca02d21720a6e4e3.jpg,meningioma,0.855153203125,0.3816155984375,0.855153203125,0.348189415625,0.824512534375,0.311977715625,0.7910863515625,0.3091922,0.7660167125,0.31476323125,0.740947075,0.337047353125,0.7214484671875,0.3231197765625,0.6991643453124999,0.3259052921875,0.6740947078125,0.373259053125,0.682451253125,0.40668523749999996,0.7186629531250001,0.4122562671875,0.7325905296874999,0.4401114203125,0.7883008359375,0.4401114203125,0.824512534375,0.4178272984375
836,369_jpg.rf.85cc70c6e8a504706e4148fe32ca712f.jpg,meningioma,0.17827298125,0.35933147656250003,0.1587743734375,0.43175487500000004,0.16434540312499998,0.45125348125000003,0.2423398328125,0.44568245156249997,0.2952646234375,0.4094707515625,0.2952646234375,0.3565459609375,0.27298050156250003,0.33983286874999996,0.22562674062500002,0.337047353125,0.20334261874999998,0.33983286874999996,0.17827298125,0.35933147656250003,0,0,0,0,0,0,0,0
837,3008_jpg.rf.6faa41e8b05a51d88c14dd1764fe950f.jpg,glioma,0.46518105781249997,0.5571030640625,0.4122562671875,0.5598885796874999,0.3816155984375,0.5348189421875,0.3231197765625,0.5348189421875,0.317548746875,0.5515320328125,0.2952646234375,0.5626740953125,0.3036211703125,0.6378830078125,0.3314763234375,0.6573816156250001,0.3565459609375,0.7576601671875001,0.3871866296875,0.7660167125,0.4094707515625,0.7548746515625,0.43454039062499994,0.59888579375,0.4707520890625,0.5877437328124999,0.47353760468750006,0.5654596093750001
838,1074_jpg.rf.cdb3a13da8b24dc7b5ba2a815a4d93d4.jpg,pituitary,0.586592178125,0.4413407828125,0.5921787703125,0.5977653625,0.6480446921875,0.6256983234375,0.7821229046875,0.6145251390625,0.8156424578125,0.5810055859375,0.810055865625,0.446927375,0.7765363125,0.413407821875,0.6871508375000001,0.4078212296875,0.6033519546874999,0.413407821875,0.586592178125,0.4413407828125,0,0,0,0,0,0,0,0
839,2566_jpg.rf.b43f97c1da341f5f421ba8c6cf4913fc.jpg,glioma,0.3064066859375,0.6852367687500001,0.348189415625,0.7019498609375,0.3704735375,0.6685236765625,0.3704735375,0.6100278546875,0.35933147656250003,0.5905292484375,0.31476323125,0.57381615625,0.2757660171875,0.601671309375,0.27298050156250003,0.6378830078125,0.3064066859375,0.6852367687500001,0,0,0,0,0,0,0,0,0,0
840,2739_jpg.rf.9481169b61b40adc32dad3e5fe528b5a.jpg,glioma,0.6963788296875,0.4707520890625,0.6991643453124999,0.4150417828125,0.6768802234375,0.3788300828125,0.604456825,0.34261838437500003,0.5877437328124999,0.3231197765625,0.5320334265625,0.31476323125,0.5125348187500001,0.3342618390625,0.5125348187500001,0.3816155984375,0.48746518125,0.4094707515625,0.48189415,0.490250696875,0.45403899687499993,0.5598885796874999,0.4428969359375,0.6601671312499999,0.48189415,0.7214484671875,0.5877437328124999,0.7242339828125
841,1656_jpg.rf.acb5b0befa0cc43b3e496de8bce6a76d.jpg,pituitary,0.5431754875,0.3788300828125,0.5654596093750001,0.3816155984375,0.5933147625,0.33983286874999996,0.5905292484375,0.3064066859375,0.5598885796874999,0.28969359375,0.5348189421875,0.28969359375,0.520891365625,0.3091922,0.520891365625,0.3509749296875,0.5431754875,0.3788300828125,0,0,0,0,0,0,0,0,0,0
842,913_jpg.rf.a08606739fc417cacf177ab795049a05.jpg,glioma,0.490250696875,0.8050139281250001,0.515320334375,0.6072423390624999,0.53760445625,0.5543175484375,0.5292479109375,0.48189415,0.49303621093750005,0.4707520890625,0.459610028125,0.48746518125,0.4428969359375,0.509749303125,0.42618384374999996,0.5598885796874999,0.4373259046875,0.682451253125,0.3899721453125,0.7270194984375,0.367688021875,0.768802228125,0.3704735375,0.79665738125,0.3844011140625,0.8105849578125,0.43454039062499994,0.824512534375
843,2767_jpg.rf.e2eca0cda3cc134b8a735927ea4e005f.jpg,glioma,0.4679665734375,0.6100278546875,0.45125348125000003,0.540389971875,0.45403899687499993,0.48746518125,0.5041782734375,0.43454039062499994,0.5264623953124999,0.42618384374999996,0.5654596093750001,0.311977715625,0.6295264625,0.2646239546875,0.6211699171875,0.2395543171875,0.5459610031250001,0.20612813437500002,0.47353760468750006,0.2200557109375,0.39554317499999997,0.2674094703125,0.3314763234375,0.3509749296875,0.28969359375,0.4484679671875,0.28969359375,0.59888579375
844,1299_jpg.rf.c2a2e79af38567b7903f0a7dc731860c.jpg,pituitary,0.3091922,0.484679665625,0.311977715625,0.5069637890625,0.3454039,0.5292479109375,0.3899721453125,0.509749303125,0.4150417828125,0.459610028125,0.40668523749999996,0.4150417828125,0.3816155984375,0.398328690625,0.3565459609375,0.398328690625,0.32869080781250004,0.4206128140625,0.3091922,0.484679665625,0,0,0,0,0,0,0,0
845,418_jpg.rf.477b0c39be944c0ce9956649b6e4dc66.jpg,meningioma,0.6796657374999999,0.32033426249999997,0.5598885796874999,0.2841225625,0.5431754875,0.2952646234375,0.509749303125,0.3565459609375,0.5013927578125,0.4568245125,0.515320334375,0.490250696875,0.5877437328124999,0.5125348187500001,0.626740946875,0.479108634375,0.6406685234375,0.42339832812499995,0.6796657374999999,0.42339832812499995,0.6991643453124999,0.4122562671875,0.707520890625,0.367688021875,0.6796657374999999,0.32033426249999997,0,0
846,2862_jpg.rf.fe3ec794fc9b1ef86c56ee3f99f26085.jpg,glioma,0.19777158749999998,0.4428969359375,0.1894150421875,0.33983286874999996,0.16434540312499998,0.32869080781250004,0.139275765625,0.35933147656250003,0.089136490625,0.515320334375,0.08015817812500001,0.5405143265625,0.07742240312500001,0.554783875,0.10584958281250001,0.5459610031250001,0.1532033421875,0.49303621093750005,0.1838440109375,0.47632312031249996,0.39554317499999997,0.51810585,0.398328690625,0.4568245125,0.3091922,0.4707520890625,0.19777158749999998,0.4428969359375
847,158_jpg.rf.6577a8d41bdc69be3369e651be0e8cb1.jpg,meningioma,0.6490250703125,0.59888579375,0.6991643453124999,0.601671309375,0.74651810625,0.5877437328124999,0.8161559890625,0.5459610031250001,0.8384401109375,0.49860724218749997,0.8830083562500001,0.4707520890625,0.8913649031249999,0.4150417828125,0.880222840625,0.36490250625,0.8635097500000001,0.34261838437500003,0.777158775,0.31476323125,0.6991643453124999,0.3565459609375,0.6462395546875,0.3704735375,0.626740946875,0.3927576609375,0.5821727015625,0.3871866296875
848,1669_jpg.rf.d5050d3583e5bff720439f2b0ccf75d8.jpg,pituitary,0.51810585,0.49860724218749997,0.5626740953125,0.490250696875,0.57381615625,0.46518105781249997,0.5626740953125,0.4122562671875,0.540389971875,0.3927576609375,0.49582172656249995,0.3871866296875,0.45125348125000003,0.4178272984375,0.45125348125000003,0.4707520890625,0.51810585,0.49860724218749997,0,0,0,0,0,0,0,0,0,0
849,3057_jpg.rf.674ea9c3c1574c40a724413ba9aa260e.jpg,glioma,0.1559888578125,0.515320334375,0.1309192203125,0.5264623953124999,0.09192200625,0.571030640625,0.050139275000000004,0.57381615625,0.0445682453125,0.6211699171875,0.0724233984375,0.6685236765625,0.1504178265625,0.7325905296874999,0.24791086406249999,0.7158774375,0.259052925,0.7047353765625,0.259052925,0.57381615625,0.20334261874999998,0.5236768796875,0.1559888578125,0.515320334375,0,0,0,0
850,2857_jpg.rf.ef367380636c46cf66d9c4f0f203edfb.jpg,glioma,0.626740946875,0.6295264625,0.6490250703125,0.6072423390624999,0.6490250703125,0.5626740953125,0.59888579375,0.5571030640625,0.5821727015625,0.5877437328124999,0.5849582171875001,0.6183844015625,0.5933147625,0.6295264625,0.626740946875,0.6295264625,0,0,0,0,0,0,0,0,0,0,0,0
851,2408_jpg.rf.0f26403a25ecef93478a33cf4954fb63.jpg,glioma,0.3036211703125,0.1504178265625,0.27298050156250003,0.17827298125,0.25348189374999996,0.21727019531249997,0.20612813437500002,0.2451253484375,0.21169916406249997,0.281337046875,0.261838440625,0.317548746875,0.3008356546875,0.32033426249999997,0.348189415625,0.292479109375,0.3844011140625,0.22841225625,0.3816155984375,0.20612813437500002,0.33983286874999996,0.16434540312499998,0.3036211703125,0.1504178265625,0,0,0,0
852,1658_jpg.rf.a8e88eff5b73bac7ca4269df851fb807.jpg,pituitary,0.5933147625,0.3259052921875,0.5431754875,0.281337046875,0.5348189421875,0.3704735375,0.576601671875,0.3871866296875,0.5933147625,0.3259052921875,0,0,0,0,0,0,0,0,0,0,0,0,0,0,0,0,0,0
853,881_jpg.rf.0b21e30a50973392cb2fd0d2c5807e9c.jpg,glioma,0.1559888578125,0.515320334375,0.1866295265625,0.5292479109375,0.22284122499999998,0.509749303125,0.2395543171875,0.46518105781249997,0.2395543171875,0.40111420625000005,0.194986071875,0.3927576609375,0.16434540312499998,0.4150417828125,0.1504178265625,0.46239554375,0.1559888578125,0.515320334375,0,0,0,0,0,0,0,0,0,0
854,2167_jpg.rf.fbd72c3ed2b1096df93cd422c2d4fa6f.jpg,glioma,0.8488035828125,0.7281946375,0.8217270187500001,0.713091921875,0.7715877437499999,0.7242339828125,0.740947075,0.7715877437499999,0.6378830078125,0.835654596875,0.6295264625,0.85793871875,0.74651810625,0.85793871875,0.8105849578125,0.835654596875,0.8635097500000001,0.7883008359375,0.8746518109375,0.7604456828124999,0.85425613125,0.7284243453125,0.8488035828125,0.7281946375,0,0,0,0
855,1456_jpg.rf.d63287707379ccd178ffecba6d8158ce.jpg,pituitary,0.5041782734375,0.47632312031249996,0.509749303125,0.515320334375,0.5348189421875,0.540389971875,0.576601671875,0.53760445625,0.601671309375,0.5041782734375,0.5905292484375,0.4206128140625,0.57381615625,0.40668523749999996,0.5515320328125,0.40668523749999996,0.5125348187500001,0.4484679671875,0.5041782734375,0.47632312031249996,0,0,0,0,0,0,0,0
856,498_jpg.rf.80f03aadcf840a1a3ebb56347363e8f7.jpg,meningioma,0.63509749375,0.45403899687499993,0.62395543125,0.4401114203125,0.5598885796874999,0.43175487500000004,0.5348189421875,0.4122562671875,0.5320334265625,0.37604456875,0.49582172656249995,0.36490250625,0.4150417828125,0.398328690625,0.428969359375,0.44568245156249997,0.42339832812499995,0.49860724218749997,0.43175487500000004,0.5292479109375,0.459610028125,0.5598885796874999,0.48746518125,0.568245125,0.5515320328125,0.5515320328125,0.576601671875,0.5264623953124999
857,1268_jpg.rf.c95a4a534cebe399cb5569f78e2f9aa0.jpg,pituitary,0.7576601671875001,0.40111420625000005,0.749303621875,0.35933147656250003,0.7270194984375,0.348189415625,0.682451253125,0.348189415625,0.6852367687500001,0.4150417828125,0.7158774375,0.43175487500000004,0.743732590625,0.42618384374999996,0.7576601671875001,0.40111420625000005,0,0,0,0,0,0,0,0,0,0,0,0
858,2173_jpg.rf.924ace71c8cf50aba5e6b8de71ef0229.jpg,glioma,0.74651810625,0.6740947078125,0.6211699171875,0.7019498609375,0.62395543125,0.7353760453125,0.6573816156250001,0.7604456828124999,0.6406685234375,0.8105849578125,0.8105849578125,0.7660167125,0.8635097500000001,0.7353760453125,0.8690807796875,0.6768802234375,0.824512534375,0.6406685234375,0.7855153203125,0.6406685234375,0.74651810625,0.6740947078125,0,0,0,0,0,0
859,2921_jpg.rf.a42df352d6bf47faa5c025ec95f1a427.jpg,glioma,0.398328690625,0.45403899687499993,0.40389972187499995,0.3927576609375,0.3844011140625,0.32033426249999997,0.3314763234375,0.261838440625,0.28969359375,0.23676880156250002,0.2423398328125,0.231197771875,0.1894150421875,0.2646239546875,0.14206128125,0.317548746875,0.119777159375,0.3816155984375,0.114206128125,0.44568245156249997,0.1253481890625,0.4707520890625,0.1866295265625,0.520891365625,0.23676880156250002,0.5459610031250001,0.2674094703125,0.5459610031250001
860,1542_jpg.rf.62652a214726edef5d3a477453900fc0.jpg,pituitary,0.6406685234375,0.57381615625,0.768802228125,0.576601671875,0.8105849578125,0.5571030640625,0.8217270187500001,0.5041782734375,0.8022284125000001,0.4707520890625,0.74651810625,0.42339832812499995,0.651810584375,0.373259053125,0.632311978125,0.373259053125,0.576601671875,0.3899721453125,0.5041782734375,0.3927576609375,0.4206128140625,0.45125348125000003,0.3871866296875,0.490250696875,0.37604456875,0.520891365625,0.3788300828125,0.5654596093750001
861,1666_jpg.rf.991901328dc6db11613da1b8e7bc7838.jpg,pituitary,0.42618384374999996,0.4679665734375,0.479108634375,0.4707520890625,0.49860724218749997,0.49860724218749997,0.5292479109375,0.5041782734375,0.5571030640625,0.47632312031249996,0.5571030640625,0.45125348125000003,0.5348189421875,0.4150417828125,0.48746518125,0.40389972187499995,0.45403899687499993,0.42339832812499995,0.42618384374999996,0.4679665734375,0,0,0,0,0,0,0,0
862,1963_jpg.rf.16af78e647daeca965298778bd36e8f6.jpg,glioma,0.3816155984375,0.175487465625,0.348189415625,0.1504178265625,0.311977715625,0.14206128125,0.2423398328125,0.194986071875,0.23676880156250002,0.28969359375,0.281337046875,0.35933147656250003,0.317548746875,0.3844011140625,0.3231197765625,0.428969359375,0.33983286874999996,0.43175487500000004,0.367688021875,0.40111420625000005,0.3788300828125,0.3454039,0.39554317499999997,0.317548746875,0.40389972187499995,0.2395543171875,0.3816155984375,0.175487465625
863,1638_jpg.rf.a6587bcc6f2c7fbca6700b42f45704d5.jpg,pituitary,0.79665738125,0.5236768796875,0.8022284125000001,0.48189415,0.7715877437499999,0.44568245156249997,0.7158774375,0.42339832812499995,0.63509749375,0.42339832812499995,0.6072423390624999,0.45403899687499993,0.5877437328124999,0.44568245156249997,0.57381615625,0.45403899687499993,0.540389971875,0.49303621093750005,0.540389971875,0.515320334375,0.571030640625,0.5515320328125,0.596100278125,0.5515320328125,0.6155988859375,0.5849582171875001,0.6685236765625,0.5905292484375
864,394_jpg.rf.e37a4ee9b3363d18c5d3de1dd14fe35c.jpg,meningioma,0.1532033421875,0.713091921875,0.1838440109375,0.71030640625,0.20055710312500002,0.6908078,0.194986071875,0.662952646875,0.139275765625,0.651810584375,0.1532033421875,0.713091921875,0,0,0,0,0,0,0,0,0,0,0,0,0,0,0,0
865,2723_jpg.rf.f85268865812b72f42494e681bf18324.jpg,glioma,0.2980501390625,0.688022284375,0.3314763234375,0.8077994421874999,0.509749303125,0.8133704734375,0.5431754875,0.79665738125,0.5571030640625,0.738161559375,0.520891365625,0.6796657374999999,0.4707520890625,0.6601671312499999,0.337047353125,0.6462395546875,0.3064066859375,0.6601671312499999,0.2980501390625,0.688022284375,0,0,0,0,0,0,0,0
866,3040_jpg.rf.3ff28c3000b39a70ff9a6f9aafb2e6c5.jpg,glioma,0.25348189374999996,0.7632311984375,0.25348189374999996,0.8022284125000001,0.2646239546875,0.824512534375,0.2757660171875,0.8217270187500001,0.32869080781250004,0.7214484671875,0.3509749296875,0.71030640625,0.34261838437500003,0.6963788296875,0.28969359375,0.6935933140625,0.2701949859375,0.713091921875,0.25348189374999996,0.7632311984375,0,0,0,0,0,0,0,0
867,798_jpg.rf.c9b72b2740c822f04040bf74a952846f.jpg,glioma,0.49860724218749997,0.259052925,0.49303621093750005,0.21727019531249997,0.4373259046875,0.20334261874999998,0.3927576609375,0.2395543171875,0.373259053125,0.3064066859375,0.2952646234375,0.2646239546875,0.2423398328125,0.27298050156250003,0.22562674062500002,0.3008356546875,0.22841225625,0.36490250625,0.261838440625,0.3871866296875,0.3816155984375,0.3816155984375,0.42618384374999996,0.3342618390625,0.4568245125,0.32033426249999997,0.49860724218749997,0.259052925
868,386_jpg.rf.ddfa7cd31032a0847966f81d7ce5ef6c.jpg,meningioma,0.4206128140625,0.4568245125,0.40111420625000005,0.40668523749999996,0.3342618390625,0.337047353125,0.286908078125,0.3091922,0.22841225625,0.3064066859375,0.19777158749999998,0.3454039,0.1225626734375,0.3788300828125,0.08077994375,0.490250696875,0.12813370468750002,0.5264623953124999,0.1559888578125,0.5849582171875001,0.1922005578125,0.604456825,0.259052925,0.6128133703125,0.3231197765625,0.5905292484375,0.3509749296875,0.5571030640625
869,2440_jpg.rf.9e6dcb99b55caedd13da5a143e9cd241.jpg,glioma,0.373259053125,0.45125348125000003,0.1866295265625,0.5264623953124999,0.16155988906250002,0.571030640625,0.1504178265625,0.6796657374999999,0.22841225625,0.777158775,0.2701949859375,0.7799442890625,0.3091922,0.7576601671875001,0.3871866296875,0.6935933140625,0.4094707515625,0.651810584375,0.45125348125000003,0.484679665625,0.4206128140625,0.45403899687499993,0.373259053125,0.45125348125000003,0,0,0,0
870,2970_jpg.rf.c4f1673a4811df79e3deb5438a679fa0.jpg,glioma,0.1504178265625,0.3509749296875,0.13649024999999998,0.311977715625,0.083565459375,0.3008356546875,0.050139275000000004,0.3871866296875,0.0473537609375,0.43175487500000004,0.013927576562499999,0.5041782734375,0.002785515625,0.57381615625,0.0417827296875,0.5320334265625,0.10306406718750001,0.51810585,0.13649024999999998,0.49860724218749997,0.16155988906250002,0.5013927578125,0.194986071875,0.4428969359375,0.1866295265625,0.39554317499999997,0.1504178265625,0.3509749296875
871,144_jpg.rf.b342a7c326f7a0dfb21097370f92f570.jpg,meningioma,0.3314763234375,0.8635097500000001,0.367688021875,0.8635097500000001,0.40389972187499995,0.8133704734375,0.3899721453125,0.749303621875,0.35933147656250003,0.7214484671875,0.2757660171875,0.71030640625,0.2423398328125,0.74651810625,0.250696378125,0.8077994421874999,0.3314763234375,0.8635097500000001,0,0,0,0,0,0,0,0,0,0
872,2357_jpg.rf.3bc40f414e152947bdc668191489add2.jpg,glioma,0.4484679671875,0.7827298046875,0.3899721453125,0.749303621875,0.39554317499999997,0.713091921875,0.373259053125,0.6852367687500001,0.2757660171875,0.6796657374999999,0.21727019531249997,0.596100278125,0.16713091875,0.632311978125,0.1337047359375,0.5905292484375,0.0445682453125,0.5654596093750001,0.025069637500000002,0.5877437328124999,0.027855153124999997,0.6155988859375,0.050139275000000004,0.6462395546875,0.0724233984375,0.7325905296874999,0.1225626734375,0.7910863515625
873,607_jpg.rf.b2dc688aadbe8f645236d7f57d5a7457.jpg,meningioma,0.07520891406249999,0.5877437328124999,0.13649024999999998,0.5877437328124999,0.17827298125,0.5459610031250001,0.16713091875,0.49582172656249995,0.14206128125,0.479108634375,0.114206128125,0.479108634375,0.0724233984375,0.5264623953124999,0.0668523671875,0.571030640625,0.07520891406249999,0.5877437328124999,0,0,0,0,0,0,0,0,0,0
874,2652_jpg.rf.a039385e671a8527a74ff4b9aecef400.jpg,glioma,0.49303621093750005,0.25626740937500003,0.46518105781249997,0.22284122499999998,0.43175487500000004,0.22284122499999998,0.39554317499999997,0.2339832875,0.34261838437500003,0.27298050156250003,0.3091922,0.34261838437500003,0.3091922,0.37604456875,0.348189415625,0.4206128140625,0.3788300828125,0.42339832812499995,0.43454039062499994,0.45403899687499993,0.46239554375,0.4373259046875,0.48189415,0.40668523749999996,0.5264623953124999,0.2757660171875,0.49303621093750005,0.25626740937500003
875,2554_jpg.rf.811ba973758ba7da771112f2b92e46a8.jpg,glioma,0.51810585,0.63509749375,0.5543175484375,0.626740946875,0.568245125,0.6128133703125,0.5654596093750001,0.59888579375,0.5431754875,0.576601671875,0.5125348187500001,0.568245125,0.479108634375,0.5933147625,0.479108634375,0.6183844015625,0.51810585,0.63509749375,0,0,0,0,0,0,0,0,0,0
876,1731_jpg.rf.9a7605abd53d560ab62d8c7143637f15.jpg,pituitary,0.5320334265625,0.49860724218749997,0.601671309375,0.49303621093750005,0.626740946875,0.40668523749999996,0.688022284375,0.4094707515625,0.749303621875,0.36490250625,0.768802228125,0.337047353125,0.7604456828124999,0.28969359375,0.7270194984375,0.22284122499999998,0.688022284375,0.2089136484375,0.6100278546875,0.2144846796875,0.5933147625,0.286908078125,0.576601671875,0.286908078125,0.5320334265625,0.250696378125,0.5125348187500001,0.24791086406249999
877,1330_jpg.rf.2670d256656af139d47e8af10d3cf0df.jpg,pituitary,0.33983286874999996,0.5459610031250001,0.3899721453125,0.53760445625,0.40389972187499995,0.5125348187500001,0.40111420625000005,0.4679665734375,0.3788300828125,0.45125348125000003,0.3454039,0.4484679671875,0.3091922,0.4707520890625,0.31476323125,0.5348189421875,0.33983286874999996,0.5459610031250001,0,0,0,0,0,0,0,0,0,0
878,220_jpg.rf.ca2411b4da4b0875acf45b50a15b9536.jpg,meningioma,0.4401114203125,0.5933147625,0.4428969359375,0.6211699171875,0.47353760468750006,0.6545961,0.5292479109375,0.6796657374999999,0.604456825,0.63509749375,0.604456825,0.576601671875,0.576601671875,0.5431754875,0.48746518125,0.5292479109375,0.45403899687499993,0.5543175484375,0.4401114203125,0.5933147625,0,0,0,0,0,0,0,0
879,879_jpg.rf.eb62a96a0f283c92f20ad4562f2674b9.jpg,glioma,0.28969359375,0.45403899687499993,0.259052925,0.4707520890625,0.231197771875,0.4707520890625,0.2089136484375,0.490250696875,0.1866295265625,0.5515320328125,0.1866295265625,0.5821727015625,0.2089136484375,0.6128133703125,0.27298050156250003,0.604456825,0.317548746875,0.5598885796874999,0.3231197765625,0.48746518125,0.3064066859375,0.4568245125,0.28969359375,0.45403899687499993,0,0,0,0
880,759_jpg.rf.9e66f61e31b41f19aec64856a0b2565e.jpg,glioma,0.49303621093750005,0.7660167125,0.5236768796875,0.7548746515625,0.5264623953124999,0.7242339828125,0.49582172656249995,0.707520890625,0.49303621093750005,0.6935933140625,0.515320334375,0.6768802234375,0.5459610031250001,0.6183844015625,0.45125348125000003,0.6072423390624999,0.3844011140625,0.6601671312499999,0.3342618390625,0.6462395546875,0.2952646234375,0.651810584375,0.286908078125,0.6963788296875,0.2980501390625,0.7186629531250001,0.317548746875,0.7353760453125
881,473_jpg.rf.9152de6f7d5017e45805824f716964fd.jpg,meningioma,0.479108634375,0.749303621875,0.48189415,0.7604456828124999,0.509749303125,0.7883008359375,0.5543175484375,0.8050139281250001,0.632311978125,0.8133704734375,0.601671309375,0.7019498609375,0.5793871859374999,0.682451253125,0.5515320328125,0.6796657374999999,0.5069637890625,0.71030640625,0.479108634375,0.749303621875,0,0,0,0,0,0,0,0
882,1021_jpg.rf.fab8258290c4c32e6015bf2f3e97628f.jpg,pituitary,0.4373259046875,0.43454039062499994,0.3259052921875,0.43175487500000004,0.2841225625,0.45403899687499993,0.2646239546875,0.48746518125,0.261838440625,0.53760445625,0.27298050156250003,0.5793871859374999,0.373259053125,0.6406685234375,0.4401114203125,0.6406685234375,0.4707520890625,0.59888579375,0.479108634375,0.5598885796874999,0.479108634375,0.49303621093750005,0.46518105781249997,0.4568245125,0.4373259046875,0.43454039062499994,0,0
883,1413_jpg.rf.35dafaa94052cc13cc5b73d5c7682789.jpg,pituitary,0.43175487500000004,0.509749303125,0.44568245156249997,0.4707520890625,0.42339832812499995,0.4484679671875,0.40111420625000005,0.4484679671875,0.3927576609375,0.459610028125,0.3927576609375,0.520891365625,0.40668523749999996,0.5292479109375,0.43175487500000004,0.509749303125,0,0,0,0,0,0,0,0,0,0,0,0
884,1470_jpg.rf.2dc010785a56e209e1596158be74dd0d.jpg,pituitary,0.5264623953124999,0.484679665625,0.5236768796875,0.5125348187500001,0.5598885796874999,0.515320334375,0.5793871859374999,0.53760445625,0.6155988859375,0.5320334265625,0.62395543125,0.4707520890625,0.6155988859375,0.4568245125,0.5793871859374999,0.45125348125000003,0.54874651875,0.484679665625,0.5264623953124999,0.484679665625,0,0,0,0,0,0,0,0
885,2827_jpg.rf.e51a3dec508a0430cba51570dbc772f2.jpg,glioma,0.3036211703125,0.8328690812499999,0.3565459609375,0.8467966578125001,0.3899721453125,0.8105849578125,0.3927576609375,0.7883008359375,0.36490250625,0.7270194984375,0.31476323125,0.7242339828125,0.2785515328125,0.7576601671875001,0.27298050156250003,0.8050139281250001,0.3036211703125,0.8328690812499999,0,0,0,0,0,0,0,0,0,0
886,2515_jpg.rf.110d95dfe2ee235b27ccbef22e92990c.jpg,glioma,0.7047353765625,0.515320334375,0.6685236765625,0.49860724218749997,0.57381615625,0.49860724218749997,0.4373259046875,0.5041782734375,0.40111420625000005,0.520891365625,0.4094707515625,0.5598885796874999,0.459610028125,0.6406685234375,0.490250696875,0.6406685234375,0.509749303125,0.6573816156250001,0.601671309375,0.6601671312499999,0.6657381609375,0.63509749375,0.6908078,0.576601671875,0.707520890625,0.5626740953125,0.7047353765625,0.515320334375
887,744_jpg.rf.4258ce43a2fdb51a78c0fa2d28bd03ab.jpg,glioma,0.7242339828125,0.6963788296875,0.7520891359374999,0.6740947078125,0.749303621875,0.57381615625,0.7325905296874999,0.5543175484375,0.651810584375,0.540389971875,0.6100278546875,0.515320334375,0.47632312031249996,0.5013927578125,0.3871866296875,0.520891365625,0.32033426249999997,0.5515320328125,0.25348189374999996,0.62395543125,0.24791086406249999,0.7632311984375,0.3454039,0.8272980499999999,0.4428969359375,0.8384401109375,0.604456825,0.8161559890625
888,2947_jpg.rf.6fe0c131843c9ff0e92826efda274e2c.jpg,glioma,0.22562674062500002,0.28969359375,0.19777158749999998,0.36490250625,0.20334261874999998,0.4150417828125,0.2757660171875,0.40111420625000005,0.3899721453125,0.2980501390625,0.39554317499999997,0.231197771875,0.37604456875,0.19777158749999998,0.34261838437500003,0.1866295265625,0.2952646234375,0.21169916406249997,0.22562674062500002,0.28969359375,0,0,0,0,0,0,0,0
889,1750_jpg.rf.dd87fce4ab29999046ec5c90c35ae14c.jpg,pituitary,0.48746518125,0.3342618390625,0.49303621093750005,0.36490250625,0.520891365625,0.3871866296875,0.568245125,0.3788300828125,0.5877437328124999,0.33983286874999996,0.57381615625,0.28969359375,0.5598885796874999,0.2785515328125,0.5320334265625,0.2785515328125,0.49860724218749997,0.3036211703125,0.48746518125,0.3342618390625,0,0,0,0,0,0,0,0
890,242_jpg.rf.1838558d132ceb35a66c155701952b40.jpg,meningioma,0.6406685234375,0.21169916406249997,0.5933147625,0.21169916406249997,0.5598885796874999,0.22562674062500002,0.5292479109375,0.25626740937500003,0.51810585,0.286908078125,0.5236768796875,0.33983286874999996,0.57381615625,0.40111420625000005,0.6545961,0.4206128140625,0.6991643453124999,0.3899721453125,0.7270194984375,0.32869080781250004,0.7270194984375,0.3008356546875,0.6768802234375,0.22562674062500002,0.6406685234375,0.21169916406249997,0,0
891,805_jpg.rf.8bb916a35a9c4971a149951c73007b24.jpg,glioma,0.3565459609375,0.6183844015625,0.3509749296875,0.6768802234375,0.4150417828125,0.7214484671875,0.5571030640625,0.7214484671875,0.5654596093750001,0.7019498609375,0.57381615625,0.626740946875,0.520891365625,0.5654596093750001,0.5041782734375,0.49303621093750005,0.5069637890625,0.4150417828125,0.5431754875,0.40668523749999996,0.5571030640625,0.3927576609375,0.5571030640625,0.373259053125,0.53760445625,0.348189415625,0.5320334265625,0.3091922
892,1617_jpg.rf.b835ebbb80cde6c65a62d08ac85eca20.jpg,pituitary,0.484679665625,0.5821727015625,0.5125348187500001,0.604456825,0.5626740953125,0.5905292484375,0.571030640625,0.5654596093750001,0.568245125,0.5069637890625,0.5264623953124999,0.48189415,0.49860724218749997,0.5013927578125,0.48189415,0.53760445625,0.484679665625,0.5821727015625,0,0,0,0,0,0,0,0,0,0
893,704_jpg.rf.25f0d4d3db5878d785d68d9304cd5160.jpg,meningioma,0.46239554375,0.738161559375,0.42618384374999996,0.6935933140625,0.398328690625,0.6796657374999999,0.3927576609375,0.6462395546875,0.37604456875,0.632311978125,0.3231197765625,0.626740946875,0.259052925,0.6573816156250001,0.2144846796875,0.7047353765625,0.20055710312500002,0.74651810625,0.20612813437500002,0.8077994421874999,0.22841225625,0.8467966578125001,0.3008356546875,0.8830083562500001,0.3871866296875,0.8662952640625001,0.4122562671875,0.8440111421875001
894,492_jpg.rf.90367b58cde9dca86b4f6c73cd9609d9.jpg,meningioma,0.3231197765625,0.1866295265625,0.3008356546875,0.2339832875,0.3064066859375,0.32033426249999997,0.367688021875,0.4122562671875,0.4122562671875,0.4206128140625,0.43175487500000004,0.4094707515625,0.459610028125,0.35933147656250003,0.4428969359375,0.22841225625,0.4094707515625,0.1922005578125,0.34261838437500003,0.175487465625,0.3231197765625,0.1866295265625,0,0,0,0,0,0
895,1742_jpg.rf.11a97ec9289f02942a23cf392de7c6b0.jpg,pituitary,0.5320334265625,0.40111420625000005,0.5292479109375,0.4428969359375,0.540389971875,0.459610028125,0.59888579375,0.46239554375,0.632311978125,0.4484679671875,0.6434540390625,0.43175487500000004,0.6183844015625,0.3788300828125,0.5821727015625,0.36490250625,0.5543175484375,0.37604456875,0.5320334265625,0.40111420625000005,0,0,0,0,0,0,0,0
896,2933_jpg.rf.05aef969ee32e9d6d25809791f380566.jpg,glioma,0.34261838437500003,0.1225626734375,0.28969359375,0.16713091875,0.2757660171875,0.20612813437500002,0.2841225625,0.231197771875,0.32869080781250004,0.2757660171875,0.3565459609375,0.2701949859375,0.4094707515625,0.22841225625,0.3844011140625,0.1504178265625,0.3816155984375,0.089136490625,0.3565459609375,0.07520891406249999,0.34261838437500003,0.1225626734375,0,0,0,0,0,0
897,1738_jpg.rf.f0cbd66b0dd76fc8c3ac312fac6c7f59.jpg,pituitary,0.5793871859374999,0.23676880156250002,0.5348189421875,0.22562674062500002,0.47353760468750006,0.2395543171875,0.4094707515625,0.2980501390625,0.42618384374999996,0.373259053125,0.5013927578125,0.4178272984375,0.5571030640625,0.40668523749999996,0.57381615625,0.3899721453125,0.6100278546875,0.3816155984375,0.6295264625,0.348189415625,0.632311978125,0.2841225625,0.5933147625,0.259052925,0.5793871859374999,0.23676880156250002,0,0
898,320_jpg.rf.2314c39a71cd0722c8a1e579334e1cbe.jpg,meningioma,0.428969359375,0.3342618390625,0.4373259046875,0.37604456875,0.42618384374999996,0.4401114203125,0.4484679671875,0.47353760468750006,0.48746518125,0.490250696875,0.5069637890625,0.515320334375,0.51810585,0.484679665625,0.5125348187500001,0.4206128140625,0.48189415,0.3036211703125,0.4707520890625,0.2980501390625,0.428969359375,0.3342618390625,0,0,0,0,0,0
899,1744_jpg.rf.5ad28333d169143ac31e171a4c0e46d1.jpg,pituitary,0.5459610031250001,0.4679665734375,0.604456825,0.4679665734375,0.6378830078125,0.4484679671875,0.6434540390625,0.3816155984375,0.6183844015625,0.367688021875,0.5821727015625,0.367688021875,0.520891365625,0.3927576609375,0.520891365625,0.4484679671875,0.5459610031250001,0.4679665734375,0,0,0,0,0,0,0,0,0,0
900,1350_jpg.rf.2ca1c6b56a56471b728603c8b9d48449.jpg,pituitary,0.40668523749999996,0.5571030640625,0.43454039062499994,0.5626740953125,0.4568245125,0.5459610031250001,0.46239554375,0.51810585,0.45125348125000003,0.48189415,0.42339832812499995,0.47353760468750006,0.39554317499999997,0.484679665625,0.3927576609375,0.5236768796875,0.40668523749999996,0.5571030640625,0,0,0,0,0,0,0,0,0,0
901,227_jpg.rf.737fd00eaa8d4e6e3ba4f78b99393a82.jpg,meningioma,0.40668523749999996,0.576601671875,0.4484679671875,0.596100278125,0.4401114203125,0.5459610031250001,0.4484679671875,0.520891365625,0.43454039062499994,0.484679665625,0.4428969359375,0.42339832812499995,0.3927576609375,0.459610028125,0.3788300828125,0.5459610031250001,0.40668523749999996,0.576601671875,0,0,0,0,0,0,0,0,0,0
902,388_jpg.rf.e9e20b3d275632190e4b8502d2e25e6a.jpg,meningioma,0.4150417828125,0.4373259046875,0.3788300828125,0.34261838437500003,0.3259052921875,0.317548746875,0.2785515328125,0.311977715625,0.22284122499999998,0.317548746875,0.1532033421875,0.34261838437500003,0.1253481890625,0.3704735375,0.11142061249999999,0.4122562671875,0.12813370468750002,0.5041782734375,0.17270195,0.51810585,0.21169916406249997,0.571030640625,0.25348189374999996,0.5877437328124999,0.31476323125,0.576601671875,0.43454039062499994,0.5264623953124999
903,1778_jpg.rf.b886c5454047ae34175e8677fa8b88d5.jpg,pituitary,0.7270194984375,0.31476323125,0.6657381609375,0.3091922,0.6155988859375,0.32033426249999997,0.5626740953125,0.36490250625,0.5431754875,0.398328690625,0.5515320328125,0.45125348125000003,0.688022284375,0.4679665734375,0.749303621875,0.4484679671875,0.7604456828124999,0.42339832812499995,0.777158775,0.42339832812499995,0.7827298046875,0.37604456875,0.7576601671875001,0.3342618390625,0.7270194984375,0.31476323125,0,0
904,1422_jpg.rf.711956c021f74896afe636bc8da292fc.jpg,pituitary,0.3537604453125,0.5849582171875001,0.4094707515625,0.5877437328124999,0.42618384374999996,0.5320334265625,0.4206128140625,0.49582172656249995,0.398328690625,0.484679665625,0.3537604453125,0.484679665625,0.337047353125,0.515320334375,0.337047353125,0.5459610031250001,0.3537604453125,0.5849582171875001,0,0,0,0,0,0,0,0,0,0
905,1878_jpg.rf.8ae57889c4424aaa0c68037c076b5a51.jpg,glioma,0.32869080781250004,0.601671309375,0.36490250625,0.6128133703125,0.428969359375,0.6128133703125,0.45403899687499993,0.596100278125,0.45403899687499993,0.5793871859374999,0.4178272984375,0.5598885796874999,0.398328690625,0.5264623953124999,0.292479109375,0.5236768796875,0.3008356546875,0.571030640625,0.32869080781250004,0.601671309375,0,0,0,0,0,0,0,0
906,2050_jpg.rf.f85de72e21254f2b270ce7def198664c.jpg,glioma,0.2952646234375,0.604456825,0.2674094703125,0.57381615625,0.2674094703125,0.5348189421875,0.22841225625,0.515320334375,0.17827298125,0.5236768796875,0.1894150421875,0.57381615625,0.2144846796875,0.601671309375,0.22562674062500002,0.6490250703125,0.27298050156250003,0.6963788296875,0.34261838437500003,0.7270194984375,0.36490250625,0.7270194984375,0.3704735375,0.713091921875,0.3509749296875,0.6740947078125,0.3509749296875,0.604456825
907,1392_jpg.rf.0210ef06a666428eec75d011c85c6239.jpg,pituitary,0.22562674062500002,0.4094707515625,0.20055710312500002,0.4428969359375,0.19777158749999998,0.4679665734375,0.2089136484375,0.49303621093750005,0.25626740937500003,0.5292479109375,0.311977715625,0.540389971875,0.35933147656250003,0.515320334375,0.373259053125,0.4707520890625,0.337047353125,0.40668523749999996,0.2980501390625,0.398328690625,0.22562674062500002,0.4094707515625,0,0,0,0,0,0
908,1818_jpg.rf.b56986e11ae393eed2b9bf5a09122fa3.jpg,pituitary,0.662952646875,0.311977715625,0.6434540390625,0.2674094703125,0.59888579375,0.259052925,0.568245125,0.3036211703125,0.571030640625,0.3342618390625,0.596100278125,0.373259053125,0.6183844015625,0.3844011140625,0.651810584375,0.373259053125,0.682451253125,0.40111420625000005,0.707520890625,0.40389972187499995,0.7298050140625,0.3537604453125,0.7214484671875,0.3091922,0.682451253125,0.292479109375,0.662952646875,0.311977715625
909,783_jpg.rf.5be7690c75185d987d537719e5f92211.jpg,glioma,0.57381615625,0.7910863515625,0.57381615625,0.7158774375,0.5543175484375,0.6685236765625,0.5598885796874999,0.571030640625,0.5236768796875,0.5041782734375,0.49303621093750005,0.479108634375,0.4707520890625,0.520891365625,0.4401114203125,0.5431754875,0.428969359375,0.53760445625,0.4178272984375,0.48746518125,0.40389972187499995,0.48189415,0.39554317499999997,0.49303621093750005,0.4094707515625,0.6155988859375,0.40668523749999996,0.6991643453124999
910,2385_jpg.rf.e5444cc80735be6ae22117d8370bcd87.jpg,glioma,0.1532033421875,0.2395543171875,0.10306406718750001,0.259052925,0.0445682453125,0.32033426249999997,0.0194986078125,0.367688021875,0.013927576562499999,0.47632312031249996,0.0417827296875,0.520891365625,0.16713091875,0.49860724218749997,0.22284122499999998,0.46518105781249997,0.2451253484375,0.3844011140625,0.2395543171875,0.2674094703125,0.22841225625,0.2451253484375,0.1532033421875,0.2395543171875,0,0,0,0
911,632_jpg.rf.5ce2c38f7a0d289f09c987afa34bdc26.jpg,meningioma,0.20055710312500002,0.5459610031250001,0.1894150421875,0.6072423390624999,0.2144846796875,0.6768802234375,0.2395543171875,0.6963788296875,0.27298050156250003,0.6963788296875,0.32869080781250004,0.6490250703125,0.337047353125,0.5821727015625,0.311977715625,0.5320334265625,0.286908078125,0.515320334375,0.250696378125,0.509749303125,0.20055710312500002,0.5459610031250001,0,0,0,0,0,0
912,1784_jpg.rf.9b78cec08de5b0be480a8fc30f34300e.jpg,pituitary,0.7548746515625,0.31476323125,0.7186629531250001,0.311977715625,0.6796657374999999,0.32033426249999997,0.6713091921875,0.3704735375,0.651810584375,0.40389972187499995,0.626740946875,0.4150417828125,0.6295264625,0.43175487500000004,0.743732590625,0.44568245156249997,0.7604456828124999,0.4206128140625,0.7827298046875,0.4122562671875,0.7910863515625,0.37604456875,0.777158775,0.337047353125,0.7548746515625,0.31476323125,0,0
913,504_jpg.rf.c3c953ebf68e4200fa29c8313786ef1f.jpg,meningioma,0.651810584375,0.601671309375,0.682451253125,0.601671309375,0.7158774375,0.5849582171875001,0.738161559375,0.5543175484375,0.7325905296874999,0.5069637890625,0.6211699171875,0.46518105781249997,0.5905292484375,0.515320334375,0.596100278125,0.5793871859374999,0.651810584375,0.601671309375,0,0,0,0,0,0,0,0,0,0
914,312_jpg.rf.4b912a53157dc21498dd9dbcd871c75e.jpg,meningioma,0.7632311984375,0.5236768796875,0.6545961,0.484679665625,0.5905292484375,0.5069637890625,0.5543175484375,0.5626740953125,0.568245125,0.7242339828125,0.5849582171875001,0.7576601671875001,0.6128133703125,0.774373259375,0.6852367687500001,0.7548746515625,0.7158774375,0.6963788296875,0.7548746515625,0.6852367687500001,0.79665738125,0.6155988859375,0.793871865625,0.5793871859374999,0.7632311984375,0.5236768796875,0,0
915,1433_jpg.rf.52244dc9a84c4640c29c5236a945a899.jpg,pituitary,0.32033426249999997,0.5041782734375,0.3091922,0.5571030640625,0.32869080781250004,0.5793871859374999,0.3788300828125,0.5821727015625,0.4150417828125,0.568245125,0.43175487500000004,0.5320334265625,0.39554317499999997,0.47353760468750006,0.35933147656250003,0.4679665734375,0.34261838437500003,0.47353760468750006,0.32033426249999997,0.5041782734375,0,0,0,0,0,0,0,0
916,1691_jpg.rf.8e213c54223a8fd62641fb9ed15991f5.jpg,pituitary,0.5626740953125,0.43175487500000004,0.5849582171875001,0.43454039062499994,0.6155988859375,0.4178272984375,0.6211699171875,0.3899721453125,0.5877437328124999,0.32033426249999997,0.5626740953125,0.3036211703125,0.5431754875,0.3259052921875,0.53760445625,0.3871866296875,0.5626740953125,0.43175487500000004,0,0,0,0,0,0,0,0,0,0
917,1959_jpg.rf.ffaed2ccda69174c76735479cccd7391.jpg,glioma,0.4484679671875,0.4094707515625,0.46239554375,0.3844011140625,0.4568245125,0.3565459609375,0.4401114203125,0.3509749296875,0.3871866296875,0.39554317499999997,0.3871866296875,0.4094707515625,0.4150417828125,0.43175487500000004,0.4484679671875,0.4094707515625,0,0,0,0,0,0,0,0,0,0,0,0
918,579_jpg.rf.57fda29ed3fb73feca9f0170252c4836.jpg,meningioma,0.2952646234375,0.4568245125,0.32869080781250004,0.45125348125000003,0.337047353125,0.43454039062499994,0.3314763234375,0.40668523749999996,0.3064066859375,0.3816155984375,0.2841225625,0.3788300828125,0.2701949859375,0.39554317499999997,0.2785515328125,0.44568245156249997,0.2952646234375,0.4568245125,0,0,0,0,0,0,0,0,0,0
919,1887_jpg.rf.1b028f90e0cf505c35f7ca09a4d51b02.jpg,glioma,0.37604456875,0.5320334265625,0.35933147656250003,0.5571030640625,0.3788300828125,0.5821727015625,0.33983286874999996,0.6155988859375,0.3342618390625,0.63509749375,0.40111420625000005,0.6378830078125,0.4679665734375,0.6713091921875,0.479108634375,0.6601671312499999,0.479108634375,0.6378830078125,0.42618384374999996,0.5933147625,0.45125348125000003,0.5571030640625,0.37604456875,0.5320334265625,0,0,0,0
920,1219_jpg.rf.17e04114ea5b695b5a78800b52a2eec8.jpg,pituitary,0.515320334375,0.40111420625000005,0.53760445625,0.4401114203125,0.571030640625,0.459610028125,0.651810584375,0.4484679671875,0.6601671312499999,0.4094707515625,0.6462395546875,0.373259053125,0.5905292484375,0.33983286874999996,0.5431754875,0.32869080781250004,0.515320334375,0.3704735375,0.515320334375,0.40111420625000005,0,0,0,0,0,0,0,0
921,2526_jpg.rf.aa6e02808f6d44307e396730bd16a607.jpg,glioma,0.3899721453125,0.3788300828125,0.367688021875,0.32033426249999997,0.3064066859375,0.2757660171875,0.25348189374999996,0.27298050156250003,0.1838440109375,0.3091922,0.11699164375,0.40389972187499995,0.10027855156250001,0.5348189421875,0.10027855156250001,0.5543175484375,0.114206128125,0.5654596093750001,0.1309192203125,0.568245125,0.1504178265625,0.5431754875,0.19777158749999998,0.520891365625,0.34261838437500003,0.520891365625,0.3844011140625,0.46239554375
922,2852_jpg.rf.e47d446cbf64a9b0c253eb8753cd6a85.jpg,glioma,0.17827298125,0.2841225625,0.1337047359375,0.3008356546875,0.09192200625,0.348189415625,0.09192200625,0.4178272984375,0.11699164375,0.520891365625,0.1810584953125,0.54874651875,0.261838440625,0.5459610031250001,0.3342618390625,0.46239554375,0.33983286874999996,0.3899721453125,0.32033426249999997,0.3008356546875,0.28969359375,0.286908078125,0.17827298125,0.2841225625,0,0,0,0
923,1782_jpg.rf.b0ad2c831a696694f2b31cbc3baac376.jpg,pituitary,0.632311978125,0.3816155984375,0.6406685234375,0.428969359375,0.7047353765625,0.43454039062499994,0.7325905296874999,0.3788300828125,0.7827298046875,0.3788300828125,0.7883008359375,0.34261838437500003,0.774373259375,0.311977715625,0.7158774375,0.3008356546875,0.6462395546875,0.34261838437500003,0.632311978125,0.3816155984375,0,0,0,0,0,0,0,0
924,1010_jpg.rf.df896073a37cdc3ce18821264e98e2f0.jpg,pituitary,0.373259053125,0.49860724218749997,0.3537604453125,0.540389971875,0.3621169921875,0.604456825,0.398328690625,0.5933147625,0.4122562671875,0.576601671875,0.4428969359375,0.5821727015625,0.46239554375,0.57381615625,0.44568245156249997,0.49860724218749997,0.42618384374999996,0.479108634375,0.40668523749999996,0.479108634375,0.373259053125,0.49860724218749997,0,0,0,0,0,0
925,84_jpg.rf.0f8c85c37416af9494344ce5a9841b27.jpg,meningioma,0.51412654375,1,0.5459610031250001,0.9860724234375,0.6100278546875,0.9247910859375,0.6406685234375,0.8690807796875,0.71030640625,0.799442896875,0.6768802234375,0.768802228125,0.6295264625,0.7576601671875001,0.59888579375,0.7660167125,0.48746518125,0.71030640625,0.40668523749999996,0.707520890625,0.36490250625,0.7270194984375,0.3231197765625,0.7799442890625,0.317548746875,0.8022284125000001,0.2841225625,0.8217270187500001
926,922_jpg.rf.dffba1c354e9f98bf158a71350e3ab18.jpg,pituitary,0.3064066859375,0.40668523749999996,0.25626740937500003,0.42618384374999996,0.23676880156250002,0.4707520890625,0.2339832875,0.5125348187500001,0.2785515328125,0.5877437328124999,0.34261838437500003,0.59888579375,0.3816155984375,0.5821727015625,0.4122562671875,0.54874651875,0.4206128140625,0.48189415,0.40111420625000005,0.44568245156249997,0.367688021875,0.4150417828125,0.3064066859375,0.40668523749999996,0,0,0,0
927,1416_jpg.rf.b6ef391d97b416d003faae6a829c4da0.jpg,pituitary,0.373259053125,0.568245125,0.3899721453125,0.568245125,0.42618384374999996,0.5515320328125,0.428969359375,0.49303621093750005,0.4150417828125,0.45403899687499993,0.37604456875,0.45125348125000003,0.3454039,0.46518105781249997,0.337047353125,0.520891365625,0.373259053125,0.568245125,0,0,0,0,0,0,0,0,0,0
928,2990_jpg.rf.540cbc30c70f04f66120fa0534fe437c.jpg,glioma,0.16713091875,0.7214484671875,0.2395543171875,0.8077994421874999,0.3064066859375,0.85793871875,0.373259053125,0.8662952640625001,0.3899721453125,0.8523676874999999,0.42339832812499995,0.5933147625,0.459610028125,0.54874651875,0.49303621093750005,0.5292479109375,0.5236768796875,0.48189415,0.576601671875,0.459610028125,0.5905292484375,0.4428969359375,0.59888579375,0.3927576609375,0.5905292484375,0.3816155984375,0.5626740953125,0.3788300828125
929,994_jpg.rf.e91f3809342ce8eeba42158c69eade81.jpg,pituitary,0.3342618390625,0.43175487500000004,0.3064066859375,0.4679665734375,0.3036211703125,0.540389971875,0.32869080781250004,0.57381615625,0.3816155984375,0.5933147625,0.42339832812499995,0.57381615625,0.43454039062499994,0.5571030640625,0.43175487500000004,0.46239554375,0.398328690625,0.42618384374999996,0.3565459609375,0.42618384374999996,0.3342618390625,0.43175487500000004,0,0,0,0,0,0
930,1719_jpg.rf.b9dde19098382fff6528a1db3e5bd282.jpg,pituitary,0.5013927578125,0.311977715625,0.4373259046875,0.34261838437500003,0.40389972187499995,0.373259053125,0.367688021875,0.43454039062499994,0.37604456875,0.45403899687499993,0.4707520890625,0.4428969359375,0.5013927578125,0.40111420625000005,0.5654596093750001,0.3844011140625,0.571030640625,0.3537604453125,0.5626740953125,0.3314763234375,0.5348189421875,0.31476323125,0.5013927578125,0.311977715625,0,0,0,0
931,1424_jpg.rf.a463be803bb1a8dec1eaccf98ef71335.jpg,pituitary,0.4122562671875,0.5431754875,0.4178272984375,0.46239554375,0.4094707515625,0.428969359375,0.3036211703125,0.4094707515625,0.2952646234375,0.4568245125,0.3314763234375,0.5236768796875,0.3342618390625,0.5515320328125,0.4122562671875,0.5431754875,0,0,0,0,0,0,0,0,0,0,0,0
932,1269_jpg.rf.5b99ebeca49a681e43674c59ad4a52e6.jpg,pituitary,0.6852367687500001,0.4206128140625,0.7242339828125,0.4373259046875,0.7548746515625,0.4150417828125,0.7604456828124999,0.373259053125,0.7298050140625,0.33983286874999996,0.7047353765625,0.337047353125,0.682451253125,0.3509749296875,0.6768802234375,0.398328690625,0.6852367687500001,0.4206128140625,0,0,0,0,0,0,0,0,0,0
933,2987_jpg.rf.50b0f8943c8f339987a4c86f7fd61fca.jpg,glioma,0,0.3837047359375,0.013927576562499999,0.3871866296875,0.11699164375,0.3537604453125,0.1922005578125,0.3788300828125,0.20334261874999998,0.459610028125,0.17270195,0.5125348187500001,0.1922005578125,0.5459610031250001,0.20055710312500002,0.604456825,0.23676880156250002,0.6155988859375,0.24791086406249999,0.6573816156250001,0.2841225625,0.6434540390625,0.3537604453125,0.6378830078125,0.3816155984375,0.6155988859375,0.3816155984375,0.604456825
934,3044_jpg.rf.0b4b875687b19f9bbe2474547ce170b0.jpg,glioma,0.7604456828124999,0.9247910859375,0.7799442890625,0.8997214484375,0.7548746515625,0.7158774375,0.7910863515625,0.6545961,0.7827298046875,0.6434540390625,0.71030640625,0.626740946875,0.682451253125,0.596100278125,0.6685236765625,0.568245125,0.6685236765625,0.5236768796875,0.6796657374999999,0.49860724218749997,0.6713091921875,0.4568245125,0.6545961,0.4428969359375,0.604456825,0.4484679671875,0.5905292484375,0.4401114203125
935,934_jpg.rf.60b82b7ee56292e44f931809a20d7a8c.jpg,pituitary,0.3788300828125,0.33983286874999996,0.3454039,0.373259053125,0.3231197765625,0.3788300828125,0.28969359375,0.5013927578125,0.311977715625,0.53760445625,0.3788300828125,0.5626740953125,0.43454039062499994,0.568245125,0.45403899687499993,0.5515320328125,0.4707520890625,0.5125348187500001,0.484679665625,0.3816155984375,0.4568245125,0.3565459609375,0.3788300828125,0.33983286874999996,0,0,0,0
936,614_jpg.rf.04291d665d6718e95dd6058c6e18e88b.jpg,meningioma,0.1810584953125,0.43175487500000004,0.16991643437499998,0.48746518125,0.22841225625,0.5013927578125,0.3565459609375,0.3565459609375,0.36490250625,0.32033426249999997,0.3008356546875,0.2339832875,0.261838440625,0.250696378125,0.23676880156250002,0.292479109375,0.1810584953125,0.43175487500000004,0,0,0,0,0,0,0,0,0,0
937,86_jpg.rf.52f0b5ac779c88c518a2e47f0068ad17.jpg,meningioma,0.5933147625,0.7799442890625,0.5571030640625,0.774373259375,0.5236768796875,0.7520891359374999,0.5125348187500001,0.7214484671875,0.48746518125,0.7019498609375,0.4428969359375,0.6963788296875,0.4122562671875,0.7047353765625,0.3899721453125,0.6963788296875,0.348189415625,0.7548746515625,0.34261838437500003,0.7799442890625,0.3454039,0.8272980499999999,0.3621169921875,0.8662952640625001,0.398328690625,0.9025069640625001,0.459610028125,0.913649025
938,93_jpg.rf.26351f6f01c265fbf074d0c52bbda8ec.jpg,meningioma,0.49860724218749997,0.2674094703125,0.48746518125,0.2646239546875,0.44568245156249997,0.27298050156250003,0.428969359375,0.28969359375,0.4568245125,0.3454039,0.4679665734375,0.43175487500000004,0.490250696875,0.45125348125000003,0.576601671875,0.45403899687499993,0.596100278125,0.43175487500000004,0.59888579375,0.3509749296875,0.54874651875,0.31476323125,0.5125348187500001,0.3091922,0.49860724218749997,0.2674094703125,0,0
939,40_jpg.rf.e3c3d11b0f5989193d6dbe104b9c22ce.jpg,meningioma,0.46518105781249997,0.459610028125,0.42339832812499995,0.40111420625000005,0.3816155984375,0.3899721453125,0.3454039,0.4178272984375,0.33983286874999996,0.45403899687499993,0.2785515328125,0.49582172656249995,0.28969359375,0.5459610031250001,0.3064066859375,0.5654596093750001,0.34261838437500003,0.5598885796874999,0.3899721453125,0.571030640625,0.44568245156249997,0.540389971875,0.46239554375,0.51810585,0.4707520890625,0.490250696875,0.46518105781249997,0.459610028125
940,540_jpg.rf.9d6e1e92850253936d036e999803843e.jpg,meningioma,0.43175487500000004,0.43175487500000004,0.40668523749999996,0.3314763234375,0.373259053125,0.2980501390625,0.3314763234375,0.2952646234375,0.25626740937500003,0.3231197765625,0.2144846796875,0.36490250625,0.16434540312499998,0.48189415,0.16155988906250002,0.53760445625,0.19777158749999998,0.601671309375,0.2701949859375,0.6657381609375,0.367688021875,0.6713091921875,0.40668523749999996,0.6211699171875,0.4094707515625,0.5264623953124999,0.43175487500000004,0.4679665734375
941,1495_jpg.rf.5227b9fa4ddd99b236ed19a54c1f5dd8.jpg,pituitary,0.5069637890625,0.51810585,0.5626740953125,0.43175487500000004,0.509749303125,0.40668523749999996,0.5041782734375,0.3816155984375,0.48746518125,0.37604456875,0.45125348125000003,0.3927576609375,0.4206128140625,0.44568245156249997,0.3788300828125,0.43175487500000004,0.3454039,0.45125348125000003,0.317548746875,0.48189415,0.32033426249999997,0.51810585,0.373259053125,0.54874651875,0.4484679671875,0.54874651875,0.46518105781249997,0.57381615625
942,852_jpg.rf.8a91207f4fe5a6820fe6701bfe6814cb.jpg,glioma,0.32869080781250004,0.5849582171875001,0.3259052921875,0.63509749375,0.3621169921875,0.6740947078125,0.39554317499999997,0.682451253125,0.43454039062499994,0.62395543125,0.4401114203125,0.5793871859374999,0.428969359375,0.568245125,0.398328690625,0.576601671875,0.373259053125,0.5543175484375,0.3565459609375,0.5543175484375,0.32869080781250004,0.5849582171875001,0,0,0,0,0,0
943,1223_jpg.rf.4229ce27e8a83d65c19dcab856630d75.jpg,pituitary,0.509749303125,0.520891365625,0.57381615625,0.5320334265625,0.59888579375,0.47632312031249996,0.596100278125,0.42339832812499995,0.54874651875,0.3927576609375,0.51810585,0.3899721453125,0.47632312031249996,0.4401114203125,0.47353760468750006,0.479108634375,0.509749303125,0.520891365625,0,0,0,0,0,0,0,0,0,0
944,462_jpg.rf.aab865690a78688993737a455418e110.jpg,meningioma,0.46239554375,0.2701949859375,0.45403899687499993,0.2674094703125,0.42618384374999996,0.2841225625,0.40668523749999996,0.32033426249999997,0.4094707515625,0.3621169921875,0.4373259046875,0.3899721453125,0.45403899687499993,0.43175487500000004,0.49860724218749997,0.42339832812499995,0.5125348187500001,0.43175487500000004,0.53760445625,0.4094707515625,0.53760445625,0.3871866296875,0.484679665625,0.3565459609375,0.46239554375,0.2701949859375,0,0
945,136_jpg.rf.ccd445ba62e2d624ec6e0f1751b56a4c.jpg,meningioma,0.2395543171875,0.3816155984375,0.1253481890625,0.35933147656250003,0.0668523671875,0.3844011140625,0.0417827296875,0.4178272984375,0.050139275000000004,0.51810585,0.0724233984375,0.5515320328125,0.09192200625,0.5598885796874999,0.175487465625,0.5543175484375,0.2395543171875,0.520891365625,0.25348189374999996,0.490250696875,0.281337046875,0.4707520890625,0.2701949859375,0.4150417828125,0.2395543171875,0.3816155984375,0,0
946,608_jpg.rf.f6353c5588a0e99b4496cfe0dd551411.jpg,meningioma,0.3454039,0.484679665625,0.33983286874999996,0.398328690625,0.25348189374999996,0.2952646234375,0.1504178265625,0.261838440625,0.089136490625,0.292479109375,0.0473537609375,0.337047353125,0.0417827296875,0.40668523749999996,0.052924790624999996,0.42339832812499995,0.08077994375,0.43175487500000004,0.09192200625,0.459610028125,0.139275765625,0.5013927578125,0.1504178265625,0.53760445625,0.175487465625,0.5598885796874999,0.27298050156250003,0.5654596093750001
947,1230_jpg.rf.6c0f40a9098f87d88a87b1bd60b0cb96.jpg,pituitary,0.632311978125,0.398328690625,0.6100278546875,0.4178272984375,0.604456825,0.49303621093750005,0.682451253125,0.5515320328125,0.793871865625,0.6685236765625,0.79665738125,0.6462395546875,0.7715877437499999,0.6100278546875,0.7604456828124999,0.5543175484375,0.7325905296874999,0.49303621093750005,0.7353760453125,0.40668523749999996,0.6740947078125,0.428969359375,0.632311978125,0.398328690625,0,0,0,0
948,2287_jpg.rf.b87286867207e1b1085a672fcd97474b.jpg,glioma,0.47353760468750006,0.7047353765625,0.47632312031249996,0.6768802234375,0.46239554375,0.6434540390625,0.40389972187499995,0.632311978125,0.3704735375,0.6545961,0.3788300828125,0.688022284375,0.4401114203125,0.71030640625,0.47353760468750006,0.7047353765625,0,0,0,0,0,0,0,0,0,0,0,0
949,215_jpg.rf.16c6521ee001cf9270831a2ef1ffb582.jpg,meningioma,0.5515320328125,0.7520891359374999,0.568245125,0.688022284375,0.6072423390624999,0.6685236765625,0.59888579375,0.6072423390624999,0.6183844015625,0.571030640625,0.596100278125,0.5459610031250001,0.5626740953125,0.5459610031250001,0.49582172656249995,0.5515320328125,0.44568245156249997,0.568245125,0.37604456875,0.651810584375,0.37604456875,0.71030640625,0.3342618390625,0.7632311984375,0.32869080781250004,0.793871865625,0.3621169921875,0.8384401109375
950,2201_jpg.rf.0540d7db7ddce3584e7dffd90878e51b.jpg,glioma,0.6573816156250001,0.47632312031249996,0.62395543125,0.459610028125,0.59888579375,0.49303621093750005,0.5292479109375,0.5292479109375,0.49582172656249995,0.6155988859375,0.479108634375,0.632311978125,0.48746518125,0.6685236765625,0.5069637890625,0.6768802234375,0.5933147625,0.6713091921875,0.6211699171875,0.626740946875,0.6601671312499999,0.6155988859375,0.6740947078125,0.5236768796875,0.6573816156250001,0.47632312031249996,0,0
951,2277_jpg.rf.fc96ce51c4c7a43cd78d11bd011b3e21.jpg,glioma,0.28969359375,0.6072423390624999,0.281337046875,0.6295264625,0.281337046875,0.662952646875,0.2952646234375,0.6796657374999999,0.3036211703125,0.7242339828125,0.32869080781250004,0.71030640625,0.3871866296875,0.707520890625,0.39554317499999997,0.6935933140625,0.3899721453125,0.6155988859375,0.3231197765625,0.5877437328124999,0.28969359375,0.6072423390624999,0,0,0,0,0,0
952,2007_jpg.rf.27fb6cb89282ebebae9858b8452032d5.jpg,glioma,0.32869080781250004,0.4094707515625,0.3008356546875,0.3621169921875,0.3091922,0.348189415625,0.3565459609375,0.35933147656250003,0.373259053125,0.33983286874999996,0.373259053125,0.311977715625,0.3621169921875,0.286908078125,0.31476323125,0.2423398328125,0.286908078125,0.22562674062500002,0.25626740937500003,0.22562674062500002,0.19777158749999998,0.24791086406249999,0.144846796875,0.2841225625,0.10306406718750001,0.3342618390625,0.10027855156250001,0.3704735375
953,263_jpg.rf.258170aaff0fe665c2ec33bd16b5968c.jpg,meningioma,0.662952646875,0.568245125,0.63509749375,0.54874651875,0.6072423390624999,0.54874651875,0.5598885796874999,0.5793871859374999,0.54874651875,0.6462395546875,0.5905292484375,0.7019498609375,0.601671309375,0.6908078,0.6378830078125,0.7158774375,0.6545961,0.7047353765625,0.6573816156250001,0.688022284375,0.6740947078125,0.682451253125,0.6852367687500001,0.6378830078125,0.6601671312499999,0.626740946875,0.662952646875,0.568245125
954,2458_jpg.rf.798cd9fa1d39d0eb58ad3eb577f2ca7d.jpg,glioma,0.4707520890625,0.7325905296874999,0.49582172656249995,0.774373259375,0.5236768796875,0.7799442890625,0.5320334265625,0.74651810625,0.5793871859374999,0.713091921875,0.6100278546875,0.6740947078125,0.6211699171875,0.6155988859375,0.6128133703125,0.54874651875,0.5320334265625,0.5013927578125,0.49860724218749997,0.49582172656249995,0.47353760468750006,0.4679665734375,0.40668523749999996,0.484679665625,0.3927576609375,0.459610028125,0.3565459609375,0.4484679671875
955,899_jpg.rf.da167a0550eff2e2d18b12be3259c7fc.jpg,glioma,0.33983286874999996,0.5013927578125,0.3259052921875,0.48746518125,0.286908078125,0.479108634375,0.261838440625,0.428969359375,0.20334261874999998,0.3816155984375,0.1532033421875,0.36490250625,0.0974930359375,0.36490250625,0.058495821875,0.3899721453125,0.055710306249999994,0.4150417828125,0.0724233984375,0.4679665734375,0.10306406718750001,0.49860724218749997,0.1253481890625,0.7576601671875001,0.1587743734375,0.7632311984375,0.20055710312500002,0.74651810625
956,176_jpg.rf.a39ef23eb08d79f8be8ac8d14be27c29.jpg,meningioma,0.63509749375,0.4178272984375,0.6406685234375,0.46518105781249997,0.6713091921875,0.5013927578125,0.7715877437499999,0.490250696875,0.8217270187500001,0.40389972187499995,0.8217270187500001,0.3621169921875,0.8022284125000001,0.33983286874999996,0.7047353765625,0.317548746875,0.662952646875,0.34261838437500003,0.63509749375,0.4178272984375,0,0,0,0,0,0,0,0
957,2300_jpg.rf.ba2d4a22763f46ce7dd417e4a47656b5.jpg,glioma,0.3704735375,0.44568245156249997,0.3788300828125,0.4206128140625,0.36490250625,0.3788300828125,0.317548746875,0.3621169921875,0.2980501390625,0.3927576609375,0.311977715625,0.44568245156249997,0.3509749296875,0.45403899687499993,0.3704735375,0.44568245156249997,0,0,0,0,0,0,0,0,0,0,0,0
958,1815_jpg.rf.e0a02f342ebe20464dc42a781c46c965.jpg,pituitary,0.63509749375,0.2757660171875,0.604456825,0.27298050156250003,0.5793871859374999,0.292479109375,0.5849582171875001,0.3454039,0.604456825,0.3621169921875,0.6434540390625,0.35933147656250003,0.6768802234375,0.40389972187499995,0.6991643453124999,0.40668523749999996,0.740947075,0.3314763234375,0.7298050140625,0.292479109375,0.6768802234375,0.281337046875,0.6601671312499999,0.2952646234375,0.63509749375,0.2757660171875,0,0
959,2642_jpg.rf.2daa83b89fcb3e2788c335dbf328bc69.jpg,glioma,0.3565459609375,0.261838440625,0.37604456875,0.250696378125,0.36490250625,0.2339832875,0.286908078125,0.2200557109375,0.231197771875,0.24791086406249999,0.22562674062500002,0.27298050156250003,0.3008356546875,0.259052925,0.3565459609375,0.261838440625,0,0,0,0,0,0,0,0,0,0,0,0
960,1244_jpg.rf.3f8d2e96c6e7bc736a5899046e971dd9.jpg,pituitary,0.4568245125,0.367688021875,0.42339832812499995,0.4094707515625,0.4206128140625,0.4401114203125,0.43454039062499994,0.4568245125,0.5598885796874999,0.4679665734375,0.596100278125,0.4568245125,0.596100278125,0.40111420625000005,0.5793871859374999,0.37604456875,0.5459610031250001,0.3621169921875,0.479108634375,0.3565459609375,0.4568245125,0.367688021875,0,0,0,0,0,0
961,2426_jpg.rf.cac773c305841c32b416f5b5c2a97a41.jpg,glioma,0.5125348187500001,0.49582172656249995,0.520891365625,0.48189415,0.5125348187500001,0.3927576609375,0.5320334265625,0.3704735375,0.5292479109375,0.3231197765625,0.5041782734375,0.2952646234375,0.46518105781249997,0.2952646234375,0.4206128140625,0.3342618390625,0.4206128140625,0.35933147656250003,0.4428969359375,0.39554317499999997,0.4401114203125,0.428969359375,0.39554317499999997,0.45403899687499993,0.3788300828125,0.479108634375,0.3899721453125,0.520891365625
962,2511_jpg.rf.0178626e3f6d3741df9f913ae17d99d5.jpg,glioma,0.5431754875,0.57381615625,0.509749303125,0.6183844015625,0.5041782734375,0.6490250703125,0.57381615625,0.6991643453124999,0.6211699171875,0.7019498609375,0.6462395546875,0.688022284375,0.6573816156250001,0.6657381609375,0.6545961,0.596100278125,0.6295264625,0.5626740953125,0.5793871859374999,0.5543175484375,0.5431754875,0.57381615625,0,0,0,0,0,0
963,2851_jpg.rf.fe85d978a5e9432e725c0be85b1781fc.jpg,glioma,0.317548746875,0.5236768796875,0.3537604453125,0.46518105781249997,0.3621169921875,0.3816155984375,0.3509749296875,0.3259052921875,0.292479109375,0.250696378125,0.24791086406249999,0.2451253484375,0.16713091875,0.259052925,0.12813370468750002,0.281337046875,0.08077994375,0.3509749296875,0.064066853125,0.4094707515625,0.10863509687499999,0.4150417828125,0.08077994375,0.48189415,0.083565459375,0.5264623953124999,0.119777159375,0.5571030640625
964,2102_jpg.rf.557f8a1c57fe6ba8a1a2ce930f59e062.jpg,glioma,0.42339832812499995,0.651810584375,0.4206128140625,0.63509749375,0.398328690625,0.6072423390624999,0.3454039,0.59888579375,0.3036211703125,0.6740947078125,0.3064066859375,0.6852367687500001,0.39554317499999997,0.6991643453124999,0.42339832812499995,0.651810584375,0,0,0,0,0,0,0,0,0,0,0,0
965,254_jpg.rf.bca92d9df8d1dfc645038d25bb0283f9.jpg,meningioma,0.4178272984375,0.4484679671875,0.40111420625000005,0.4568245125,0.3927576609375,0.48189415,0.3537604453125,0.48746518125,0.32869080781250004,0.515320334375,0.3314763234375,0.54874651875,0.36490250625,0.57381615625,0.3899721453125,0.576601671875,0.4401114203125,0.5320334265625,0.4484679671875,0.47632312031249996,0.4373259046875,0.45125348125000003,0.4178272984375,0.4484679671875,0,0,0,0
966,2270_jpg.rf.fc1d8cc87e93ae54ea2c9747ebfedb8c.jpg,glioma,0.3008356546875,0.7047353765625,0.3064066859375,0.6713091921875,0.2980501390625,0.6545961,0.261838440625,0.6462395546875,0.22841225625,0.6685236765625,0.22562674062500002,0.7019498609375,0.2757660171875,0.7214484671875,0.3008356546875,0.7047353765625,0,0,0,0,0,0,0,0,0,0,0,0
967,2538_jpg.rf.59f58b0a68208e43a640927b95d77b8f.jpg,glioma,0.31476323125,0.4178272984375,0.286908078125,0.348189415625,0.231197771875,0.311977715625,0.2144846796875,0.261838440625,0.17827298125,0.23676880156250002,0.1532033421875,0.23676880156250002,0.089136490625,0.25626740937500003,0.002785515625,0.3844011140625,0.0167130921875,0.45125348125000003,0.0445682453125,0.47632312031249996,0.0724233984375,0.47353760468750006,0.139275765625,0.40668523749999996,0.16155988906250002,0.367688021875,0.20055710312500002,0.33983286874999996
968,1670_jpg.rf.300ad3bfa0c2bf33109dc0f61da1c850.jpg,pituitary,0.484679665625,0.47632312031249996,0.5348189421875,0.49582172656249995,0.5543175484375,0.46518105781249997,0.54874651875,0.4206128140625,0.51810585,0.3871866296875,0.48189415,0.3788300828125,0.4568245125,0.4178272984375,0.45403899687499993,0.44568245156249997,0.484679665625,0.47632312031249996,0,0,0,0,0,0,0,0,0,0
969,401_jpg.rf.331561d86f4d068ee4ac69bf911cf8be.jpg,meningioma,0.47632312031249996,0.799442896875,0.4484679671875,0.6796657374999999,0.4206128140625,0.6545961,0.3871866296875,0.596100278125,0.31476323125,0.5598885796874999,0.2785515328125,0.5598885796874999,0.21169916406249997,0.596100278125,0.1838440109375,0.6295264625,0.17270195,0.6601671312499999,0.17827298125,0.7576601671875001,0.2200557109375,0.79665738125,0.2785515328125,0.8161559890625,0.317548746875,0.860724234375,0.36490250625,0.880222840625
970,588_jpg.rf.898faf4f8a1b0af8e90a5edab32d7623.jpg,meningioma,0.250696378125,0.6072423390624999,0.2339832875,0.6685236765625,0.2785515328125,0.7242339828125,0.33983286874999996,0.740947075,0.3844011140625,0.707520890625,0.39554317499999997,0.6713091921875,0.3621169921875,0.576601671875,0.311977715625,0.5654596093750001,0.2785515328125,0.5793871859374999,0.250696378125,0.6072423390624999,0,0,0,0,0,0,0,0
971,71_jpg.rf.4ed78a861acbb39ba0709c31be3a38a9.jpg,meningioma,0.8495821734375,0.5041782734375,0.885793871875,0.5459610031250001,0.9220055703125001,0.53760445625,0.941504178125,0.5069637890625,0.935933146875,0.45403899687499993,0.916434540625,0.4373259046875,0.8635097500000001,0.4568245125,0.8523676874999999,0.47353760468750006,0.8495821734375,0.5041782734375,0,0,0,0,0,0,0,0,0,0
972,2018_jpg.rf.c28912311bc70a5721dfe17e04230b1b.jpg,glioma,0.459610028125,0.632311978125,0.4122562671875,0.601671309375,0.3927576609375,0.626740946875,0.3927576609375,0.6462395546875,0.4122562671875,0.6601671312499999,0.46239554375,0.6657381609375,0.459610028125,0.632311978125,0,0,0,0,0,0,0,0,0,0,0,0,0,0
973,1332_jpg.rf.83a044ff2472ae863ba9c882f6382e72.jpg,pituitary,0.3899721453125,0.4679665734375,0.317548746875,0.45125348125000003,0.292479109375,0.47632312031249996,0.2952646234375,0.5515320328125,0.311977715625,0.5626740953125,0.3927576609375,0.5543175484375,0.3899721453125,0.4679665734375,0,0,0,0,0,0,0,0,0,0,0,0,0,0
974,1414_jpg.rf.0df4a43876310de3c3cc3553d81811ec.jpg,pituitary,0.36490250625,0.5598885796874999,0.4178272984375,0.5626740953125,0.43454039062499994,0.5459610031250001,0.42618384374999996,0.459610028125,0.40668523749999996,0.4428969359375,0.37604456875,0.4401114203125,0.3314763234375,0.48746518125,0.337047353125,0.540389971875,0.36490250625,0.5598885796874999,0,0,0,0,0,0,0,0,0,0
975,2981_jpg.rf.6077105390e1cf69b8623fc3ae1f99bc.jpg,glioma,0.576601671875,0.5598885796874999,0.54874651875,0.5793871859374999,0.5264623953124999,0.6155988859375,0.5264623953124999,0.6545961,0.53760445625,0.6740947078125,0.5598885796874999,0.6935933140625,0.6072423390624999,0.71030640625,0.682451253125,0.6740947078125,0.6935933140625,0.651810584375,0.6657381609375,0.596100278125,0.6378830078125,0.576601671875,0.576601671875,0.5598885796874999,0,0,0,0
976,2719_jpg.rf.c7e03ed31295607210181759d2c6cff9.jpg,glioma,0.6462395546875,0.48189415,0.59888579375,0.4150417828125,0.576601671875,0.35933147656250003,0.5598885796874999,0.3454039,0.5348189421875,0.3454039,0.5069637890625,0.3816155984375,0.46239554375,0.4122562671875,0.428969359375,0.48189415,0.4209174796875,0.534514275,0.5236768796875,0.5626740953125,0.540389971875,0.5626740953125,0.5543175484375,0.5431754875,0.59888579375,0.540389971875,0.6072423390624999,0.5320334265625
977,188_jpg.rf.788ec4dc25e5a820edf939e6df645e07.jpg,meningioma,0.8718662953124999,0.2952646234375,0.85793871875,0.2841225625,0.824512534375,0.2841225625,0.774373259375,0.31476323125,0.7576601671875001,0.3704735375,0.7799442890625,0.490250696875,0.8495821734375,0.515320334375,0.8885793874999999,0.484679665625,0.8941504171875,0.4568245125,0.9303621171875,0.48189415,0.941504178125,0.4679665734375,0.9108635093749999,0.42618384374999996,0.9108635093749999,0.3621169921875,0.8718662953124999,0.2952646234375
978,1811_jpg.rf.634cb7564ca6c4c8e796bcaa9e47995b.jpg,pituitary,0.6128133703125,0.45125348125000003,0.6796657374999999,0.459610028125,0.7827298046875,0.42618384374999996,0.7799442890625,0.37604456875,0.7576601671875001,0.3454039,0.6573816156250001,0.3314763234375,0.6100278546875,0.3704735375,0.604456825,0.43175487500000004,0.6128133703125,0.45125348125000003,0,0,0,0,0,0,0,0,0,0
979,1667_jpg.rf.91e266e0f36ee9588df149edee45075b.jpg,pituitary,0.4428969359375,0.46518105781249997,0.46239554375,0.484679665625,0.515320334375,0.5069637890625,0.5598885796874999,0.49860724218749997,0.5654596093750001,0.47353760468750006,0.5515320328125,0.428969359375,0.5125348187500001,0.40111420625000005,0.479108634375,0.39554317499999997,0.44568245156249997,0.4150417828125,0.4428969359375,0.46518105781249997,0,0,0,0,0,0,0,0
980,2839_jpg.rf.f487bc9d72c0706dd449ca94257fa0ba.jpg,glioma,0.540389971875,0.36490250625,0.43454039062499994,0.281337046875,0.3509749296875,0.2701949859375,0.3008356546875,0.348189415625,0.3231197765625,0.520891365625,0.40111420625000005,0.5264623953124999,0.45403899687499993,0.5069637890625,0.484679665625,0.51810585,0.509749303125,0.5041782734375,0.571030640625,0.49860724218749997,0.5933147625,0.4484679671875,0.576601671875,0.43175487500000004,0.5543175484375,0.43175487500000004,0.540389971875,0.36490250625
981,2677_jpg.rf.42552184a288c88c6c47464a13f7bcfe.jpg,glioma,0.3008356546875,0.4401114203125,0.3788300828125,0.46239554375,0.40111420625000005,0.4568245125,0.40111420625000005,0.4373259046875,0.3704735375,0.40111420625000005,0.3509749296875,0.3509749296875,0.3259052921875,0.3509749296875,0.28969359375,0.37604456875,0.2674094703125,0.37604456875,0.2144846796875,0.317548746875,0.1894150421875,0.2841225625,0.21169916406249997,0.19777158749999998,0.20612813437500002,0.1810584953125,0.1532033421875,0.22841225625
982,99_jpg.rf.a1de6458d69771038f9ee5aa5f92c512.jpg,meningioma,0.540389971875,0.337047353125,0.5264623953124999,0.31476323125,0.46518105781249997,0.31476323125,0.4401114203125,0.2980501390625,0.40668523749999996,0.2952646234375,0.3816155984375,0.3091922,0.3231197765625,0.31476323125,0.2952646234375,0.3342618390625,0.2980501390625,0.3537604453125,0.348189415625,0.4122562671875,0.3788300828125,0.428969359375,0.398328690625,0.4122562671875,0.39554317499999997,0.3816155984375,0.40389972187499995,0.373259053125
983,2364_jpg.rf.e671a286715ba6406349c305e9c5619e.jpg,glioma,0.7883008359375,0.7548746515625,0.830083565625,0.738161559375,0.8495821734375,0.713091921875,0.8495821734375,0.6852367687500001,0.835654596875,0.6685236765625,0.793871865625,0.6685236765625,0.7576601671875001,0.6991643453124999,0.7632311984375,0.738161559375,0.7883008359375,0.7548746515625,0,0,0,0,0,0,0,0,0,0
984,2091_jpg.rf.be4246a2c2f102cbb437520fd82b7d94.jpg,glioma,0.1309192203125,0.7520891359374999,0.21727019531249997,0.7715877437499999,0.373259053125,0.8467966578125001,0.51810585,0.885793871875,0.6490250703125,0.880222840625,0.6573816156250001,0.8635097500000001,0.6406685234375,0.8412256265625,0.571030640625,0.8384401109375,0.5598885796874999,0.8272980499999999,0.568245125,0.7270194984375,0.596100278125,0.6991643453124999,0.596100278125,0.6713091921875,0.5793871859374999,0.6378830078125,0.5543175484375,0.632311978125
985,1154_jpg.rf.a7b3d4745bbbfe9ae747a84fbca81bcf.jpg,pituitary,0.4679665734375,0.5515320328125,0.48746518125,0.571030640625,0.5292479109375,0.5626740953125,0.596100278125,0.46239554375,0.576601671875,0.428969359375,0.5069637890625,0.42339832812499995,0.4679665734375,0.43175487500000004,0.4568245125,0.49582172656249995,0.4679665734375,0.5515320328125,0,0,0,0,0,0,0,0,0,0
986,2502_jpg.rf.221cfda1fd31aa12529488ab5d30db33.jpg,glioma,0.5013927578125,0.7325905296874999,0.5543175484375,0.688022284375,0.5821727015625,0.6072423390624999,0.6295264625,0.5431754875,0.632311978125,0.49860724218749997,0.59888579375,0.484679665625,0.5571030640625,0.5069637890625,0.5320334265625,0.5626740953125,0.5041782734375,0.5905292484375,0.47632312031249996,0.59888579375,0.3788300828125,0.57381615625,0.337047353125,0.5933147625,0.3231197765625,0.6128133703125,0.3231197765625,0.662952646875
987,2479_jpg.rf.10a3b3d10d99663360f736811ee5770b.jpg,glioma,0.47353760468750006,0.4401114203125,0.4679665734375,0.3899721453125,0.44568245156249997,0.367688021875,0.3565459609375,0.3342618390625,0.2980501390625,0.34261838437500003,0.2701949859375,0.3621169921875,0.25626740937500003,0.3816155984375,0.25626740937500003,0.4122562671875,0.292479109375,0.459610028125,0.35933147656250003,0.5041782734375,0.36490250625,0.5431754875,0.4206128140625,0.5431754875,0.4401114203125,0.5320334265625,0.4484679671875,0.4679665734375
988,2094_jpg.rf.9b871e08e52d7fc6216f04a8a1aa3891.jpg,glioma,0.5877437328124999,0.40668523749999996,0.5821727015625,0.4150417828125,0.54874651875,0.4122562671875,0.5320334265625,0.428969359375,0.5292479109375,0.5877437328124999,0.5515320328125,0.6155988859375,0.6295264625,0.6211699171875,0.6573816156250001,0.6072423390624999,0.651810584375,0.5654596093750001,0.662952646875,0.4428969359375,0.6545961,0.4122562671875,0.5877437328124999,0.40668523749999996,0,0,0,0
989,959_jpg.rf.4370c26c206a7f3c3e37d6a56b063518.jpg,pituitary,0.3091922,0.47353760468750006,0.3064066859375,0.53760445625,0.317548746875,0.5598885796874999,0.373259053125,0.5821727015625,0.4178272984375,0.5515320328125,0.4206128140625,0.48746518125,0.40389972187499995,0.44568245156249997,0.367688021875,0.42618384374999996,0.3537604453125,0.4568245125,0.3091922,0.47353760468750006,0,0,0,0,0,0,0,0
990,2461_jpg.rf.02b112c7e8aae2547b0958ac8f7e18e9.jpg,glioma,0.5404504203125,0.5766597015625,0.5511499921875,0.5349132421875,0.5431754875,0.46518105781249997,0.5348189421875,0.4484679671875,0.5236768796875,0.4484679671875,0.43454039062499994,0.47353760468750006,0.39554317499999997,0.49860724218749997,0.292479109375,0.49860724218749997,0.2701949859375,0.515320334375,0.3621169921875,0.5348189421875,0.40111420625000005,0.5571030640625,0.4094707515625,0.57381615625,0.43454039062499994,0.5793871859374999,0.44568245156249997,0.601671309375
991,2636_jpg.rf.37b47b42640dfc18baf1f8d89c96ae1a.jpg,glioma,0.515320334375,0.14206128125,0.4568245125,0.139275765625,0.4401114203125,0.1559888578125,0.4401114203125,0.17827298125,0.5292479109375,0.36490250625,0.5459610031250001,0.42618384374999996,0.5905292484375,0.43454039062499994,0.6796657374999999,0.3871866296875,0.6963788296875,0.3537604453125,0.6963788296875,0.27298050156250003,0.6740947078125,0.21727019531249997,0.596100278125,0.16434540312499998,0.515320334375,0.14206128125,0,0
992,723_jpg.rf.cdde62234e174b442936c005dd18fe80.jpg,glioma,0.63509749375,0.259052925,0.6657381609375,0.2785515328125,0.7019498609375,0.2785515328125,0.74651810625,0.261838440625,0.768802228125,0.2423398328125,0.7632311984375,0.20334261874999998,0.7270194984375,0.16155988906250002,0.6685236765625,0.1476323125,0.6295264625,0.1838440109375,0.63509749375,0.259052925,0,0,0,0,0,0,0,0
993,541_jpg.rf.8a8fba8f0db8a61175c7909f3d785888.jpg,meningioma,0.3844011140625,0.7604456828124999,0.4428969359375,0.713091921875,0.48746518125,0.62395543125,0.48746518125,0.5515320328125,0.4679665734375,0.520891365625,0.44568245156249997,0.4373259046875,0.4094707515625,0.40668523749999996,0.3008356546875,0.367688021875,0.24791086406249999,0.3704735375,0.2339832875,0.3537604453125,0.2144846796875,0.3509749296875,0.17827298125,0.367688021875,0.12813370468750002,0.43175487500000004,0.114206128125,0.47353760468750006
994,1082_jpg.rf.955e431287a3f778cf4a9619cc4e2eea.jpg,pituitary,0.49860724218749997,0.5236768796875,0.5348189421875,0.5264623953124999,0.5626740953125,0.5069637890625,0.57381615625,0.47353760468750006,0.5543175484375,0.45125348125000003,0.520891365625,0.4484679671875,0.490250696875,0.46518105781249997,0.479108634375,0.5041782734375,0.49860724218749997,0.5236768796875,0,0,0,0,0,0,0,0,0,0
995,1904_jpg.rf.7f5effd840797b00e6ee29e44cf0dba1.jpg,glioma,0.604456825,0.2339832875,0.568245125,0.19777158749999998,0.49860724218749997,0.1810584953125,0.43454039062499994,0.1810584953125,0.3621169921875,0.2200557109375,0.281337046875,0.2451253484375,0.261838440625,0.2646239546875,0.259052925,0.28969359375,0.3008356546875,0.367688021875,0.337047353125,0.40111420625000005,0.47353760468750006,0.4428969359375,0.540389971875,0.3871866296875,0.6072423390624999,0.3537604453125,0.6183844015625,0.27298050156250003
996,428_jpg.rf.db5862f01174daae35212926ff00b2b2.jpg,meningioma,0,0.4679665734375,0.0083565453125,0.479108634375,0.1225626734375,0.47632312031249996,0.1894150421875,0.44568245156249997,0.20334261874999998,0.4206128140625,0.2089136484375,0.3314763234375,0.194986071875,0.27298050156250003,0.144846796875,0.2089136484375,0.0974930359375,0.1866295265625,0.0696378828125,0.20334261874999998,0.00557103125,0.31476323125,0,0.37158774375000003,0,0.4679665734375,0,0
997,1151_jpg.rf.99ba2c54707e60b367d3c121003bfb80.jpg,pituitary,0.5598885796874999,0.4428969359375,0.540389971875,0.4206128140625,0.490250696875,0.4094707515625,0.48746518125,0.4568245125,0.5125348187500001,0.4707520890625,0.515320334375,0.5041782734375,0.49860724218749997,0.5264623953124999,0.47632312031249996,0.5236768796875,0.479108634375,0.5543175484375,0.484679665625,0.5626740953125,0.5264623953124999,0.5626740953125,0.5431754875,0.54874651875,0.5571030640625,0.5125348187500001,0.5598885796874999,0.4428969359375
998,2854_jpg.rf.eac1201d0515e9704a70c6f8b9d867e0.jpg,glioma,0.6100278546875,0.6545961,0.651810584375,0.6657381609375,0.6852367687500001,0.6295264625,0.688022284375,0.601671309375,0.6740947078125,0.571030640625,0.6295264625,0.5571030640625,0.5933147625,0.571030640625,0.5877437328124999,0.62395543125,0.6100278546875,0.6545961,0,0,0,0,0,0,0,0,0,0
999,2746_jpg.rf.6f6722cf4875feeb8c1b2f0b14278915.jpg,glioma,0,0.38974001875000003,0.0473537609375,0.4094707515625,0.0974930359375,0.4679665734375,0.11142061249999999,0.46239554375,0.12813370468750002,0.43175487500000004,0.1532033421875,0.4401114203125,0.16713091875,0.42339832812499995,0.2089136484375,0.4122562671875,0.22284122499999998,0.42618384374999996,0.22562674062500002,0.484679665625,0.2423398328125,0.5236768796875,0.259052925,0.5459610031250001,0.2785515328125,0.5459610031250001,0.2757660171875,0.46239554375
1000,655_jpg.rf.05481934ab444014d5b53082b2f2d236.jpg,meningioma,0.33983286874999996,0.6713091921875,0.2757660171875,0.682451253125,0.250696378125,0.7019498609375,0.23676880156250002,0.7548746515625,0.25348189374999996,0.7883008359375,0.2785515328125,0.8022284125000001,0.3231197765625,0.8050139281250001,0.3565459609375,0.799442896875,0.3816155984375,0.7799442890625,0.3871866296875,0.6963788296875,0.373259053125,0.6796657374999999,0.33983286874999996,0.6713091921875,0,0,0,0
1001,2433_jpg.rf.ffe2b019f4faff6e48d1230d51619225.jpg,glioma,0.4094707515625,0.3342618390625,0.3621169921875,0.3314763234375,0.3259052921875,0.348189415625,0.3064066859375,0.37604456875,0.3008356546875,0.4401114203125,0.317548746875,0.47353760468750006,0.3844011140625,0.484679665625,0.479108634375,0.4679665734375,0.49303621093750005,0.4484679671875,0.49582172656249995,0.4178272984375,0.479108634375,0.37604456875,0.45125348125000003,0.3704735375,0.4094707515625,0.3342618390625,0,0
1002,2514_jpg.rf.14faf7d5cd29d8285b1850db529b3faa.jpg,glioma,0.47632312031249996,0.57381615625,0.49303621093750005,0.63509749375,0.5543175484375,0.6852367687500001,0.59888579375,0.6852367687500001,0.6545961,0.6601671312499999,0.707520890625,0.5543175484375,0.6852367687500001,0.509749303125,0.5933147625,0.49582172656249995,0.49860724218749997,0.5348189421875,0.47632312031249996,0.57381615625,0,0,0,0,0,0,0,0
1003,645_jpg.rf.819de95d83f7621c8fccc578f6981fe6.jpg,meningioma,0.5849582171875001,0.4707520890625,0.5515320328125,0.40111420625000005,0.5348189421875,0.39554317499999997,0.47632312031249996,0.4094707515625,0.45125348125000003,0.4401114203125,0.4428969359375,0.4568245125,0.4484679671875,0.5431754875,0.4679665734375,0.57381615625,0.568245125,0.632311978125,0.63509749375,0.626740946875,0.688022284375,0.5849582171875001,0.707520890625,0.520891365625,0.6768802234375,0.49303621093750005,0.5849582171875001,0.4707520890625
1004,67_jpg.rf.ff7b798d933ce3ef7eb1446c68b86127.jpg,meningioma,0.8412256265625,0.3091922,0.79665738125,0.3342618390625,0.7827298046875,0.3704735375,0.7855153203125,0.40389972187499995,0.799442896875,0.428969359375,0.8328690812499999,0.4401114203125,0.8440111421875001,0.4568245125,0.8885793874999999,0.4568245125,0.916434540625,0.43175487500000004,0.9247910859375,0.3621169921875,0.8941504171875,0.32033426249999997,0.8412256265625,0.3091922,0,0,0,0
1005,166_jpg.rf.0cd6c4709e0bb0cf2d1d5e667d1ad25d.jpg,meningioma,0.509749303125,0.3231197765625,0.43454039062499994,0.31476323125,0.3844011140625,0.337047353125,0.3509749296875,0.3844011140625,0.3342618390625,0.43454039062499994,0.34261838437500003,0.5264623953124999,0.4679665734375,0.5654596093750001,0.49582172656249995,0.5320334265625,0.5264623953124999,0.5348189421875,0.571030640625,0.48746518125,0.5933147625,0.45125348125000003,0.59888579375,0.4150417828125,0.509749303125,0.3231197765625,0,0
1006,1383_jpg.rf.5ec119d5ef9cad26238074879ad6dc8a.jpg,pituitary,0.3704735375,0.5013927578125,0.3871866296875,0.5125348187500001,0.42339832812499995,0.4679665734375,0.43175487500000004,0.43175487500000004,0.40668523749999996,0.3899721453125,0.37604456875,0.3816155984375,0.3454039,0.4178272984375,0.3454039,0.44568245156249997,0.3704735375,0.5013927578125,0,0,0,0,0,0,0,0,0,0
1007,1050_jpg.rf.a5f2533b44672a7d2324f1d16c067d56.jpg,pituitary,0.662952646875,0.5598885796874999,0.6713091921875,0.5264623953124999,0.662952646875,0.40111420625000005,0.6406685234375,0.3509749296875,0.604456825,0.33983286874999996,0.571030640625,0.3454039,0.5236768796875,0.3816155984375,0.4707520890625,0.40111420625000005,0.4206128140625,0.45125348125000003,0.40111420625000005,0.515320334375,0.4122562671875,0.5459610031250001,0.4373259046875,0.571030640625,0.49303621093750005,0.5877437328124999,0.54874651875,0.5877437328124999
1008,270_jpg.rf.560f1eb112ff78221ac4e78c3fb6ab7e.jpg,meningioma,0.3064066859375,0.19777158749999998,0.2674094703125,0.1922005578125,0.17270195,0.2339832875,0.114206128125,0.292479109375,0.11142061249999999,0.3091922,0.12813370468750002,0.33983286874999996,0.16155988906250002,0.373259053125,0.23676880156250002,0.37604456875,0.2841225625,0.3509749296875,0.317548746875,0.31476323125,0.3342618390625,0.27298050156250003,0.3314763234375,0.2395543171875,0.3064066859375,0.19777158749999998,0,0
1009,1803_jpg.rf.e1faf4057f34cbbcaa03c170657659a4.jpg,pituitary,0.571030640625,0.5069637890625,0.568245125,0.47632312031249996,0.5459610031250001,0.459610028125,0.484679665625,0.4484679671875,0.5069637890625,0.49860724218749997,0.5013927578125,0.5431754875,0.5459610031250001,0.54874651875,0.571030640625,0.5069637890625,0,0,0,0,0,0,0,0,0,0,0,0
1010,812_jpg.rf.922fcbc1e32ebef0b18c8d90c0a720af.jpg,glioma,0.311977715625,0.261838440625,0.2646239546875,0.259052925,0.1838440109375,0.281337046875,0.144846796875,0.31476323125,0.1309192203125,0.3844011140625,0.1532033421875,0.4428969359375,0.22841225625,0.5041782734375,0.3788300828125,0.5041782734375,0.39554317499999997,0.479108634375,0.40389972187499995,0.42618384374999996,0.3816155984375,0.317548746875,0.35933147656250003,0.286908078125,0.311977715625,0.261838440625,0,0
1011,1321_jpg.rf.989dafd70a72dbcda3963973bcd1fbb5.jpg,pituitary,0.3454039,0.53760445625,0.39554317499999997,0.53760445625,0.4150417828125,0.5125348187500001,0.4150417828125,0.479108634375,0.3927576609375,0.4568245125,0.3565459609375,0.45403899687499993,0.32869080781250004,0.47353760468750006,0.3259052921875,0.5125348187500001,0.3454039,0.53760445625,0,0,0,0,0,0,0,0,0,0
1012,2095_jpg.rf.3dc2b1feaa5794593f015cfae55d843b.jpg,glioma,0.5125348187500001,0.515320334375,0.49582172656249995,0.5515320328125,0.49860724218749997,0.5849582171875001,0.5515320328125,0.6295264625,0.6211699171875,0.6462395546875,0.6545961,0.6406685234375,0.6935933140625,0.5933147625,0.6991643453124999,0.5626740953125,0.651810584375,0.5125348187500001,0.5626740953125,0.490250696875,0.5125348187500001,0.515320334375,0,0,0,0,0,0
1013,1464_jpg.rf.1ab93d04d3df6525008dcf9f2ad82330.jpg,pituitary,0.6183844015625,0.4150417828125,0.5877437328124999,0.3899721453125,0.5877437328124999,0.37604456875,0.6072423390624999,0.367688021875,0.604456825,0.3342618390625,0.568245125,0.32869080781250004,0.5069637890625,0.35933147656250003,0.49860724218749997,0.4122562671875,0.44568245156249997,0.479108634375,0.4484679671875,0.515320334375,0.47632312031249996,0.5543175484375,0.5515320328125,0.57381615625,0.568245125,0.571030640625,0.59888579375,0.540389971875
1014,216_jpg.rf.3b97fb8e398b06238dca96104d918b70.jpg,meningioma,0.520891365625,0.7158774375,0.48746518125,0.63509749375,0.4401114203125,0.6211699171875,0.3816155984375,0.6601671312499999,0.3788300828125,0.7019498609375,0.34261838437500003,0.740947075,0.337047353125,0.7883008359375,0.40668523749999996,0.8662952640625001,0.4568245125,0.880222840625,0.520891365625,0.8412256265625,0.520891365625,0.79665738125,0.49582172656249995,0.749303621875,0.515320334375,0.738161559375,0.520891365625,0.7158774375
1015,1643_jpg.rf.5ed878aadcf4a93e993040a24183274e.jpg,pituitary,0.53760445625,0.3844011140625,0.57381615625,0.3899721453125,0.6295264625,0.3704735375,0.604456825,0.27298050156250003,0.5654596093750001,0.23676880156250002,0.5236768796875,0.22562674062500002,0.515320334375,0.23676880156250002,0.51810585,0.281337046875,0.53760445625,0.3844011140625,0,0,0,0,0,0,0,0,0,0
1016,724_jpg.rf.157c8764935ebb460895f122d2522aef.jpg,glioma,0.6406685234375,0.19777158749999998,0.6406685234375,0.23676880156250002,0.6545961,0.259052925,0.6852367687500001,0.2757660171875,0.71030640625,0.2757660171875,0.7660167125,0.2451253484375,0.768802228125,0.2144846796875,0.74651810625,0.1810584953125,0.713091921875,0.16155988906250002,0.6657381609375,0.1587743734375,0.6406685234375,0.19777158749999998,0,0,0,0,0,0
1017,2896_jpg.rf.08194eb399742b83b179c4ec31de11cb.jpg,glioma,0.3927576609375,0.46518105781249997,0.3899721453125,0.49303621093750005,0.43454039062499994,0.5933147625,0.5041782734375,0.6573816156250001,0.5793871859374999,0.6601671312499999,0.6072423390624999,0.626740946875,0.6072423390624999,0.5849582171875001,0.5348189421875,0.53760445625,0.48189415,0.46239554375,0.4178272984375,0.45125348125000003,0.3927576609375,0.46518105781249997,0,0,0,0,0,0
1018,2145_jpg.rf.870a2d4cdd0118286e0b3bf463bc1e0b.jpg,glioma,0.6601671312499999,0.8077994421874999,0.6740947078125,0.8440111421875001,0.749303621875,0.830083565625,0.774373259375,0.8022284125000001,0.749303621875,0.7353760453125,0.71030640625,0.7242339828125,0.6740947078125,0.7325905296874999,0.662952646875,0.7520891359374999,0.6601671312499999,0.8077994421874999,0,0,0,0,0,0,0,0,0,0
1019,824_jpg.rf.0b6b91a68de91e3ba0e1228e470600d7.jpg,glioma,0.5793871859374999,0.311977715625,0.5849582171875001,0.281337046875,0.6072423390624999,0.2646239546875,0.604456825,0.25348189374999996,0.576601671875,0.250696378125,0.520891365625,0.2674094703125,0.5041782734375,0.139275765625,0.46518105781249997,0.1225626734375,0.46239554375,0.027855153124999997,0.44568245156249997,0.027855153124999997,0.4428969359375,0.050139275000000004,0.4178272984375,0.08077994375,0.311977715625,0.17270195,0.2339832875,0.2785515328125
1020,1063_jpg.rf.e90a0317048635de23289d8c88152349.jpg,pituitary,0.509749303125,0.40668523749999996,0.4679665734375,0.4428969359375,0.479108634375,0.490250696875,0.47353760468750006,0.568245125,0.509749303125,0.604456825,0.5320334265625,0.6100278546875,0.5515320328125,0.59888579375,0.5571030640625,0.57381615625,0.57381615625,0.5626740953125,0.5793871859374999,0.5320334265625,0.540389971875,0.4178272984375,0.509749303125,0.40668523749999996,0,0,0,0
1021,876_jpg.rf.b912e8fe2da7f4fcf387ec93c529bb5f.jpg,glioma,0.4150417828125,0.54874651875,0.33983286874999996,0.515320334375,0.33983286874999996,0.5431754875,0.3259052921875,0.5598885796874999,0.3064066859375,0.490250696875,0.27298050156250003,0.479108634375,0.261838440625,0.490250696875,0.20612813437500002,0.48189415,0.2089136484375,0.5793871859374999,0.2646239546875,0.604456825,0.2952646234375,0.6740947078125,0.31476323125,0.688022284375,0.3927576609375,0.6768802234375,0.4122562671875,0.6573816156250001
1022,1765_jpg.rf.14fba5107cc3d881adc88536b01e438e.jpg,pituitary,0.490250696875,0.40389972187499995,0.49860724218749997,0.4122562671875,0.5292479109375,0.40668523749999996,0.540389971875,0.3899721453125,0.5348189421875,0.3454039,0.48746518125,0.3314763234375,0.4707520890625,0.33983286874999996,0.4679665734375,0.3537604453125,0.490250696875,0.40389972187499995,0,0,0,0,0,0,0,0,0,0
1023,2765_jpg.rf.7c92ab02153749ad1d0f9cb73e17eb43.jpg,glioma,0.48189415,0.7047353765625,0.5125348187500001,0.6657381609375,0.5598885796874999,0.6796657374999999,0.6211699171875,0.6545961,0.5793871859374999,0.568245125,0.5905292484375,0.5571030640625,0.5877437328124999,0.515320334375,0.63509749375,0.490250696875,0.6740947078125,0.484679665625,0.7298050140625,0.44568245156249997,0.774373259375,0.45125348125000003,0.7883008359375,0.3314763234375,0.777158775,0.32869080781250004,0.740947075,0.35933147656250003
1024,727_jpg.rf.4cb994c023dee3ad3cfa8f5336810b7c.jpg,glioma,0.43175487500000004,0.3314763234375,0.4094707515625,0.348189415625,0.39554317499999997,0.398328690625,0.4373259046875,0.45125348125000003,0.44568245156249997,0.5320334265625,0.459610028125,0.54874651875,0.5292479109375,0.540389971875,0.51810585,0.479108634375,0.5571030640625,0.4150417828125,0.5626740953125,0.3621169921875,0.5041782734375,0.3342618390625,0.43175487500000004,0.3314763234375,0,0,0,0
1025,2962_jpg.rf.6d82cfaf32e8766ddc2bc62f5b255888.jpg,glioma,0.3927576609375,0.6183844015625,0.42339832812499995,0.59888579375,0.4401114203125,0.571030640625,0.4428969359375,0.5292479109375,0.479108634375,0.43175487500000004,0.47632312031249996,0.3899721453125,0.4484679671875,0.3844011140625,0.42618384374999996,0.40111420625000005,0.42339832812499995,0.42618384374999996,0.398328690625,0.43454039062499994,0.3621169921875,0.42339832812499995,0.34261838437500003,0.3899721453125,0.32869080781250004,0.40668523749999996,0.3314763234375,0.428969359375
1026,2861_jpg.rf.6024444cad8667968a5b52875ae43e81.jpg,glioma,0.2089136484375,0.35933147656250003,0.1922005578125,0.34261838437500003,0.1253481890625,0.47353760468750006,0.12813370468750002,0.51810585,0.20334261874999998,0.5069637890625,0.3091922,0.4707520890625,0.3704735375,0.4373259046875,0.373259053125,0.42339832812499995,0.35933147656250003,0.4094707515625,0.261838440625,0.43175487500000004,0.21727019531249997,0.42339832812499995,0.20334261874999998,0.40389972187499995,0.2089136484375,0.35933147656250003,0,0
1027,2752_jpg.rf.88757b5675bfdc672bb41ee968655146.jpg,glioma,0.311977715625,0.7270194984375,0.292479109375,0.7270194984375,0.2646239546875,0.7353760453125,0.2646239546875,0.8384401109375,0.292479109375,0.830083565625,0.311977715625,0.777158775,0.311977715625,0.7270194984375,0,0,0,0,0,0,0,0,0,0,0,0,0,0
1028,603_jpg.rf.8b22704eb1b0cd59b7ca039913fcb4b4.jpg,meningioma,0.16991643437499998,0.8133704734375,0.1922005578125,0.8997214484375,0.23676880156250002,0.9331476328124999,0.28969359375,0.9331476328124999,0.317548746875,0.9108635093749999,0.3091922,0.8690807796875,0.2980501390625,0.8412256265625,0.2701949859375,0.8272980499999999,0.2646239546875,0.7910863515625,0.2339832875,0.7799442890625,0.16991643437499998,0.8133704734375,0,0,0,0,0,0
1029,2003_jpg.rf.d30430d852abe43a86cc0cfb6e947f37.jpg,glioma,0.43175487500000004,0.5598885796874999,0.3621169921875,0.5543175484375,0.23676880156250002,0.576601671875,0.16713091875,0.6128133703125,0.16713091875,0.626740946875,0.19777158749999998,0.6713091921875,0.2757660171875,0.738161559375,0.39554317499999997,0.740947075,0.4206128140625,0.7214484671875,0.428969359375,0.6796657374999999,0.46239554375,0.6462395546875,0.459610028125,0.5905292484375,0.43175487500000004,0.5598885796874999,0,0
1030,1271_jpg.rf.de4fca0af8f0f5ba4915e223fa2b5b3d.jpg,pituitary,0.48189415,0.3342618390625,0.479108634375,0.3537604453125,0.5041782734375,0.36490250625,0.5125348187500001,0.3844011140625,0.49860724218749997,0.40389972187499995,0.479108634375,0.40111420625000005,0.48189415,0.4150417828125,0.49582172656249995,0.428969359375,0.5348189421875,0.42339832812499995,0.5515320328125,0.3899721453125,0.5348189421875,0.3565459609375,0.48189415,0.3342618390625,0,0,0,0
1031,396_jpg.rf.b14c9ba80bfad8ce860d8650b1d62397.jpg,meningioma,0.7883008359375,0.490250696875,0.7548746515625,0.48746518125,0.738161559375,0.47353760468750006,0.6852367687500001,0.47353760468750006,0.6601671312499999,0.44568245156249997,0.6490250703125,0.4122562671875,0.6908078,0.3844011140625,0.6908078,0.35933147656250003,0.6434540390625,0.32033426249999997,0.5821727015625,0.31476323125,0.5515320328125,0.3314763234375,0.51810585,0.373259053125,0.51810585,0.4484679671875,0.5348189421875,0.47353760468750006
1032,784_jpg.rf.886395755d731f809655533761957d38.jpg,glioma,0.7214484671875,0.71030640625,0.71030640625,0.6462395546875,0.6601671312499999,0.6378830078125,0.63509749375,0.6128133703125,0.6155988859375,0.6100278546875,0.596100278125,0.5431754875,0.54874651875,0.5236768796875,0.490250696875,0.5236768796875,0.4484679671875,0.5459610031250001,0.4094707515625,0.5877437328124999,0.3565459609375,0.6128133703125,0.311977715625,0.6573816156250001,0.3314763234375,0.7632311984375,0.3509749296875,0.8077994421874999
1033,1588_jpg.rf.7b3631db14fb72d7af6571e9870d00bc.jpg,pituitary,0.6991643453124999,0.40389972187499995,0.6740947078125,0.398328690625,0.62395543125,0.4122562671875,0.5821727015625,0.4568245125,0.51810585,0.49860724218749997,0.5125348187500001,0.5320334265625,0.5236768796875,0.5543175484375,0.6378830078125,0.57381615625,0.6713091921875,0.5905292484375,0.740947075,0.5571030640625,0.74651810625,0.51810585,0.7214484671875,0.4373259046875,0.6991643453124999,0.40389972187499995,0,0
1034,1474_jpg.rf.bcf3a2951bc9ad8d08ec7e971700a1d2.jpg,pituitary,0.5264623953124999,0.459610028125,0.5013927578125,0.45403899687499993,0.45403899687499993,0.46518105781249997,0.45403899687499993,0.5264623953124999,0.46518105781249997,0.5598885796874999,0.515320334375,0.540389971875,0.5264623953124999,0.459610028125,0,0,0,0,0,0,0,0,0,0,0,0,0,0
1035,1226_jpg.rf.8923a67aa3fe00372f3d40e7f09f65f6.jpg,pituitary,0.571030640625,0.47353760468750006,0.5793871859374999,0.398328690625,0.5654596093750001,0.3816155984375,0.540389971875,0.3788300828125,0.520891365625,0.398328690625,0.5264623953124999,0.45403899687499993,0.5431754875,0.47353760468750006,0.571030640625,0.47353760468750006,0,0,0,0,0,0,0,0,0,0,0,0
1036,1676_jpg.rf.d0592d27450db3cd0e5d71be459920df.jpg,pituitary,0.576601671875,0.40389972187499995,0.6295264625,0.40389972187499995,0.6573816156250001,0.367688021875,0.6573816156250001,0.3342618390625,0.63509749375,0.3091922,0.596100278125,0.3008356546875,0.568245125,0.311977715625,0.5877437328124999,0.3454039,0.576601671875,0.40389972187499995,0,0,0,0,0,0,0,0,0,0
1037,2233_jpg.rf.d9b3d3a8f84fdf0fabb772bb0882473a.jpg,glioma,0.348189415625,0.43454039062499994,0.348189415625,0.47353760468750006,0.317548746875,0.57381615625,0.317548746875,0.6100278546875,0.292479109375,0.632311978125,0.44568245156249997,0.6211699171875,0.47353760468750006,0.540389971875,0.479108634375,0.4707520890625,0.35933147656250003,0.3816155984375,0.3259052921875,0.3704735375,0.348189415625,0.43454039062499994,0,0,0,0,0,0
1038,1331_jpg.rf.0df0b698448a75cc4d9c2fc313ac9354.jpg,pituitary,0.32033426249999997,0.5515320328125,0.3788300828125,0.5543175484375,0.40111420625000005,0.5236768796875,0.3927576609375,0.46518105781249997,0.36490250625,0.4484679671875,0.3314763234375,0.44568245156249997,0.3008356546875,0.479108634375,0.3036211703125,0.5348189421875,0.32033426249999997,0.5515320328125,0,0,0,0,0,0,0,0,0,0
1039,2704_jpg.rf.0055cdfeeb1bd831eb5ffa3274f534bd.jpg,glioma,0.45403899687499993,0.7019498609375,0.4150417828125,0.682451253125,0.3621169921875,0.6768802234375,0.32869080781250004,0.6908078,0.3231197765625,0.7325905296874999,0.337047353125,0.7910863515625,0.3565459609375,0.793871865625,0.3621169921875,0.8189415046875,0.4428969359375,0.8412256265625,0.5041782734375,0.8328690812499999,0.520891365625,0.8105849578125,0.5236768796875,0.7827298046875,0.49582172656249995,0.740947075,0.45403899687499993,0.7019498609375
1040,230_jpg.rf.57f41fa5433561b4ac3eb25284fa60e1.jpg,meningioma,0.4150417828125,0.49860724218749997,0.43175487500000004,0.54874651875,0.459610028125,0.5515320328125,0.47632312031249996,0.5348189421875,0.5571030640625,0.5348189421875,0.5543175484375,0.47353760468750006,0.515320334375,0.47353760468750006,0.46239554375,0.4484679671875,0.428969359375,0.46239554375,0.4150417828125,0.49860724218749997,0,0,0,0,0,0,0,0
1041,1981_jpg.rf.c0a8f715fb8b782d5d7d888c2b1d3107.jpg,glioma,0.7158774375,0.49582172656249995,0.6768802234375,0.5041782734375,0.651810584375,0.5264623953124999,0.6434540390625,0.5626740953125,0.6545961,0.5821727015625,0.6991643453124999,0.6295264625,0.738161559375,0.6434540390625,0.8217270187500001,0.6378830078125,0.8440111421875001,0.5849582171875001,0.8328690812499999,0.5543175484375,0.749303621875,0.49860724218749997,0.7158774375,0.49582172656249995,0,0,0,0
1042,1529_jpg.rf.7ac71587d5db55103fc32728f7dd8e49.jpg,pituitary,0.626740946875,0.4122562671875,0.604456825,0.398328690625,0.571030640625,0.398328690625,0.53760445625,0.4373259046875,0.49860724218749997,0.45125348125000003,0.459610028125,0.48746518125,0.49303621093750005,0.5543175484375,0.5320334265625,0.53760445625,0.5431754875,0.5543175484375,0.571030640625,0.5598885796874999,0.5905292484375,0.540389971875,0.596100278125,0.4707520890625,0.62395543125,0.43454039062499994,0.626740946875,0.4122562671875
1043,354_jpg.rf.11769a7fd8c3cd0c0665b4c4f5f2c6c3.jpg,meningioma,0.49860724218749997,0.6211699171875,0.4707520890625,0.626740946875,0.45403899687499993,0.59888579375,0.3927576609375,0.6211699171875,0.3621169921875,0.662952646875,0.36490250625,0.738161559375,0.3899721453125,0.7855153203125,0.4122562671875,0.8022284125000001,0.4707520890625,0.79665738125,0.5292479109375,0.7715877437499999,0.5626740953125,0.738161559375,0.5543175484375,0.6908078,0.5264623953124999,0.63509749375,0.49860724218749997,0.6211699171875
1044,1790_jpg.rf.b1470fb57758e53a0d8f2eaf359a0f5f.jpg,pituitary,0.7186629531250001,0.3844011140625,0.7186629531250001,0.3509749296875,0.7047353765625,0.3314763234375,0.6713091921875,0.3231197765625,0.6378830078125,0.36490250625,0.662952646875,0.40111420625000005,0.7019498609375,0.40668523749999996,0.7186629531250001,0.3844011140625,0,0,0,0,0,0,0,0,0,0,0,0
1045,2520_jpg.rf.2ee33dd942a1abada543586e2225b4f7.jpg,glioma,0.662952646875,0.7270194984375,0.6908078,0.7325905296874999,0.71030640625,0.688022284375,0.7604456828124999,0.6545961,0.7855153203125,0.6211699171875,0.7910863515625,0.5849582171875001,0.768802228125,0.5348189421875,0.688022284375,0.5013927578125,0.6740947078125,0.4679665734375,0.6378830078125,0.4679665734375,0.6211699171875,0.4401114203125,0.5877437328124999,0.43454039062499994,0.5543175484375,0.367688021875,0.479108634375,0.36490250625
1046,2490_jpg.rf.68ba7e133a290a1eb1c20ab64d57df08.jpg,glioma,0.3565459609375,0.17827298125,0.31476323125,0.1504178265625,0.25348189374999996,0.1476323125,0.12813370468750002,0.1838440109375,0.052924790624999996,0.27298050156250003,0.033426184375,0.311977715625,0.1337047359375,0.44568245156249997,0.1894150421875,0.47632312031249996,0.2646239546875,0.479108634375,0.337047353125,0.46518105781249997,0.40668523749999996,0.3899721453125,0.42618384374999996,0.3342618390625,0.4150417828125,0.261838440625,0.3565459609375,0.17827298125
1047,1898_jpg.rf.c34e6b172c200d40187e0a197adda8ad.jpg,glioma,0.520891365625,0.5292479109375,0.5292479109375,0.53760445625,0.6211699171875,0.5571030640625,0.6573816156250001,0.5431754875,0.688022284375,0.509749303125,0.6908078,0.46239554375,0.6545961,0.45125348125000003,0.5793871859374999,0.45125348125000003,0.5264623953124999,0.49582172656249995,0.520891365625,0.5292479109375,0,0,0,0,0,0,0,0
1048,2638_jpg.rf.14705dd4638a53ecc03b722c88d61b00.jpg,glioma,0.6713091921875,0.32869080781250004,0.6713091921875,0.25348189374999996,0.6573816156250001,0.20334261874999998,0.6072423390624999,0.1587743734375,0.509749303125,0.12813370468750002,0.479108634375,0.12813370468750002,0.46239554375,0.1476323125,0.45403899687499993,0.22284122499999998,0.49582172656249995,0.3788300828125,0.5933147625,0.4373259046875,0.6100278546875,0.42618384374999996,0.6406685234375,0.42618384374999996,0.6406685234375,0.398328690625,0.6211699171875,0.36490250625
1049,1684_jpg.rf.352e50336cf9b3f8c49bc6140743b379.jpg,pituitary,0.5515320328125,0.4150417828125,0.576601671875,0.4178272984375,0.6155988859375,0.3927576609375,0.6211699171875,0.337047353125,0.596100278125,0.3008356546875,0.5571030640625,0.292479109375,0.5264623953124999,0.32033426249999997,0.5264623953124999,0.3816155984375,0.5515320328125,0.4150417828125,0,0,0,0,0,0,0,0,0,0
1050,2261_jpg.rf.3cfd2308d355fef187d0aa0b1cf78a5f.jpg,glioma,0.37604456875,0.2089136484375,0.32869080781250004,0.2395543171875,0.3064066859375,0.2674094703125,0.3064066859375,0.3091922,0.337047353125,0.3871866296875,0.348189415625,0.3871866296875,0.3621169921875,0.36490250625,0.3927576609375,0.35933147656250003,0.46239554375,0.2701949859375,0.46239554375,0.2395543171875,0.4428969359375,0.21727019531249997,0.37604456875,0.2089136484375,0,0,0,0
1051,3009_jpg.rf.8c098dabf1533f12687665b943c6fc5d.jpg,glioma,0.4401114203125,0.3565459609375,0.43175487500000004,0.42618384374999996,0.45403899687499993,0.45125348125000003,0.484679665625,0.4484679671875,0.49303621093750005,0.479108634375,0.515320334375,0.484679665625,0.576601671875,0.43454039062499994,0.5877437328124999,0.3788300828125,0.5320334265625,0.3454039,0.49860724218749997,0.33983286874999996,0.4401114203125,0.3565459609375,0,0,0,0,0,0
1052,430_jpg.rf.7a83df5df623804c026bceb14234512d.jpg,meningioma,0.6545961,0.6657381609375,0.59888579375,0.6935933140625,0.5905292484375,0.740947075,0.6155988859375,0.79665738125,0.6685236765625,0.8189415046875,0.6657381609375,0.835654596875,0.6768802234375,0.835654596875,0.7047353765625,0.8077994421874999,0.740947075,0.799442896875,0.74651810625,0.768802228125,0.713091921875,0.682451253125,0.6545961,0.6657381609375,0,0,0,0
1053,1028_jpg.rf.8c6cd8dd2ee4d4d7b2af54862cf19724.jpg,pituitary,0.348189415625,0.515320334375,0.40668523749999996,0.51810585,0.45403899687499993,0.5069637890625,0.4568245125,0.4679665734375,0.44568245156249997,0.4373259046875,0.4094707515625,0.42618384374999996,0.35933147656250003,0.4428969359375,0.34261838437500003,0.484679665625,0.348189415625,0.515320334375,0,0,0,0,0,0,0,0,0,0
1054,375_jpg.rf.353bf464e87955b22313a9e7f0916799.jpg,meningioma,0.37604456875,0.6740947078125,0.373259053125,0.596100278125,0.3342618390625,0.53760445625,0.22284122499999998,0.51810585,0.1532033421875,0.5459610031250001,0.0724233984375,0.59888579375,0.0696378828125,0.6378830078125,0.114206128125,0.7325905296874999,0.2200557109375,0.8412256265625,0.2785515328125,0.8746518109375,0.337047353125,0.885793871875,0.3871866296875,0.835654596875,0.40111420625000005,0.8050139281250001,0.398328690625,0.740947075
1055,2193_jpg.rf.b50795f9064500318e34c00087bd6a6c.jpg,glioma,0.8217270187500001,0.74651810625,0.835654596875,0.7047353765625,0.830083565625,0.6852367687500001,0.6991643453124999,0.596100278125,0.6183844015625,0.5933147625,0.596100278125,0.57381615625,0.568245125,0.5821727015625,0.5431754875,0.6128133703125,0.5431754875,0.743732590625,0.5515320328125,0.7660167125,0.5821727015625,0.777158775,0.5877437328124999,0.824512534375,0.626740946875,0.830083565625,0.7019498609375,0.793871865625
1056,1510_jpg.rf.d60debc3eb77f130e92d8979dacaedcb.jpg,pituitary,0.7242339828125,0.5264623953124999,0.6991643453124999,0.484679665625,0.7047353765625,0.40111420625000005,0.6713091921875,0.3816155984375,0.63509749375,0.4150417828125,0.6434540390625,0.48189415,0.6155988859375,0.5236768796875,0.6072423390624999,0.568245125,0.6072423390624999,0.59888579375,0.6545961,0.63509749375,0.6768802234375,0.632311978125,0.6908078,0.604456825,0.71030640625,0.5933147625,0.7242339828125,0.5459610031250001
1057,613_jpg.rf.4bd91485477be43aeec7725336038c6c.jpg,meningioma,0.373259053125,0.3314763234375,0.398328690625,0.3091922,0.40111420625000005,0.2841225625,0.3788300828125,0.24791086406249999,0.3342618390625,0.21727019531249997,0.2785515328125,0.20334261874999998,0.22841225625,0.22841225625,0.20055710312500002,0.25626740937500003,0.16713091875,0.337047353125,0.1559888578125,0.42339832812499995,0.114206128125,0.5236768796875,0.1532033421875,0.5125348187500001,0.19777158749999998,0.53760445625,0.2674094703125,0.5431754875
1058,2733_jpg.rf.bad4889bb4c5815e83defb52e3d4ddad.jpg,glioma,0.4484679671875,0.8774373265625,0.3454039,0.8830083562500001,0.32033426249999997,0.8662952640625001,0.2701949859375,0.8635097500000001,0.27298050156250003,0.8440111421875001,0.2980501390625,0.835654596875,0.2980501390625,0.8022284125000001,0.32033426249999997,0.7660167125,0.27298050156250003,0.7576601671875001,0.2701949859375,0.7353760453125,0.2395543171875,0.7214484671875,0.16991643437499998,0.632311978125,0.0974930359375,0.5933147625,0.0779944296875,0.6295264625
1059,222_jpg.rf.caf117d527cca106ffa14b27db31745c.jpg,glioma,0.40668523749999996,0.5013927578125,0.3704735375,0.45125348125000003,0.3314763234375,0.4373259046875,0.25626740937500003,0.43454039062499994,0.1838440109375,0.459610028125,0.1504178265625,0.5348189421875,0.1476323125,0.568245125,0.16434540312499998,0.62395543125,0.194986071875,0.6573816156250001,0.23676880156250002,0.6740947078125,0.2980501390625,0.6768802234375,0.337047353125,0.6573816156250001,0.37604456875,0.6128133703125,0.40668523749999996,0.5431754875
1060,1533_jpg.rf.ec5f0d1fddf772f469ee9a3501834e11.jpg,pituitary,0.6295264625,0.40389972187499995,0.6155988859375,0.40111420625000005,0.59888579375,0.4178272984375,0.5877437328124999,0.46518105781249997,0.5292479109375,0.479108634375,0.5236768796875,0.5292479109375,0.5348189421875,0.54874651875,0.5877437328124999,0.5264623953124999,0.62395543125,0.5654596093750001,0.6406685234375,0.5571030640625,0.6295264625,0.5320334265625,0.6378830078125,0.42618384374999996,0.6295264625,0.40389972187499995,0,0
1061,909_jpg.rf.3def5ebc91a6ab5b598573cf7fbf409b.jpg,glioma,0.5069637890625,0.4401114203125,0.5348189421875,0.3537604453125,0.5292479109375,0.22562674062500002,0.5041782734375,0.1532033421875,0.4679665734375,0.0947075203125,0.40389972187499995,0.0779944296875,0.3537604453125,0.09192200625,0.2423398328125,0.1866295265625,0.175487465625,0.3454039,0.16991643437499998,0.40111420625000005,0.1838440109375,0.45125348125000003,0.24791086406249999,0.509749303125,0.31476323125,0.5348189421875,0.40389972187499995,0.5069637890625
1062,949_jpg.rf.f4c0c2ad95b1196aea7732b3242fb92d.jpg,pituitary,0.40668523749999996,0.490250696875,0.373259053125,0.5041782734375,0.348189415625,0.5348189421875,0.3509749296875,0.5543175484375,0.37604456875,0.5821727015625,0.3704735375,0.626740946875,0.3816155984375,0.6378830078125,0.4122562671875,0.6295264625,0.459610028125,0.57381615625,0.45125348125000003,0.5125348187500001,0.4401114203125,0.49860724218749997,0.40668523749999996,0.490250696875,0,0,0,0
1063,2795_jpg.rf.3f6c6082c28190e04d4a0c0cc1427ad9.jpg,glioma,0.4484679671875,0.662952646875,0.44568245156249997,0.71030640625,0.4206128140625,0.7270194984375,0.43175487500000004,0.7548746515625,0.4568245125,0.768802228125,0.4707520890625,0.7520891359374999,0.46518105781249997,0.7047353765625,0.48746518125,0.6657381609375,0.520891365625,0.6378830078125,0.576601671875,0.6211699171875,0.59888579375,0.596100278125,0.62395543125,0.5515320328125,0.626740946875,0.49303621093750005,0.5905292484375,0.4206128140625
1064,743_jpg.rf.a5307db4606a69952db8363e96725836.jpg,glioma,0.44568245156249997,0.8467966578125001,0.5348189421875,0.8467966578125001,0.651810584375,0.824512534375,0.7186629531250001,0.79665738125,0.7604456828124999,0.7270194984375,0.768802228125,0.6768802234375,0.7660167125,0.6434540390625,0.7298050140625,0.5849582171875001,0.7242339828125,0.5348189421875,0.682451253125,0.5292479109375,0.5849582171875001,0.48746518125,0.5431754875,0.48746518125,0.479108634375,0.490250696875,0.44568245156249997,0.5348189421875
1065,973_jpg.rf.39880c99a2f8cbfa4535873818822fbf.jpg,pituitary,0.3259052921875,0.43454039062499994,0.311977715625,0.43454039062499994,0.27298050156250003,0.4568245125,0.2674094703125,0.5069637890625,0.3342618390625,0.5292479109375,0.3454039,0.46239554375,0.3259052921875,0.43454039062499994,0,0,0,0,0,0,0,0,0,0,0,0,0,0
1066,2051_jpg.rf.5541f7ab9ea6c9131b91c0c76f59d0f9.jpg,glioma,0.7298050140625,0.7019498609375,0.7660167125,0.688022284375,0.8412256265625,0.682451253125,0.8384401109375,0.6601671312499999,0.774373259375,0.6378830078125,0.7270194984375,0.604456825,0.713091921875,0.5515320328125,0.713091921875,0.479108634375,0.74651810625,0.39554317499999997,0.7827298046875,0.36490250625,0.7715877437499999,0.3454039,0.749303621875,0.33983286874999996,0.71030640625,0.3454039,0.6657381609375,0.367688021875
1067,1729_jpg.rf.89267fe80539cf4fd3ec517a32c5ca09.jpg,pituitary,0.632311978125,0.4401114203125,0.774373259375,0.44568245156249997,0.793871865625,0.428969359375,0.7827298046875,0.32869080781250004,0.7520891359374999,0.25626740937500003,0.713091921875,0.22284122499999998,0.604456825,0.20612813437500002,0.57381615625,0.261838440625,0.5543175484375,0.23676880156250002,0.51810585,0.2339832875,0.4094707515625,0.27298050156250003,0.3704735375,0.311977715625,0.367688021875,0.367688021875,0.3816155984375,0.4122562671875
1068,1403_jpg.rf.28ff2366e1df9e8c405b4b685fd8af4e.jpg,pituitary,0.3537604453125,0.51810585,0.3621169921875,0.5515320328125,0.37604456875,0.5598885796874999,0.42618384374999996,0.5543175484375,0.4428969359375,0.540389971875,0.4428969359375,0.49303621093750005,0.42618384374999996,0.47632312031249996,0.40389972187499995,0.47632312031249996,0.3704735375,0.490250696875,0.3537604453125,0.51810585,0,0,0,0,0,0,0,0
1069,629_jpg.rf.fe80c2c92cd20fb7fe8f4eac7f1a3a7c.jpg,meningioma,0.42339832812499995,0.830083565625,0.4568245125,0.8077994421874999,0.459610028125,0.774373259375,0.4206128140625,0.662952646875,0.43175487500000004,0.6155988859375,0.42339832812499995,0.54874651875,0.3621169921875,0.5125348187500001,0.34261838437500003,0.484679665625,0.2952646234375,0.479108634375,0.27298050156250003,0.48746518125,0.1922005578125,0.484679665625,0.16434540312499998,0.5069637890625,0.1838440109375,0.7325905296874999,0.22284122499999998,0.7883008359375
1070,2316_jpg.rf.77e4c75d2d2d1a491b6b0078a499a30e.jpg,glioma,0.576601671875,0.25626740937500003,0.509749303125,0.3064066859375,0.49582172656249995,0.337047353125,0.509749303125,0.40668523749999996,0.5348189421875,0.45125348125000003,0.5543175484375,0.46518105781249997,0.626740946875,0.4428969359375,0.6685236765625,0.39554317499999997,0.682451253125,0.3621169921875,0.6796657374999999,0.337047353125,0.62395543125,0.2701949859375,0.576601671875,0.25626740937500003,0,0,0,0
1071,413_jpg.rf.242b3de561aaa663f0da660804524eaa.jpg,meningioma,0.17270195,0.3844011140625,0.1587743734375,0.3621169921875,0.10306406718750001,0.3537604453125,0.0779944296875,0.40668523749999996,0.0947075203125,0.46518105781249997,0.086350975,0.49582172656249995,0.1225626734375,0.484679665625,0.1253481890625,0.5013927578125,0.139275765625,0.5041782734375,0.1476323125,0.49860724218749997,0.13649024999999998,0.48189415,0.144846796875,0.459610028125,0.17827298125,0.43175487500000004,0.17270195,0.3844011140625
1072,2951_jpg.rf.6b5a1fc6e248f61e089ba122f172288e.jpg,glioma,0,0.562209840625,0.0696378828125,0.57381615625,0.1559888578125,0.5598885796874999,0.2395543171875,0.5041782734375,0.2841225625,0.4401114203125,0.2757660171875,0.348189415625,0.17270195,0.2646239546875,0.13649024999999998,0.20612813437500002,0.055710306249999994,0.3008356546875,0,0.4026510421875,0,0.562209840625,0,0,0,0,0,0
1073,1009_jpg.rf.4ddd6ac98adfba1fae9f3234b099c94a.jpg,pituitary,0.33983286874999996,0.46518105781249997,0.33983286874999996,0.5125348187500001,0.3621169921875,0.5515320328125,0.3899721453125,0.5598885796874999,0.42339832812499995,0.5320334265625,0.42618384374999996,0.49303621093750005,0.4206128140625,0.43454039062499994,0.37604456875,0.4094707515625,0.3621169921875,0.4150417828125,0.33983286874999996,0.46518105781249997,0,0,0,0,0,0,0,0
1074,933_jpg.rf.7b98c124aff1d7ea2cbe39022aea5e28.jpg,pituitary,0.4094707515625,0.3816155984375,0.337047353125,0.3816155984375,0.32869080781250004,0.3899721453125,0.3091922,0.5041782734375,0.33983286874999996,0.5571030640625,0.4401114203125,0.5654596093750001,0.459610028125,0.5459610031250001,0.490250696875,0.4178272984375,0.490250696875,0.348189415625,0.47353760468750006,0.34261838437500003,0.4094707515625,0.3816155984375,0,0,0,0,0,0
1075,2627_jpg.rf.55ba98997df5cd2d7f77b9fdb53a8556.jpg,glioma,0.2395543171875,0.601671309375,0.23676880156250002,0.626740946875,0.261838440625,0.6740947078125,0.31476323125,0.6963788296875,0.32869080781250004,0.6768802234375,0.35933147656250003,0.6657381609375,0.373259053125,0.626740946875,0.373259053125,0.576601671875,0.32869080781250004,0.5598885796874999,0.292479109375,0.5598885796874999,0.2395543171875,0.601671309375,0,0,0,0,0,0
1076,1544_jpg.rf.c8201428a9e8c2faea90fe96a7b36b53.jpg,pituitary,0.5515320328125,0.48746518125,0.5543175484375,0.4707520890625,0.59888579375,0.4373259046875,0.596100278125,0.40111420625000005,0.568245125,0.398328690625,0.5571030640625,0.40668523749999996,0.5125348187500001,0.40111420625000005,0.49582172656249995,0.4150417828125,0.4568245125,0.5041782734375,0.459610028125,0.5459610031250001,0.5125348187500001,0.568245125,0.576601671875,0.57381615625,0.601671309375,0.571030640625,0.62395543125,0.54874651875
1077,2971_jpg.rf.d5ca6505eaa94bb094cd7f28cbd81875.jpg,glioma,0.32869080781250004,0.3844011140625,0.2952646234375,0.3509749296875,0.22562674062500002,0.35933147656250003,0.1309192203125,0.3537604453125,0.1309192203125,0.261838440625,0.1225626734375,0.24791086406249999,0.10584958281250001,0.24791086406249999,0.055710306249999994,0.35933147656250003,0.03064066875,0.5069637890625,0.0417827296875,0.5069637890625,0.07520891406249999,0.45403899687499993,0.11699164375,0.4707520890625,0.1337047359375,0.490250696875,0.1532033421875,0.490250696875
1078,548_jpg.rf.519bdb0114e907fe305bbb4d29ffc6f9.jpg,meningioma,0.5236768796875,0.7548746515625,0.5236768796875,0.7855153203125,0.5515320328125,0.8189415046875,0.626740946875,0.824512534375,0.6434540390625,0.8133704734375,0.6434540390625,0.7214484671875,0.62395543125,0.6991643453124999,0.59888579375,0.6963788296875,0.54874651875,0.7158774375,0.5236768796875,0.7548746515625,0,0,0,0,0,0,0,0
1079,1525_jpg.rf.8c681f0947fb6cb50ec53f6c00ff9ab5.jpg,pituitary,0.540389971875,0.45403899687499993,0.48746518125,0.4373259046875,0.4122562671875,0.4568245125,0.3899721453125,0.47353760468750006,0.3844011140625,0.5236768796875,0.3927576609375,0.53760445625,0.4707520890625,0.576601671875,0.5515320328125,0.5543175484375,0.632311978125,0.5571030640625,0.6406685234375,0.48746518125,0.6295264625,0.459610028125,0.6155988859375,0.45125348125000003,0.540389971875,0.45403899687499993,0,0
1080,2285_jpg.rf.d98581d398610a3cbb3880262a87c651.jpg,glioma,0.479108634375,0.8718662953124999,0.4401114203125,0.799442896875,0.42618384374999996,0.74651810625,0.3816155984375,0.7353760453125,0.3231197765625,0.8523676874999999,0.32869080781250004,0.9025069640625001,0.42618384374999996,0.8969359328125,0.479108634375,0.8718662953124999,0,0,0,0,0,0,0,0,0,0,0,0
1081,1872_jpg.rf.3ac6795bd0b9f7ff5942ebce72eb8915.jpg,glioma,0.48746518125,0.5654596093750001,0.45403899687499993,0.5013927578125,0.43454039062499994,0.48189415,0.36490250625,0.4707520890625,0.2395543171875,0.520891365625,0.1810584953125,0.5849582171875001,0.17827298125,0.632311978125,0.194986071875,0.6657381609375,0.2395543171875,0.7186629531250001,0.2841225625,0.74651810625,0.32033426249999997,0.7520891359374999,0.42618384374999996,0.7158774375,0.4679665734375,0.6713091921875,0.484679665625,0.626740946875
1082,2630_jpg.rf.432c05d090e8a0a1059795c9bcf10d8e.jpg,glioma,0.3788300828125,0.63509749375,0.3788300828125,0.5598885796874999,0.367688021875,0.5348189421875,0.373259053125,0.47632312031249996,0.35933147656250003,0.4568245125,0.2980501390625,0.428969359375,0.281337046875,0.43454039062499994,0.281337046875,0.44568245156249997,0.3008356546875,0.4707520890625,0.3036211703125,0.49303621093750005,0.25626740937500003,0.5013927578125,0.23676880156250002,0.515320334375,0.22841225625,0.57381615625,0.2646239546875,0.632311978125
1083,1430_jpg.rf.5e873112110ca29d7edf80da1c4198a2.jpg,pituitary,0.37604456875,0.4094707515625,0.3342618390625,0.4568245125,0.3314763234375,0.490250696875,0.3537604453125,0.57381615625,0.3844011140625,0.5849582171875001,0.4122562671875,0.571030640625,0.43454039062499994,0.5348189421875,0.4206128140625,0.479108634375,0.4484679671875,0.46239554375,0.45125348125000003,0.428969359375,0.4373259046875,0.4122562671875,0.37604456875,0.4094707515625,0,0,0,0
1084,604_jpg.rf.ac9883ba37d789820dfd55bce4fbc968.jpg,meningioma,0.2674094703125,0.7660167125,0.2200557109375,0.7715877437499999,0.1810584953125,0.7632311984375,0.1337047359375,0.8105849578125,0.1532033421875,0.8830083562500001,0.2089136484375,0.94428969375,0.2674094703125,0.949860725,0.292479109375,0.941504178125,0.32033426249999997,0.916434540625,0.3231197765625,0.8913649031249999,0.3036211703125,0.8412256265625,0.281337046875,0.8217270187500001,0.28969359375,0.7799442890625,0.2674094703125,0.7660167125
1085,2844_jpg.rf.c5404cc82c712c7804b6fb696e858513.jpg,glioma,0.5125348187500001,0.5654596093750001,0.51810585,0.5013927578125,0.49303621093750005,0.44568245156249997,0.4122562671875,0.4401114203125,0.3844011140625,0.45125348125000003,0.373259053125,0.490250696875,0.37604456875,0.5431754875,0.40668523749999996,0.57381615625,0.3788300828125,0.651810584375,0.3899721453125,0.682451253125,0.43175487500000004,0.7158774375,0.484679665625,0.6768802234375,0.5041782734375,0.6434540390625,0.49860724218749997,0.5905292484375
1086,2672_jpg.rf.a75d4051bd27dfaf925aea16214911a4.jpg,glioma,0.5292479109375,0.8885793874999999,0.59888579375,0.8662952640625001,0.6155988859375,0.830083565625,0.6183844015625,0.740947075,0.5459610031250001,0.6100278546875,0.484679665625,0.57381615625,0.4679665734375,0.5459610031250001,0.4206128140625,0.54874651875,0.3788300828125,0.515320334375,0.3342618390625,0.5125348187500001,0.2701949859375,0.571030640625,0.25626740937500003,0.601671309375,0.259052925,0.63509749375,0.2952646234375,0.662952646875
1087,393_jpg.rf.91f6de3d20ba129497b4fad406c49e1c.jpg,meningioma,0.144846796875,0.6935933140625,0.1810584953125,0.7214484671875,0.20055710312500002,0.6740947078125,0.1810584953125,0.651810584375,0.1532033421875,0.6434540390625,0.144846796875,0.6935933140625,0,0,0,0,0,0,0,0,0,0,0,0,0,0,0,0
1088,1725_jpg.rf.4082682c318466cb36e4684a2ea53605.jpg,pituitary,0.571030640625,0.44568245156249997,0.5849582171875001,0.4373259046875,0.6713091921875,0.43454039062499994,0.6713091921875,0.4178272984375,0.6434540390625,0.3844011140625,0.6434540390625,0.348189415625,0.6601671312499999,0.3008356546875,0.6462395546875,0.2785515328125,0.62395543125,0.2701949859375,0.601671309375,0.2841225625,0.571030640625,0.32869080781250004,0.54874651875,0.33983286874999996,0.49860724218749997,0.34261838437500003,0.47353760468750006,0.3259052921875
1089,1941_jpg.rf.6e4c0f27b89bed46d1dad72c312b9155.jpg,glioma,0.5320334265625,0.6908078,0.509749303125,0.6434540390625,0.5041782734375,0.576601671875,0.47353760468750006,0.5459610031250001,0.428969359375,0.5431754875,0.3454039,0.5598885796874999,0.311977715625,0.5849582171875001,0.2674094703125,0.6406685234375,0.25348189374999996,0.7158774375,0.21169916406249997,0.743732590625,0.21169916406249997,0.7632311984375,0.281337046875,0.8217270187500001,0.428969359375,0.8523676874999999,0.4373259046875,0.8022284125000001
1090,746_jpg.rf.2d15f5eed1818efe9f6cd844297f6a56.jpg,glioma,0.6378830078125,0.5877437328124999,0.4484679671875,0.576601671875,0.32033426249999997,0.5905292484375,0.292479109375,0.6155988859375,0.337047353125,0.8328690812499999,0.3816155984375,0.8635097500000001,0.4206128140625,0.85793871875,0.4428969359375,0.8217270187500001,0.5264623953124999,0.8189415046875,0.662952646875,0.6935933140625,0.6685236765625,0.6768802234375,0.6713091921875,0.6211699171875,0.6378830078125,0.5877437328124999,0,0
1091,1431_jpg.rf.1ddb6db2b68295c752fabcf00b006d37.jpg,pituitary,0.428969359375,0.42339832812499995,0.3871866296875,0.428969359375,0.3509749296875,0.4679665734375,0.348189415625,0.49582172656249995,0.36490250625,0.5571030640625,0.3927576609375,0.5654596093750001,0.40668523749999996,0.5821727015625,0.4428969359375,0.5877437328124999,0.46518105781249997,0.53760445625,0.46518105781249997,0.490250696875,0.4484679671875,0.428969359375,0.428969359375,0.42339832812499995,0,0,0,0
1092,1434_jpg.rf.3a19a0ee1f9589b4a6763e2f1cdbbd77.jpg,pituitary,0.3259052921875,0.571030640625,0.3816155984375,0.5877437328124999,0.398328690625,0.568245125,0.398328690625,0.5320334265625,0.3871866296875,0.490250696875,0.3565459609375,0.48189415,0.3231197765625,0.5013927578125,0.3064066859375,0.5348189421875,0.3259052921875,0.571030640625,0,0,0,0,0,0,0,0,0,0
1093,148_jpg.rf.782808c52da3744ec42aec09ded1e678.jpg,meningioma,0.601671309375,0.707520890625,0.601671309375,0.6713091921875,0.571030640625,0.601671309375,0.5013927578125,0.5348189421875,0.42618384374999996,0.5264623953124999,0.3816155984375,0.5348189421875,0.281337046875,0.5933147625,0.20334261874999998,0.6852367687500001,0.20055710312500002,0.7019498609375,0.3788300828125,0.824512534375,0.45125348125000003,0.85793871875,0.49303621093750005,0.8635097500000001,0.5292479109375,0.8412256265625,0.5459610031250001,0.8022284125000001
1094,228_jpg.rf.22d2f80efd77e0d6181489f271c4cce7.jpg,meningioma,0.5013927578125,0.40668523749999996,0.479108634375,0.40111420625000005,0.3927576609375,0.45403899687499993,0.3788300828125,0.5431754875,0.40389972187499995,0.576601671875,0.48746518125,0.604456825,0.5013927578125,0.576601671875,0.5013927578125,0.5459610031250001,0.49582172656249995,0.5292479109375,0.47632312031249996,0.5320334265625,0.47353760468750006,0.49582172656249995,0.5013927578125,0.4568245125,0.5013927578125,0.40668523749999996,0,0
1095,2446_jpg.rf.8c96bf66c55548d1a85fdb6498e09e2b.jpg,glioma,0.3844011140625,0.6657381609375,0.43454039062499994,0.6908078,0.459610028125,0.7270194984375,0.490250696875,0.7270194984375,0.490250696875,0.7548746515625,0.515320334375,0.7242339828125,0.5654596093750001,0.6963788296875,0.571030640625,0.6211699171875,0.5598885796874999,0.5877437328124999,0.5598885796874999,0.5236768796875,0.5431754875,0.5013927578125,0.428969359375,0.44568245156249997,0.3342618390625,0.4206128140625,0.3314763234375,0.39554317499999997
1096,3023_jpg.rf.a24398b3b92e8723b1717982e4931947.jpg,glioma,0.515320334375,0.281337046875,0.4428969359375,0.3091922,0.4178272984375,0.337047353125,0.39554317499999997,0.428969359375,0.42339832812499995,0.47632312031249996,0.48189415,0.4707520890625,0.5292479109375,0.45125348125000003,0.57381615625,0.37604456875,0.5821727015625,0.3231197765625,0.57381615625,0.3036211703125,0.5543175484375,0.281337046875,0.515320334375,0.281337046875,0,0,0,0
1097,2493_jpg.rf.594eb4f4e7b9c3ab0ff8640e54c64a3b.jpg,glioma,0.3342618390625,0.16713091875,0.25348189374999996,0.16713091875,0.2089136484375,0.1504178265625,0.1559888578125,0.17270195,0.10863509687499999,0.231197771875,0.10584958281250001,0.3231197765625,0.2200557109375,0.4428969359375,0.2785515328125,0.459610028125,0.3231197765625,0.45403899687499993,0.3704735375,0.42339832812499995,0.3927576609375,0.373259053125,0.39554317499999997,0.3036211703125,0.373259053125,0.21169916406249997,0.3342618390625,0.16713091875
1098,1289_jpg.rf.bac0987b7cec2b8ab9230eb70e49c5cf.jpg,pituitary,0.3844011140625,0.5571030640625,0.398328690625,0.54874651875,0.40668523749999996,0.45125348125000003,0.33983286874999996,0.4401114203125,0.31476323125,0.47632312031249996,0.317548746875,0.5292479109375,0.3342618390625,0.5543175484375,0.3844011140625,0.5571030640625,0,0,0,0,0,0,0,0,0,0,0,0
1099,2412_jpg.rf.6582823249f51d6f9a9e0f5cd3057fa7.jpg,glioma,0.2785515328125,0.35933147656250003,0.3509749296875,0.373259053125,0.3871866296875,0.33983286874999996,0.39554317499999997,0.250696378125,0.35933147656250003,0.2144846796875,0.2980501390625,0.20055710312500002,0.250696378125,0.27298050156250003,0.25348189374999996,0.3231197765625,0.2785515328125,0.35933147656250003,0,0,0,0,0,0,0,0,0,0
1100,839_jpg.rf.b8700f6cf734c401a9f7fc3b461f0f4d.jpg,glioma,0.459610028125,0.738161559375,0.49582172656249995,0.743732590625,0.5515320328125,0.6963788296875,0.5598885796874999,0.6601671312499999,0.5125348187500001,0.604456825,0.4707520890625,0.596100278125,0.428969359375,0.6378830078125,0.42618384374999996,0.688022284375,0.459610028125,0.738161559375,0,0,0,0,0,0,0,0,0,0
1101,1192_jpg.rf.3da2ad1a7c0f165169b49a13b42fe3e8.jpg,pituitary,0.48746518125,0.4401114203125,0.5069637890625,0.4707520890625,0.5543175484375,0.490250696875,0.6295264625,0.49582172656249995,0.6991643453124999,0.46518105781249997,0.7047353765625,0.42339832812499995,0.6713091921875,0.373259053125,0.571030640625,0.35933147656250003,0.490250696875,0.40111420625000005,0.48746518125,0.4401114203125,0,0,0,0,0,0,0,0
1102,2475_jpg.rf.5e270d1a05affa156a11509e3718707f.jpg,glioma,0.2395543171875,0.63509749375,0.10306406718750001,0.6601671312499999,0.0696378828125,0.6796657374999999,0.0612813375,0.7047353765625,0.086350975,0.743732590625,0.13649024999999998,0.7855153203125,0.1922005578125,0.8105849578125,0.2451253484375,0.8050139281250001,0.27298050156250003,0.7799442890625,0.3036211703125,0.6601671312499999,0.27298050156250003,0.6378830078125,0.2395543171875,0.63509749375,0,0,0,0
1103,2866_jpg.rf.2d531c90747faa01eda6733dce0c66e7.jpg,glioma,0.479108634375,0.4122562671875,0.4484679671875,0.40668523749999996,0.4122562671875,0.42339832812499995,0.3899721453125,0.4484679671875,0.36490250625,0.520891365625,0.37604456875,0.5821727015625,0.398328690625,0.59888579375,0.4373259046875,0.6072423390624999,0.4568245125,0.59888579375,0.5013927578125,0.540389971875,0.5125348187500001,0.4707520890625,0.5041782734375,0.4401114203125,0.479108634375,0.4122562671875,0,0
1104,1316_jpg.rf.2d53afb08cdc28ec91009e2fdd043d70.jpg,pituitary,0.3008356546875,0.5264623953124999,0.3342618390625,0.54874651875,0.3844011140625,0.5292479109375,0.42339832812499995,0.479108634375,0.40668523749999996,0.4401114203125,0.3704735375,0.4373259046875,0.31476323125,0.45403899687499993,0.28969359375,0.479108634375,0.3008356546875,0.5264623953124999,0,0,0,0,0,0,0,0,0,0
1105,2059_jpg.rf.f9acc809589790423a42b57b48c783b0.jpg,glioma,0.37604456875,0.4401114203125,0.3899721453125,0.4178272984375,0.3927576609375,0.3816155984375,0.3231197765625,0.348189415625,0.2980501390625,0.3927576609375,0.3036211703125,0.42618384374999996,0.32033426249999997,0.4373259046875,0.37604456875,0.4401114203125,0,0,0,0,0,0,0,0,0,0,0,0
1106,1977_jpg.rf.4b33c05aeb13683ebcd0801520d5200c.jpg,glioma,0.9025069640625001,0.5877437328124999,0.8440111421875001,0.5821727015625,0.8467966578125001,0.632311978125,0.835654596875,0.651810584375,0.8189415046875,0.6490250703125,0.777158775,0.62395543125,0.7576601671875001,0.540389971875,0.7325905296874999,0.520891365625,0.71030640625,0.51810585,0.7019498609375,0.54874651875,0.713091921875,0.57381615625,0.7047353765625,0.6211699171875,0.713091921875,0.662952646875,0.6935933140625,0.6935933140625
1107,1596_jpg.rf.852bbbf802c8d747871469d059e09d1d.jpg,pituitary,0.604456825,0.5264623953124999,0.6378830078125,0.5515320328125,0.6768802234375,0.54874651875,0.6685236765625,0.49303621093750005,0.6768802234375,0.428969359375,0.651810584375,0.4150417828125,0.6100278546875,0.45403899687499993,0.601671309375,0.48746518125,0.604456825,0.5264623953124999,0,0,0,0,0,0,0,0,0,0
1108,286_jpg.rf.9764d664b0c8b452977d377b4fa12ac6.jpg,meningioma,0.013927576562499999,0.5626740953125,0.0473537609375,0.6295264625,0.09192200625,0.6378830078125,0.11142061249999999,0.6295264625,0.1309192203125,0.601671309375,0.1476323125,0.5236768796875,0.1225626734375,0.479108634375,0.0612813375,0.4707520890625,0.0194986078125,0.49860724218749997,0.013927576562499999,0.5626740953125,0,0,0,0,0,0,0,0
1109,590_jpg.rf.ea2ba422d5dce42ee035d29a132d3da6.jpg,meningioma,0.49860724218749997,0.3259052921875,0.4707520890625,0.3231197765625,0.45125348125000003,0.27298050156250003,0.43454039062499994,0.2674094703125,0.4122562671875,0.27298050156250003,0.3816155984375,0.311977715625,0.37604456875,0.3899721453125,0.398328690625,0.43175487500000004,0.40111420625000005,0.479108634375,0.428969359375,0.49582172656249995,0.479108634375,0.5041782734375,0.5598885796874999,0.46239554375,0.5598885796874999,0.4094707515625,0.5292479109375,0.3509749296875
1110,505_jpg.rf.7a9c269f7c6f660bc3650219fb03a405.jpg,meningioma,0.2395543171875,0.348189415625,0.2451253484375,0.42339832812499995,0.2980501390625,0.47353760468750006,0.3454039,0.4679665734375,0.3816155984375,0.40668523749999996,0.3788300828125,0.35933147656250003,0.3565459609375,0.3091922,0.34261838437500003,0.3008356546875,0.292479109375,0.3091922,0.2395543171875,0.348189415625,0,0,0,0,0,0,0,0
1111,1265_jpg.rf.6161edf06de1c606aa326f5da3d2d420.jpg,pituitary,0.651810584375,0.3927576609375,0.662952646875,0.3788300828125,0.662952646875,0.3342618390625,0.6490250703125,0.2980501390625,0.6211699171875,0.281337046875,0.5821727015625,0.2757660171875,0.5821727015625,0.373259053125,0.601671309375,0.3899721453125,0.651810584375,0.3927576609375,0,0,0,0,0,0,0,0,0,0
1112,1635_jpg.rf.275fd90f26590f028f6adf7fe123d231.jpg,pituitary,0.7660167125,0.5320334265625,0.749303621875,0.4679665734375,0.7325905296874999,0.4484679671875,0.6295264625,0.45403899687499993,0.5905292484375,0.4428969359375,0.571030640625,0.45125348125000003,0.54874651875,0.48746518125,0.5515320328125,0.5236768796875,0.5654596093750001,0.5459610031250001,0.6155988859375,0.5459610031250001,0.62395543125,0.5598885796874999,0.6545961,0.5654596093750001,0.682451253125,0.51810585,0.7242339828125,0.5515320328125
1113,953_jpg.rf.bec06096a0f10ae74b9bf02ec52d663c.jpg,pituitary,0.3788300828125,0.5515320328125,0.40668523749999996,0.5571030640625,0.4373259046875,0.5292479109375,0.4401114203125,0.49860724218749997,0.4178272984375,0.459610028125,0.39554317499999997,0.45403899687499993,0.3621169921875,0.484679665625,0.3621169921875,0.5236768796875,0.3788300828125,0.5515320328125,0,0,0,0,0,0,0,0,0,0
1114,1968_jpg.rf.6f6bbd3db67732dd97ee678205917275.jpg,glioma,0.4484679671875,0.2674094703125,0.3704735375,0.292479109375,0.348189415625,0.3231197765625,0.34261838437500003,0.35933147656250003,0.36490250625,0.45125348125000003,0.43454039062499994,0.48746518125,0.53760445625,0.46518105781249997,0.54874651875,0.4150417828125,0.5348189421875,0.34261838437500003,0.5431754875,0.3036211703125,0.5013927578125,0.27298050156250003,0.4484679671875,0.2674094703125,0,0,0,0
1115,2893_jpg.rf.b59390ef727202749d393b2ae20f9954.jpg,glioma,0.32033426249999997,0.4094707515625,0.32033426249999997,0.32033426249999997,0.3537604453125,0.2980501390625,0.35933147656250003,0.2089136484375,0.348189415625,0.175487465625,0.32033426249999997,0.16991643437499998,0.250696378125,0.22562674062500002,0.23676880156250002,0.2841225625,0.1532033421875,0.311977715625,0.13649024999999998,0.35933147656250003,0.10863509687499999,0.3927576609375,0.10863509687499999,0.428969359375,0.16155988906250002,0.4568245125,0.1894150421875,0.49860724218749997
1116,2880_jpg.rf.2b4a900a8d0cea28b25f34e5aeaec8fd.jpg,glioma,0.3064066859375,0.4679665734375,0.31476323125,0.49582172656249995,0.3537604453125,0.5320334265625,0.4094707515625,0.515320334375,0.4206128140625,0.49860724218749997,0.42339832812499995,0.42618384374999996,0.3899721453125,0.40668523749999996,0.373259053125,0.36490250625,0.3259052921875,0.3231197765625,0.3259052921875,0.25626740937500003,0.3008356546875,0.23676880156250002,0.25348189374999996,0.250696378125,0.250696378125,0.2980501390625,0.22284122499999998,0.348189415625
1117,1896_jpg.rf.16b214476445bd794e661659ca63a769.jpg,glioma,0.713091921875,0.5069637890625,0.713091921875,0.46518105781249997,0.6963788296875,0.42339832812499995,0.651810584375,0.3788300828125,0.6295264625,0.37604456875,0.5264623953124999,0.45403899687499993,0.51810585,0.49303621093750005,0.4568245125,0.515320334375,0.4707520890625,0.5459610031250001,0.5571030640625,0.5431754875,0.571030640625,0.5543175484375,0.6155988859375,0.5571030640625,0.6183844015625,0.5348189421875,0.6852367687500001,0.5431754875
1118,1_jpg.rf.eee6547c09d13001fff4a45c380115aa.jpg,meningioma,0.49860724218749997,0.6100278546875,0.48189415,0.5626740953125,0.4206128140625,0.5264623953124999,0.4122562671875,0.5459610031250001,0.4206128140625,0.5933147625,0.337047353125,0.6768802234375,0.2841225625,0.7548746515625,0.2841225625,0.79665738125,0.3091922,0.8217270187500001,0.3871866296875,0.8328690812499999,0.42618384374999996,0.8133704734375,0.4568245125,0.6908078,0.49860724218749997,0.6573816156250001,0.49860724218749997,0.6100278546875
1119,853_jpg.rf.a7ac9275532be68a530a42e01973f681.jpg,glioma,0.1532033421875,0.4428969359375,0.16434540312499998,0.48746518125,0.1476323125,0.5849582171875001,0.1838440109375,0.6183844015625,0.2674094703125,0.6072423390624999,0.3454039,0.5431754875,0.34261838437500003,0.5041782734375,0.32869080781250004,0.484679665625,0.2395543171875,0.43454039062499994,0.1922005578125,0.42618384374999996,0.1532033421875,0.4428969359375,0,0,0,0,0,0
1120,475_jpg.rf.e29d5f4b2fd520013c31291ca469318a.jpg,meningioma,0.74651810625,0.5320334265625,0.738161559375,0.49860724218749997,0.7019498609375,0.4707520890625,0.626740946875,0.45403899687499993,0.6100278546875,0.48189415,0.6295264625,0.5236768796875,0.6406685234375,0.5264623953124999,0.62395543125,0.54874651875,0.626740946875,0.571030640625,0.6434540390625,0.5793871859374999,0.6740947078125,0.5626740953125,0.6935933140625,0.5905292484375,0.7325905296874999,0.5877437328124999,0.7325905296874999,0.540389971875
1121,678_jpg.rf.adacd244cb6e75a705af83d81b42dcc7.jpg,meningioma,0.651810584375,0.8746518109375,0.6935933140625,0.860724234375,0.707520890625,0.8440111421875001,0.7047353765625,0.8050139281250001,0.6908078,0.7910863515625,0.6406685234375,0.7799442890625,0.5821727015625,0.7325905296874999,0.540389971875,0.7298050140625,0.5041782734375,0.7604456828124999,0.49860724218749997,0.8133704734375,0.46518105781249997,0.8885793874999999,0.4707520890625,0.91922005625,0.5013927578125,0.9470752093750001,0.515320334375,0.9470752093750001
1122,1011_jpg.rf.34abf9b48286a3c60ba454300b7948d2.jpg,pituitary,0.45403899687499993,0.47353760468750006,0.3844011140625,0.46518105781249997,0.348189415625,0.5543175484375,0.348189415625,0.5849582171875001,0.3927576609375,0.5877437328124999,0.46239554375,0.5543175484375,0.45403899687499993,0.47353760468750006,0,0,0,0,0,0,0,0,0,0,0,0,0,0
1123,1615_jpg.rf.441d74615e8aba1b797b87b9e52d8d94.jpg,pituitary,0.8523676874999999,0.48189415,0.8523676874999999,0.46518105781249997,0.8272980499999999,0.4401114203125,0.824512534375,0.4150417828125,0.7799442890625,0.3844011140625,0.71030640625,0.3816155984375,0.6963788296875,0.367688021875,0.6713091921875,0.36490250625,0.632311978125,0.373259053125,0.5626740953125,0.4178272984375,0.5320334265625,0.4707520890625,0.54874651875,0.5320334265625,0.62395543125,0.57381615625,0.6601671312499999,0.57381615625
1124,1498_jpg.rf.b2f1a436244624c2c5b21008b1aecba2.jpg,pituitary,0.3342618390625,0.509749303125,0.4206128140625,0.540389971875,0.4679665734375,0.5292479109375,0.49582172656249995,0.5013927578125,0.47632312031249996,0.46518105781249997,0.40389972187499995,0.45125348125000003,0.3537604453125,0.46518105781249997,0.33983286874999996,0.479108634375,0.3342618390625,0.509749303125,0,0,0,0,0,0,0,0,0,0
1125,501_jpg.rf.2bcebd9cce01735f3dd4f048dd86e98a.jpg,meningioma,0.5821727015625,0.4568245125,0.5905292484375,0.5320334265625,0.626740946875,0.571030640625,0.707520890625,0.57381615625,0.7353760453125,0.5459610031250001,0.740947075,0.48746518125,0.7270194984375,0.4707520890625,0.6908078,0.459610028125,0.6768802234375,0.43454039062499994,0.6378830078125,0.428969359375,0.5821727015625,0.4568245125,0,0,0,0,0,0
1126,1697_jpg.rf.24e3b8dc0a9a58a572af8612795de52e.jpg,pituitary,0.6183844015625,0.4373259046875,0.682451253125,0.4373259046875,0.7270194984375,0.40111420625000005,0.7242339828125,0.3621169921875,0.707520890625,0.3259052921875,0.6657381609375,0.3091922,0.5905292484375,0.35933147656250003,0.596100278125,0.40668523749999996,0.6183844015625,0.4373259046875,0,0,0,0,0,0,0,0,0,0
1127,877_jpg.rf.70174201b73970a2129e84af76c8149f.jpg,glioma,0.4484679671875,0.7242339828125,0.479108634375,0.688022284375,0.47632312031249996,0.601671309375,0.44568245156249997,0.57381615625,0.367688021875,0.5877437328124999,0.3259052921875,0.5793871859374999,0.3509749296875,0.51810585,0.3509749296875,0.49303621093750005,0.337047353125,0.479108634375,0.3064066859375,0.47632312031249996,0.250696378125,0.48746518125,0.2144846796875,0.5125348187500001,0.19777158749999998,0.5543175484375,0.20334261874999998,0.6155988859375
1128,1260_jpg.rf.f8ba4592295e6a76533540fd4daf03c8.jpg,pituitary,0.5571030640625,0.36490250625,0.5571030640625,0.40111420625000005,0.601671309375,0.44568245156249997,0.6545961,0.45403899687499993,0.6685236765625,0.42339832812499995,0.651810584375,0.40111420625000005,0.6490250703125,0.3621169921875,0.59888579375,0.3091922,0.5933147625,0.33983286874999996,0.5571030640625,0.36490250625,0,0,0,0,0,0,0,0
1129,448_jpg.rf.2bc41c512e8b6b5d5973845a8ed0aef1.jpg,meningioma,0.5125348187500001,0.3314763234375,0.490250696875,0.35933147656250003,0.4707520890625,0.3454039,0.459610028125,0.3509749296875,0.4428969359375,0.3899721453125,0.4484679671875,0.4428969359375,0.484679665625,0.4679665734375,0.5933147625,0.46239554375,0.6295264625,0.47353760468750006,0.6072423390624999,0.4428969359375,0.520891365625,0.3899721453125,0.5125348187500001,0.3314763234375,0,0,0,0
1130,42_jpg.rf.5b6b59b5819fd9ceb776cda3ee900650.jpg,meningioma,0.509749303125,0.520891365625,0.4568245125,0.5571030640625,0.45125348125000003,0.6100278546875,0.5041782734375,0.6796657374999999,0.5264623953124999,0.738161559375,0.5571030640625,0.7604456828124999,0.5793871859374999,0.7576601671875001,0.6490250703125,0.6685236765625,0.6490250703125,0.6100278546875,0.6378830078125,0.5849582171875001,0.5821727015625,0.540389971875,0.509749303125,0.520891365625,0,0,0,0
1131,1483_jpg.rf.e0338448ed349c6e66bb8af2bd4e23ad.jpg,pituitary,0.62395543125,0.4094707515625,0.632311978125,0.34261838437500003,0.6183844015625,0.3314763234375,0.5821727015625,0.3621169921875,0.5821727015625,0.40668523749999996,0.5348189421875,0.4401114203125,0.5292479109375,0.484679665625,0.568245125,0.5348189421875,0.5821727015625,0.5821727015625,0.6490250703125,0.6100278546875,0.6545961,0.596100278125,0.632311978125,0.51810585,0.63509749375,0.4401114203125,0.62395543125,0.4094707515625
1132,53_jpg.rf.ae2ded51c2d6f09905b9877dabd94f6f.jpg,meningioma,0.601671309375,0.6657381609375,0.5877437328124999,0.7158774375,0.5877437328124999,0.7576601671875001,0.6100278546875,0.8189415046875,0.713091921875,0.8105849578125,0.7855153203125,0.774373259375,0.7883008359375,0.71030640625,0.7548746515625,0.662952646875,0.7298050140625,0.651810584375,0.632311978125,0.6462395546875,0.601671309375,0.6657381609375,0,0,0,0,0,0
1133,1549_jpg.rf.3946771a142080014ca152a0c67794c2.jpg,pituitary,0.651810584375,0.520891365625,0.651810584375,0.4707520890625,0.632311978125,0.4401114203125,0.596100278125,0.4178272984375,0.479108634375,0.40389972187499995,0.428969359375,0.42339832812499995,0.4150417828125,0.4428969359375,0.4373259046875,0.47632312031249996,0.4484679671875,0.5292479109375,0.520891365625,0.59888579375,0.540389971875,0.5793871859374999,0.568245125,0.5849582171875001,0.576601671875,0.601671309375,0.626740946875,0.5821727015625
1134,2120_jpg.rf.a8821b4949d006cdf6b9860fa4f50d20.jpg,glioma,0.5626740953125,0.32033426249999997,0.5571030640625,0.348189415625,0.6295264625,0.3704735375,0.6963788296875,0.3704735375,0.7214484671875,0.337047353125,0.71030640625,0.3064066859375,0.6796657374999999,0.28969359375,0.6295264625,0.2841225625,0.5821727015625,0.3008356546875,0.5626740953125,0.32033426249999997,0,0,0,0,0,0,0,0
1135,145_jpg.rf.17daddb208b56e4d4cf2c81302bf2057.jpg,meningioma,0.5598885796874999,0.7019498609375,0.568245125,0.6434540390625,0.5543175484375,0.601671309375,0.47632312031249996,0.5459610031250001,0.46239554375,0.5459610031250001,0.367688021875,0.6295264625,0.28969359375,0.6545961,0.2395543171875,0.707520890625,0.2200557109375,0.7855153203125,0.250696378125,0.8495821734375,0.2674094703125,0.8635097500000001,0.3565459609375,0.8941504171875,0.40668523749999996,0.8774373265625,0.48189415,0.8189415046875
1136,2783_jpg.rf.4620824fda4e9429c25c1246effb59ac.jpg,glioma,0.6155988859375,0.8718662953124999,0.682451253125,0.8272980499999999,0.7019498609375,0.793871865625,0.6991643453124999,0.777158775,0.662952646875,0.738161559375,0.6406685234375,0.7325905296874999,0.63509749375,0.71030640625,0.6295264625,0.6657381609375,0.6490250703125,0.662952646875,0.6685236765625,0.63509749375,0.6462395546875,0.5933147625,0.5905292484375,0.5793871859374999,0.53760445625,0.5459610031250001,0.4679665734375,0.540389971875
1137,957_jpg.rf.556e2b1640447d39cfc0a498c2da8d44.jpg,pituitary,0.42458100625000006,0.435754190625,0.34078212343750003,0.413407821875,0.2960893859375,0.5139664796875001,0.3296089390625,0.586592178125,0.368715084375,0.5921787703125,0.4078212296875,0.564245809375,0.42458100625000006,0.435754190625,0,0,0,0,0,0,0,0,0,0,0,0,0,0
1138,186_jpg.rf.0def4bec7ab18b828296f212c0794df7.jpg,meningioma,0.3537604453125,0.47353760468750006,0.3871866296875,0.47353760468750006,0.4150417828125,0.45403899687499993,0.43175487500000004,0.40111420625000005,0.4094707515625,0.3871866296875,0.36490250625,0.3844011140625,0.33983286874999996,0.4150417828125,0.3314763234375,0.44568245156249997,0.3537604453125,0.47353760468750006,0,0,0,0,0,0,0,0,0,0
1139,1479_jpg.rf.c9a578dd910b6566a5075822941f70ff.jpg,pituitary,0.49303621093750005,0.5459610031250001,0.5125348187500001,0.509749303125,0.5069637890625,0.4707520890625,0.48746518125,0.45403899687499993,0.4679665734375,0.48746518125,0.4679665734375,0.5236768796875,0.48189415,0.54874651875,0.49303621093750005,0.5459610031250001,0,0,0,0,0,0,0,0,0,0,0,0
1140,2047_jpg.rf.718d7d68c8bbe8e1b73d7a3cc219c422.jpg,glioma,0.3342618390625,0.5320334265625,0.4150417828125,0.520891365625,0.428969359375,0.509749303125,0.428969359375,0.49303621093750005,0.3927576609375,0.47632312031249996,0.3314763234375,0.484679665625,0.250696378125,0.44568245156249997,0.2200557109375,0.4428969359375,0.194986071875,0.46239554375,0.1922005578125,0.5069637890625,0.07520891406249999,0.5264623953124999,0.0974930359375,0.6100278546875,0.139275765625,0.6935933140625,0.3565459609375,0.6740947078125
1141,1120_jpg.rf.f701e39fd6cfb0c84b3d2144eacaaa5d.jpg,pituitary,0.33983286874999996,0.520891365625,0.34261838437500003,0.576601671875,0.3537604453125,0.5905292484375,0.4178272984375,0.596100278125,0.49582172656249995,0.568245125,0.5013927578125,0.5041782734375,0.490250696875,0.484679665625,0.3788300828125,0.4679665734375,0.35933147656250003,0.48189415,0.33983286874999996,0.520891365625,0,0,0,0,0,0,0,0
1142,1145_jpg.rf.ecd5bd52672cb588f02aabdd191b7386.jpg,pituitary,0.6211699171875,0.4122562671875,0.59888579375,0.40668523749999996,0.57381615625,0.4206128140625,0.5571030640625,0.40111420625000005,0.5348189421875,0.39554317499999997,0.520891365625,0.490250696875,0.5543175484375,0.5654596093750001,0.5849582171875001,0.5459610031250001,0.6295264625,0.540389971875,0.632311978125,0.5125348187500001,0.662952646875,0.520891365625,0.6796657374999999,0.5069637890625,0.682451253125,0.48746518125,0.6685236765625,0.46518105781249997
1143,1556_jpg.rf.86ed5ad200eb4dffb5f7f649eb19d0ed.jpg,pituitary,0.520891365625,0.4373259046875,0.490250696875,0.43175487500000004,0.47353760468750006,0.44568245156249997,0.4679665734375,0.479108634375,0.44568245156249997,0.509749303125,0.44568245156249997,0.5571030640625,0.520891365625,0.5654596093750001,0.54874651875,0.5877437328124999,0.5877437328124999,0.5877437328124999,0.596100278125,0.5626740953125,0.5877437328124999,0.5292479109375,0.5459610031250001,0.490250696875,0.520891365625,0.4373259046875,0,0
1144,2142_jpg.rf.29fe91e2c3dbb449e2b92c8da834e483.jpg,glioma,0.4206128140625,0.5292479109375,0.46518105781249997,0.515320334375,0.4373259046875,0.43454039062499994,0.4206128140625,0.42339832812499995,0.3509749296875,0.4568245125,0.3509749296875,0.5069637890625,0.40668523749999996,0.515320334375,0.4206128140625,0.5292479109375,0,0,0,0,0,0,0,0,0,0,0,0
1145,2245_jpg.rf.1e3697da0b630d05329baffaccedd367.jpg,glioma,0.540389971875,0.5013927578125,0.509749303125,0.53760445625,0.5264623953124999,0.571030640625,0.5654596093750001,0.5905292484375,0.596100278125,0.5905292484375,0.63509749375,0.57381615625,0.6713091921875,0.5125348187500001,0.6657381609375,0.48746518125,0.6462395546875,0.47353760468750006,0.5877437328124999,0.4707520890625,0.540389971875,0.5013927578125,0,0,0,0,0,0
1146,1445_jpg.rf.d6075f2ab29a96a553cd7dfec276ecda.jpg,pituitary,0.3008356546875,0.46518105781249997,0.3091922,0.520891365625,0.35933147656250003,0.5598885796874999,0.4401114203125,0.54874651875,0.479108634375,0.509749303125,0.4568245125,0.428969359375,0.4206128140625,0.40389972187499995,0.3871866296875,0.398328690625,0.32869080781250004,0.42339832812499995,0.3008356546875,0.46518105781249997,0,0,0,0,0,0,0,0
1147,2494_jpg.rf.5ea4d1f1c21dbbd6f6b7ab62e53feb6b.jpg,glioma,0.28969359375,0.16713091875,0.250696378125,0.19777158749999998,0.2339832875,0.22841225625,0.22284122499999998,0.3565459609375,0.2423398328125,0.40111420625000005,0.311977715625,0.4178272984375,0.3537604453125,0.40111420625000005,0.3704735375,0.3816155984375,0.3899721453125,0.292479109375,0.3565459609375,0.19777158749999998,0.3259052921875,0.17270195,0.28969359375,0.16713091875,0,0,0,0
1148,967_jpg.rf.879b0a2a72589c6ea52ccd8849398100.jpg,pituitary,0.484679665625,0.4178272984375,0.484679665625,0.3899721453125,0.47353760468750006,0.3871866296875,0.4150417828125,0.4401114203125,0.35933147656250003,0.4428969359375,0.35933147656250003,0.47632312031249996,0.3816155984375,0.5013927578125,0.398328690625,0.571030640625,0.43454039062499994,0.596100278125,0.44568245156249997,0.5933147625,0.44568245156249997,0.576601671875,0.4679665734375,0.5459610031250001,0.46239554375,0.4568245125,0.484679665625,0.4178272984375
1149,1248_jpg.rf.58edd374fc48bb2da6619c6e2ae58d11.jpg,pituitary,0.42618384374999996,0.317548746875,0.3927576609375,0.3342618390625,0.3621169921875,0.3704735375,0.3621169921875,0.4094707515625,0.3788300828125,0.4484679671875,0.4206128140625,0.479108634375,0.484679665625,0.48746518125,0.5125348187500001,0.479108634375,0.5431754875,0.44568245156249997,0.5431754875,0.35933147656250003,0.49860724218749997,0.3231197765625,0.42618384374999996,0.317548746875,0,0,0,0
1150,117_jpg.rf.cf8fb2cfeec2805485184cccfa27ca3e.jpg,meningioma,0.49860724218749997,0.3704735375,0.4373259046875,0.3259052921875,0.3899721453125,0.317548746875,0.3509749296875,0.3454039,0.337047353125,0.373259053125,0.317548746875,0.4401114203125,0.32033426249999997,0.4707520890625,0.337047353125,0.48746518125,0.3816155984375,0.49582172656249995,0.459610028125,0.490250696875,0.48746518125,0.45403899687499993,0.479108634375,0.42618384374999996,0.49860724218749997,0.4122562671875,0.49860724218749997,0.3704735375
1151,2826_jpg.rf.6f8192d40c8a19c19745b23c1d5aa59e.jpg,glioma,0.286908078125,0.774373259375,0.2980501390625,0.8133704734375,0.3454039,0.8662952640625001,0.3844011140625,0.8495821734375,0.4206128140625,0.8105849578125,0.4122562671875,0.7576601671875001,0.3871866296875,0.7242339828125,0.3565459609375,0.7186629531250001,0.311977715625,0.7353760453125,0.286908078125,0.774373259375,0,0,0,0,0,0,0,0
1152,1175_jpg.rf.0e8244247191cc152cce3be2c6fb0384.jpg,pituitary,0.4094707515625,0.43454039062499994,0.4428969359375,0.459610028125,0.47632312031249996,0.459610028125,0.5013927578125,0.4484679671875,0.5292479109375,0.4150417828125,0.5348189421875,0.3565459609375,0.5013927578125,0.31476323125,0.4428969359375,0.311977715625,0.40389972187499995,0.348189415625,0.4094707515625,0.43454039062499994,0,0,0,0,0,0,0,0
1153,2279_jpg.rf.6e196eaca51e0e1a816148dd6e74f7bb.jpg,glioma,0.59888579375,0.7214484671875,0.59888579375,0.682451253125,0.576601671875,0.6573816156250001,0.5320334265625,0.6434540390625,0.42618384374999996,0.7158774375,0.40668523749999996,0.7548746515625,0.36490250625,0.7855153203125,0.36490250625,0.8050139281250001,0.3927576609375,0.8272980499999999,0.43175487500000004,0.8272980499999999,0.47353760468750006,0.799442896875,0.5348189421875,0.7827298046875,0.5459610031250001,0.7660167125,0.571030640625,0.7604456828124999
1154,2163_jpg.rf.f092e76030ce3bf52e727f92381f3b41.jpg,glioma,1,0.2246982375,0.9665738156250001,0.16155988906250002,0.9331476328124999,0.13649024999999998,0.880222840625,0.1337047359375,0.8133704734375,0.139275765625,0.74651810625,0.16155988906250002,0.6183844015625,0.16434540312499998,0.5626740953125,0.1922005578125,0.515320334375,0.250696378125,0.5125348187500001,0.2980501390625,0.53760445625,0.3816155984375,0.59888579375,0.43454039062499994,0.626740946875,0.4428969359375,0.6852367687500001,0.42618384374999996
1155,2130_jpg.rf.26b70a63919a84a2ca76e975751f0064.jpg,glioma,0.6796657374999999,0.7548746515625,0.6490250703125,0.707520890625,0.5571030640625,0.651810584375,0.51810585,0.6462395546875,0.43454039062499994,0.6573816156250001,0.39554317499999997,0.688022284375,0.3509749296875,0.6935933140625,0.3036211703125,0.7158774375,0.3008356546875,0.7520891359374999,0.3537604453125,0.830083565625,0.45403899687499993,0.8774373265625,0.5571030640625,0.8774373265625,0.6100278546875,0.8635097500000001,0.6768802234375,0.8133704734375
1156,2761_jpg.rf.2bdcc8e29d95ca5d8b53b2f1e1de2a57.jpg,glioma,0.565290790625,1,0.5598885796874999,0.9554317546875,0.5320334265625,0.8746518109375,0.5626740953125,0.8133704734375,0.5905292484375,0.6657381609375,0.632311978125,0.576601671875,0.6796657374999999,0.520891365625,0.7270194984375,0.49582172656249995,0.749303621875,0.4679665734375,0.7548746515625,0.4178272984375,0.7298050140625,0.40111420625000005,0.6295264625,0.4401114203125,0.5041782734375,0.5515320328125,0.43175487500000004,0.5571030640625
1157,640_jpg.rf.e4254bc85a0c72234fe16f8d334ff3e7.jpg,meningioma,0.1532033421875,0.8969359328125,0.16434540312499998,0.8969359328125,0.194986071875,0.8635097500000001,0.194986071875,0.8217270187500001,0.16991643437499998,0.7883008359375,0.13649024999999998,0.7799442890625,0.10306406718750001,0.79665738125,0.09192200625,0.824512534375,0.1532033421875,0.8969359328125,0,0,0,0,0,0,0,0,0,0
1158,705_jpg.rf.23255f67df32530d3f72e5dbee088b99.jpg,meningioma,0.47632312031249996,0.7660167125,0.46239554375,0.7298050140625,0.3871866296875,0.6601671312499999,0.373259053125,0.626740946875,0.2980501390625,0.62395543125,0.2451253484375,0.651810584375,0.19777158749999998,0.713091921875,0.1922005578125,0.7883008359375,0.2200557109375,0.8523676874999999,0.24791086406249999,0.8774373265625,0.2952646234375,0.8969359328125,0.3342618390625,0.8969359328125,0.3816155984375,0.8746518109375,0.4373259046875,0.8662952640625001
1159,27_jpg.rf.903eb20972d3f770a46d2e627cab2d45.jpg,meningioma,0.16713091875,0.4094707515625,0.1894150421875,0.42618384374999996,0.24791086406249999,0.40389972187499995,0.2674094703125,0.337047353125,0.2646239546875,0.32033426249999997,0.2089136484375,0.3036211703125,0.20334261874999998,0.337047353125,0.1559888578125,0.348189415625,0.16713091875,0.4094707515625,0,0,0,0,0,0,0,0,0,0
1160,1624_jpg.rf.2a424932945b61dec1eaf0f8b49cc195.jpg,pituitary,0.5320334265625,0.6211699171875,0.5626740953125,0.6183844015625,0.5933147625,0.59888579375,0.6100278546875,0.571030640625,0.6295264625,0.6183844015625,0.6740947078125,0.632311978125,0.7214484671875,0.5877437328124999,0.7604456828124999,0.5320334265625,0.7604456828124999,0.47353760468750006,0.7242339828125,0.367688021875,0.682451253125,0.3537604453125,0.6183844015625,0.3621169921875,0.5933147625,0.3844011140625,0.5821727015625,0.4150417828125
1161,282_jpg.rf.688551c02d0e79b794021223343eedbf.jpg,meningioma,0.6685236765625,0.774373259375,0.7158774375,0.7827298046875,0.7604456828124999,0.7548746515625,0.7715877437499999,0.7186629531250001,0.7270194984375,0.6685236765625,0.6935933140625,0.662952646875,0.6490250703125,0.6963788296875,0.6406685234375,0.74651810625,0.6685236765625,0.774373259375,0,0,0,0,0,0,0,0,0,0
1162,621_jpg.rf.5ebbda19b804aa61b9e7552c4e527d0e.jpg,meningioma,0.651810584375,0.4568245125,0.6378830078125,0.4122562671875,0.5654596093750001,0.348189415625,0.5320334265625,0.2841225625,0.46518105781249997,0.281337046875,0.42618384374999996,0.3064066859375,0.4150417828125,0.3259052921875,0.4178272984375,0.4373259046875,0.47632312031249996,0.45125348125000003,0.490250696875,0.5069637890625,0.5459610031250001,0.5459610031250001,0.6155988859375,0.5543175484375,0.6601671312499999,0.5431754875,0.6991643453124999,0.49303621093750005
1163,1133_jpg.rf.d122604a84a69872dda6efa4bc5fe4a7.jpg,pituitary,0.515320334375,0.42618384374999996,0.48189415,0.4094707515625,0.46239554375,0.42339832812499995,0.4401114203125,0.479108634375,0.42339832812499995,0.49303621093750005,0.4178272984375,0.5264623953124999,0.4707520890625,0.57381615625,0.479108634375,0.596100278125,0.490250696875,0.596100278125,0.54874651875,0.568245125,0.5543175484375,0.49303621093750005,0.5431754875,0.459610028125,0.515320334375,0.42618384374999996,0,0
1164,2775_jpg.rf.e4f3ed61aca1a7c89a6722493c2bef0a.jpg,glioma,0.42618384374999996,0.7325905296874999,0.428969359375,0.860724234375,0.459610028125,0.8941504171875,0.520891365625,0.8997214484375,0.5515320328125,0.885793871875,0.59888579375,0.8328690812499999,0.6072423390624999,0.8022284125000001,0.601671309375,0.740947075,0.54874651875,0.6768802234375,0.479108634375,0.6685236765625,0.42618384374999996,0.7325905296874999,0,0,0,0,0,0
1165,1515_jpg.rf.e42c0c4e7420f7dce5bd4a850b9f511b.jpg,pituitary,0.601671309375,0.5236768796875,0.6545961,0.5236768796875,0.6852367687500001,0.5069637890625,0.6908078,0.47632312031249996,0.6796657374999999,0.45125348125000003,0.6100278546875,0.4401114203125,0.568245125,0.47353760468750006,0.5821727015625,0.5125348187500001,0.601671309375,0.5236768796875,0,0,0,0,0,0,0,0,0,0
1166,2255_jpg.rf.61b8e75d927bd0313f03e4ee3dde690d.jpg,glioma,0.37604456875,0.5905292484375,0.3816155984375,0.5515320328125,0.4122562671875,0.5431754875,0.40668523749999996,0.515320334375,0.3927576609375,0.5041782734375,0.3844011140625,0.43175487500000004,0.3899721453125,0.33983286874999996,0.373259053125,0.3008356546875,0.348189415625,0.286908078125,0.3091922,0.2980501390625,0.2841225625,0.3342618390625,0.31476323125,0.3844011140625,0.311977715625,0.4373259046875,0.27298050156250003,0.4707520890625
1167,2141_jpg.rf.a1d65de7008ed57cdc217c6e4d6bcd65.jpg,glioma,0.39554317499999997,0.5041782734375,0.4401114203125,0.48189415,0.42618384374999996,0.43454039062499994,0.40111420625000005,0.42618384374999996,0.3537604453125,0.45125348125000003,0.33983286874999996,0.47353760468750006,0.34261838437500003,0.49582172656249995,0.39554317499999997,0.5041782734375,0,0,0,0,0,0,0,0,0,0,0,0
1168,2824_jpg.rf.73f094a4eaebd89e6fdeb89bf052debd.jpg,glioma,0.3565459609375,0.7827298046875,0.367688021875,0.74651810625,0.348189415625,0.7270194984375,0.32869080781250004,0.7242339828125,0.2980501390625,0.743732590625,0.2980501390625,0.7632311984375,0.32869080781250004,0.7855153203125,0.3565459609375,0.7827298046875,0,0,0,0,0,0,0,0,0,0,0,0
1169,2756_jpg.rf.af762db3667df5856c8ee4517d870194.jpg,glioma,0.5877437328124999,0.6713091921875,0.6183844015625,0.6740947078125,0.6378830078125,0.6490250703125,0.6406685234375,0.6100278546875,0.62395543125,0.5849582171875001,0.601671309375,0.5793871859374999,0.5821727015625,0.596100278125,0.576601671875,0.6462395546875,0.5877437328124999,0.6713091921875,0,0,0,0,0,0,0,0,0,0
1170,2136_jpg.rf.5f4ae7ae5c37ec9f2992179d83538587.jpg,glioma,0.3537604453125,0.509749303125,0.3537604453125,0.4707520890625,0.42339832812499995,0.46518105781249997,0.43175487500000004,0.43454039062499994,0.3871866296875,0.36490250625,0.3454039,0.3844011140625,0.317548746875,0.3844011140625,0.25626740937500003,0.3008356546875,0.2451253484375,0.3091922,0.250696378125,0.348189415625,0.27298050156250003,0.3621169921875,0.28969359375,0.40111420625000005,0.286908078125,0.43454039062499994,0.259052925,0.4707520890625
1171,300_jpg.rf.fefc8fe445d9d480b16e7a53153c8a1d.jpg,meningioma,0.3927576609375,0.576601671875,0.4094707515625,0.540389971875,0.4094707515625,0.5013927578125,0.3871866296875,0.4178272984375,0.3342618390625,0.367688021875,0.3231197765625,0.3231197765625,0.286908078125,0.2646239546875,0.259052925,0.2451253484375,0.22841225625,0.2451253484375,0.16991643437499998,0.25626740937500003,0.11699164375,0.3008356546875,0.07520891406249999,0.3871866296875,0.058495821875,0.484679665625,0.0779944296875,0.5125348187500001
1172,2700_jpg.rf.25cb24d2a8c96e28d06a77a57aaf45c5.jpg,glioma,0.2841225625,0.231197771875,0.25348189374999996,0.27298050156250003,0.250696378125,0.32869080781250004,0.2646239546875,0.373259053125,0.31476323125,0.4178272984375,0.42339832812499995,0.4178272984375,0.45125348125000003,0.3899721453125,0.48189415,0.3259052921875,0.46239554375,0.2200557109375,0.37604456875,0.19777158749999998,0.2841225625,0.231197771875,0,0,0,0,0,0
1173,16_jpg.rf.3004711dc703c13b22f953ad1e157009.jpg,meningioma,0.3454039,0.5793871859374999,0.3621169921875,0.5821727015625,0.3927576609375,0.53760445625,0.398328690625,0.49582172656249995,0.3704735375,0.4568245125,0.3454039,0.4484679671875,0.3342618390625,0.47632312031249996,0.337047353125,0.5571030640625,0.3454039,0.5793871859374999,0,0,0,0,0,0,0,0,0,0
1174,650_jpg.rf.b9e57b4eeec0f9c2a02e8fcbac593a41.jpg,meningioma,0.49303621093750005,0.292479109375,0.46239554375,0.25348189374999996,0.398328690625,0.2339832875,0.3788300828125,0.20334261874999998,0.3537604453125,0.19777158749999998,0.2646239546875,0.2646239546875,0.2089136484375,0.3816155984375,0.2200557109375,0.45125348125000003,0.23676880156250002,0.479108634375,0.261838440625,0.5013927578125,0.337047353125,0.5348189421875,0.3704735375,0.5320334265625,0.45125348125000003,0.48189415,0.48189415,0.4178272984375
1175,2840_jpg.rf.d4ec8a209a7e5bcd5fe74755b2dd7651.jpg,glioma,0.34261838437500003,0.6768802234375,0.3565459609375,0.71030640625,0.37604456875,0.7214484671875,0.43454039062499994,0.7214484671875,0.48746518125,0.7047353765625,0.5877437328124999,0.713091921875,0.6406685234375,0.62395543125,0.740947075,0.49303621093750005,0.738161559375,0.45125348125000003,0.707520890625,0.44568245156249997,0.682451253125,0.46239554375,0.6490250703125,0.5069637890625,0.6211699171875,0.57381615625,0.5905292484375,0.59888579375
1176,1814_jpg.rf.72cf86363994d5f1776b612e182d5487.jpg,pituitary,0.6740947078125,0.3927576609375,0.7158774375,0.40668523749999996,0.7325905296874999,0.36490250625,0.738161559375,0.3091922,0.7158774375,0.2841225625,0.6796657374999999,0.281337046875,0.651810584375,0.3036211703125,0.6462395546875,0.3621169921875,0.6740947078125,0.3927576609375,0,0,0,0,0,0,0,0,0,0
1177,94_jpg.rf.7488214d4cfd5139a050994346c53080.jpg,meningioma,0.49582172656249995,0.27298050156250003,0.4568245125,0.25348189374999996,0.43175487500000004,0.2980501390625,0.4401114203125,0.37604456875,0.42339832812499995,0.40389972187499995,0.428969359375,0.428969359375,0.47632312031249996,0.459610028125,0.5626740953125,0.44568245156249997,0.5793871859374999,0.4178272984375,0.571030640625,0.348189415625,0.5515320328125,0.3314763234375,0.5041782734375,0.32033426249999997,0.49582172656249995,0.27298050156250003,0,0
1178,2421_jpg.rf.959343e203e744a6f2a70a637eae1e35.jpg,glioma,0.604456825,0.62395543125,0.601671309375,0.596100278125,0.5877437328124999,0.5793871859374999,0.54874651875,0.576601671875,0.4484679671875,0.6100278546875,0.4401114203125,0.6545961,0.3844011140625,0.6852367687500001,0.3314763234375,0.740947075,0.292479109375,0.7520891359374999,0.281337046875,0.7715877437499999,0.3347526875,0.7908687328124999,0.3918896046875,0.7807011171875,0.5320334265625,0.7298050140625,0.5793871859374999,0.6768802234375
1179,528_jpg.rf.d6eba6edc3ae51a12861940702a3ab89.jpg,meningioma,0.286908078125,0.824512534375,0.25348189374999996,0.85793871875,0.2423398328125,0.8830083562500001,0.2423398328125,0.9275766015625001,0.2841225625,0.9554317546875,0.3871866296875,0.9749303625,0.428969359375,0.9331476328124999,0.43454039062499994,0.8774373265625,0.398328690625,0.824512534375,0.32869080781250004,0.8077994421874999,0.286908078125,0.824512534375,0,0,0,0,0,0
1180,2897_jpg.rf.e628031ea22e5293077035252ada9a38.jpg,glioma,0.48189415,0.45403899687499993,0.4568245125,0.4484679671875,0.42618384374999996,0.4568245125,0.3899721453125,0.48746518125,0.4094707515625,0.520891365625,0.4401114203125,0.63509749375,0.484679665625,0.6768802234375,0.5571030640625,0.6852367687500001,0.5877437328124999,0.6657381609375,0.6378830078125,0.59888579375,0.5933147625,0.5431754875,0.49860724218749997,0.5041782734375,0.48189415,0.45403899687499993,0,0
1181,2081_jpg.rf.956fc26f133109b538a0e3951f0ee7d6.jpg,glioma,0.6852367687500001,0.45403899687499993,0.6796657374999999,0.484679665625,0.7270194984375,0.520891365625,0.7604456828124999,0.4707520890625,0.71030640625,0.42618384374999996,0.6852367687500001,0.45403899687499993,0,0,0,0,0,0,0,0,0,0,0,0,0,0,0,0
1182,18_jpg.rf.8fcda70fbc3a35595aad7abf32e05234.jpg,meningioma,0.28969359375,0.5877437328124999,0.34261838437500003,0.5905292484375,0.3704735375,0.5654596093750001,0.35933147656250003,0.47353760468750006,0.3342618390625,0.45125348125000003,0.3008356546875,0.4484679671875,0.2674094703125,0.4707520890625,0.24791086406249999,0.5348189421875,0.28969359375,0.5877437328124999,0,0,0,0,0,0,0,0,0,0
1183,869_jpg.rf.76f31523f6159e696a5bc43c61e08fd5.jpg,glioma,0.42618384374999996,0.490250696875,0.4679665734375,0.4484679671875,0.5571030640625,0.311977715625,0.604456825,0.2952646234375,0.632311978125,0.2646239546875,0.632311978125,0.2200557109375,0.5821727015625,0.1838440109375,0.54874651875,0.1866295265625,0.5264623953124999,0.22284122499999998,0.5041782734375,0.2144846796875,0.47632312031249996,0.1253481890625,0.4484679671875,0.0947075203125,0.4428969359375,0.0612813375,0.4150417828125,0.050139275000000004
1184,1640_jpg.rf.fdbf1a223fb9d9e4a481e55063211cd1.jpg,pituitary,0.5626740953125,0.3621169921875,0.626740946875,0.3454039,0.632311978125,0.2980501390625,0.6183844015625,0.27298050156250003,0.5849582171875001,0.24791086406249999,0.5292479109375,0.231197771875,0.5348189421875,0.281337046875,0.5236768796875,0.34261838437500003,0.5626740953125,0.3621169921875,0,0,0,0,0,0,0,0,0,0
1185,1221_jpg.rf.39821b7533d58b80fb80db8f40ffad14.jpg,pituitary,0.6685236765625,0.45125348125000003,0.6713091921875,0.40668523749999996,0.6545961,0.35933147656250003,0.626740946875,0.32869080781250004,0.601671309375,0.3259052921875,0.5459610031250001,0.32869080781250004,0.5236768796875,0.33983286874999996,0.479108634375,0.3899721453125,0.46518105781249997,0.42618384374999996,0.4707520890625,0.4428969359375,0.48746518125,0.4568245125,0.509749303125,0.4568245125,0.5459610031250001,0.43175487500000004,0.5877437328124999,0.46518105781249997
1186,823_jpg.rf.b5f297e022053b341056d27e285e0ca6.jpg,glioma,0.4484679671875,0.22562674062500002,0.4178272984375,0.2339832875,0.398328690625,0.25626740937500003,0.4122562671875,0.3259052921875,0.44568245156249997,0.34261838437500003,0.49860724218749997,0.33983286874999996,0.5292479109375,0.3008356546875,0.5292479109375,0.2089136484375,0.515320334375,0.1866295265625,0.48189415,0.1838440109375,0.4484679671875,0.22562674062500002,0,0,0,0,0,0
1187,2487_jpg.rf.e35dc7a8a9b81f2ee9a699b28bc58a2d.jpg,glioma,0.1866295265625,0.576601671875,0.175487465625,0.5933147625,0.1838440109375,0.651810584375,0.23676880156250002,0.688022284375,0.32869080781250004,0.6935933140625,0.3454039,0.6713091921875,0.3454039,0.6490250703125,0.32033426249999997,0.5905292484375,0.2674094703125,0.5626740953125,0.22562674062500002,0.5598885796874999,0.1866295265625,0.576601671875,0,0,0,0,0,0
1188,2621_jpg.rf.0e5b0e75b2cf7de04b3a39ab2332cc8e.jpg,glioma,0.6378830078125,0.8690807796875,0.6740947078125,0.8217270187500001,0.6713091921875,0.768802228125,0.62395543125,0.6852367687500001,0.6211699171875,0.6406685234375,0.5933147625,0.6211699171875,0.5793871859374999,0.596100278125,0.5598885796874999,0.5933147625,0.5041782734375,0.6601671312499999,0.49303621093750005,0.7186629531250001,0.42618384374999996,0.7883008359375,0.367688021875,0.880222840625,0.32033426249999997,0.8885793874999999,0.2395543171875,0.8774373265625
1189,2190_jpg.rf.29cee439956b9a86e0b9599044f7418f.jpg,glioma,0.6100278546875,0.855153203125,0.738161559375,0.799442896875,0.79665738125,0.8077994421874999,0.8467966578125001,0.793871865625,0.8523676874999999,0.7827298046875,0.835654596875,0.74651810625,0.774373259375,0.6685236765625,0.777158775,0.62395543125,0.6935933140625,0.5905292484375,0.601671309375,0.5264623953124999,0.6072423390624999,0.5821727015625,0.5431754875,0.5877437328124999,0.5125348187500001,0.601671309375,0.4373259046875,0.7047353765625
1190,346_jpg.rf.45105367038f76c2cd45a05790fb3a55.jpg,meningioma,0.7325905296874999,0.568245125,0.7186629531250001,0.47632312031249996,0.8022284125000001,0.34261838437500003,0.7520891359374999,0.3064066859375,0.6852367687500001,0.3036211703125,0.6295264625,0.317548746875,0.6128133703125,0.3342618390625,0.604456825,0.39554317499999997,0.632311978125,0.43175487500000004,0.6183844015625,0.4373259046875,0.596100278125,0.4206128140625,0.5821727015625,0.45403899687499993,0.601671309375,0.49860724218749997,0.6434540390625,0.54874651875
1191,2055_jpg.rf.8682ae1ddedd32a446c01025dacfe4a2.jpg,glioma,0.2980501390625,0.5013927578125,0.317548746875,0.5459610031250001,0.317548746875,0.5793871859374999,0.43454039062499994,0.57381615625,0.44568245156249997,0.5515320328125,0.42618384374999996,0.49860724218749997,0.43454039062499994,0.48189415,0.2952646234375,0.47353760468750006,0.2757660171875,0.484679665625,0.2980501390625,0.5013927578125,0,0,0,0,0,0,0,0
1192,257_jpg.rf.2141598e766a08eb21bf0463ebac5faa.jpg,meningioma,0.40389972187499995,0.3899721453125,0.3621169921875,0.42339832812499995,0.3454039,0.459610028125,0.34261838437500003,0.5069637890625,0.3844011140625,0.568245125,0.4150417828125,0.5849582171875001,0.45125348125000003,0.5849582171875001,0.49582172656249995,0.5264623953124999,0.53760445625,0.5292479109375,0.5543175484375,0.4679665734375,0.5348189421875,0.4428969359375,0.40389972187499995,0.3899721453125,0,0,0,0
1193,2181_jpg.rf.34cdb0849eaa7cd6fc711fd1e0ca0b04.jpg,glioma,0.777158775,0.3788300828125,0.7604456828124999,0.35933147656250003,0.6490250703125,0.348189415625,0.632311978125,0.40389972187499995,0.632311978125,0.515320334375,0.6406685234375,0.5320334265625,0.7047353765625,0.54874651875,0.743732590625,0.5236768796875,0.7660167125,0.49303621093750005,0.830083565625,0.46239554375,0.830083565625,0.44568245156249997,0.8133704734375,0.42618384374999996,0.7855153203125,0.4206128140625,0.777158775,0.3788300828125
1194,2618_jpg.rf.a2b08908a7f3e2616681485e5776193c.jpg,glioma,0.5431754875,0.855153203125,0.5933147625,0.85793871875,0.6545961,0.8328690812499999,0.651810584375,0.7799442890625,0.6713091921875,0.7576601671875001,0.6657381609375,0.662952646875,0.632311978125,0.6462395546875,0.5431754875,0.6406685234375,0.484679665625,0.743732590625,0.42339832812499995,0.7910863515625,0.40389972187499995,0.8272980499999999,0.3537604453125,0.8440111421875001,0.25626740937500003,0.8412256265625,0.25626740937500003,0.8774373265625
1195,2450_jpg.rf.90492a4059fbd2735a18d959883028d7.jpg,glioma,0.31476323125,0.651810584375,0.4206128140625,0.7325905296874999,0.4568245125,0.743732590625,0.48189415,0.7186629531250001,0.484679665625,0.6768802234375,0.45403899687499993,0.62395543125,0.48189415,0.6183844015625,0.5041782734375,0.596100278125,0.5515320328125,0.601671309375,0.6128133703125,0.568245125,0.651810584375,0.5125348187500001,0.6490250703125,0.4679665734375,0.632311978125,0.4484679671875,0.6072423390624999,0.4428969359375
1196,11_jpg.rf.95ffcf536dcb82ba8513241de50e17d6.jpg,meningioma,0.6462395546875,0.4484679671875,0.596100278125,0.43454039062499994,0.540389971875,0.43454039062499994,0.49860724218749997,0.45125348125000003,0.47632312031249996,0.490250696875,0.47632312031249996,0.5849582171875001,0.509749303125,0.626740946875,0.571030640625,0.6685236765625,0.6183844015625,0.6768802234375,0.6713091921875,0.662952646875,0.7298050140625,0.6072423390624999,0.7298050140625,0.5654596093750001,0.707520890625,0.490250696875,0.6462395546875,0.4484679671875
1197,2065_jpg.rf.10b9bc52801130e231b71d7f5e00ce77.jpg,glioma,0.373259053125,0.688022284375,0.4094707515625,0.7270194984375,0.4707520890625,0.713091921875,0.48746518125,0.6935933140625,0.46518105781249997,0.5905292484375,0.42339832812499995,0.5849582171875001,0.3871866296875,0.6155988859375,0.3704735375,0.6545961,0.373259053125,0.688022284375,0,0,0,0,0,0,0,0,0,0
1198,1659_jpg.rf.38ff712e48863df32444e55465bb20c9.jpg,pituitary,0.7019498609375,0.479108634375,0.738161559375,0.479108634375,0.740947075,0.4679665734375,0.7158774375,0.43175487500000004,0.7158774375,0.40668523749999996,0.6796657374999999,0.3844011140625,0.6573816156250001,0.4150417828125,0.651810584375,0.45125348125000003,0.7019498609375,0.479108634375,0,0,0,0,0,0,0,0,0,0
1199,1683_jpg.rf.78f6a6a312040c5e843bdf465d329f2b.jpg,pituitary,0.5515320328125,0.515320334375,0.571030640625,0.48746518125,0.571030640625,0.4373259046875,0.4679665734375,0.3788300828125,0.46239554375,0.3927576609375,0.484679665625,0.48746518125,0.515320334375,0.515320334375,0.5515320328125,0.515320334375,0,0,0,0,0,0,0,0,0,0,0,0
1200,2625_jpg.rf.a203e0ecde956dae7b6b1d9be19d7e90.jpg,glioma,0.25626740937500003,0.490250696875,0.2395543171875,0.5571030640625,0.259052925,0.571030640625,0.2952646234375,0.5626740953125,0.2952646234375,0.49582172656249995,0.31476323125,0.4373259046875,0.3036211703125,0.40668523749999996,0.281337046875,0.40389972187499995,0.2451253484375,0.4178272984375,0.25626740937500003,0.490250696875,0,0,0,0,0,0,0,0
1201,268_jpg.rf.3e109cde23a7988711d7fdc4a35455c2.jpg,meningioma,0.71030640625,0.5459610031250001,0.6685236765625,0.5348189421875,0.6128133703125,0.5654596093750001,0.5933147625,0.601671309375,0.5933147625,0.632311978125,0.6100278546875,0.6685236765625,0.632311978125,0.688022284375,0.6601671312499999,0.7019498609375,0.6908078,0.7019498609375,0.7242339828125,0.688022284375,0.749303621875,0.63509749375,0.749303621875,0.59888579375,0.71030640625,0.5459610031250001,0,0
1202,129_jpg.rf.7f5d6289c031d90ab9e89eb4cea7cd83.jpg,meningioma,0.3509749296875,0.8467966578125001,0.337047353125,0.8133704734375,0.3899721453125,0.830083565625,0.42339832812499995,0.8189415046875,0.45125348125000003,0.7548746515625,0.45403899687499993,0.6685236765625,0.39554317499999997,0.6183844015625,0.33983286874999996,0.6155988859375,0.281337046875,0.651810584375,0.20334261874999998,0.6713091921875,0.1532033421875,0.7019498609375,0.1337047359375,0.7298050140625,0.13649024999999998,0.7576601671875001,0.194986071875,0.7520891359374999
1203,2107_jpg.rf.8803c1f89efa304bbb4392197c8fe466.jpg,glioma,0.6740947078125,0.16991643437499998,0.651810584375,0.14206128125,0.5654596093750001,0.1253481890625,0.459610028125,0.13649024999999998,0.36490250625,0.175487465625,0.367688021875,0.21169916406249997,0.4206128140625,0.3008356546875,0.5069637890625,0.3704735375,0.5292479109375,0.40389972187499995,0.576601671875,0.3899721453125,0.6183844015625,0.3509749296875,0.6462395546875,0.311977715625,0.6796657374999999,0.2200557109375,0.6740947078125,0.16991643437499998
1204,1007_jpg.rf.d2ff78395394770c2ea7fd02965bccb1.jpg,pituitary,0.32033426249999997,0.5571030640625,0.367688021875,0.5431754875,0.43454039062499994,0.5543175484375,0.4428969359375,0.5348189421875,0.4373259046875,0.4401114203125,0.3509749296875,0.4178272984375,0.3231197765625,0.4373259046875,0.32869080781250004,0.540389971875,0.32033426249999997,0.5571030640625,0,0,0,0,0,0,0,0,0,0
1205,2533_jpg.rf.b5c31a4867f1ccbd1673de83de38aa5d.jpg,glioma,0,0.3151611609375,0.00557103125,0.311977715625,0.08077994375,0.31476323125,0.1587743734375,0.3509749296875,0.1894150421875,0.3927576609375,0.2339832875,0.4122562671875,0.2701949859375,0.4122562671875,0.3565459609375,0.36490250625,0.3788300828125,0.31476323125,0.373259053125,0.27298050156250003,0.3509749296875,0.259052925,0.317548746875,0.2757660171875,0.250696378125,0.261838440625,0.2339832875,0.2200557109375
1206,2356_jpg.rf.c5b2432c039a6fd08a5e5f36a021696d.jpg,glioma,0.2952646234375,0.8467966578125001,0.337047353125,0.8495821734375,0.367688021875,0.824512534375,0.367688021875,0.7910863515625,0.3871866296875,0.7715877437499999,0.3899721453125,0.6963788296875,0.348189415625,0.6713091921875,0.2785515328125,0.6713091921875,0.2785515328125,0.6573816156250001,0.32033426249999997,0.6100278546875,0.317548746875,0.576601671875,0.3036211703125,0.5571030640625,0.286908078125,0.5571030640625,0.261838440625,0.57381615625
1207,585_jpg.rf.c1341c2d60a52cac7034932abee7e57b.jpg,meningioma,0.3788300828125,0.63509749375,0.40389972187499995,0.6434540390625,0.428969359375,0.6155988859375,0.43175487500000004,0.57381615625,0.4206128140625,0.5543175484375,0.398328690625,0.5515320328125,0.36490250625,0.5821727015625,0.3621169921875,0.6128133703125,0.3788300828125,0.63509749375,0,0,0,0,0,0,0,0,0,0
1208,2546_jpg.rf.c80aeff1e8b46569eb189e52b5cc8088.jpg,glioma,0.348189415625,0.261838440625,0.317548746875,0.250696378125,0.2980501390625,0.22284122499999998,0.286908078125,0.22284122499999998,0.2395543171875,0.2339832875,0.23676880156250002,0.25626740937500003,0.20334261874999998,0.3091922,0.2395543171875,0.45125348125000003,0.2646239546875,0.46239554375,0.2980501390625,0.46239554375,0.348189415625,0.4373259046875,0.3871866296875,0.3844011140625,0.3844011140625,0.3509749296875,0.35933147656250003,0.32869080781250004
1209,1527_jpg.rf.0ac79d302602c4e82380081c18a7df1e.jpg,pituitary,0.3871866296875,0.49582172656249995,0.4178272984375,0.5013927578125,0.43454039062499994,0.5236768796875,0.4679665734375,0.540389971875,0.51810585,0.5292479109375,0.51810585,0.49582172656249995,0.5013927578125,0.4679665734375,0.4094707515625,0.459610028125,0.3844011140625,0.479108634375,0.3871866296875,0.49582172656249995,0,0,0,0,0,0,0,0
1210,1161_jpg.rf.a091ea850fb0f83b85a951e50142a71f.jpg,pituitary,0.626740946875,0.5515320328125,0.6685236765625,0.6072423390624999,0.71030640625,0.62395543125,0.7325905296874999,0.6211699171875,0.7883008359375,0.5459610031250001,0.7910863515625,0.48189415,0.7660167125,0.44568245156249997,0.6796657374999999,0.4401114203125,0.632311978125,0.48746518125,0.626740946875,0.5515320328125,0,0,0,0,0,0,0,0
1211,2613_jpg.rf.f88dd39caf10ef638f8923475b040c7e.jpg,glioma,0.5292479109375,0.49582172656249995,0.6183844015625,0.5069637890625,0.6406685234375,0.49582172656249995,0.6406685234375,0.48189415,0.604456825,0.40389972187499995,0.5877437328124999,0.3342618390625,0.576601671875,0.3537604453125,0.5654596093750001,0.46239554375,0.5292479109375,0.49582172656249995,0,0,0,0,0,0,0,0,0,0
1212,1920_jpg.rf.4c878d173e7977e182b2fc6a9fc3b9f4.jpg,glioma,0.49303621093750005,0.749303621875,0.5041782734375,0.7604456828124999,0.484679665625,0.7715877437499999,0.45125348125000003,0.8217270187500001,0.44568245156249997,0.860724234375,0.48746518125,0.885793871875,0.540389971875,0.8969359328125,0.5431754875,0.880222840625,0.515320334375,0.8635097500000001,0.520891365625,0.8412256265625,0.5041782734375,0.8077994421874999,0.571030640625,0.7353760453125,0.571030640625,0.6935933140625,0.509749303125,0.5821727015625
1213,2053_jpg.rf.6f4175d65c7448a8714489db9efd0d18.jpg,glioma,0.509749303125,0.604456825,0.568245125,0.6183844015625,0.59888579375,0.6434540390625,0.6852367687500001,0.6713091921875,0.7604456828124999,0.6601671312499999,0.7604456828124999,0.632311978125,0.74651810625,0.6183844015625,0.6601671312499999,0.5905292484375,0.6378830078125,0.5320334265625,0.6183844015625,0.5292479109375,0.6100278546875,0.509749303125,0.6155988859375,0.42618384374999996,0.6991643453124999,0.40111420625000005,0.7186629531250001,0.3816155984375
1214,2555_jpg.rf.2dac1145e9b14ac343b21c225073e1c8.jpg,glioma,0.40668523749999996,0.5877437328124999,0.4150417828125,0.63509749375,0.47632312031249996,0.6406685234375,0.509749303125,0.6128133703125,0.5571030640625,0.604456825,0.57381615625,0.5905292484375,0.5571030640625,0.5598885796874999,0.47632312031249996,0.5459610031250001,0.4428969359375,0.5571030640625,0.40668523749999996,0.5877437328124999,0,0,0,0,0,0,0,0
1215,701_jpg.rf.b159de1fd4b6d8574b63d0993629b46a.jpg,meningioma,0.055710306249999994,0.6434540390625,0.0473537609375,0.651810584375,0.050139275000000004,0.6852367687500001,0.083565459375,0.7910863515625,0.144846796875,0.8662952640625001,0.16713091875,0.880222840625,0.20055710312500002,0.8774373265625,0.22284122499999998,0.85793871875,0.24791086406249999,0.8077994421874999,0.2395543171875,0.7325905296874999,0.1866295265625,0.6685236765625,0.055710306249999994,0.6434540390625,0,0,0,0
1216,1196_jpg.rf.23af09974a081eefb83b9e668aa5f26f.jpg,pituitary,0.5571030640625,0.43454039062499994,0.6072423390624999,0.428969359375,0.6295264625,0.373259053125,0.626740946875,0.337047353125,0.604456825,0.32033426249999997,0.5431754875,0.3091922,0.5125348187500001,0.3314763234375,0.51810585,0.4206128140625,0.5571030640625,0.43454039062499994,0,0,0,0,0,0,0,0,0,0
1217,2599_jpg.rf.da7e55d18ce8c91f46001e3b3dcff517.jpg,glioma,0.089136490625,0.49303621093750005,0.07520891406249999,0.51810585,0.0779944296875,0.576601671875,0.089136490625,0.596100278125,0.21169916406249997,0.6072423390624999,0.23676880156250002,0.5933147625,0.2423398328125,0.54874651875,0.22284122499999998,0.5041782734375,0.16155988906250002,0.479108634375,0.1253481890625,0.479108634375,0.089136490625,0.49303621093750005,0,0,0,0,0,0
1218,1594_jpg.rf.dbee03c5b8cdd388506a59c9bd32f01e.jpg,pituitary,0.5264623953124999,0.54874651875,0.5348189421875,0.5320334265625,0.540389971875,0.45403899687499993,0.515320334375,0.4428969359375,0.49860724218749997,0.459610028125,0.484679665625,0.5041782734375,0.49582172656249995,0.5543175484375,0.5264623953124999,0.54874651875,0,0,0,0,0,0,0,0,0,0,0,0
1219,2099_jpg.rf.3f2ea568906f41db0dedaadf58dbedb3.jpg,glioma,0.484679665625,0.2785515328125,0.4679665734375,0.2785515328125,0.43175487500000004,0.3064066859375,0.45403899687499993,0.34261838437500003,0.47632312031249996,0.3314763234375,0.490250696875,0.2952646234375,0.484679665625,0.2785515328125,0,0,0,0,0,0,0,0,0,0,0,0,0,0
1220,519_jpg.rf.778a1e8beff8a6d9809caeab6281235a.jpg,meningioma,0,0.62395543125,0.025069637500000002,0.62395543125,0.0445682453125,0.601671309375,0.0445682453125,0.5626740953125,0.025069637500000002,0.53760445625,0,0.5286510140625,0,0.62395543125,0,0,0,0,0,0,0,0,0,0,0,0,0,0
1221,2224_jpg.rf.cc8c3367deed6fdee1c04099868d7b30.jpg,glioma,0.5236768796875,0.8217270187500001,0.576601671875,0.8161559890625,0.604456825,0.777158775,0.604456825,0.749303621875,0.5515320328125,0.6852367687500001,0.509749303125,0.6713091921875,0.459610028125,0.7186629531250001,0.4568245125,0.7632311984375,0.5236768796875,0.8217270187500001,0,0,0,0,0,0,0,0,0,0
1222,1946_jpg.rf.a9a895f60e4f036542cc56da0d9c17e2.jpg,glioma,0.5571030640625,0.1504178265625,0.5515320328125,0.13649024999999998,0.5236768796875,0.13649024999999998,0.42339832812499995,0.1532033421875,0.27298050156250003,0.20334261874999998,0.2646239546875,0.22841225625,0.2701949859375,0.2395543171875,0.2841225625,0.23676880156250002,0.311977715625,0.311977715625,0.3342618390625,0.3231197765625,0.3927576609375,0.2785515328125,0.4373259046875,0.3314763234375,0.490250696875,0.34261838437500003,0.5571030640625,0.1504178265625
1223,2522_jpg.rf.3f94979775241664d90d08766287bcd3.jpg,glioma,0.571030640625,0.54874651875,0.54874651875,0.54874651875,0.5069637890625,0.5626740953125,0.49582172656249995,0.576601671875,0.484679665625,0.6211699171875,0.49582172656249995,0.6434540390625,0.51810585,0.6657381609375,0.6100278546875,0.713091921875,0.6406685234375,0.7242339828125,0.662952646875,0.7186629531250001,0.6740947078125,0.63509749375,0.6545961,0.596100278125,0.571030640625,0.54874651875,0,0
1224,2137_jpg.rf.734c1c4d601da2b831927153f939fa45.jpg,glioma,0.4428969359375,0.43175487500000004,0.48189415,0.43454039062499994,0.48746518125,0.42339832812499995,0.42618384374999996,0.4122562671875,0.3927576609375,0.42339832812499995,0.37604456875,0.40668523749999996,0.3844011140625,0.3788300828125,0.348189415625,0.3844011140625,0.32033426249999997,0.373259053125,0.2841225625,0.3259052921875,0.28969359375,0.2646239546875,0.27298050156250003,0.261838440625,0.22841225625,0.2785515328125,0.20055710312500002,0.31476323125
1225,2729_jpg.rf.30e990e479f40256cc8d7b86a28508d3.jpg,glioma,0.4122562671875,0.5654596093750001,0.35933147656250003,0.5626740953125,0.292479109375,0.576601671875,0.2339832875,0.6378830078125,0.22284122499999998,0.7214484671875,0.23676880156250002,0.7799442890625,0.281337046875,0.8077994421874999,0.367688021875,0.8328690812499999,0.5654596093750001,0.8189415046875,0.571030640625,0.793871865625,0.5598885796874999,0.7660167125,0.479108634375,0.6100278546875,0.4122562671875,0.5654596093750001,0,0
1226,1369_jpg.rf.439c0e98fb7cb6ecf8efc77f1bb295ae.jpg,pituitary,0.32033426249999997,0.5933147625,0.39554317499999997,0.5905292484375,0.398328690625,0.5515320328125,0.3816155984375,0.515320334375,0.3565459609375,0.49582172656249995,0.3231197765625,0.49582172656249995,0.3036211703125,0.5348189421875,0.3064066859375,0.5849582171875001,0.32033426249999997,0.5933147625,0,0,0,0,0,0,0,0,0,0
1227,1988_jpg.rf.ed133a42851587620a93f570a3cf404b.jpg,glioma,0.2339832875,0.6406685234375,0.2785515328125,0.62395543125,0.286908078125,0.59888579375,0.2646239546875,0.5320334265625,0.22841225625,0.509749303125,0.17270195,0.5069637890625,0.14206128125,0.5292479109375,0.1504178265625,0.576601671875,0.2339832875,0.6406685234375,0,0,0,0,0,0,0,0,0,0
1228,1509_jpg.rf.288a08c0d3632f47f8ec519e358ffd20.jpg,pituitary,0.738161559375,0.5821727015625,0.738161559375,0.5320334265625,0.6991643453124999,0.4401114203125,0.651810584375,0.40668523749999996,0.604456825,0.4428969359375,0.596100278125,0.46518105781249997,0.5598885796874999,0.46518105781249997,0.5543175484375,0.484679665625,0.5626740953125,0.5125348187500001,0.5933147625,0.5320334265625,0.6155988859375,0.6100278546875,0.6434540390625,0.63509749375,0.6713091921875,0.63509749375,0.6796657374999999,0.596100278125
1229,502_jpg.rf.9d11430f4f11c66baedd00ac39b66d9d.jpg,meningioma,0.6657381609375,0.42618384374999996,0.6100278546875,0.4178272984375,0.5905292484375,0.428969359375,0.5654596093750001,0.4679665734375,0.5654596093750001,0.5515320328125,0.6100278546875,0.596100278125,0.682451253125,0.6155988859375,0.71030640625,0.6128133703125,0.768802228125,0.5543175484375,0.777158775,0.49303621093750005,0.7270194984375,0.4568245125,0.682451253125,0.44568245156249997,0.6657381609375,0.42618384374999996,0,0
1230,2532_jpg.rf.2bd9c34b4e5d26d328c1b300f4708a62.jpg,glioma,0.19777158749999998,0.4150417828125,0.231197771875,0.4150417828125,0.250696378125,0.3788300828125,0.286908078125,0.367688021875,0.40668523749999996,0.2701949859375,0.398328690625,0.261838440625,0.3565459609375,0.286908078125,0.32869080781250004,0.286908078125,0.2952646234375,0.2646239546875,0.2841225625,0.2423398328125,0.2423398328125,0.25348189374999996,0.25626740937500003,0.1476323125,0.24791086406249999,0.12813370468750002,0.231197771875,0.12813370468750002
1231,1467_jpg.rf.fda3cc30354fddd194401a45f7fb3a06.jpg,pituitary,0.509749303125,0.47353760468750006,0.5320334265625,0.53760445625,0.5459610031250001,0.5431754875,0.5877437328124999,0.51810585,0.604456825,0.45403899687499993,0.601671309375,0.3621169921875,0.5821727015625,0.33983286874999996,0.5626740953125,0.337047353125,0.5069637890625,0.37604456875,0.509749303125,0.47353760468750006,0,0,0,0,0,0,0,0
1232,2887_jpg.rf.06590491cac3d2aa3fa2249678d7762f.jpg,glioma,0.10863509687499999,0.777158775,0.0779944296875,0.777158775,0.0779944296875,0.79665738125,0.114206128125,0.835654596875,0.2144846796875,0.8941504171875,0.24791086406249999,0.941504178125,0.3091922,0.949860725,0.39554317499999997,0.9832869078125,0.4373259046875,0.9832869078125,0.4707520890625,0.9526462390624999,0.4707520890625,0.9080779937499999,0.4206128140625,0.880222840625,0.398328690625,0.8384401109375,0.34261838437500003,0.8105849578125
1233,1487_jpg.rf.08234c5c153b54d903915f6b09fbc564.jpg,pituitary,0.6685236765625,0.5543175484375,0.6991643453124999,0.5654596093750001,0.707520890625,0.5320334265625,0.6796657374999999,0.4679665734375,0.6796657374999999,0.4401114203125,0.6462395546875,0.4401114203125,0.632311978125,0.459610028125,0.6713091921875,0.5348189421875,0.6685236765625,0.5543175484375,0,0,0,0,0,0,0,0,0,0
1234,1662_jpg.rf.57fb3a6beb506502bc0d6316bbc7e51c.jpg,pituitary,0.6545961,0.459610028125,0.6963788296875,0.46239554375,0.7214484671875,0.4428969359375,0.7214484671875,0.42618384374999996,0.6991643453124999,0.3927576609375,0.6601671312499999,0.373259053125,0.632311978125,0.40111420625000005,0.6295264625,0.428969359375,0.6545961,0.459610028125,0,0,0,0,0,0,0,0,0,0
1235,1138_jpg.rf.b5b41f983601c7318eb8ebed27777fa3.jpg,pituitary,0.459610028125,0.4178272984375,0.4484679671875,0.4428969359375,0.46239554375,0.47632312031249996,0.46518105781249997,0.5459610031250001,0.45125348125000003,0.5821727015625,0.46518105781249997,0.59888579375,0.49860724218749997,0.601671309375,0.5264623953124999,0.5821727015625,0.51810585,0.540389971875,0.5292479109375,0.4484679671875,0.48746518125,0.4206128140625,0.459610028125,0.4178272984375,0,0,0,0
1236,2175_jpg.rf.a935fe9f788f1dc5a2ed43ddda0b4311.jpg,glioma,0.7270194984375,0.3788300828125,0.6462395546875,0.35933147656250003,0.601671309375,0.3816155984375,0.5654596093750001,0.4206128140625,0.5431754875,0.5013927578125,0.5459610031250001,0.540389971875,0.5821727015625,0.5849582171875001,0.626740946875,0.6072423390624999,0.7214484671875,0.6100278546875,0.7576601671875001,0.5849582171875001,0.777158775,0.54874651875,0.774373259375,0.4484679671875,0.7270194984375,0.3788300828125,0,0
1237,376_jpg.rf.4d0125d3eb8dd899ec2b30b9208a13b1.jpg,meningioma,0.3509749296875,0.5236768796875,0.317548746875,0.5041782734375,0.28969359375,0.5041782734375,0.22562674062500002,0.5125348187500001,0.144846796875,0.5431754875,0.052924790624999996,0.626740946875,0.09192200625,0.7242339828125,0.144846796875,0.7883008359375,0.25626740937500003,0.8718662953124999,0.32033426249999997,0.885793871875,0.3816155984375,0.8189415046875,0.3788300828125,0.6852367687500001,0.398328690625,0.601671309375,0.3509749296875,0.5236768796875
1238,347_jpg.rf.f1b0d103adbb9f24db8c284c6585f577.jpg,meningioma,0.740947075,0.4150417828125,0.777158775,0.40389972187499995,0.7910863515625,0.3454039,0.7604456828124999,0.311977715625,0.6601671312499999,0.3091922,0.626740946875,0.3314763234375,0.604456825,0.3871866296875,0.6072423390624999,0.4178272984375,0.5933147625,0.45125348125000003,0.59888579375,0.49303621093750005,0.62395543125,0.5348189421875,0.6657381609375,0.5598885796874999,0.7325905296874999,0.5654596093750001,0.7270194984375,0.49582172656249995
1239,2489_jpg.rf.c8131c9a5f28d383b82ffc797be64f9f.jpg,glioma,0.3927576609375,0.2089136484375,0.348189415625,0.16155988906250002,0.2841225625,0.1476323125,0.1587743734375,0.175487465625,0.089136490625,0.2395543171875,0.052924790624999996,0.2952646234375,0.0612813375,0.33983286874999996,0.144846796875,0.4428969359375,0.261838440625,0.45125348125000003,0.3314763234375,0.4373259046875,0.3788300828125,0.4122562671875,0.4150417828125,0.36490250625,0.42618384374999996,0.286908078125,0.3927576609375,0.2089136484375
1240,2845_jpg.rf.156a90b4fc8811cd3f76aad4d2b93bce.jpg,glioma,0.509749303125,0.5013927578125,0.48189415,0.45403899687499993,0.44568245156249997,0.4373259046875,0.4373259046875,0.45125348125000003,0.3899721453125,0.4484679671875,0.37604456875,0.46518105781249997,0.37604456875,0.49860724218749997,0.42618384374999996,0.6378830078125,0.4568245125,0.6657381609375,0.48189415,0.6657381609375,0.49860724218749997,0.651810584375,0.49303621093750005,0.5793871859374999,0.509749303125,0.5459610031250001,0.509749303125,0.5013927578125
1241,1325_jpg.rf.3b75ecf70f4d59915208416766258611.jpg,pituitary,0.3899721453125,0.5459610031250001,0.4150417828125,0.5515320328125,0.44568245156249997,0.5264623953124999,0.44568245156249997,0.5041782734375,0.4206128140625,0.47353760468750006,0.40111420625000005,0.4707520890625,0.3621169921875,0.49582172656249995,0.35933147656250003,0.51810585,0.3899721453125,0.5459610031250001,0,0,0,0,0,0,0,0,0,0
1242,1828_jpg.rf.568bdf1e37340fe0877f51fd1f32892b.jpg,pituitary,0.7186629531250001,0.484679665625,0.7632311984375,0.46518105781249997,0.777158775,0.4484679671875,0.777158775,0.4150417828125,0.749303621875,0.3565459609375,0.6963788296875,0.3231197765625,0.6490250703125,0.33983286874999996,0.6100278546875,0.2785515328125,0.576601671875,0.261838440625,0.5543175484375,0.2674094703125,0.5236768796875,0.2952646234375,0.490250696875,0.3565459609375,0.490250696875,0.39554317499999997,0.5125348187500001,0.43454039062499994
1243,1338_jpg.rf.52b95411d842761d8656761bd9bd3d4b.jpg,pituitary,0.3621169921875,0.5654596093750001,0.3927576609375,0.568245125,0.4428969359375,0.5348189421875,0.459610028125,0.48189415,0.43175487500000004,0.4568245125,0.373259053125,0.4484679671875,0.337047353125,0.4707520890625,0.32869080781250004,0.5125348187500001,0.3621169921875,0.5654596093750001,0,0,0,0,0,0,0,0,0,0
1244,229_jpg.rf.766d1d8bf5ed5f13e3225962c35f8060.jpg,meningioma,0.568245125,0.5041782734375,0.540389971875,0.46518105781249997,0.48189415,0.459610028125,0.49303621093750005,0.4150417828125,0.47353760468750006,0.4122562671875,0.428969359375,0.43175487500000004,0.40668523749999996,0.4568245125,0.3871866296875,0.53760445625,0.42339832812499995,0.5793871859374999,0.49860724218749997,0.5905292484375,0.49860724218749997,0.57381615625,0.479108634375,0.5598885796874999,0.48189415,0.5431754875,0.515320334375,0.5348189421875
1245,2510_jpg.rf.9186f30911aac051e5d2fd1d3e1db728.jpg,glioma,0.596100278125,0.6100278546875,0.62395543125,0.6100278546875,0.651810584375,0.5933147625,0.6796657374999999,0.5348189421875,0.6796657374999999,0.484679665625,0.6685236765625,0.46518105781249997,0.6128133703125,0.4206128140625,0.5320334265625,0.4178272984375,0.490250696875,0.3816155984375,0.46518105781249997,0.3788300828125,0.44568245156249997,0.3871866296875,0.43175487500000004,0.4094707515625,0.4484679671875,0.48189415,0.4150417828125,0.48189415
1246,657_jpg.rf.62c992d6f30f04df97e2005c7c411acb.jpg,meningioma,0.3314763234375,0.6406685234375,0.28969359375,0.6378830078125,0.231197771875,0.6796657374999999,0.20334261874999998,0.777158775,0.20334261874999998,0.8272980499999999,0.25348189374999996,0.8774373265625,0.35933147656250003,0.913649025,0.3788300828125,0.8440111421875001,0.373259053125,0.8133704734375,0.40389972187499995,0.7855153203125,0.42339832812499995,0.7214484671875,0.3704735375,0.6573816156250001,0.3314763234375,0.6406685234375,0,0
1247,2948_jpg.rf.0f207bf59cb091dd3242393867e3744d.jpg,glioma,0,0.5686165265625001,0.0362116984375,0.571030640625,0.11142061249999999,0.54874651875,0.1866295265625,0.490250696875,0.2144846796875,0.45125348125000003,0.21727019531249997,0.3816155984375,0.19777158749999998,0.337047353125,0.1225626734375,0.286908078125,0.0779944296875,0.281337046875,0.050139275000000004,0.28969359375,0.022284121875,0.3231197765625,0,0.382544103125,0,0.5686165265625001,0,0
1248,1877_jpg.rf.897e19e0e1989eb56a3a2eb0089eb099.jpg,glioma,0.4122562671875,0.8050139281250001,0.43175487500000004,0.743732590625,0.46239554375,0.7019498609375,0.46239554375,0.6740947078125,0.43454039062499994,0.6211699171875,0.48746518125,0.6128133703125,0.479108634375,0.5626740953125,0.4094707515625,0.520891365625,0.2674094703125,0.5013927578125,0.1559888578125,0.5264623953124999,0.144846796875,0.5515320328125,0.1587743734375,0.596100278125,0.1922005578125,0.63509749375,0.21169916406249997,0.6908078
1249,1883_jpg.rf.8087a344e1db721c0b29b485c2bbdb71.jpg,glioma,0.16434540312499998,0.57381615625,0.16991643437499998,0.6490250703125,0.2423398328125,0.707520890625,0.292479109375,0.71030640625,0.32869080781250004,0.6963788296875,0.3788300828125,0.63509749375,0.3816155984375,0.5933147625,0.34261838437500003,0.5626740953125,0.3036211703125,0.54874651875,0.2144846796875,0.5459610031250001,0.16434540312499998,0.57381615625,0,0,0,0,0,0
1250,2188_jpg.rf.d51446c6de1a26e1a317e38e417ac915.jpg,glioma,0.6713091921875,0.651810584375,0.6128133703125,0.604456825,0.5933147625,0.604456825,0.5543175484375,0.6155988859375,0.49860724218749997,0.6573816156250001,0.47353760468750006,0.6852367687500001,0.459610028125,0.7298050140625,0.46518105781249997,0.79665738125,0.48746518125,0.8272980499999999,0.5320334265625,0.855153203125,0.6295264625,0.8495821734375,0.6991643453124999,0.7910863515625,0.688022284375,0.6935933140625,0.6713091921875,0.651810584375
1251,672_jpg.rf.079e1d7265972d49692c4454f7d09cdc.jpg,meningioma,0,0.698328690625,0.0473537609375,0.740947075,0.1337047359375,0.7186629531250001,0.1476323125,0.7047353765625,0.1587743734375,0.6490250703125,0.1587743734375,0.6128133703125,0.1337047359375,0.5793871859374999,0.114206128125,0.568245125,0.0696378828125,0.568245125,0.0083565453125,0.5849582171875001,0,0.5978728796875,0,0.698328690625,0,0,0,0
1252,2711_jpg.rf.8ac3b6fb43de42df33f5d183b424a5dc.jpg,glioma,0.49860724218749997,0.348189415625,0.4568245125,0.34261838437500003,0.42339832812499995,0.37604456875,0.348189415625,0.51810585,0.348189415625,0.540389971875,0.3621169921875,0.5598885796874999,0.4373259046875,0.6128133703125,0.5013927578125,0.601671309375,0.54874651875,0.576601671875,0.5626740953125,0.47632312031249996,0.5515320328125,0.40389972187499995,0.5320334265625,0.3704735375,0.49860724218749997,0.348189415625,0,0
1253,1013_jpg.rf.24d8ee522233e9e050fa31d6ffa78037.jpg,pituitary,0.36490250625,0.5821727015625,0.3899721453125,0.576601671875,0.40668523749999996,0.5571030640625,0.43454039062499994,0.45125348125000003,0.40389972187499995,0.42618384374999996,0.3788300828125,0.42618384374999996,0.348189415625,0.45125348125000003,0.34261838437500003,0.484679665625,0.36490250625,0.5821727015625,0,0,0,0,0,0,0,0,0,0
1254,662_jpg.rf.7f32cf12d267ad176ccd2449a0a8d291.jpg,meningioma,0.799442896875,0.8217270187500001,0.835654596875,0.7632311984375,0.835654596875,0.7298050140625,0.8022284125000001,0.6490250703125,0.774373259375,0.62395543125,0.7548746515625,0.5849582171875001,0.7298050140625,0.5821727015625,0.7047353765625,0.6100278546875,0.6490250703125,0.6100278546875,0.6211699171875,0.62395543125,0.576601671875,0.707520890625,0.5821727015625,0.7548746515625,0.6183844015625,0.8161559890625,0.6211699171875,0.8412256265625
1255,2260_jpg.rf.147b281998e13a43de6ef46bf9a1b554.jpg,glioma,0.317548746875,0.48189415,0.2841225625,0.4150417828125,0.250696378125,0.398328690625,0.2339832875,0.4122562671875,0.2144846796875,0.4679665734375,0.1922005578125,0.49582172656249995,0.1894150421875,0.5236768796875,0.21169916406249997,0.5292479109375,0.22562674062500002,0.5125348187500001,0.24791086406249999,0.5125348187500001,0.281337046875,0.5348189421875,0.3036211703125,0.5348189421875,0.3231197765625,0.515320334375,0.317548746875,0.48189415
1256,1253_jpg.rf.e61d48a3f3d0bb22618ea048ab83b391.jpg,pituitary,0.5069637890625,0.5125348187500001,0.596100278125,0.5041782734375,0.6128133703125,0.46518105781249997,0.6100278546875,0.43454039062499994,0.576601671875,0.4122562671875,0.515320334375,0.4094707515625,0.4707520890625,0.45125348125000003,0.479108634375,0.49582172656249995,0.5069637890625,0.5125348187500001,0,0,0,0,0,0,0,0,0,0
1257,135_jpg.rf.0f52a1f0d9783dd8b91d4dde160a25e6.jpg,meningioma,0.1337047359375,0.367688021875,0.0612813375,0.3899721453125,0.050139275000000004,0.42339832812499995,0.052924790624999996,0.47632312031249996,0.07520891406249999,0.5236768796875,0.12813370468750002,0.5431754875,0.1810584953125,0.5459610031250001,0.20334261874999998,0.5292479109375,0.2395543171875,0.46518105781249997,0.25348189374999996,0.40389972187499995,0.2339832875,0.3871866296875,0.1337047359375,0.367688021875,0,0,0,0
1258,103_jpg.rf.1cf6230ac02d960ace279d6b6ba7033b.jpg,meningioma,0.31476323125,0.3454039,0.3231197765625,0.3231197765625,0.317548746875,0.292479109375,0.3008356546875,0.2785515328125,0.2785515328125,0.2785515328125,0.23676880156250002,0.317548746875,0.22841225625,0.348189415625,0.23676880156250002,0.367688021875,0.2144846796875,0.3927576609375,0.2144846796875,0.4206128140625,0.259052925,0.47353760468750006,0.3064066859375,0.479108634375,0.3621169921875,0.4401114203125,0.367688021875,0.398328690625
1259,2464_jpg.rf.5edab4b2779c8410018b24c0cdd13509.jpg,glioma,0.28969359375,0.398328690625,0.3314763234375,0.4150417828125,0.3454039,0.398328690625,0.373259053125,0.42339832812499995,0.3844011140625,0.3844011140625,0.428969359375,0.3927576609375,0.48746518125,0.3704735375,0.5041782734375,0.3091922,0.47632312031249996,0.24791086406249999,0.4568245125,0.2339832875,0.398328690625,0.259052925,0.3871866296875,0.2757660171875,0.367688021875,0.2701949859375,0.3537604453125,0.24791086406249999
1260,549_jpg.rf.d5b997827c9aa4749bf1e8cdfb1d6c09.jpg,meningioma,0.6183844015625,0.8105849578125,0.6295264625,0.7910863515625,0.6183844015625,0.7270194984375,0.5571030640625,0.71030640625,0.53760445625,0.749303621875,0.5431754875,0.799442896875,0.5571030640625,0.8133704734375,0.6183844015625,0.8105849578125,0,0,0,0,0,0,0,0,0,0,0,0
1261,1603_jpg.rf.267c4a14da879e388e15307e7ff91f90.jpg,pituitary,0.57381615625,0.568245125,0.571030640625,0.46518105781249997,0.5626740953125,0.4428969359375,0.5292479109375,0.428969359375,0.509749303125,0.4707520890625,0.48746518125,0.4484679671875,0.4428969359375,0.44568245156249997,0.4122562671875,0.47353760468750006,0.4094707515625,0.49860724218749997,0.42339832812499995,0.5236768796875,0.459610028125,0.5459610031250001,0.49860724218749997,0.540389971875,0.5292479109375,0.5933147625,0.5626740953125,0.5933147625
1262,2491_jpg.rf.d79a458dc3381fab15b2df6840ac827b.jpg,glioma,0.40668523749999996,0.259052925,0.373259053125,0.175487465625,0.3509749296875,0.1504178265625,0.2980501390625,0.1253481890625,0.22284122499999998,0.119777159375,0.114206128125,0.175487465625,0.0362116984375,0.2785515328125,0.033426184375,0.3259052921875,0.10863509687499999,0.42339832812499995,0.16713091875,0.4568245125,0.231197771875,0.47353760468750006,0.3342618390625,0.47353760468750006,0.37604456875,0.44568245156249997,0.4122562671875,0.373259053125
1263,60_jpg.rf.d6b44ce26635756a32e2bc73a7d078ee.jpg,meningioma,0.5069637890625,0.459610028125,0.46518105781249997,0.4707520890625,0.4401114203125,0.5013927578125,0.4373259046875,0.5515320328125,0.45403899687499993,0.5905292484375,0.49860724218749997,0.6406685234375,0.5626740953125,0.651810584375,0.6100278546875,0.6378830078125,0.6462395546875,0.5849582171875001,0.632311978125,0.5264623953124999,0.5849582171875001,0.479108634375,0.5069637890625,0.459610028125,0,0,0,0
1264,2399_jpg.rf.9e9371ae049a8987ad7c15a97687dbff.jpg,glioma,0.74651810625,0.39554317499999997,0.799442896875,0.33983286874999996,0.8272980499999999,0.337047353125,0.824512534375,0.2841225625,0.7855153203125,0.2144846796875,0.6128133703125,0.1337047359375,0.49303621093750005,0.119777159375,0.4679665734375,0.1253481890625,0.42618384374999996,0.16991643437499998,0.428969359375,0.250696378125,0.5654596093750001,0.36490250625,0.596100278125,0.3704735375,0.604456825,0.4178272984375,0.6462395546875,0.4150417828125
1265,2028_jpg.rf.9275f3307d05d0e6b4f25af5ab551a73.jpg,glioma,0.5793871859374999,0.63509749375,0.5236768796875,0.651810584375,0.49582172656249995,0.6434540390625,0.46239554375,0.6490250703125,0.4568245125,0.7186629531250001,0.47632312031249996,0.7632311984375,0.520891365625,0.777158775,0.59888579375,0.777158775,0.6406685234375,0.74651810625,0.6434540390625,0.707520890625,0.62395543125,0.6601671312499999,0.5793871859374999,0.63509749375,0,0,0,0
1266,989_jpg.rf.4920058b8a5516e0a846525736c31f42.jpg,pituitary,0.31476323125,0.5905292484375,0.3621169921875,0.5933147625,0.39554317499999997,0.5598885796874999,0.398328690625,0.47353760468750006,0.3704735375,0.45403899687499993,0.32033426249999997,0.4484679671875,0.2841225625,0.484679665625,0.286908078125,0.5515320328125,0.31476323125,0.5905292484375,0,0,0,0,0,0,0,0,0,0
1267,2375_jpg.rf.384dab6ffe7775ae916621835b9f8342.jpg,glioma,0.8133704734375,0.596100278125,0.8384401109375,0.59888579375,0.85793871875,0.5793871859374999,0.85793871875,0.54874651875,0.8440111421875001,0.5264623953124999,0.8133704734375,0.515320334375,0.793871865625,0.5236768796875,0.7827298046875,0.571030640625,0.8133704734375,0.596100278125,0,0,0,0,0,0,0,0,0,0
1268,352_jpg.rf.c93df688738de8e2d4c522b27017793f.jpg,meningioma,0.27298050156250003,0.7353760453125,0.250696378125,0.7660167125,0.2451253484375,0.8217270187500001,0.25626740937500003,0.8412256265625,0.3231197765625,0.8328690812499999,0.3788300828125,0.8412256265625,0.398328690625,0.824512534375,0.398328690625,0.777158775,0.3788300828125,0.749303621875,0.28969359375,0.7298050140625,0.27298050156250003,0.7353760453125,0,0,0,0,0,0
1269,1835_jpg.rf.ab0e1fcd4ac6ca80bb8518eb1636ecd8.jpg,pituitary,0.6490250703125,0.3036211703125,0.626740946875,0.3259052921875,0.6072423390624999,0.2980501390625,0.5877437328124999,0.2980501390625,0.571030640625,0.317548746875,0.5626740953125,0.373259053125,0.596100278125,0.3871866296875,0.6155988859375,0.373259053125,0.62395543125,0.4122562671875,0.6434540390625,0.4373259046875,0.688022284375,0.42618384374999996,0.7325905296874999,0.3816155984375,0.740947075,0.3231197765625,0.7298050140625,0.3064066859375
1270,2639_jpg.rf.ed82f826e75d482fd782b1a95a996c34.jpg,glioma,0.576601671875,0.17270195,0.5543175484375,0.13649024999999998,0.49582172656249995,0.1309192203125,0.4707520890625,0.17827298125,0.46518105781249997,0.23676880156250002,0.47632312031249996,0.28969359375,0.45125348125000003,0.2952646234375,0.4428969359375,0.317548746875,0.49860724218749997,0.33983286874999996,0.515320334375,0.4094707515625,0.53760445625,0.4150417828125,0.57381615625,0.3844011140625,0.5877437328124999,0.3454039,0.576601671875,0.17270195
1271,493_jpg.rf.c248c2036168a61fefc7e11b421451bb.jpg,meningioma,0.40389972187499995,0.17270195,0.3621169921875,0.16713091875,0.3091922,0.194986071875,0.28969359375,0.22562674062500002,0.28969359375,0.24791086406249999,0.317548746875,0.2980501390625,0.3314763234375,0.3537604453125,0.3788300828125,0.367688021875,0.3871866296875,0.3844011140625,0.428969359375,0.3871866296875,0.4484679671875,0.311977715625,0.44568245156249997,0.2395543171875,0.40389972187499995,0.17270195,0,0
1272,1099_jpg.rf.410784ddba84b15698a2c90dc3cbc90d.jpg,pituitary,0.4568245125,0.45125348125000003,0.48189415,0.4707520890625,0.49860724218749997,0.5236768796875,0.5598885796874999,0.596100278125,0.6183844015625,0.515320334375,0.6211699171875,0.45403899687499993,0.601671309375,0.3231197765625,0.53760445625,0.317548746875,0.46239554375,0.3509749296875,0.4568245125,0.45125348125000003,0,0,0,0,0,0,0,0
1273,57_jpg.rf.5951838c7be4f590676232816ee1e7ef.jpg,meningioma,0.6100278546875,0.6545961,0.6573816156250001,0.6935933140625,0.7019498609375,0.7576601671875001,0.7214484671875,0.7604456828124999,0.7576601671875001,0.7353760453125,0.7660167125,0.6963788296875,0.740947075,0.6545961,0.7047353765625,0.6545961,0.6657381609375,0.6796657374999999,0.6100278546875,0.6378830078125,0.6100278546875,0.6545961,0,0,0,0,0,0
1274,2435_jpg.rf.cbe1a90bc7b90b3ee0b64ac424f19cba.jpg,glioma,0.33983286874999996,0.6713091921875,0.367688021875,0.6490250703125,0.37604456875,0.5933147625,0.35933147656250003,0.5571030640625,0.3342618390625,0.5431754875,0.2200557109375,0.540389971875,0.1894150421875,0.5849582171875001,0.250696378125,0.6657381609375,0.33983286874999996,0.6713091921875,0,0,0,0,0,0,0,0,0,0
1275,855_jpg.rf.9e21155d493e96d3a306cfc79acf14a2.jpg,glioma,0.2952646234375,0.44568245156249997,0.25348189374999996,0.4373259046875,0.144846796875,0.4707520890625,0.11699164375,0.5069637890625,0.119777159375,0.53760445625,0.1504178265625,0.5654596093750001,0.16713091875,0.601671309375,0.2144846796875,0.6295264625,0.286908078125,0.62395543125,0.32869080781250004,0.5877437328124999,0.35933147656250003,0.5264623953124999,0.3454039,0.47632312031249996,0.2952646234375,0.44568245156249997,0,0
1276,1637_jpg.rf.09eeb7eb74d4b32c82775fb0637dc485.jpg,pituitary,0.7855153203125,0.4679665734375,0.738161559375,0.43175487500000004,0.6908078,0.4206128140625,0.5821727015625,0.4373259046875,0.5626740953125,0.45125348125000003,0.53760445625,0.49303621093750005,0.5543175484375,0.540389971875,0.5821727015625,0.5598885796874999,0.601671309375,0.5598885796874999,0.6211699171875,0.5877437328124999,0.6796657374999999,0.5849582171875001,0.7604456828124999,0.5515320328125,0.7910863515625,0.509749303125,0.7855153203125,0.4679665734375
1277,2068_jpg.rf.201dd75eb90d1c9533feaccb6fd68cb7.jpg,glioma,0.6713091921875,0.7047353765625,0.6963788296875,0.682451253125,0.688022284375,0.6295264625,0.6545961,0.59888579375,0.6128133703125,0.5821727015625,0.5515320328125,0.5793871859374999,0.53760445625,0.6462395546875,0.5626740953125,0.6852367687500001,0.6713091921875,0.7047353765625,0,0,0,0,0,0,0,0,0,0
1278,991_jpg.rf.f6a2eca84e699dbd0b5270def9f19ff0.jpg,pituitary,0.3509749296875,0.48189415,0.3454039,0.5431754875,0.373259053125,0.5654596093750001,0.4206128140625,0.57381615625,0.4484679671875,0.540389971875,0.45403899687499993,0.47632312031249996,0.42618384374999996,0.4484679671875,0.3816155984375,0.4484679671875,0.3621169921875,0.4568245125,0.3509749296875,0.48189415,0,0,0,0,0,0,0,0
1279,447_jpg.rf.c0f62f81cd298983160b8f7b882aaadc.jpg,meningioma,0.6072423390624999,0.49860724218749997,0.604456825,0.40111420625000005,0.54874651875,0.33983286874999996,0.5515320328125,0.3091922,0.5877437328124999,0.259052925,0.5849582171875001,0.2395543171875,0.5598885796874999,0.23676880156250002,0.49582172656249995,0.261838440625,0.459610028125,0.261838440625,0.43175487500000004,0.28969359375,0.42339832812499995,0.337047353125,0.44568245156249997,0.40111420625000005,0.4094707515625,0.428969359375,0.4094707515625,0.4484679671875
1280,1187_jpg.rf.67cd1d9125124498264b0148a631a3f3.jpg,pituitary,0.5598885796874999,0.2785515328125,0.515320334375,0.3008356546875,0.484679665625,0.33983286874999996,0.47632312031249996,0.3844011140625,0.49582172656249995,0.4484679671875,0.5598885796874999,0.4568245125,0.7047353765625,0.4428969359375,0.7298050140625,0.3927576609375,0.7270194984375,0.3509749296875,0.707520890625,0.311977715625,0.63509749375,0.2785515328125,0.5598885796874999,0.2785515328125,0,0,0,0
1281,886_jpg.rf.5ed2385a6157fa02219d5d57f39ee408.jpg,glioma,0.292479109375,0.1922005578125,0.2089136484375,0.1866295265625,0.1866295265625,0.20055710312500002,0.1587743734375,0.2701949859375,0.119777159375,0.4679665734375,0.1225626734375,0.5069637890625,0.1922005578125,0.5431754875,0.231197771875,0.540389971875,0.36490250625,0.479108634375,0.40668523749999996,0.4150417828125,0.40389972187499995,0.3565459609375,0.367688021875,0.2701949859375,0.292479109375,0.1922005578125,0,0
1282,358_jpg.rf.9fab5f1ecb2351b53f1342966aa9ff0c.jpg,meningioma,0.1253481890625,0.3621169921875,0.10027855156250001,0.3788300828125,0.08077994375,0.4206128140625,0.086350975,0.5069637890625,0.10863509687499999,0.5264623953124999,0.16434540312499998,0.540389971875,0.22841225625,0.540389971875,0.23676880156250002,0.479108634375,0.22841225625,0.428969359375,0.20055710312500002,0.4122562671875,0.16713091875,0.36490250625,0.1253481890625,0.3621169921875,0,0,0,0
1283,826_jpg.rf.ef8a16bba8cdad789c80dec3784597f0.jpg,glioma,0.398328690625,0.3342618390625,0.3899721453125,0.373259053125,0.40668523749999996,0.42618384374999996,0.5041782734375,0.3899721453125,0.54874651875,0.3509749296875,0.5515320328125,0.32033426249999997,0.520891365625,0.25348189374999996,0.5013927578125,0.24791086406249999,0.4401114203125,0.2701949859375,0.398328690625,0.3342618390625,0,0,0,0,0,0,0,0
1284,244_jpg.rf.c5985cecd7bf45992441e232e5debb2e.jpg,meningioma,0.571030640625,0.4094707515625,0.6378830078125,0.4122562671875,0.6768802234375,0.3788300828125,0.6908078,0.3008356546875,0.662952646875,0.2701949859375,0.6072423390624999,0.2646239546875,0.54874651875,0.2980501390625,0.5264623953124999,0.3565459609375,0.571030640625,0.4094707515625,0,0,0,0,0,0,0,0,0,0
1285,1868_jpg.rf.c629f68e4ea42835e906fb153694639c.jpg,glioma,0.5933147625,0.2980501390625,0.540389971875,0.2952646234375,0.515320334375,0.3064066859375,0.48746518125,0.33983286874999996,0.479108634375,0.3927576609375,0.49303621093750005,0.42618384374999996,0.5264623953124999,0.45125348125000003,0.568245125,0.45125348125000003,0.6406685234375,0.42618384374999996,0.6545961,0.40389972187499995,0.6545961,0.3621169921875,0.632311978125,0.3231197765625,0.5933147625,0.2980501390625,0,0
1286,2903_jpg.rf.a257ae75db5a4438586d66a6a2941dbe.jpg,glioma,0.682451253125,0.3927576609375,0.5515320328125,0.3871866296875,0.509749303125,0.4206128140625,0.48746518125,0.47353760468750006,0.479108634375,0.5292479109375,0.49303621093750005,0.5793871859374999,0.5236768796875,0.5821727015625,0.5626740953125,0.604456825,0.651810584375,0.6100278546875,0.6963788296875,0.479108634375,0.7158774375,0.46239554375,0.7158774375,0.4206128140625,0.682451253125,0.3927576609375,0,0
1287,695_jpg.rf.fb1115eb4397109735c961de18cc9825.jpg,meningioma,0.20612813437500002,0.175487465625,0.1866295265625,0.20055710312500002,0.1838440109375,0.250696378125,0.21169916406249997,0.27298050156250003,0.2395543171875,0.2757660171875,0.311977715625,0.2144846796875,0.3008356546875,0.144846796875,0.2674094703125,0.1309192203125,0.2395543171875,0.16434540312499998,0.20612813437500002,0.175487465625,0,0,0,0,0,0,0,0
1288,1875_jpg.rf.b72ddc8c5462067f83b482278c6c6645.jpg,glioma,0.5041782734375,0.5933147625,0.490250696875,0.5571030640625,0.459610028125,0.5320334265625,0.3704735375,0.5013927578125,0.32869080781250004,0.49860724218749997,0.19777158749999998,0.515320334375,0.1532033421875,0.5459610031250001,0.16991643437499998,0.6601671312499999,0.1922005578125,0.7047353765625,0.261838440625,0.7548746515625,0.373259053125,0.7855153203125,0.4094707515625,0.7827298046875,0.45403899687499993,0.749303621875,0.5013927578125,0.682451253125
1289,2495_jpg.rf.56b54316392dbd310779d8e933b67862.jpg,glioma,0.2701949859375,0.3454039,0.31476323125,0.35933147656250003,0.33983286874999996,0.32869080781250004,0.3454039,0.2646239546875,0.3314763234375,0.2339832875,0.2952646234375,0.231197771875,0.2701949859375,0.24791086406249999,0.259052925,0.32869080781250004,0.2701949859375,0.3454039,0,0,0,0,0,0,0,0,0,0
1290,3034_jpg.rf.031976c1bb738f286fadcf54f4eef311.jpg,glioma,0.4178272984375,0.713091921875,0.4679665734375,0.7158774375,0.49860724218749997,0.7019498609375,0.49860724218749997,0.6155988859375,0.47632312031249996,0.6211699171875,0.4568245125,0.6462395546875,0.43454039062499994,0.6406685234375,0.4122562671875,0.6100278546875,0.3816155984375,0.49582172656249995,0.3537604453125,0.4401114203125,0.3231197765625,0.4122562671875,0.27298050156250003,0.4094707515625,0.21727019531249997,0.42339832812499995,0.1337047359375,0.49582172656249995
1291,495_jpg.rf.47318f94567906a160675fe4879c7218.jpg,meningioma,0.3259052921875,0.9247910859375,0.34261838437500003,0.935933146875,0.373259053125,0.9275766015625001,0.39554317499999997,0.9052924796875,0.3899721453125,0.860724234375,0.3621169921875,0.8523676874999999,0.3342618390625,0.8690807796875,0.3231197765625,0.8941504171875,0.3259052921875,0.9247910859375,0,0,0,0,0,0,0,0,0,0
1292,1649_jpg.rf.14ff6d8a0eb98cf6d03b7b82e3b7ce03.jpg,pituitary,0.5543175484375,0.3342618390625,0.5571030640625,0.40111420625000005,0.6155988859375,0.42618384374999996,0.6796657374999999,0.42618384374999996,0.6935933140625,0.3899721453125,0.6852367687500001,0.3231197765625,0.6490250703125,0.2952646234375,0.604456825,0.28969359375,0.571030640625,0.3036211703125,0.5543175484375,0.3342618390625,0,0,0,0,0,0,0,0
1293,2528_jpg.rf.8bff7bb7cf4e57d6bc8c4f273664dff6.jpg,glioma,0.36490250625,0.337047353125,0.337047353125,0.3064066859375,0.286908078125,0.2841225625,0.2701949859375,0.2952646234375,0.2144846796875,0.3008356546875,0.175487465625,0.32869080781250004,0.1532033421875,0.35933147656250003,0.12813370468750002,0.4373259046875,0.1810584953125,0.4484679671875,0.22284122499999998,0.47353760468750006,0.3008356546875,0.4679665734375,0.35933147656250003,0.45125348125000003,0.3704735375,0.4094707515625,0.36490250625,0.337047353125
1294,2258_jpg.rf.97d266dd657b11442653b5536fdd1568.jpg,glioma,0.40668523749999996,0.37604456875,0.398328690625,0.373259053125,0.3537604453125,0.3899721453125,0.286908078125,0.37604456875,0.250696378125,0.3844011140625,0.21727019531249997,0.4428969359375,0.16155988906250002,0.49582172656249995,0.16434540312499998,0.5571030640625,0.337047353125,0.5543175484375,0.33983286874999996,0.47632312031249996,0.398328690625,0.4707520890625,0.3899721453125,0.4122562671875,0.40668523749999996,0.37604456875,0,0
1295,1062_jpg.rf.93b2763c27d3b6bd2b0c55a663635c7b.jpg,pituitary,0.49582172656249995,0.40389972187499995,0.47353760468750006,0.40111420625000005,0.459610028125,0.4122562671875,0.4484679671875,0.45125348125000003,0.45125348125000003,0.48746518125,0.4679665734375,0.5013927578125,0.4707520890625,0.576601671875,0.48189415,0.5877437328124999,0.5069637890625,0.5877437328124999,0.571030640625,0.568245125,0.5821727015625,0.515320334375,0.5598885796874999,0.46518105781249997,0.49582172656249995,0.40389972187499995,0,0
1296,1181_jpg.rf.53648fc3ccb54b5337eabd92b404f995.jpg,pituitary,0.5821727015625,0.39554317499999997,0.5793871859374999,0.3537604453125,0.5431754875,0.3231197765625,0.5236768796875,0.32033426249999997,0.490250696875,0.398328690625,0.520891365625,0.42339832812499995,0.5626740953125,0.4206128140625,0.5821727015625,0.39554317499999997,0,0,0,0,0,0,0,0,0,0,0,0
1297,686_jpg.rf.d3ee29bb264cbf8942cf105611679ebc.jpg,meningioma,0.6295264625,0.6963788296875,0.63509749375,0.7548746515625,0.6573816156250001,0.8050139281250001,0.6991643453124999,0.8217270187500001,0.7576601671875001,0.8022284125000001,0.777158775,0.74651810625,0.7520891359374999,0.6685236765625,0.707520890625,0.6490250703125,0.6573816156250001,0.6601671312499999,0.6295264625,0.6963788296875,0,0,0,0,0,0,0,0
1298,1144_jpg.rf.65675866a0615bdfb06f1e2c156b2d9f.jpg,pituitary,0.5264623953124999,0.484679665625,0.5431754875,0.5459610031250001,0.568245125,0.5626740953125,0.6100278546875,0.54874651875,0.6406685234375,0.5013927578125,0.6406685234375,0.484679665625,0.5905292484375,0.4150417828125,0.5515320328125,0.40389972187499995,0.5264623953124999,0.45403899687499993,0.5264623953124999,0.484679665625,0,0,0,0,0,0,0,0
1299,480_jpg.rf.73145b6aa9c06747da48d76c575a34c6.jpg,meningioma,0.604456825,0.1922005578125,0.5877437328124999,0.2144846796875,0.604456825,0.22562674062500002,0.6155988859375,0.2757660171875,0.6378830078125,0.3036211703125,0.6740947078125,0.32869080781250004,0.7270194984375,0.3231197765625,0.74651810625,0.3091922,0.7604456828124999,0.286908078125,0.7548746515625,0.2674094703125,0.6490250703125,0.20055710312500002,0.604456825,0.1922005578125,0,0,0,0
1300,63_jpg.rf.ed0ffe91708d7097f6911c710937dedb.jpg,meningioma,0.49303621093750005,0.5543175484375,0.4568245125,0.5069637890625,0.42339832812499995,0.484679665625,0.337047353125,0.4707520890625,0.2952646234375,0.490250696875,0.2674094703125,0.520891365625,0.25348189374999996,0.571030640625,0.259052925,0.6295264625,0.2952646234375,0.6768802234375,0.33983286874999996,0.7019498609375,0.40389972187499995,0.7019498609375,0.4401114203125,0.6852367687500001,0.479108634375,0.6406685234375,0.49582172656249995,0.5877437328124999
1301,2768_jpg.rf.1504f1d17c499dc1da7be8d145de1796.jpg,glioma,0.43175487500000004,0.8997214484375,0.47353760468750006,0.9247910859375,0.49860724218749997,0.9247910859375,0.509749303125,0.913649025,0.5320334265625,0.860724234375,0.540389971875,0.6991643453124999,0.53760445625,0.6713091921875,0.48189415,0.632311978125,0.44568245156249997,0.576601671875,0.428969359375,0.5013927578125,0.43175487500000004,0.45403899687499993,0.45403899687499993,0.367688021875,0.48189415,0.3231197765625,0.5348189421875,0.2757660171875
1302,1692_jpg.rf.066926ec5d69798624e99a6f8e562e13.jpg,pituitary,0.59888579375,0.3454039,0.59888579375,0.39554317499999997,0.632311978125,0.4122562671875,0.6908078,0.40668523749999996,0.707520890625,0.373259053125,0.7019498609375,0.348189415625,0.6685236765625,0.32033426249999997,0.6378830078125,0.317548746875,0.6155988859375,0.3231197765625,0.59888579375,0.3454039,0,0,0,0,0,0,0,0
1303,1842_jpg.rf.4b2b04a0fa30204ad961a3f929fa4040.jpg,glioma,0.2441276515625,0.74541996875,0.2642489828125,0.7158740890625,0.267864796875,0.6746437750000001,0.259779434375,0.642218634375,0.24926679375,0.606889128125,0.2181306234375,0.59177301875,0.17568666875,0.5847087937500001,0.1322132109375,0.5782974203125,0.1031527890625,0.5782974203125,0.06263391874999999,0.5874039140625,0.041257096874999996,0.6210343234375,0.0240819859375,0.6566400390625,0.0414244953125,0.6752547796874999,0.054464860937500005,0.6905633984375
1304,2626_jpg.rf.dd04292bc49c695eef4b701e1d61cab7.jpg,glioma,0.3788300828125,0.4373259046875,0.3314763234375,0.4206128140625,0.3231197765625,0.40668523749999996,0.2952646234375,0.40668523749999996,0.27298050156250003,0.46518105781249997,0.2757660171875,0.520891365625,0.2395543171875,0.5571030640625,0.2395543171875,0.6406685234375,0.4122562671875,0.6796657374999999,0.4206128140625,0.6657381609375,0.3816155984375,0.6378830078125,0.367688021875,0.6072423390624999,0.37604456875,0.5320334265625,0.35933147656250003,0.490250696875
1305,2965_jpg.rf.bfb176f7bb1385c6e37de4fee7f3360e.jpg,glioma,0.4150417828125,0.6406685234375,0.44568245156249997,0.6378830078125,0.4484679671875,0.6155988859375,0.43175487500000004,0.5905292484375,0.43454039062499994,0.49860724218749997,0.4178272984375,0.490250696875,0.40668523749999996,0.4150417828125,0.4122562671875,0.40389972187499995,0.4707520890625,0.39554317499999997,0.49582172656249995,0.3788300828125,0.49860724218749997,0.3231197765625,0.40111420625000005,0.3036211703125,0.3036211703125,0.311977715625,0.1894150421875,0.250696378125
1306,728_jpg.rf.9fefab0e10595f2118f053da7c1f81c3.jpg,glioma,0.62395543125,0.509749303125,0.6155988859375,0.48746518125,0.6434540390625,0.4206128140625,0.63509749375,0.3621169921875,0.6211699171875,0.337047353125,0.568245125,0.2980501390625,0.4679665734375,0.28969359375,0.3704735375,0.3091922,0.311977715625,0.3509749296875,0.281337046875,0.39554317499999997,0.28969359375,0.44568245156249997,0.33983286874999996,0.48189415,0.4484679671875,0.48746518125,0.45403899687499993,0.5041782734375
1307,66_jpg.rf.f47a15069f2f9c66a099ddc0d9992ff6.jpg,meningioma,0.43454039062499994,0.509749303125,0.4122562671875,0.48746518125,0.35933147656250003,0.48189415,0.286908078125,0.5013927578125,0.25626740937500003,0.53760445625,0.25626740937500003,0.571030640625,0.28969359375,0.6434540390625,0.33983286874999996,0.6908078,0.35933147656250003,0.688022284375,0.3788300828125,0.662952646875,0.42618384374999996,0.6378830078125,0.4484679671875,0.6072423390624999,0.45125348125000003,0.5543175484375,0.43454039062499994,0.509749303125
1308,517_jpg.rf.a466825060201f0cd3e94a0ada5021ab.jpg,meningioma,0.7298050140625,0.743732590625,0.740947075,0.713091921875,0.7158774375,0.688022284375,0.63509749375,0.6685236765625,0.6183844015625,0.7298050140625,0.6378830078125,0.7576601671875001,0.7019498609375,0.7660167125,0.7298050140625,0.743732590625,0,0,0,0,0,0,0,0,0,0,0,0
1309,1694_jpg.rf.f6a4713e8455a65d8c8639537a5710ae.jpg,pituitary,0.5626740953125,0.3231197765625,0.5459610031250001,0.348189415625,0.5515320328125,0.3927576609375,0.5654596093750001,0.40668523749999996,0.6490250703125,0.4150417828125,0.7047353765625,0.40668523749999996,0.7270194984375,0.3816155984375,0.7298050140625,0.3342618390625,0.707520890625,0.311977715625,0.6601671312499999,0.3091922,0.5626740953125,0.3231197765625,0,0,0,0,0,0
1310,1379_jpg.rf.4ea20bf5563faf203dedb8424c68d87f.jpg,pituitary,0.4679665734375,0.5431754875,0.4707520890625,0.49860724218749997,0.4568245125,0.48189415,0.4206128140625,0.479108634375,0.40111420625000005,0.5013927578125,0.40111420625000005,0.54874651875,0.44568245156249997,0.57381615625,0.4679665734375,0.5431754875,0,0,0,0,0,0,0,0,0,0,0,0
1311,2298_jpg.rf.c6161d93b5105e86febfdac797fd19eb.jpg,glioma,0.490250696875,0.8328690812499999,0.49860724218749997,0.8189415046875,0.490250696875,0.7883008359375,0.46239554375,0.777158775,0.4568245125,0.601671309375,0.398328690625,0.5069637890625,0.3788300828125,0.5320334265625,0.307925178125,0.5345747249999999,0.261838440625,0.576601671875,0.2451253484375,0.6155988859375,0.21727019531249997,0.6434540390625,0.14206128125,0.6406685234375,0.139275765625,0.662952646875,0.1894150421875,0.7325905296874999
1312,2955_jpg.rf.484b0ca5b6d974a8991a96c9e91ffb35.jpg,glioma,0.261838440625,0.311977715625,0.28969359375,0.261838440625,0.2841225625,0.23676880156250002,0.25348189374999996,0.2701949859375,0.19777158749999998,0.3927576609375,0.1894150421875,0.45403899687499993,0.19777158749999998,0.4707520890625,0.22562674062500002,0.479108634375,0.348189415625,0.48189415,0.37604456875,0.46518105781249997,0.373259053125,0.42339832812499995,0.348189415625,0.3927576609375,0.2785515328125,0.35933147656250003,0.261838440625,0.311977715625
1313,292_jpg.rf.34f9b52121b7dcd9b496988f9204abbd.jpg,meningioma,0.2423398328125,0.49860724218749997,0.1894150421875,0.49582172656249995,0.064066853125,0.51810585,0.064066853125,0.5849582171875001,0.08077994375,0.6490250703125,0.119777159375,0.7047353765625,0.16713091875,0.7298050140625,0.2089136484375,0.7298050140625,0.2952646234375,0.7047353765625,0.3314763234375,0.6072423390624999,0.3314763234375,0.571030640625,0.28969359375,0.520891365625,0.2423398328125,0.49860724218749997,0,0
1314,2530_jpg.rf.c372eef4a87eb3605d12b69eac039dd4.jpg,glioma,0.33983286874999996,0.25626740937500003,0.317548746875,0.25348189374999996,0.3231197765625,0.34261838437500003,0.2757660171875,0.3621169921875,0.21727019531249997,0.34261838437500003,0.21727019531249997,0.3871866296875,0.3036211703125,0.398328690625,0.3454039,0.3704735375,0.3927576609375,0.317548746875,0.40389972187499995,0.2980501390625,0.398328690625,0.281337046875,0.35933147656250003,0.2785515328125,0.33983286874999996,0.25626740937500003,0,0
1315,1900_jpg.rf.4614348abb6afdf6a82c3165bb25f7eb.jpg,glioma,0.4122562671875,0.31476323125,0.45403899687499993,0.2841225625,0.4707520890625,0.231197771875,0.43175487500000004,0.19777158749999998,0.3788300828125,0.194986071875,0.32869080781250004,0.21169916406249997,0.3314763234375,0.286908078125,0.3091922,0.3231197765625,0.2757660171875,0.28969359375,0.23676880156250002,0.3036211703125,0.23676880156250002,0.3509749296875,0.250696378125,0.3704735375,0.317548746875,0.35933147656250003,0.37604456875,0.37604456875
1316,667_jpg.rf.8218f9c224e5b0328ab98adbd844490c.jpg,meningioma,0.144846796875,0.688022284375,0.1504178265625,0.7298050140625,0.21169916406249997,0.8133704734375,0.281337046875,0.7799442890625,0.292479109375,0.713091921875,0.281337046875,0.6685236765625,0.25348189374999996,0.6490250703125,0.22841225625,0.6462395546875,0.16991643437499998,0.662952646875,0.144846796875,0.688022284375,0,0,0,0,0,0,0,0
1317,2078_jpg.rf.05ea9868c1ee92c43d4b3934f5d8eab5.jpg,glioma,0.5292479109375,0.8635097500000001,0.54874651875,0.7186629531250001,0.49860724218749997,0.6378830078125,0.45403899687499993,0.6128133703125,0.428969359375,0.5821727015625,0.3927576609375,0.6128133703125,0.32869080781250004,0.6378830078125,0.2952646234375,0.6685236765625,0.2646239546875,0.7242339828125,0.2646239546875,0.7660167125,0.281337046875,0.799442896875,0.3565459609375,0.8523676874999999,0.42339832812499995,0.855153203125,0.46239554375,0.880222840625
1318,1071_jpg.rf.dbd591860d91152c668669d78ce13a7f.jpg,pituitary,0.631284915625,0.5754189937499999,0.6703910609375,0.53072625625,0.6703910609375,0.4972067046875,0.6089385468749999,0.4022346375,0.5754189937499999,0.43016759843749997,0.5698324015625,0.53072625625,0.5977653625,0.5754189937499999,0.631284915625,0.5754189937499999,0,0,0,0,0,0,0,0,0,0,0,0
1319,1368_jpg.rf.9a1b2af85f680b331739183eea64152c.jpg,pituitary,0.28969359375,0.5292479109375,0.3259052921875,0.540389971875,0.37604456875,0.5264623953124999,0.39554317499999997,0.44568245156249997,0.37604456875,0.42618384374999996,0.32033426249999997,0.4178272984375,0.281337046875,0.4401114203125,0.2785515328125,0.5125348187500001,0.28969359375,0.5292479109375,0,0,0,0,0,0,0,0,0,0
1320,721_jpg.rf.e2f4668ae9e201f3090de7f4558fe87f.jpg,glioma,0.6100278546875,0.6768802234375,0.6100278546875,0.7158774375,0.632311978125,0.7632311984375,0.6768802234375,0.7576601671875001,0.713091921875,0.774373259375,0.7604456828124999,0.7715877437499999,0.79665738125,0.799442896875,0.8690807796875,0.7855153203125,0.8885793874999999,0.7520891359374999,0.9247910859375,0.743732590625,0.9331476328124999,0.7298050140625,0.9220055703125001,0.707520890625,0.860724234375,0.651810584375,0.8523676874999999,0.62395543125
1321,177_jpg.rf.8325faf87f6a10d395ded8f94d72e477.jpg,meningioma,0.830083565625,0.3565459609375,0.8077994421874999,0.3342618390625,0.738161559375,0.3008356546875,0.6852367687500001,0.2980501390625,0.6406685234375,0.32033426249999997,0.6211699171875,0.3565459609375,0.63509749375,0.40111420625000005,0.63509749375,0.45403899687499993,0.662952646875,0.5041782734375,0.7242339828125,0.515320334375,0.774373259375,0.49582172656249995,0.824512534375,0.459610028125,0.8412256265625,0.42339832812499995,0.8412256265625,0.3927576609375
1322,575_jpg.rf.deaacf9cac63a741fd3604cc21c7db82.jpg,meningioma,0.292479109375,0.49860724218749997,0.311977715625,0.49860724218749997,0.3565459609375,0.4484679671875,0.373259053125,0.35933147656250003,0.36490250625,0.3064066859375,0.348189415625,0.281337046875,0.3259052921875,0.2701949859375,0.3259052921875,0.250696378125,0.3008356546875,0.250696378125,0.22841225625,0.3091922,0.175487465625,0.32869080781250004,0.144846796875,0.3621169921875,0.17827298125,0.3816155984375,0.1587743734375,0.40389972187499995
1323,3056_jpg.rf.f61f81b237bb2f1720858317ece9fab6.jpg,glioma,0.086350975,0.54874651875,0.086350975,0.6601671312499999,0.1504178265625,0.7019498609375,0.23676880156250002,0.6908078,0.2785515328125,0.62395543125,0.281337046875,0.5626740953125,0.22284122499999998,0.520891365625,0.1532033421875,0.520891365625,0.0947075203125,0.53760445625,0.086350975,0.54874651875,0,0,0,0,0,0,0,0
1324,2890_jpg.rf.6b77ccb9d3bc3103819961a590852ea1.jpg,glioma,0.22562674062500002,0.7019498609375,0.2339832875,0.738161559375,0.27298050156250003,0.7604456828124999,0.2980501390625,0.7632311984375,0.31476323125,0.743732590625,0.34261838437500003,0.7353760453125,0.36490250625,0.7827298046875,0.398328690625,0.8161559890625,0.47632312031249996,0.7827298046875,0.51810585,0.749303621875,0.571030640625,0.6685236765625,0.57381615625,0.6406685234375,0.5543175484375,0.6072423390624999,0.5125348187500001,0.604456825
1325,1351_jpg.rf.753a13f9962701a340059b618359f6da.jpg,pituitary,0.43454039062499994,0.5543175484375,0.459610028125,0.5348189421875,0.459610028125,0.49860724218749997,0.42618384374999996,0.47632312031249996,0.398328690625,0.49303621093750005,0.3927576609375,0.520891365625,0.40668523749999996,0.54874651875,0.43454039062499994,0.5543175484375,0,0,0,0,0,0,0,0,0,0,0,0
1326,2731_jpg.rf.f19b2c18391d458bee7da7e908e07274.jpg,glioma,0.317548746875,0.7158774375,0.2757660171875,0.7186629531250001,0.281337046875,0.6796657374999999,0.259052925,0.6713091921875,0.2339832875,0.688022284375,0.22284122499999998,0.713091921875,0.1559888578125,0.6908078,0.14206128125,0.71030640625,0.144846796875,0.7242339828125,0.17827298125,0.7799442890625,0.2980501390625,0.8217270187500001,0.3259052921875,0.79665738125,0.3342618390625,0.7715877437499999,0.3008356546875,0.7604456828124999
1327,2779_jpg.rf.f837821f5641ad216d68a684612e333b.jpg,glioma,0.7019498609375,0.830083565625,0.7214484671875,0.8105849578125,0.7242339828125,0.7883008359375,0.7047353765625,0.738161559375,0.6713091921875,0.71030640625,0.6072423390624999,0.6963788296875,0.5849582171875001,0.6796657374999999,0.398328690625,0.6740947078125,0.348189415625,0.7047353765625,0.33983286874999996,0.793871865625,0.3565459609375,0.8328690812499999,0.4122562671875,0.885793871875,0.4679665734375,0.8997214484375,0.5264623953124999,0.8969359328125
1328,2624_jpg.rf.5c158ca64c82fac6b23051af4cdb8791.jpg,glioma,0.4568245125,0.7214484671875,0.5013927578125,0.743732590625,0.5264623953124999,0.713091921875,0.5431754875,0.62395543125,0.509749303125,0.5543175484375,0.47632312031249996,0.53760445625,0.44568245156249997,0.576601671875,0.4373259046875,0.6490250703125,0.4568245125,0.7214484671875,0,0,0,0,0,0,0,0,0,0
1329,2772_jpg.rf.0f1e26949a1324883689182fce285169.jpg,glioma,0.4568245125,0.8495821734375,0.490250696875,0.777158775,0.490250696875,0.738161559375,0.51810585,0.7186629531250001,0.568245125,0.6545961,0.5849582171875001,0.6072423390624999,0.5821727015625,0.49860724218749997,0.571030640625,0.49860724218749997,0.5125348187500001,0.6155988859375,0.459610028125,0.6183844015625,0.4178272984375,0.6573816156250001,0.3621169921875,0.6545961,0.3509749296875,0.662952646875,0.3537604453125,0.6963788296875
1330,3019_jpg.rf.3eada31da2b6c6652176d335f9f3429e.jpg,glioma,0.632311978125,0.32033426249999997,0.5431754875,0.459610028125,0.53760445625,0.520891365625,0.520891365625,0.5654596093750001,0.5264623953124999,0.5849582171875001,0.5793871859374999,0.5821727015625,0.6406685234375,0.5125348187500001,0.6713091921875,0.5069637890625,0.7270194984375,0.4373259046875,0.7270194984375,0.3899721453125,0.7047353765625,0.348189415625,0.632311978125,0.32033426249999997,0,0,0,0
1331,444_jpg.rf.47b3e6db403d82395028ebfaf7600c2f.jpg,meningioma,0.48746518125,0.5849582171875001,0.509749303125,0.568245125,0.520891365625,0.515320334375,0.576601671875,0.459610028125,0.6072423390624999,0.45125348125000003,0.6100278546875,0.4679665734375,0.6295264625,0.47632312031249996,0.6545961,0.4484679671875,0.6490250703125,0.40668523749999996,0.626740946875,0.35933147656250003,0.576601671875,0.317548746875,0.5264623953124999,0.31476323125,0.520891365625,0.22562674062500002,0.5013927578125,0.22284122499999998
1332,1892_jpg.rf.500b63cc538dd037fde3bfc3e8ad7a17.jpg,glioma,0.48746518125,0.59888579375,0.45403899687499993,0.5598885796874999,0.367688021875,0.5125348187500001,0.3454039,0.4707520890625,0.3314763234375,0.398328690625,0.317548746875,0.3871866296875,0.286908078125,0.4206128140625,0.2646239546875,0.484679665625,0.2674094703125,0.5905292484375,0.281337046875,0.651810584375,0.3342618390625,0.7158774375,0.43175487500000004,0.79665738125,0.4568245125,0.799442896875,0.4707520890625,0.768802228125
1333,2195_jpg.rf.d9387147446eae4b2e456d0ac04b01b3.jpg,glioma,0.515320334375,0.6796657374999999,0.5821727015625,0.7604456828124999,0.63509749375,0.7715877437499999,0.6545961,0.7576601671875001,0.6657381609375,0.7298050140625,0.6685236765625,0.6685236765625,0.6490250703125,0.632311978125,0.601671309375,0.6211699171875,0.5292479109375,0.651810584375,0.515320334375,0.6796657374999999,0,0,0,0,0,0,0,0
1334,950_jpg.rf.fc289ec3f800d92cef76c3e80586fa83.jpg,pituitary,0.3816155984375,0.5543175484375,0.40389972187499995,0.571030640625,0.4373259046875,0.5626740953125,0.45125348125000003,0.5236768796875,0.44568245156249997,0.459610028125,0.4178272984375,0.45125348125000003,0.3871866296875,0.46239554375,0.3621169921875,0.490250696875,0.3816155984375,0.5543175484375,0,0,0,0,0,0,0,0,0,0
1335,248_jpg.rf.178b077ef0645e770d2ced8c2fd7b9b1.jpg,meningioma,0.6768802234375,0.32033426249999997,0.6155988859375,0.34261838437500003,0.5626740953125,0.3871866296875,0.5626740953125,0.4122562671875,0.5877437328124999,0.47353760468750006,0.62395543125,0.459610028125,0.651810584375,0.43175487500000004,0.6935933140625,0.428969359375,0.71030640625,0.4178272984375,0.7242339828125,0.37604456875,0.7186629531250001,0.32869080781250004,0.6768802234375,0.32033426249999997,0,0,0,0
1336,1259_jpg.rf.8b9b80657660b7687e91271c20b4c3c1.jpg,pituitary,0.5821727015625,0.42618384374999996,0.6072423390624999,0.43454039062499994,0.6406685234375,0.4150417828125,0.651810584375,0.3704735375,0.6295264625,0.33983286874999996,0.596100278125,0.3259052921875,0.5431754875,0.36490250625,0.540389971875,0.3844011140625,0.5821727015625,0.42618384374999996,0,0,0,0,0,0,0,0,0,0
1337,208_jpg.rf.6361adda07cce6054f6dacc0717d2f98.jpg,meningioma,0.6601671312499999,0.5598885796874999,0.5905292484375,0.6211699171875,0.5877437328124999,0.651810584375,0.6072423390624999,0.7576601671875001,0.6545961,0.8022284125000001,0.6991643453124999,0.824512534375,0.799442896875,0.7520891359374999,0.824512534375,0.7019498609375,0.835654596875,0.6155988859375,0.8189415046875,0.5905292484375,0.7520891359374999,0.5654596093750001,0.6601671312499999,0.5598885796874999,0,0,0,0
1338,1762_jpg.rf.227b034ad21f799ddcce9672c17745d1.jpg,pituitary,0.4568245125,0.3621169921875,0.4679665734375,0.40111420625000005,0.48189415,0.4122562671875,0.5431754875,0.40389972187499995,0.5515320328125,0.3509749296875,0.5431754875,0.3314763234375,0.509749303125,0.311977715625,0.4679665734375,0.311977715625,0.4568245125,0.3259052921875,0.4568245125,0.3621169921875,0,0,0,0,0,0,0,0
1339,398_jpg.rf.1d019b951fb944584ca5294c33a7ac53.jpg,meningioma,0.774373259375,0.3899721453125,0.7632311984375,0.3788300828125,0.7353760453125,0.3788300828125,0.7325905296874999,0.35933147656250003,0.7158774375,0.3537604453125,0.6685236765625,0.398328690625,0.6490250703125,0.40389972187499995,0.6768802234375,0.35933147656250003,0.626740946875,0.3342618390625,0.571030640625,0.34261838437500003,0.5515320328125,0.35933147656250003,0.5598885796874999,0.3788300828125,0.5236768796875,0.428969359375,0.5348189421875,0.479108634375
1340,2688_jpg.rf.283d7be71ad249d2466275e692822e74.jpg,glioma,0.6072423390624999,0.2395543171875,0.568245125,0.23676880156250002,0.54874651875,0.25626740937500003,0.54874651875,0.36490250625,0.576601671875,0.4178272984375,0.5933147625,0.4206128140625,0.6128133703125,0.40389972187499995,0.6713091921875,0.3871866296875,0.6935933140625,0.3621169921875,0.6963788296875,0.337047353125,0.6852367687500001,0.3008356546875,0.6545961,0.2674094703125,0.6072423390624999,0.2395543171875,0,0
1341,2935_jpg.rf.bf7021af37b8f03673a9bac094271400.jpg,glioma,0.54874651875,0.626740946875,0.5543175484375,0.57381615625,0.540389971875,0.5348189421875,0.5543175484375,0.4568245125,0.54874651875,0.4122562671875,0.51810585,0.3314763234375,0.49582172656249995,0.317548746875,0.459610028125,0.317548746875,0.42339832812499995,0.3259052921875,0.3788300828125,0.36490250625,0.337047353125,0.4484679671875,0.33983286874999996,0.49582172656249995,0.3231197765625,0.5264623953124999,0.3259052921875,0.596100278125
1342,981_jpg.rf.503db4309eab276b1f46f248c72883e2.jpg,pituitary,0.3231197765625,0.4122562671875,0.3008356546875,0.3899721453125,0.2646239546875,0.3816155984375,0.25626740937500003,0.3899721453125,0.261838440625,0.490250696875,0.32033426249999997,0.5236768796875,0.35933147656250003,0.571030640625,0.4122562671875,0.57381615625,0.428969359375,0.5431754875,0.428969359375,0.5125348187500001,0.4150417828125,0.484679665625,0.4178272984375,0.44568245156249997,0.37604456875,0.4094707515625,0.3231197765625,0.4122562671875
1343,106_jpg.rf.776c6cf974b787f7a62d0a520b0fe4e4.jpg,meningioma,0.8495821734375,0.21727019531249997,0.8440111421875001,0.20334261874999998,0.7715877437499999,0.16713091875,0.6908078,0.1476323125,0.6490250703125,0.119777159375,0.604456825,0.11699164375,0.5598885796874999,0.1504178265625,0.540389971875,0.22562674062500002,0.540389971875,0.25626740937500003,0.571030640625,0.281337046875,0.596100278125,0.3314763234375,0.6490250703125,0.3565459609375,0.6657381609375,0.32869080781250004,0.7799442890625,0.311977715625
1344,391_jpg.rf.b4017f294ff4c5bb0f15c3534d29dc6c.jpg,meningioma,0.337047353125,0.459610028125,0.2952646234375,0.49303621093750005,0.2980501390625,0.596100278125,0.317548746875,0.6183844015625,0.3621169921875,0.632311978125,0.4122562671875,0.6183844015625,0.43175487500000004,0.59888579375,0.44568245156249997,0.5571030640625,0.4178272984375,0.4707520890625,0.37604456875,0.44568245156249997,0.337047353125,0.459610028125,0,0,0,0,0,0
1345,2655_jpg.rf.9d98896d7e13b37ba899f29da560b655.jpg,glioma,0.3816155984375,0.28969359375,0.3816155984375,0.3454039,0.4178272984375,0.40389972187499995,0.5041782734375,0.36490250625,0.5264623953124999,0.3231197765625,0.51810585,0.2646239546875,0.479108634375,0.23676880156250002,0.45403899687499993,0.2339832875,0.4150417828125,0.2423398328125,0.3816155984375,0.28969359375,0,0,0,0,0,0,0,0
1346,410_jpg.rf.02d01473da45c36eb1a721cd9b774b11.jpg,meningioma,0,0.445019234375,0.052924790624999996,0.51810585,0.0947075203125,0.53760445625,0.13649024999999998,0.540389971875,0.1866295265625,0.509749303125,0.1922005578125,0.479108634375,0.22284122499999998,0.4428969359375,0.22284122499999998,0.42339832812499995,0.20055710312500002,0.35933147656250003,0.17827298125,0.337047353125,0.10584958281250001,0.317548746875,0.0473537609375,0.3342618390625,0.0167130921875,0.3565459609375,0,0.39206128125
1347,1193_jpg.rf.5ded431d112ea9882b848672ef3db531.jpg,pituitary,0.5125348187500001,0.45125348125000003,0.5654596093750001,0.5013927578125,0.596100278125,0.509749303125,0.6406685234375,0.5041782734375,0.662952646875,0.4484679671875,0.6573816156250001,0.3927576609375,0.626740946875,0.3704735375,0.57381615625,0.36490250625,0.515320334375,0.4178272984375,0.5125348187500001,0.45125348125000003,0,0,0,0,0,0,0,0
1348,1716_jpg.rf.dfe8798f3ba20652eaf51c2efa42c9c1.jpg,pituitary,0.490250696875,0.2841225625,0.509749303125,0.3342618390625,0.47632312031249996,0.36490250625,0.47632312031249996,0.3816155984375,0.5264623953124999,0.42339832812499995,0.5905292484375,0.42618384374999996,0.5905292484375,0.36490250625,0.5598885796874999,0.292479109375,0.5320334265625,0.2701949859375,0.5125348187500001,0.2701949859375,0.490250696875,0.2841225625,0,0,0,0,0,0
1349,1714_jpg.rf.0ae4a175ca32df03c894648f31860ef2.jpg,pituitary,0.5598885796874999,0.35933147656250003,0.49582172656249995,0.317548746875,0.5125348187500001,0.42618384374999996,0.53760445625,0.44568245156249997,0.5877437328124999,0.4373259046875,0.5905292484375,0.40389972187499995,0.5598885796874999,0.35933147656250003,0,0,0,0,0,0,0,0,0,0,0,0,0,0
1350,1047_jpg.rf.632db6265fe52456650506f3185d572f.jpg,pituitary,0.45403899687499993,0.459610028125,0.4484679671875,0.5264623953124999,0.4568245125,0.5598885796874999,0.5515320328125,0.5543175484375,0.5849582171875001,0.5654596093750001,0.6295264625,0.5125348187500001,0.6183844015625,0.40668523749999996,0.5626740953125,0.3927576609375,0.48746518125,0.428969359375,0.45403899687499993,0.459610028125,0,0,0,0,0,0,0,0
1351,411_jpg.rf.27f2e815b65ccb2011f31dfde1376875.jpg,meningioma,0.052924790624999996,0.34261838437500003,0.0194986078125,0.3899721453125,0.027855153124999997,0.5013927578125,0.10863509687499999,0.5264623953124999,0.16155988906250002,0.5236768796875,0.2200557109375,0.44568245156249997,0.21727019531249997,0.39554317499999997,0.17827298125,0.3454039,0.13649024999999998,0.32869080781250004,0.089136490625,0.32869080781250004,0.052924790624999996,0.34261838437500003,0,0,0,0,0,0
1352,2333_jpg.rf.cb56fbbad1771fb701beff9ca62f5ef7.jpg,glioma,0.1532033421875,0.6657381609375,0.1838440109375,0.662952646875,0.231197771875,0.63509749375,0.24791086406249999,0.596100278125,0.22562674062500002,0.5598885796874999,0.175487465625,0.5515320328125,0.1504178265625,0.5571030640625,0.11142061249999999,0.59888579375,0.1532033421875,0.6657381609375,0,0,0,0,0,0,0,0,0,0
1353,1419_jpg.rf.93b0e039a8dbb166dd274de289bd012d.jpg,pituitary,0.3509749296875,0.5236768796875,0.40668523749999996,0.5320334265625,0.4401114203125,0.5013927578125,0.45403899687499993,0.46239554375,0.42618384374999996,0.4373259046875,0.373259053125,0.428969359375,0.3314763234375,0.44568245156249997,0.3259052921875,0.49303621093750005,0.3509749296875,0.5236768796875,0,0,0,0,0,0,0,0,0,0
1354,781_jpg.rf.262770efba17c8d0f0fc8f4a926fd28a.jpg,glioma,0.49582172656249995,0.57381615625,0.4568245125,0.5877437328124999,0.4150417828125,0.6657381609375,0.37604456875,0.682451253125,0.40111420625000005,0.7827298046875,0.46518105781249997,0.830083565625,0.520891365625,0.8050139281250001,0.5515320328125,0.768802228125,0.57381615625,0.7214484671875,0.5933147625,0.632311978125,0.5793871859374999,0.596100278125,0.49582172656249995,0.57381615625,0,0,0,0
1355,240_jpg.rf.97771a34029bfdea267426192e079d9e.jpg,meningioma,0.19777158749999998,0.4094707515625,0.1838440109375,0.43175487500000004,0.22284122499999998,0.428969359375,0.27298050156250003,0.398328690625,0.2757660171875,0.3565459609375,0.25626740937500003,0.337047353125,0.2451253484375,0.3008356546875,0.2339832875,0.3008356546875,0.19777158749999998,0.3621169921875,0.19777158749999998,0.4094707515625,0,0,0,0,0,0,0,0
1356,2540_jpg.rf.674694a0cc7fd0c71170e3f1d909072b.jpg,glioma,0.34261838437500003,0.53760445625,0.3036211703125,0.5292479109375,0.2841225625,0.5515320328125,0.2952646234375,0.5821727015625,0.337047353125,0.5793871859374999,0.3537604453125,0.5626740953125,0.34261838437500003,0.53760445625,0,0,0,0,0,0,0,0,0,0,0,0,0,0
1357,1777_jpg.rf.ef1df8333dad00750db6aa31112ae269.jpg,pituitary,0.7158774375,0.3036211703125,0.6601671312499999,0.3036211703125,0.6155988859375,0.3231197765625,0.5515320328125,0.3899721453125,0.5459610031250001,0.4401114203125,0.5598885796874999,0.45403899687499993,0.59888579375,0.4679665734375,0.6852367687500001,0.4707520890625,0.774373259375,0.43454039062499994,0.7883008359375,0.4178272984375,0.7883008359375,0.3704735375,0.7576601671875001,0.3231197765625,0.7158774375,0.3036211703125,0,0
1358,307_jpg.rf.4d5158a571007206510dd5815daa039e.jpg,meningioma,0.41030640625,1,0.43175487500000004,0.9610027859375,0.39554317499999997,0.9247910859375,0.46239554375,0.9080779937499999,0.5013927578125,0.885793871875,0.5041782734375,0.85793871875,0.490250696875,0.8161559890625,0.43454039062499994,0.7715877437499999,0.3314763234375,0.7353760453125,0.1504178265625,0.7242339828125,0.11142061249999999,0.7604456828124999,0.12813370468750002,0.8718662953124999,0.20055710312500002,1,0.41030640625,1
1359,605_jpg.rf.18fae256fb43915c100be3fc4d5b87bf.jpg,meningioma,0.139275765625,0.8467966578125001,0.1587743734375,0.8774373265625,0.1894150421875,0.9080779937499999,0.2200557109375,0.91922005625,0.292479109375,0.9052924796875,0.2841225625,0.8161559890625,0.2200557109375,0.7715877437499999,0.1838440109375,0.7632311984375,0.139275765625,0.799442896875,0.139275765625,0.8467966578125001,0,0,0,0,0,0,0,0
1360,720_jpg.rf.4d0642faa7917cef36653fba19d50988.jpg,glioma,0.8746518109375,0.7019498609375,0.8774373265625,0.6601671312499999,0.8384401109375,0.62395543125,0.6963788296875,0.596100278125,0.6768802234375,0.57381615625,0.662952646875,0.57381615625,0.6072423390624999,0.6295264625,0.576601671875,0.6852367687500001,0.57381615625,0.71030640625,0.5877437328124999,0.74651810625,0.6406685234375,0.799442896875,0.713091921875,0.79665738125,0.7270194984375,0.768802228125,0.7548746515625,0.7910863515625
1361,1266_jpg.rf.b15df7dd229001e7c556eeb600559f01.jpg,pituitary,0.688022284375,0.3704735375,0.6908078,0.42339832812499995,0.7325905296874999,0.4428969359375,0.7325905296874999,0.3816155984375,0.7047353765625,0.35933147656250003,0.688022284375,0.3704735375,0,0,0,0,0,0,0,0,0,0,0,0,0,0,0,0
1362,1555_jpg.rf.cfd1eb6957d5972b85f5bc43ac83c87a.jpg,pituitary,0.5348189421875,0.4428969359375,0.49582172656249995,0.4373259046875,0.459610028125,0.46239554375,0.44568245156249997,0.5125348187500001,0.4484679671875,0.5571030640625,0.459610028125,0.57381615625,0.5041782734375,0.571030640625,0.5264623953124999,0.601671309375,0.5459610031250001,0.604456825,0.5905292484375,0.57381615625,0.5933147625,0.5292479109375,0.5571030640625,0.49582172656249995,0.5348189421875,0.4428969359375,0,0
1363,2162_jpg.rf.b927d8f51ec16927ddc021b2bdb3cf72.jpg,glioma,1,0.2475129328125,0.9721448468749999,0.16991643437499998,0.9526462390624999,0.1559888578125,0.9220055703125001,0.1532033421875,0.9108635093749999,0.16155988906250002,0.601671309375,0.16434540312499998,0.5515320328125,0.1894150421875,0.51810585,0.22284122499999998,0.515320334375,0.2785515328125,0.5571030640625,0.31476323125,0.5654596093750001,0.348189415625,0.6072423390624999,0.4094707515625,0.6685236765625,0.40668523749999996,0.7353760453125,0.36490250625
1364,1569_jpg.rf.fc55f4093562876699619ba3d0248a83.jpg,pituitary,0.4707520890625,0.540389971875,0.5013927578125,0.5515320328125,0.5320334265625,0.49860724218749997,0.53760445625,0.4373259046875,0.5292479109375,0.4206128140625,0.490250696875,0.4122562671875,0.4568245125,0.43454039062499994,0.45125348125000003,0.48746518125,0.4707520890625,0.540389971875,0,0,0,0,0,0,0,0,0,0
1365,2898_jpg.rf.10b7d1ac38cf2b89b54fcbdafb87e8ca.jpg,glioma,0.490250696875,0.48746518125,0.459610028125,0.48746518125,0.428969359375,0.51810585,0.44568245156249997,0.5877437328124999,0.4428969359375,0.6295264625,0.4568245125,0.6601671312499999,0.5320334265625,0.6852367687500001,0.571030640625,0.6796657374999999,0.5877437328124999,0.632311978125,0.604456825,0.6211699171875,0.59888579375,0.5821727015625,0.5431754875,0.5125348187500001,0.490250696875,0.48746518125,0,0
1366,2738_jpg.rf.62e65bdbdf03a8f3d83a8e3c104aa6b1.jpg,glioma,0.5320334265625,0.8440111421875001,0.571030640625,0.8467966578125001,0.596100278125,0.830083565625,0.6100278546875,0.7827298046875,0.604456825,0.6573816156250001,0.6211699171875,0.568245125,0.6434540390625,0.515320334375,0.6852367687500001,0.490250696875,0.7047353765625,0.44568245156249997,0.7019498609375,0.40668523749999996,0.682451253125,0.37604456875,0.5877437328124999,0.3314763234375,0.5543175484375,0.32869080781250004,0.53760445625,0.3565459609375
1367,2681_jpg.rf.3ab7f200a9f5d379b424c5e0dfab7372.jpg,glioma,0.2952646234375,0.8161559890625,0.3259052921875,0.7799442890625,0.34261838437500003,0.7270194984375,0.286908078125,0.7158774375,0.261838440625,0.7270194984375,0.261838440625,0.768802228125,0.27298050156250003,0.8077994421874999,0.2952646234375,0.8161559890625,0,0,0,0,0,0,0,0,0,0,0,0
1368,858_jpg.rf.944b2ddb38f38090b39f03f79b2c3e3b.jpg,glioma,0.3844011140625,0.2952646234375,0.42618384374999996,0.3231197765625,0.47632312031249996,0.32869080781250004,0.459610028125,0.25348189374999996,0.42618384374999996,0.20612813437500002,0.3899721453125,0.1894150421875,0.3509749296875,0.1894150421875,0.2646239546875,0.23676880156250002,0.1922005578125,0.3091922,0.1894150421875,0.35933147656250003,0.16434540312499998,0.40668523749999996,0.16434540312499998,0.43175487500000004,0.2200557109375,0.54874651875,0.25626740937500003,0.5459610031250001
1369,2196_jpg.rf.a07b2a4a24c7b4906e5e0f7680b3318f.jpg,glioma,0.6768802234375,0.5821727015625,0.6740947078125,0.5571030640625,0.6378830078125,0.49582172656249995,0.601671309375,0.484679665625,0.57381615625,0.5041782734375,0.5515320328125,0.5654596093750001,0.596100278125,0.5905292484375,0.6768802234375,0.5821727015625,0,0,0,0,0,0,0,0,0,0,0,0
1370,2519_jpg.rf.ab8e702bfe0157572813c642a51344e0.jpg,glioma,0.604456825,0.5292479109375,0.662952646875,0.5348189421875,0.682451253125,0.5125348187500001,0.682451253125,0.490250696875,0.6490250703125,0.459610028125,0.6128133703125,0.4707520890625,0.57381615625,0.4679665734375,0.5431754875,0.4401114203125,0.5236768796875,0.3927576609375,0.46518105781249997,0.373259053125,0.43175487500000004,0.40111420625000005,0.4401114203125,0.4373259046875,0.48189415,0.49303621093750005,0.45403899687499993,0.5515320328125
1371,1496_jpg.rf.2cbebfe82fbaaef8b50ac07ffc5dc570.jpg,pituitary,0.51810585,0.568245125,0.520891365625,0.5598885796874999,0.490250696875,0.53760445625,0.490250696875,0.520891365625,0.5626740953125,0.4401114203125,0.5041782734375,0.37604456875,0.484679665625,0.37604456875,0.4401114203125,0.40668523749999996,0.42339832812499995,0.459610028125,0.398328690625,0.4428969359375,0.3704735375,0.4428969359375,0.3314763234375,0.46239554375,0.31476323125,0.484679665625,0.3231197765625,0.5264623953124999
1372,2252_jpg.rf.63f4d1fc5d5e1a15a302dab3830f7f7b.jpg,glioma,0.22562674062500002,0.5264623953124999,0.22841225625,0.49303621093750005,0.1559888578125,0.48189415,0.11142061249999999,0.5013927578125,0.0947075203125,0.53760445625,0.0947075203125,0.571030640625,0.12813370468750002,0.7047353765625,0.14206128125,0.7242339828125,0.17270195,0.7325905296874999,0.20334261874999998,0.7186629531250001,0.22284122499999998,0.682451253125,0.25626740937500003,0.6601671312499999,0.27298050156250003,0.6183844015625,0.22562674062500002,0.5264623953124999
1373,172_jpg.rf.ed77591ab9d60a0f97264d5d606f4154.jpg,meningioma,0.44568245156249997,0.8746518109375,0.520891365625,0.7520891359374999,0.5236768796875,0.707520890625,0.49303621093750005,0.5877437328124999,0.47353760468750006,0.5626740953125,0.42618384374999996,0.54874651875,0.3509749296875,0.5543175484375,0.3231197765625,0.57381615625,0.292479109375,0.571030640625,0.25626740937500003,0.63509749375,0.21727019531249997,0.6768802234375,0.20334261874999998,0.7325905296874999,0.250696378125,0.7799442890625,0.311977715625,0.8050139281250001
1374,97_jpg.rf.922d7bdafd264c420f76dfc1608ac4b4.jpg,meningioma,0.596100278125,0.7270194984375,0.6713091921875,0.7298050140625,0.7214484671875,0.6963788296875,0.7298050140625,0.6713091921875,0.6685236765625,0.5793871859374999,0.626740946875,0.576601671875,0.5793871859374999,0.6211699171875,0.57381615625,0.6991643453124999,0.596100278125,0.7270194984375,0,0,0,0,0,0,0,0,0,0
1375,1558_jpg.rf.5dfc3115c6f310601d00be7579234654.jpg,pituitary,0.5431754875,0.5515320328125,0.604456825,0.5821727015625,0.6100278546875,0.5598885796874999,0.5933147625,0.51810585,0.571030640625,0.48189415,0.54874651875,0.4679665734375,0.5236768796875,0.484679665625,0.51810585,0.515320334375,0.5431754875,0.5515320328125,0,0,0,0,0,0,0,0,0,0
1376,2542_jpg.rf.ec872ccdb560786f773be7b3caee2ec4.jpg,glioma,0.2451253484375,0.47353760468750006,0.22562674062500002,0.5041782734375,0.23676880156250002,0.5543175484375,0.2674094703125,0.596100278125,0.3064066859375,0.632311978125,0.32869080781250004,0.63509749375,0.3537604453125,0.62395543125,0.3844011140625,0.5821727015625,0.3621169921875,0.479108634375,0.337047353125,0.46239554375,0.2451253484375,0.47353760468750006,0,0,0,0,0,0
1377,345_jpg.rf.c577b5ce94abda5a151eb9f544f9f02d.jpg,meningioma,0.743732590625,0.4206128140625,0.7715877437499999,0.35933147656250003,0.7715877437499999,0.3342618390625,0.7548746515625,0.3231197765625,0.7632311984375,0.3064066859375,0.749303621875,0.3036211703125,0.7214484671875,0.311977715625,0.6545961,0.3064066859375,0.6072423390624999,0.3537604453125,0.59888579375,0.40668523749999996,0.604456825,0.490250696875,0.5877437328124999,0.515320334375,0.6768802234375,0.5654596093750001,0.6908078,0.5877437328124999
1378,2116_jpg.rf.1f7dbdc5898ee9c435327410421d7673.jpg,glioma,0.3871866296875,0.2423398328125,0.34261838437500003,0.2952646234375,0.33983286874999996,0.36490250625,0.35933147656250003,0.40668523749999996,0.3899721453125,0.43454039062499994,0.4206128140625,0.4484679671875,0.459610028125,0.4484679671875,0.51810585,0.3927576609375,0.53760445625,0.3537604453125,0.5431754875,0.3064066859375,0.48189415,0.250696378125,0.3871866296875,0.2423398328125,0,0,0,0
1379,2870_jpg.rf.719764d31f3905c8eae297b509c1cef0.jpg,glioma,0.5264623953124999,0.48746518125,0.6100278546875,0.3899721453125,0.5877437328124999,0.36490250625,0.5793871859374999,0.317548746875,0.59888579375,0.2757660171875,0.596100278125,0.2423398328125,0.54874651875,0.2395543171875,0.5041782734375,0.261838440625,0.490250696875,0.22841225625,0.4568245125,0.22562674062500002,0.40111420625000005,0.261838440625,0.337047353125,0.2646239546875,0.2451253484375,0.3565459609375,0.231197771875,0.4484679671875
1380,400_jpg.rf.72ac8ebad0492619ada89d6a79443f1b.jpg,meningioma,0.47353760468750006,0.8189415046875,0.47353760468750006,0.7298050140625,0.3927576609375,0.604456825,0.3314763234375,0.5598885796874999,0.3064066859375,0.5571030640625,0.261838440625,0.5877437328124999,0.22562674062500002,0.5793871859374999,0.19777158749999998,0.601671309375,0.1838440109375,0.662952646875,0.1866295265625,0.7548746515625,0.2395543171875,0.8050139281250001,0.281337046875,0.8161559890625,0.3788300828125,0.8718662953124999,0.43175487500000004,0.880222840625
1381,266_jpg.rf.3daa96b4351adcffdfeb2d6d914cd622.jpg,meningioma,0.601671309375,0.5821727015625,0.5654596093750001,0.62395543125,0.576601671875,0.6935933140625,0.6211699171875,0.7325905296874999,0.6713091921875,0.7325905296874999,0.7186629531250001,0.6713091921875,0.7186629531250001,0.6406685234375,0.6991643453124999,0.59888579375,0.6852367687500001,0.5821727015625,0.6573816156250001,0.57381615625,0.601671309375,0.5821727015625,0,0,0,0,0,0
1382,2301_jpg.rf.4ab1e0eecc5769ed6984c0f73b27881e.jpg,glioma,0.2952646234375,0.25626740937500003,0.2646239546875,0.25348189374999996,0.22841225625,0.2757660171875,0.175487465625,0.3342618390625,0.14206128125,0.40389972187499995,0.1559888578125,0.44568245156249997,0.2144846796875,0.459610028125,0.2701949859375,0.4373259046875,0.3342618390625,0.43454039062499994,0.3454039,0.37604456875,0.3314763234375,0.35933147656250003,0.3091922,0.281337046875,0.2952646234375,0.25626740937500003,0,0
1383,660_jpg.rf.afe20175f795a975598fee47b0404e2d.jpg,meningioma,0.8161559890625,0.7855153203125,0.8272980499999999,0.6991643453124999,0.8133704734375,0.651810584375,0.7910863515625,0.6183844015625,0.7660167125,0.6100278546875,0.738161559375,0.5793871859374999,0.7019498609375,0.57381615625,0.6128133703125,0.601671309375,0.5571030640625,0.6768802234375,0.57381615625,0.777158775,0.5431754875,0.8189415046875,0.5431754875,0.8523676874999999,0.57381615625,0.8913649031249999,0.63509749375,0.8969359328125
1384,1126_jpg.rf.67130110d9934a78fe666b6384091eef.jpg,pituitary,0.45125348125000003,0.428969359375,0.4150417828125,0.4679665734375,0.4150417828125,0.49582172656249995,0.4373259046875,0.5236768796875,0.47632312031249996,0.53760445625,0.5069637890625,0.571030640625,0.5793871859374999,0.5515320328125,0.5933147625,0.53760445625,0.596100278125,0.49582172656249995,0.576601671875,0.459610028125,0.5348189421875,0.4401114203125,0.45125348125000003,0.428969359375,0,0,0,0
1385,2086_jpg.rf.19345ca0e0ec74312c194064f2a1811c.jpg,glioma,0,0.47688022343750003,0.00557103125,0.48189415,0.086350975,0.47353760468750006,0.10584958281250001,0.46239554375,0.11142061249999999,0.3844011140625,0.10306406718750001,0.33983286874999996,0.0417827296875,0.28969359375,0.0083565453125,0.317548746875,0,0.339136490625,0,0.47688022343750003,0,0,0,0,0,0,0,0
1386,2956_jpg.rf.0436d47754d074d8f7febb93481ea7f7.jpg,glioma,0.43175487500000004,0.20334261874999998,0.3871866296875,0.1894150421875,0.3788300828125,0.16434540312499998,0.367688021875,0.16155988906250002,0.311977715625,0.21727019531249997,0.2451253484375,0.31476323125,0.21727019531249997,0.4122562671875,0.22284122499999998,0.4373259046875,0.317548746875,0.45125348125000003,0.3259052921875,0.46239554375,0.35933147656250003,0.459610028125,0.37604456875,0.44568245156249997,0.3816155984375,0.373259053125,0.47353760468750006,0.23676880156250002
1387,121_jpg.rf.61e38b60c543843179b66906d22a0b07.jpg,meningioma,0.7325905296874999,0.2674094703125,0.6545961,0.2451253484375,0.626740946875,0.25348189374999996,0.5905292484375,0.3064066859375,0.5348189421875,0.3509749296875,0.5264623953124999,0.3844011140625,0.59888579375,0.4568245125,0.6434540390625,0.47353760468750006,0.71030640625,0.47353760468750006,0.7604456828124999,0.4373259046875,0.7799442890625,0.39554317499999997,0.7827298046875,0.3565459609375,0.7325905296874999,0.2674094703125,0,0
1388,1942_jpg.rf.7b13dae98d49b818365f4c710b30b9b6.jpg,glioma,0.45403899687499993,0.830083565625,0.43175487500000004,0.774373259375,0.484679665625,0.740947075,0.51810585,0.7548746515625,0.5348189421875,0.7353760453125,0.53760445625,0.7047353765625,0.51810585,0.6740947078125,0.479108634375,0.6713091921875,0.459610028125,0.5933147625,0.43454039062499994,0.5849582171875001,0.4150417828125,0.5626740953125,0.3704735375,0.5571030640625,0.3091922,0.5821727015625,0.2757660171875,0.63509749375
1389,440_jpg.rf.1238254df7484d3de385b3e553766c89.jpg,meningioma,0,0.6801299921874999,0.052924790624999996,0.777158775,0.1225626734375,0.8189415046875,0.16713091875,0.8217270187500001,0.20334261874999998,0.8022284125000001,0.21727019531249997,0.774373259375,0.2144846796875,0.713091921875,0.2339832875,0.5905292484375,0.21169916406249997,0.5431754875,0.1866295265625,0.51810585,0.12813370468750002,0.49860724218749997,0.0194986078125,0.5069637890625,0,0.520727509375,0,0.6801299921874999
1390,2789_jpg.rf.4884f647023350a2f0fc9f98a56358ed.jpg,glioma,0.428969359375,0.7047353765625,0.49303621093750005,0.7047353765625,0.520891365625,0.6908078,0.5877437328124999,0.63509749375,0.604456825,0.5905292484375,0.596100278125,0.5515320328125,0.5431754875,0.459610028125,0.42618384374999996,0.35933147656250003,0.4178272984375,0.3036211703125,0.3899721453125,0.2952646234375,0.348189415625,0.3091922,0.3091922,0.34261838437500003,0.2674094703125,0.35933147656250003,0.2423398328125,0.4094707515625
1391,1906_jpg.rf.b26b7bb27d4c90a65cd07552ac6d64ac.jpg,glioma,0.6128133703125,0.311977715625,0.59888579375,0.2674094703125,0.568245125,0.231197771875,0.540389971875,0.2200557109375,0.4484679671875,0.22562674062500002,0.3565459609375,0.2144846796875,0.3064066859375,0.2395543171875,0.28969359375,0.2701949859375,0.2952646234375,0.3259052921875,0.34261838437500003,0.3871866296875,0.40389972187499995,0.4178272984375,0.4707520890625,0.42339832812499995,0.5320334265625,0.398328690625,0.5431754875,0.4122562671875
1392,794_jpg.rf.8be184102addec81c07297cc3bc4c717.jpg,glioma,0.5320334265625,0.43454039062499994,0.571030640625,0.4206128140625,0.5905292484375,0.37604456875,0.5933147625,0.24791086406249999,0.54874651875,0.21727019531249997,0.48746518125,0.231197771875,0.4094707515625,0.1587743734375,0.40668523749999996,0.12813370468750002,0.3844011140625,0.1225626734375,0.32869080781250004,0.139275765625,0.2785515328125,0.1838440109375,0.2339832875,0.194986071875,0.1838440109375,0.22562674062500002,0.175487465625,0.27298050156250003
1393,580_jpg.rf.f0ed34adf959c994dd7df3b8db8b6008.jpg,meningioma,0.6434540390625,0.6378830078125,0.604456825,0.6406685234375,0.5793871859374999,0.626740946875,0.540389971875,0.6601671312499999,0.520891365625,0.7047353765625,0.5348189421875,0.777158775,0.5571030640625,0.799442896875,0.5905292484375,0.8105849578125,0.6573816156250001,0.8077994421874999,0.682451253125,0.79665738125,0.7158774375,0.7576601671875001,0.7158774375,0.7270194984375,0.6935933140625,0.6796657374999999,0.6434540390625,0.6378830078125
1394,3054_jpg.rf.60a17be3682e1da339a763e93885c834.jpg,glioma,0.40111420625000005,0.34261838437500003,0.4428969359375,0.28969359375,0.5292479109375,0.2339832875,0.5320334265625,0.10863509687499999,0.520891365625,0.083565459375,0.4679665734375,0.0417827296875,0.3899721453125,0.025069637500000002,0.2200557109375,0.10027855156250001,0.10027855156250001,0.21727019531249997,0.07520891406249999,0.259052925,0.07520891406249999,0.3064066859375,0.0974930359375,0.317548746875,0.10306406718750001,0.36490250625,0.1225626734375,0.3899721453125
1395,2598_jpg.rf.b4ef5c8b988e492fbed6c3ceb3548b10.jpg,glioma,0.0779944296875,0.48746518125,0.0612813375,0.5013927578125,0.0612813375,0.5543175484375,0.086350975,0.604456825,0.1253481890625,0.6100278546875,0.1866295265625,0.5905292484375,0.21727019531249997,0.5459610031250001,0.21727019531249997,0.515320334375,0.17827298125,0.47632312031249996,0.1587743734375,0.47632312031249996,0.0779944296875,0.48746518125,0,0,0,0,0,0
1396,1520_jpg.rf.1aadc2eb7c679573b06e0c8c7f521db1.jpg,pituitary,0.632311978125,0.5431754875,0.6796657374999999,0.53760445625,0.688022284375,0.5013927578125,0.6740947078125,0.46518105781249997,0.6545961,0.4484679671875,0.6211699171875,0.4484679671875,0.596100278125,0.47353760468750006,0.604456825,0.51810585,0.632311978125,0.5431754875,0,0,0,0,0,0,0,0,0,0
1397,6_jpg.rf.8dd227335ee8c26928e80d3ad7bbf81d.jpg,meningioma,0.4484679671875,0.5264623953124999,0.398328690625,0.5041782734375,0.37604456875,0.5459610031250001,0.3036211703125,0.5654596093750001,0.281337046875,0.5821727015625,0.2841225625,0.5933147625,0.33983286874999996,0.62395543125,0.3844011140625,0.6768802234375,0.4150417828125,0.6685236765625,0.428969359375,0.62395543125,0.45403899687499993,0.626740946875,0.47353760468750006,0.571030640625,0.4484679671875,0.5264623953124999,0,0
1398,1493_jpg.rf.47794c4e749e5665594c61d8127ea9fc.jpg,pituitary,0.4707520890625,0.44568245156249997,0.42618384374999996,0.4707520890625,0.373259053125,0.48189415,0.3704735375,0.5041782734375,0.4373259046875,0.540389971875,0.49860724218749997,0.5292479109375,0.5292479109375,0.490250696875,0.5292479109375,0.43175487500000004,0.5431754875,0.3816155984375,0.5264623953124999,0.3788300828125,0.4707520890625,0.44568245156249997,0,0,0,0,0,0
1399,1463_jpg.rf.cef90c0d26541554b1ed4de2e80afcfb.jpg,pituitary,0.6128133703125,0.4150417828125,0.57381615625,0.3871866296875,0.5821727015625,0.348189415625,0.54874651875,0.337047353125,0.5069637890625,0.35933147656250003,0.49860724218749997,0.3899721453125,0.5069637890625,0.4094707515625,0.47353760468750006,0.43454039062499994,0.44568245156249997,0.48189415,0.45403899687499993,0.5320334265625,0.49303621093750005,0.5654596093750001,0.540389971875,0.5654596093750001,0.5849582171875001,0.5515320328125,0.6155988859375,0.5041782734375
1400,2537_jpg.rf.a5d15f6e08086d742c9e06e2808d97b9.jpg,glioma,0.2952646234375,0.428969359375,0.3036211703125,0.4150417828125,0.3036211703125,0.3231197765625,0.2841225625,0.3064066859375,0.21727019531249997,0.31476323125,0.1532033421875,0.22562674062500002,0.114206128125,0.22562674062500002,0.08077994375,0.23676880156250002,0.025069637500000002,0.3008356546875,0.0111420609375,0.3342618390625,0.0194986078125,0.367688021875,0.0696378828125,0.3927576609375,0.16713091875,0.37604456875,0.1838440109375,0.43175487500000004
1401,2151_jpg.rf.7228a19174e464a1cddb67df40fb5533.jpg,glioma,0.5125348187500001,0.7214484671875,0.540389971875,0.7186629531250001,0.5571030640625,0.6796657374999999,0.5013927578125,0.6713091921875,0.46518105781249997,0.626740946875,0.44568245156249997,0.6183844015625,0.4484679671875,0.662952646875,0.47353760468750006,0.707520890625,0.5125348187500001,0.7214484671875,0,0,0,0,0,0,0,0,0,0
1402,1491_jpg.rf.31050370755655337c6baaa3e3020700.jpg,pituitary,0.6183844015625,0.53760445625,0.651810584375,0.49303621093750005,0.6434540390625,0.46239554375,0.6072423390624999,0.4484679671875,0.5543175484375,0.46239554375,0.5598885796874999,0.5264623953124999,0.571030640625,0.5348189421875,0.6183844015625,0.53760445625,0,0,0,0,0,0,0,0,0,0,0,0
1403,1377_jpg.rf.5d4459f9e63a54a2eab2570e231d2ca3.jpg,pituitary,0.3565459609375,0.5264623953124999,0.367688021875,0.47353760468750006,0.3509749296875,0.45125348125000003,0.32869080781250004,0.4484679671875,0.3091922,0.4707520890625,0.311977715625,0.49860724218749997,0.3259052921875,0.520891365625,0.3565459609375,0.5264623953124999,0,0,0,0,0,0,0,0,0,0,0,0
1404,2916_jpg.rf.19987e8fdcc5f6f0500badd15b25e5d6.jpg,glioma,0.025069637500000002,0.46239554375,0.064066853125,0.5125348187500001,0.10584958281250001,0.515320334375,0.139275765625,0.4373259046875,0.16434540312499998,0.428969359375,0.16991643437499998,0.4094707515625,0.139275765625,0.37604456875,0.055710306249999994,0.35933147656250003,0.0417827296875,0.3788300828125,0.025069637500000002,0.46239554375,0,0,0,0,0,0,0,0
1405,2_jpg.rf.8d6f46985389ca62c57cb4a17e032794.jpg,meningioma,0.428969359375,0.8133704734375,0.46239554375,0.7855153203125,0.490250696875,0.740947075,0.48189415,0.6796657374999999,0.5125348187500001,0.6378830078125,0.509749303125,0.596100278125,0.46518105781249997,0.5626740953125,0.45403899687499993,0.540389971875,0.4150417828125,0.540389971875,0.37604456875,0.5236768796875,0.3454039,0.5459610031250001,0.281337046875,0.5515320328125,0.2395543171875,0.5933147625,0.2423398328125,0.626740946875
1406,546_jpg.rf.44d1493a62cf298f7cf2a0b22358bfac.jpg,meningioma,0.7047353765625,0.7270194984375,0.6796657374999999,0.71030640625,0.6601671312499999,0.6685236765625,0.571030640625,0.6685236765625,0.54874651875,0.682451253125,0.515320334375,0.7353760453125,0.509749303125,0.799442896875,0.53760445625,0.8718662953124999,0.5849582171875001,0.9080779937499999,0.601671309375,0.8913649031249999,0.6490250703125,0.880222840625,0.688022284375,0.8467966578125001,0.713091921875,0.8161559890625,0.7186629531250001,0.777158775
1407,1098_jpg.rf.088df2b836db9a9643af09e24edee7d3.jpg,pituitary,0.45125348125000003,0.48746518125,0.490250696875,0.5320334265625,0.5125348187500001,0.515320334375,0.5626740953125,0.4401114203125,0.5459610031250001,0.40389972187499995,0.5041782734375,0.3927576609375,0.4568245125,0.398328690625,0.44568245156249997,0.4150417828125,0.45125348125000003,0.48746518125,0,0,0,0,0,0,0,0,0,0
1408,2267_jpg.rf.2d35d1bcbfad651578cdc820cc8dfa01.jpg,glioma,0.5125348187500001,0.367688021875,0.5515320328125,0.3621169921875,0.568245125,0.337047353125,0.571030640625,0.3036211703125,0.5459610031250001,0.281337046875,0.5626740953125,0.2423398328125,0.5905292484375,0.22841225625,0.568245125,0.2089136484375,0.5459610031250001,0.20612813437500002,0.5041782734375,0.2089136484375,0.428969359375,0.23676880156250002,0.36490250625,0.21169916406249997,0.32869080781250004,0.21727019531249997,0.292479109375,0.2395543171875
1409,2466_jpg.rf.bee3128cdca88ef35e935b2d423ebf19.jpg,glioma,0.3704735375,0.3231197765625,0.3844011140625,0.317548746875,0.45125348125000003,0.373259053125,0.47353760468750006,0.367688021875,0.47632312031249996,0.3314763234375,0.4568245125,0.3091922,0.3871866296875,0.2980501390625,0.37604456875,0.2841225625,0.373259053125,0.2451253484375,0.337047353125,0.21727019531249997,0.3259052921875,0.1922005578125,0.3091922,0.1922005578125,0.2451253484375,0.23676880156250002,0.22841225625,0.2757660171875
1410,1059_jpg.rf.6607a9367cce3d427cffcf8fa546e582.jpg,pituitary,0.49860724218749997,0.42339832812499995,0.4707520890625,0.49860724218749997,0.48746518125,0.568245125,0.5348189421875,0.6072423390624999,0.568245125,0.6072423390624999,0.601671309375,0.5849582171875001,0.6378830078125,0.5069637890625,0.6295264625,0.459610028125,0.59888579375,0.40668523749999996,0.5654596093750001,0.39554317499999997,0.49860724218749997,0.42339832812499995,0,0,0,0,0,0
1411,2759_jpg.rf.d06247e379473e7bd7364de6205d3988.jpg,glioma,0.550252203125,1,0.53760445625,0.8440111421875001,0.59888579375,0.651810584375,0.59888579375,0.5431754875,0.6657381609375,0.47632312031249996,0.6713091921875,0.45125348125000003,0.6545961,0.44568245156249997,0.596100278125,0.47353760468750006,0.5069637890625,0.5626740953125,0.4122562671875,0.596100278125,0.367688021875,0.59888579375,0.3537604453125,0.6128133703125,0.34261838437500003,0.85793871875,0.35933147656250003,0.8941504171875
1412,496_jpg.rf.36587a1603e774bff4a140181b9cb6d9.jpg,meningioma,0.4401114203125,0.4568245125,0.428969359375,0.47353760468750006,0.428969359375,0.5041782734375,0.479108634375,0.5543175484375,0.5264623953124999,0.5626740953125,0.576601671875,0.53760445625,0.5905292484375,0.47353760468750006,0.5821727015625,0.4428969359375,0.5626740953125,0.42339832812499995,0.5041782734375,0.4094707515625,0.4401114203125,0.4568245125,0,0,0,0,0,0
1413,1813_jpg.rf.f53cabb22752b3c2465848037bd31f8a.jpg,pituitary,0.707520890625,0.4122562671875,0.738161559375,0.3231197765625,0.7298050140625,0.3064066859375,0.6991643453124999,0.3008356546875,0.6573816156250001,0.32869080781250004,0.6490250703125,0.3537604453125,0.682451253125,0.40668523749999996,0.707520890625,0.4122562671875,0,0,0,0,0,0,0,0,0,0,0,0
1414,2447_jpg.rf.d32de871d6455e4f5c70824e60af5675.jpg,glioma,0.48189415,0.4679665734375,0.4484679671875,0.46518105781249997,0.4122562671875,0.490250696875,0.35933147656250003,0.5821727015625,0.3537604453125,0.6601671312499999,0.367688021875,0.688022284375,0.40389972187499995,0.7186629531250001,0.4679665734375,0.7298050140625,0.540389971875,0.6768802234375,0.54874651875,0.604456825,0.571030640625,0.5543175484375,0.5348189421875,0.49303621093750005,0.48189415,0.4679665734375,0,0
1415,1584_jpg.rf.248139ee7c4ac19f0f93861aae2fcc1b.jpg,pituitary,0.6406685234375,0.428969359375,0.5905292484375,0.42339832812499995,0.5515320328125,0.4373259046875,0.515320334375,0.49860724218749997,0.509749303125,0.53760445625,0.520891365625,0.571030640625,0.626740946875,0.601671309375,0.662952646875,0.601671309375,0.738161559375,0.5626740953125,0.7520891359374999,0.5320334265625,0.7520891359374999,0.484679665625,0.738161559375,0.4679665734375,0.6406685234375,0.428969359375,0,0
1416,1689_jpg.rf.7a6882e5200fc8f5aff3f04e23226e75.jpg,pituitary,0.5543175484375,0.261838440625,0.4679665734375,0.281337046875,0.44568245156249997,0.3064066859375,0.4428969359375,0.3454039,0.459610028125,0.367688021875,0.53760445625,0.398328690625,0.568245125,0.42339832812499995,0.601671309375,0.42618384374999996,0.6462395546875,0.3816155984375,0.6462395546875,0.3259052921875,0.62395543125,0.292479109375,0.5543175484375,0.261838440625,0,0,0,0
1417,2062_jpg.rf.1621556ae7367c5917a529899d63fc6a.jpg,glioma,0.54874651875,0.428969359375,0.5125348187500001,0.4679665734375,0.5236768796875,0.5515320328125,0.571030640625,0.5933147625,0.6545961,0.5821727015625,0.682451253125,0.5598885796874999,0.6991643453124999,0.5264623953124999,0.6963788296875,0.48746518125,0.6740947078125,0.44568245156249997,0.604456825,0.4150417828125,0.54874651875,0.428969359375,0,0,0,0,0,0
1418,2207_jpg.rf.0434074a0023422f8547d75a04e79113.jpg,glioma,0.45125348125000003,0.6935933140625,0.5320334265625,0.6685236765625,0.48746518125,0.6128133703125,0.398328690625,0.5905292484375,0.367688021875,0.6128133703125,0.3704735375,0.6462395546875,0.3927576609375,0.6685236765625,0.45125348125000003,0.6935933140625,0,0,0,0,0,0,0,0,0,0,0,0
1419,1089_jpg.rf.5e6ebe9f60ef2c73ecfaf6bc14621e3a.jpg,pituitary,0.568245125,0.398328690625,0.5515320328125,0.3871866296875,0.46518105781249997,0.3871866296875,0.4484679671875,0.40111420625000005,0.46239554375,0.509749303125,0.4428969359375,0.568245125,0.45125348125000003,0.601671309375,0.5013927578125,0.6100278546875,0.576601671875,0.59888579375,0.5821727015625,0.571030640625,0.604456825,0.5515320328125,0.604456825,0.5069637890625,0.57381615625,0.459610028125,0.568245125,0.398328690625
1420,1910_jpg.rf.8ec2d083e29932583d77c4f13752ba94.jpg,glioma,0.490250696875,0.49860724218749997,0.48189415,0.5571030640625,0.49303621093750005,0.571030640625,0.5069637890625,0.5793871859374999,0.5515320328125,0.576601671875,0.6128133703125,0.5348189421875,0.6155988859375,0.47632312031249996,0.5905292484375,0.4568245125,0.5348189421875,0.46518105781249997,0.490250696875,0.49860724218749997,0,0,0,0,0,0,0,0
1421,446_jpg.rf.0a2a305dc61d99c0a21a5213f28fa1da.jpg,meningioma,0.53760445625,0.5264623953124999,0.5543175484375,0.5292479109375,0.5793871859374999,0.49303621093750005,0.5905292484375,0.44568245156249997,0.5905292484375,0.40389972187499995,0.5515320328125,0.367688021875,0.5348189421875,0.3314763234375,0.5515320328125,0.286908078125,0.5515320328125,0.24791086406249999,0.49860724218749997,0.23676880156250002,0.4428969359375,0.2674094703125,0.4206128140625,0.3259052921875,0.39554317499999997,0.317548746875,0.373259053125,0.3788300828125
1422,938_jpg.rf.1893ce0e916dc4b7c771d7f395556ae1.jpg,pituitary,0.37604456875,0.54874651875,0.43454039062499994,0.54874651875,0.459610028125,0.520891365625,0.459610028125,0.479108634375,0.43175487500000004,0.43175487500000004,0.3844011140625,0.4178272984375,0.3342618390625,0.4568245125,0.32869080781250004,0.5069637890625,0.37604456875,0.54874651875,0,0,0,0,0,0,0,0,0,0
1423,1823_jpg.rf.452fdb7b3dd76d4da17a4760b550c603.jpg,pituitary,0.7520891359374999,0.348189415625,0.707520890625,0.32869080781250004,0.6545961,0.348189415625,0.626740946875,0.37604456875,0.571030640625,0.3064066859375,0.5459610031250001,0.3008356546875,0.5264623953124999,0.32033426249999997,0.51810585,0.3927576609375,0.54874651875,0.459610028125,0.5905292484375,0.47353760468750006,0.62395543125,0.45125348125000003,0.6462395546875,0.48189415,0.7298050140625,0.49860724218749997,0.7576601671875001,0.4679665734375
1424,1397_jpg.rf.79e5e81e7ede7ad0a8d0e2f0e5a55f5c.jpg,pituitary,0.46518105781249997,0.398328690625,0.4428969359375,0.3899721453125,0.373259053125,0.3844011140625,0.35933147656250003,0.3871866296875,0.3008356546875,0.45125348125000003,0.3008356546875,0.49303621093750005,0.3259052921875,0.54874651875,0.3565459609375,0.57381615625,0.3816155984375,0.576601671875,0.42618384374999996,0.5626740953125,0.4679665734375,0.509749303125,0.48189415,0.4707520890625,0.48189415,0.4206128140625,0.46518105781249997,0.398328690625
1425,1421_jpg.rf.9b57a7f07a3d9a70d825a4a1e93ef326.jpg,pituitary,0.337047353125,0.6155988859375,0.373259053125,0.6128133703125,0.4150417828125,0.5793871859374999,0.428969359375,0.5041782734375,0.4150417828125,0.479108634375,0.3816155984375,0.479108634375,0.35933147656250003,0.49303621093750005,0.34261838437500003,0.5236768796875,0.337047353125,0.6155988859375,0,0,0,0,0,0,0,0,0,0
1426,2718_jpg.rf.fe6dcd7f9f015c5e8a0356a7a88165eb.jpg,glioma,0.479108634375,0.54874651875,0.5069637890625,0.5626740953125,0.5292479109375,0.5459610031250001,0.5654596093750001,0.540389971875,0.5821727015625,0.5013927578125,0.6545961,0.48189415,0.632311978125,0.4428969359375,0.601671309375,0.428969359375,0.571030640625,0.3621169921875,0.5459610031250001,0.3509749296875,0.48746518125,0.3816155984375,0.46518105781249997,0.37604456875,0.4568245125,0.3844011140625,0.42339832812499995,0.46518105781249997
1427,2710_jpg.rf.e683d2e86f35369c88e307e6b1c860c3.jpg,glioma,0.5598885796874999,0.43454039062499994,0.5431754875,0.3871866296875,0.49860724218749997,0.337047353125,0.4568245125,0.3314763234375,0.4178272984375,0.367688021875,0.3899721453125,0.4206128140625,0.3231197765625,0.5013927578125,0.3231197765625,0.5236768796875,0.3537604453125,0.5654596093750001,0.42339832812499995,0.6128133703125,0.459610028125,0.6128133703125,0.5069637890625,0.5933147625,0.5598885796874999,0.540389971875,0.568245125,0.5125348187500001
1428,389_jpg.rf.2b1a39831b0c3e488a4733e4aaafd819.jpg,meningioma,0.37604456875,0.36490250625,0.3231197765625,0.32033426249999997,0.3036211703125,0.32033426249999997,0.1838440109375,0.3565459609375,0.144846796875,0.3844011140625,0.14206128125,0.4484679671875,0.16434540312499998,0.5041782734375,0.20612813437500002,0.515320334375,0.2200557109375,0.5515320328125,0.24791086406249999,0.568245125,0.4428969359375,0.5348189421875,0.43454039062499994,0.49303621093750005,0.3899721453125,0.428969359375,0.37604456875,0.36490250625
1429,2963_jpg.rf.d0f80d628473fbf1c823ece1ac372f40.jpg,glioma,0.31476323125,0.4150417828125,0.32033426249999997,0.479108634375,0.37604456875,0.53760445625,0.3899721453125,0.6072423390624999,0.4401114203125,0.6183844015625,0.459610028125,0.5515320328125,0.459610028125,0.484679665625,0.48189415,0.428969359375,0.5013927578125,0.4178272984375,0.5013927578125,0.373259053125,0.4707520890625,0.3704735375,0.45403899687499993,0.3844011140625,0.4150417828125,0.37604456875,0.398328690625,0.3621169921875
1430,1300_jpg.rf.039f94e68045203dbd0833c359be96be.jpg,pituitary,0.32869080781250004,0.47632312031249996,0.3565459609375,0.49303621093750005,0.39554317499999997,0.47632312031249996,0.40389972187499995,0.4428969359375,0.398328690625,0.4122562671875,0.367688021875,0.40389972187499995,0.3314763234375,0.428969359375,0.32033426249999997,0.45403899687499993,0.32869080781250004,0.47632312031249996,0,0,0,0,0,0,0,0,0,0
1431,1927_jpg.rf.c623e2ed896144319bc123fdfc633220.jpg,glioma,0.596100278125,0.799442896875,0.568245125,0.799442896875,0.5320334265625,0.8105849578125,0.49860724218749997,0.8523676874999999,0.49860724218749997,0.880222840625,0.5571030640625,0.91922005625,0.601671309375,0.916434540625,0.6768802234375,0.8774373265625,0.7325905296874999,0.8662952640625001,0.7270194984375,0.8495821734375,0.6685236765625,0.8161559890625,0.604456825,0.8161559890625,0.596100278125,0.799442896875,0,0
1432,1801_jpg.rf.0cad4a35bdc80f198c9d78dc2d6f3151.jpg,pituitary,0.571030640625,0.5236768796875,0.5626740953125,0.484679665625,0.5348189421875,0.46518105781249997,0.5013927578125,0.46239554375,0.4707520890625,0.5431754875,0.5125348187500001,0.5571030640625,0.5543175484375,0.5515320328125,0.571030640625,0.5236768796875,0,0,0,0,0,0,0,0,0,0,0,0
1433,669_jpg.rf.66f87708918edfee9f5179bca9647a10.jpg,meningioma,0,0.693300103125,0.0167130921875,0.7214484671875,0.052924790624999996,0.7576601671875001,0.08077994375,0.7660167125,0.1559888578125,0.7242339828125,0.175487465625,0.6908078,0.175487465625,0.6295264625,0.16155988906250002,0.596100278125,0.11699164375,0.5626740953125,0.0779944296875,0.5459610031250001,0.0362116984375,0.5459610031250001,0.0083565453125,0.5543175484375,0,0.561838440625,0,0.693300103125
1434,1497_jpg.rf.2cb5eeb6753b660a87bdc050a30b85b3.jpg,pituitary,0.5013927578125,0.51810585,0.54874651875,0.40668523749999996,0.5431754875,0.36490250625,0.5292479109375,0.3565459609375,0.4707520890625,0.3788300828125,0.4178272984375,0.4484679671875,0.37604456875,0.45125348125000003,0.337047353125,0.4679665734375,0.337047353125,0.5264623953124999,0.3788300828125,0.5515320328125,0.4401114203125,0.5598885796874999,0.479108634375,0.59888579375,0.51810585,0.5877437328124999,0.5236768796875,0.568245125
1435,1677_jpg.rf.96f54c38e4dbbc50f80415cb7ec14fc2.jpg,pituitary,0.5125348187500001,0.3871866296875,0.490250696875,0.3788300828125,0.4484679671875,0.4373259046875,0.45125348125000003,0.4568245125,0.5292479109375,0.4679665734375,0.53760445625,0.4206128140625,0.5125348187500001,0.3871866296875,0,0,0,0,0,0,0,0,0,0,0,0,0,0
1436,2762_jpg.rf.612febd275348c5b36fdcef33becd46e.jpg,glioma,0.5635603953125,1,0.5654596093750001,0.9582172703125,0.5292479109375,0.9220055703125001,0.5264623953124999,0.885793871875,0.5598885796874999,0.8328690812499999,0.5571030640625,0.7799442890625,0.576601671875,0.7019498609375,0.6183844015625,0.626740946875,0.651810584375,0.509749303125,0.688022284375,0.48746518125,0.7520891359374999,0.490250696875,0.774373259375,0.4707520890625,0.7827298046875,0.44568245156249997,0.777158775,0.4178272984375
1437,2469_jpg.rf.2f30acbe825684ffad6ecf02f88fb469.jpg,glioma,0.3008356546875,0.3342618390625,0.31476323125,0.3565459609375,0.33983286874999996,0.367688021875,0.348189415625,0.3927576609375,0.367688021875,0.3899721453125,0.37604456875,0.3509749296875,0.4094707515625,0.3036211703125,0.40389972187499995,0.2757660171875,0.3537604453125,0.2952646234375,0.3008356546875,0.3342618390625,0,0,0,0,0,0,0,0
1438,854_jpg.rf.9671058b57dc38fc354145c1fe8fa676.jpg,glioma,0.2785515328125,0.4401114203125,0.16713091875,0.43454039062499994,0.1253481890625,0.48189415,0.1253481890625,0.51810585,0.144846796875,0.576601671875,0.1922005578125,0.6295264625,0.2423398328125,0.6462395546875,0.2674094703125,0.6434540390625,0.3231197765625,0.5905292484375,0.3509749296875,0.53760445625,0.3509749296875,0.5041782734375,0.32033426249999997,0.46239554375,0.2785515328125,0.4401114203125,0,0
1439,978_jpg.rf.5927a76582e3410029307e831acdf071.jpg,pituitary,0.4428969359375,0.48189415,0.4122562671875,0.47353760468750006,0.3509749296875,0.484679665625,0.3454039,0.5515320328125,0.367688021875,0.5654596093750001,0.44568245156249997,0.57381615625,0.4428969359375,0.48189415,0,0,0,0,0,0,0,0,0,0,0,0,0,0
1440,2743_jpg.rf.946b419dfe109e3a1ea38f445058f898.jpg,glioma,0.261838440625,0.3509749296875,0.25626740937500003,0.32033426249999997,0.22562674062500002,0.28969359375,0.1559888578125,0.2785515328125,0.07520891406249999,0.286908078125,0.0473537609375,0.3036211703125,0.013927576562499999,0.3844011140625,0.022284121875,0.428969359375,0.10306406718750001,0.3844011140625,0.144846796875,0.4178272984375,0.16991643437499998,0.4206128140625,0.17827298125,0.3704735375,0.1587743734375,0.3259052921875,0.2200557109375,0.35933147656250003
1441,2623_jpg.rf.71f6b0d99a3b487ec1f1f38a5e5ee748.jpg,glioma,0.6211699171875,0.835654596875,0.6183844015625,0.7520891359374999,0.5571030640625,0.62395543125,0.51810585,0.596100278125,0.5125348187500001,0.6183844015625,0.47632312031249996,0.6462395546875,0.42339832812499995,0.7576601671875001,0.3342618390625,0.8384401109375,0.3314763234375,0.8941504171875,0.34261838437500003,0.9025069640625001,0.4206128140625,0.913649025,0.51810585,0.9108635093749999,0.5877437328124999,0.8885793874999999,0.6072423390624999,0.8718662953124999
1442,2067_jpg.rf.ab66b117d4a63d55e825272799741b48.jpg,glioma,0.7214484671875,0.6100278546875,0.6183844015625,0.5571030640625,0.571030640625,0.5543175484375,0.5598885796874999,0.571030640625,0.5292479109375,0.5821727015625,0.51810585,0.601671309375,0.5264623953124999,0.6685236765625,0.5431754875,0.6908078,0.5821727015625,0.7158774375,0.6406685234375,0.7325905296874999,0.7158774375,0.7242339828125,0.7548746515625,0.6991643453124999,0.7520891359374999,0.6490250703125,0.7214484671875,0.6100278546875
1443,111_jpg.rf.7b542c338691fe5d63c6ad0d934d2e79.jpg,meningioma,0.36490250625,0.484679665625,0.317548746875,0.46239554375,0.28969359375,0.479108634375,0.2841225625,0.509749303125,0.3008356546875,0.520891365625,0.35933147656250003,0.5236768796875,0.36490250625,0.484679665625,0,0,0,0,0,0,0,0,0,0,0,0,0,0
1444,1280_jpg.rf.a9ec4fa5b22075aa3298cbb6b4176e3c.jpg,pituitary,0.71030640625,0.2423398328125,0.6685236765625,0.261838440625,0.601671309375,0.34261838437500003,0.5793871859374999,0.3871866296875,0.604456825,0.4150417828125,0.63509749375,0.428969359375,0.6935933140625,0.4401114203125,0.774373259375,0.4373259046875,0.8022284125000001,0.4122562671875,0.7855153203125,0.311977715625,0.7325905296874999,0.250696378125,0.71030640625,0.2423398328125,0,0,0,0
1445,407_jpg.rf.410372d205f71ca861e5deef14274903.jpg,meningioma,0.25626740937500003,0.3537604453125,0.20612813437500002,0.348189415625,0.16713091875,0.36490250625,0.1476323125,0.3899721453125,0.144846796875,0.509749303125,0.1559888578125,0.515320334375,0.21727019531249997,0.515320334375,0.2785515328125,0.49303621093750005,0.3036211703125,0.479108634375,0.311977715625,0.4568245125,0.311977715625,0.4122562671875,0.28969359375,0.37604456875,0.25626740937500003,0.3537604453125,0,0
1446,2445_jpg.rf.33a13cd512fe72828ab51f3cddb7cdee.jpg,glioma,0.48189415,0.7214484671875,0.509749303125,0.7353760453125,0.57381615625,0.6935933140625,0.5821727015625,0.6796657374999999,0.576601671875,0.6378830078125,0.5348189421875,0.6295264625,0.5264623953124999,0.6155988859375,0.5264623953124999,0.520891365625,0.46239554375,0.45125348125000003,0.3816155984375,0.43454039062499994,0.34261838437500003,0.40389972187499995,0.2757660171875,0.39554317499999997,0.2451253484375,0.373259053125,0.2200557109375,0.373259053125
1447,659_jpg.rf.b8c48fb85b21de2502d9efe4bdf3b194.jpg,meningioma,0.6295264625,0.604456825,0.571030640625,0.688022284375,0.568245125,0.7186629531250001,0.6601671312499999,0.9025069640625001,0.7019498609375,0.8830083562500001,0.777158775,0.8133704734375,0.79665738125,0.749303621875,0.79665738125,0.6768802234375,0.740947075,0.5905292484375,0.6573816156250001,0.5849582171875001,0.6295264625,0.604456825,0,0,0,0,0,0
1448,454_jpg.rf.94788b88c1a07fea26ccce31f27034e8.jpg,meningioma,0.39554317499999997,0.250696378125,0.32869080781250004,0.3231197765625,0.3231197765625,0.37604456875,0.3537604453125,0.4178272984375,0.3871866296875,0.4373259046875,0.45403899687499993,0.4401114203125,0.46518105781249997,0.4122562671875,0.49860724218749997,0.3788300828125,0.49860724218749997,0.34261838437500003,0.47632312031249996,0.2952646234375,0.4428969359375,0.259052925,0.39554317499999997,0.250696378125,0,0,0,0
1449,1141_jpg.rf.1f23c14f85edf1b18b3a38255da4bf78.jpg,pituitary,0.5515320328125,0.479108634375,0.576601671875,0.4568245125,0.540389971875,0.43175487500000004,0.5348189421875,0.4094707515625,0.51810585,0.4094707515625,0.49582172656249995,0.373259053125,0.47632312031249996,0.3927576609375,0.46239554375,0.4401114203125,0.42618384374999996,0.45403899687499993,0.4178272984375,0.4707520890625,0.43175487500000004,0.5125348187500001,0.4568245125,0.5292479109375,0.4679665734375,0.5515320328125,0.5236768796875,0.5431754875
1450,1124_jpg.rf.6b5a621fed452ad252c2695ba4e7acad.jpg,pituitary,0.5543175484375,0.3927576609375,0.5348189421875,0.3844011140625,0.48746518125,0.4484679671875,0.4428969359375,0.45403899687499993,0.4401114203125,0.48189415,0.5431754875,0.5877437328124999,0.5571030640625,0.5654596093750001,0.5877437328124999,0.5515320328125,0.604456825,0.51810585,0.6072423390624999,0.48189415,0.596100278125,0.459610028125,0.5515320328125,0.4401114203125,0.5543175484375,0.3927576609375,0,0
1451,497_jpg.rf.b16fda3a2a7a050ccb683578ac34d373.jpg,meningioma,0.4373259046875,0.45403899687499993,0.43454039062499994,0.49860724218749997,0.46239554375,0.54874651875,0.520891365625,0.5598885796874999,0.604456825,0.49860724218749997,0.6211699171875,0.479108634375,0.6211699171875,0.4568245125,0.5431754875,0.4150417828125,0.5236768796875,0.3927576609375,0.49860724218749997,0.3899721453125,0.4373259046875,0.45403899687499993,0,0,0,0,0,0
1452,2025_jpg.rf.9133adcadccfb7355e9d65a9b0bb1704.jpg,glioma,0.40668523749999996,0.6545961,0.3844011140625,0.688022284375,0.3871866296875,0.7186629531250001,0.4178272984375,0.743732590625,0.4484679671875,0.7325905296874999,0.49303621093750005,0.688022284375,0.459610028125,0.596100278125,0.42618384374999996,0.57381615625,0.4122562671875,0.5877437328124999,0.40668523749999996,0.6545961,0,0,0,0,0,0,0,0
1453,1110_jpg.rf.fe5a95d7aa9f2917c68048d4ab87ad6b.jpg,pituitary,0.5292479109375,0.479108634375,0.51810585,0.490250696875,0.5069637890625,0.5125348187500001,0.509749303125,0.54874651875,0.5459610031250001,0.5793871859374999,0.6155988859375,0.5849582171875001,0.6406685234375,0.5598885796874999,0.6378830078125,0.5041782734375,0.6155988859375,0.48189415,0.568245125,0.47632312031249996,0.5292479109375,0.479108634375,0,0,0,0,0,0
1454,1362_jpg.rf.74513b9bdbe785956be31dc9dce73cc3.jpg,pituitary,0.40111420625000005,0.42618384374999996,0.3091922,0.4122562671875,0.27298050156250003,0.44568245156249997,0.259052925,0.479108634375,0.2757660171875,0.601671309375,0.2980501390625,0.62395543125,0.33983286874999996,0.6211699171875,0.373259053125,0.601671309375,0.3927576609375,0.601671309375,0.40389972187499995,0.6155988859375,0.4373259046875,0.6128133703125,0.4178272984375,0.4373259046875,0.40111420625000005,0.42618384374999996,0,0
1455,1137_jpg.rf.96572f0d422b69a34ce11dd51f813bdb.jpg,pituitary,0.43454039062499994,0.4484679671875,0.43175487500000004,0.47353760468750006,0.40668523749999996,0.5069637890625,0.40389972187499995,0.5543175484375,0.45125348125000003,0.571030640625,0.515320334375,0.5654596093750001,0.5320334265625,0.515320334375,0.5264623953124999,0.4679665734375,0.5041782734375,0.4401114203125,0.46518105781249997,0.4206128140625,0.43454039062499994,0.4484679671875,0,0,0,0,0,0
1456,2339_jpg.rf.bfa600fe0480bafb9a397e3514d279c6.jpg,glioma,0.286908078125,0.5793871859374999,0.2674094703125,0.5571030640625,0.22841225625,0.54874651875,0.20055710312500002,0.6155988859375,0.175487465625,0.63509749375,0.0947075203125,0.662952646875,0.086350975,0.688022284375,0.10584958281250001,0.713091921875,0.1337047359375,0.7214484671875,0.1922005578125,0.7158774375,0.24791086406249999,0.6908078,0.27298050156250003,0.6657381609375,0.28969359375,0.6100278546875,0.286908078125,0.5793871859374999
1457,2978_jpg.rf.639759de2bdb1b4022e8f5eee52009de.jpg,glioma,0.5236768796875,0.5793871859374999,0.5041782734375,0.6462395546875,0.5236768796875,0.688022284375,0.54874651875,0.71030640625,0.6183844015625,0.7214484671875,0.6545961,0.6935933140625,0.6685236765625,0.6295264625,0.632311978125,0.5626740953125,0.596100278125,0.5459610031250001,0.5654596093750001,0.5459610031250001,0.5236768796875,0.5793871859374999,0,0,0,0,0,0
1458,2010_jpg.rf.0eeb54b5a9ec26387107a033722aba94.jpg,glioma,0.32033426249999997,0.2089136484375,0.20612813437500002,0.2980501390625,0.1532033421875,0.3621169921875,0.14206128125,0.4206128140625,0.1838440109375,0.484679665625,0.25626740937500003,0.490250696875,0.286908078125,0.47632312031249996,0.4094707515625,0.3565459609375,0.40668523749999996,0.3064066859375,0.36490250625,0.2423398328125,0.3342618390625,0.2089136484375,0.32033426249999997,0.2089136484375,0,0,0,0
1459,433_jpg.rf.3fb29b3927b466d525570f17dcb4a176.jpg,meningioma,0,0.6615598890625,0.025069637500000002,0.6740947078125,0.055710306249999994,0.6740947078125,0.0974930359375,0.6545961,0.119777159375,0.626740946875,0.12813370468750002,0.5598885796874999,0.10027855156250001,0.5013927578125,0.03064066875,0.49860724218749997,0,0.5111420609375,0,0.6615598890625,0,0,0,0,0,0,0,0
1460,351_jpg.rf.251e37fa219f15de55061305cee41e95.jpg,meningioma,0.2757660171875,0.855153203125,0.3844011140625,0.8440111421875001,0.40668523749999996,0.8050139281250001,0.39554317499999997,0.7660167125,0.36490250625,0.738161559375,0.292479109375,0.7214484671875,0.25626740937500003,0.7604456828124999,0.25348189374999996,0.835654596875,0.2757660171875,0.855153203125,0,0,0,0,0,0,0,0,0,0
1461,2685_jpg.rf.8341b5583dd4836ea4072871d2411223.jpg,glioma,0.571030640625,0.6378830078125,0.604456825,0.6545961,0.6378830078125,0.6183844015625,0.6378830078125,0.5459610031250001,0.6211699171875,0.5125348187500001,0.571030640625,0.49860724218749997,0.540389971875,0.509749303125,0.53760445625,0.5626740953125,0.571030640625,0.6378830078125,0,0,0,0,0,0,0,0,0,0
1462,1353_jpg.rf.336b5fd3bd56cf26a1875dee9e22992f.jpg,pituitary,0.3008356546875,0.4178272984375,0.2674094703125,0.428969359375,0.2339832875,0.46239554375,0.22841225625,0.5125348187500001,0.2395543171875,0.57381615625,0.2674094703125,0.6183844015625,0.35933147656250003,0.6128133703125,0.43454039062499994,0.5626740953125,0.44568245156249997,0.5320334265625,0.4401114203125,0.4707520890625,0.40389972187499995,0.42618384374999996,0.3008356546875,0.4178272984375,0,0,0,0
1463,2782_jpg.rf.0c7a1399320cf5dc1fdd3ff677fab75d.jpg,glioma,0.5013927578125,0.5515320328125,0.4428969359375,0.576601671875,0.4206128140625,0.6128133703125,0.4401114203125,0.7214484671875,0.45403899687499993,0.7270194984375,0.48189415,0.713091921875,0.5125348187500001,0.7214484671875,0.6100278546875,0.7047353765625,0.6295264625,0.6378830078125,0.62395543125,0.6128133703125,0.568245125,0.5571030640625,0.5013927578125,0.5515320328125,0,0,0,0
1464,1664_jpg.rf.ae716ee33f19728e9f385742caa922ca.jpg,pituitary,0.6545961,0.459610028125,0.6963788296875,0.4707520890625,0.7214484671875,0.45403899687499993,0.7186629531250001,0.4178272984375,0.6935933140625,0.3816155984375,0.6740947078125,0.3788300828125,0.6434540390625,0.40389972187499995,0.63509749375,0.428969359375,0.6545961,0.459610028125,0,0,0,0,0,0,0,0,0,0
1465,945_jpg.rf.bb13215041f1e7e9be2cafffbde72941.jpg,pituitary,0.34261838437500003,0.520891365625,0.3899721453125,0.51810585,0.40668523749999996,0.490250696875,0.40111420625000005,0.44568245156249997,0.3871866296875,0.43454039062499994,0.3454039,0.43454039062499994,0.317548746875,0.45403899687499993,0.3064066859375,0.5069637890625,0.34261838437500003,0.520891365625,0,0,0,0,0,0,0,0,0,0
1466,1971_jpg.rf.1db4481a64de778e78fb4d779ab9da84.jpg,glioma,0.4679665734375,0.4094707515625,0.428969359375,0.42339832812499995,0.42618384374999996,0.4401114203125,0.49303621093750005,0.4568245125,0.5459610031250001,0.40668523749999996,0.5654596093750001,0.373259053125,0.6155988859375,0.3565459609375,0.6155988859375,0.3314763234375,0.6072423390624999,0.31476323125,0.5348189421875,0.27298050156250003,0.51810585,0.21169916406249997,0.49582172656249995,0.175487465625,0.479108634375,0.16155988906250002,0.45125348125000003,0.16155988906250002
1467,892_jpg.rf.6b38d4e3eac91970eb671d779e020e8b.jpg,glioma,0.231197771875,0.42618384374999996,0.2144846796875,0.459610028125,0.1866295265625,0.4679665734375,0.1838440109375,0.49303621093750005,0.20612813437500002,0.5292479109375,0.2701949859375,0.54874651875,0.3091922,0.5125348187500001,0.311977715625,0.48746518125,0.2952646234375,0.43454039062499994,0.250696378125,0.4122562671875,0.231197771875,0.42618384374999996,0,0,0,0,0,0
1468,1008_jpg.rf.b5c98342f457ce16526ec486f87d3b16.jpg,pituitary,0.3621169921875,0.5626740953125,0.42339832812499995,0.5654596093750001,0.4373259046875,0.5459610031250001,0.42618384374999996,0.4401114203125,0.40668523749999996,0.4150417828125,0.36490250625,0.4150417828125,0.32869080781250004,0.4568245125,0.3342618390625,0.5431754875,0.3621169921875,0.5626740953125,0,0,0,0,0,0,0,0,0,0
1469,1017_jpg.rf.57915d07bec30ee84e0650ff76fc7fa4.jpg,pituitary,0.3899721453125,0.540389971875,0.4484679671875,0.5264623953124999,0.46239554375,0.49860724218749997,0.4568245125,0.44568245156249997,0.40668523749999996,0.4206128140625,0.367688021875,0.4178272984375,0.348189415625,0.428969359375,0.3565459609375,0.5348189421875,0.3899721453125,0.540389971875,0,0,0,0,0,0,0,0,0,0
1470,1754_jpg.rf.1caed63f12e65e17dbaaf165fed9bbb7.jpg,pituitary,0.74651810625,0.3844011140625,0.74651810625,0.348189415625,0.7298050140625,0.32869080781250004,0.7047353765625,0.3231197765625,0.682451253125,0.3816155984375,0.6991643453124999,0.40389972187499995,0.7298050140625,0.4094707515625,0.74651810625,0.3844011140625,0,0,0,0,0,0,0,0,0,0,0,0
1471,124_jpg.rf.02d9391189de98d942292eb4e66f92c6.jpg,meningioma,0.5905292484375,0.3342618390625,0.5515320328125,0.32869080781250004,0.49582172656249995,0.34261838437500003,0.4428969359375,0.317548746875,0.35933147656250003,0.311977715625,0.3091922,0.32869080781250004,0.37604456875,0.40389972187499995,0.3565459609375,0.46518105781249997,0.3537604453125,0.53760445625,0.373259053125,0.5459610031250001,0.4428969359375,0.5431754875,0.45403899687499993,0.48189415,0.5069637890625,0.3927576609375,0.5431754875,0.36490250625
1472,683_jpg.rf.9e00e3776e6eb6641578159ed2299479.jpg,meningioma,0,0.8016713093750001,0.002785515625,0.8077994421874999,0.03064066875,0.8328690812499999,0.064066853125,0.835654596875,0.1504178265625,0.8022284125000001,0.16991643437499998,0.7827298046875,0.2200557109375,0.71030640625,0.23676880156250002,0.626740946875,0.21169916406249997,0.5571030640625,0.17270195,0.5069637890625,0.0974930359375,0.4679665734375,0.0389972140625,0.4568245125,0,0.4646239546875,0,0.8016713093750001
1473,1068_jpg.rf.1c8429e0f4517c41d6b94a787ca9615a.jpg,pituitary,0.5264623953124999,0.54874651875,0.540389971875,0.571030640625,0.57381615625,0.576601671875,0.5793871859374999,0.490250696875,0.568245125,0.479108634375,0.568245125,0.4401114203125,0.54874651875,0.42618384374999996,0.5236768796875,0.42618384374999996,0.509749303125,0.4401114203125,0.5264623953124999,0.54874651875,0,0,0,0,0,0,0,0
1474,898_jpg.rf.29f97c1000198dcfa473a6cd59900626.jpg,glioma,0,0.7451253484375,0.0167130921875,0.7548746515625,0.10584958281250001,0.7548746515625,0.1922005578125,0.682451253125,0.2646239546875,0.6796657374999999,0.281337046875,0.5877437328124999,0.261838440625,0.4484679671875,0.25348189374999996,0.42618384374999996,0.16434540312499998,0.40111420625000005,0.10306406718750001,0.3509749296875,0.0362116984375,0.3454039,0,0.374373259375,0,0.7451253484375,0,0
1475,1313_jpg.rf.03a95b20c57a1bd2d20e038260aee1be.jpg,pituitary,0.2757660171875,0.5125348187500001,0.2841225625,0.5292479109375,0.32869080781250004,0.5543175484375,0.3704735375,0.5571030640625,0.40389972187499995,0.520891365625,0.40668523749999996,0.46518105781249997,0.3871866296875,0.4373259046875,0.3454039,0.428969359375,0.292479109375,0.45403899687499993,0.2757660171875,0.5125348187500001,0,0,0,0,0,0,0,0
1476,2057_jpg.rf.a59b68e53bda95d5430ce3e295c3aa9f.jpg,glioma,0.32033426249999997,0.5348189421875,0.3314763234375,0.49860724218749997,0.2757660171875,0.48189415,0.27298050156250003,0.4568245125,0.2423398328125,0.42339832812499995,0.231197771875,0.3871866296875,0.2089136484375,0.373259053125,0.16713091875,0.39554317499999997,0.1559888578125,0.4428969359375,0.1559888578125,0.5626740953125,0.17270195,0.6935933140625,0.2089136484375,0.7632311984375,0.2423398328125,0.777158775,0.317548746875,0.777158775
1477,885_jpg.rf.b84df7d91cb2d027929604c6ca684ff0.jpg,glioma,0.28969359375,0.21169916406249997,0.24791086406249999,0.20612813437500002,0.17827298125,0.250696378125,0.13649024999999998,0.3621169921875,0.1225626734375,0.47353760468750006,0.144846796875,0.5264623953124999,0.2395543171875,0.5348189421875,0.3454039,0.49582172656249995,0.3816155984375,0.46518105781249997,0.4094707515625,0.40668523749999996,0.40389972187499995,0.33983286874999996,0.37604456875,0.2646239546875,0.28969359375,0.21169916406249997,0,0
1478,1329_jpg.rf.59c0a8bbe6cf93765427879d53dc975d.jpg,pituitary,0.3704735375,0.540389971875,0.4373259046875,0.5431754875,0.459610028125,0.49860724218749997,0.45403899687499993,0.4707520890625,0.4150417828125,0.44568245156249997,0.3704735375,0.4373259046875,0.3314763234375,0.46518105781249997,0.337047353125,0.5125348187500001,0.3704735375,0.540389971875,0,0,0,0,0,0,0,0,0,0
1479,350_jpg.rf.21a16b92f1c68422036c8bc812ed40cb.jpg,meningioma,0.2757660171875,0.8467966578125001,0.348189415625,0.85793871875,0.3816155984375,0.8105849578125,0.3816155984375,0.7548746515625,0.3509749296875,0.7214484671875,0.3091922,0.713091921875,0.261838440625,0.740947075,0.25348189374999996,0.8133704734375,0.2757660171875,0.8467966578125001,0,0,0,0,0,0,0,0,0,0
1480,2331_jpg.rf.ee5a074dacad9ca573f4f12afc2a69db.jpg,glioma,0.373259053125,0.8105849578125,0.37604456875,0.7855153203125,0.4094707515625,0.7883008359375,0.43175487500000004,0.8022284125000001,0.4178272984375,0.8189415046875,0.4178272984375,0.8467966578125001,0.4428969359375,0.8495821734375,0.5320334265625,0.74651810625,0.601671309375,0.7019498609375,0.5849582171875001,0.5849582171875001,0.5626740953125,0.5459610031250001,0.5292479109375,0.540389971875,0.459610028125,0.576601671875,0.4568245125,0.632311978125
1481,1621_jpg.rf.380b67de3cfeb5c75282e5a5591ab5a9.jpg,pituitary,0.490250696875,0.51810585,0.490250696875,0.5654596093750001,0.5125348187500001,0.5933147625,0.5571030640625,0.5849582171875001,0.5793871859374999,0.5515320328125,0.5793871859374999,0.46518105781249997,0.5543175484375,0.44568245156249997,0.5320334265625,0.4428969359375,0.5041782734375,0.46518105781249997,0.490250696875,0.51810585,0,0,0,0,0,0,0,0
1482,2462_jpg.rf.2923572a39e842583dafd29bfd5c3b4c.jpg,glioma,0.5459610031250001,0.4373259046875,0.5348189421875,0.4373259046875,0.40668523749999996,0.49860724218749997,0.286908078125,0.49860724218749997,0.2701949859375,0.515320334375,0.3871866296875,0.5348189421875,0.45125348125000003,0.5626740953125,0.47353760468750006,0.5849582171875001,0.479108634375,0.6211699171875,0.5125348187500001,0.626740946875,0.53760445625,0.596100278125,0.5515320328125,0.5515320328125,0.5459610031250001,0.4373259046875,0,0
1483,1360_jpg.rf.0481d999580e1dcfa30319266ac35b37.jpg,pituitary,0.28969359375,0.571030640625,0.3091922,0.5849582171875001,0.34261838437500003,0.5877437328124999,0.3871866296875,0.568245125,0.398328690625,0.4484679671875,0.286908078125,0.4373259046875,0.27298050156250003,0.45403899687499993,0.2646239546875,0.5236768796875,0.28969359375,0.571030640625,0,0,0,0,0,0,0,0,0,0
1484,1575_jpg.rf.baa86e0c5d14a5fa9332107462e0c269.jpg,pituitary,0.540389971875,0.4707520890625,0.5236768796875,0.4178272984375,0.47353760468750006,0.398328690625,0.4122562671875,0.44568245156249997,0.4122562671875,0.47632312031249996,0.484679665625,0.5431754875,0.53760445625,0.53760445625,0.5515320328125,0.5626740953125,0.5793871859374999,0.5654596093750001,0.62395543125,0.5013927578125,0.6211699171875,0.47632312031249996,0.5821727015625,0.4373259046875,0.5515320328125,0.4484679671875,0.540389971875,0.4707520890625
1485,2504_jpg.rf.9bc7797244c6addf971e1db6cd4d443a.jpg,glioma,0.484679665625,0.7632311984375,0.5598885796874999,0.682451253125,0.5877437328124999,0.6183844015625,0.6128133703125,0.51810585,0.5877437328124999,0.509749303125,0.5348189421875,0.5292479109375,0.509749303125,0.5515320328125,0.459610028125,0.540389971875,0.373259053125,0.5431754875,0.3231197765625,0.5626740953125,0.2980501390625,0.604456825,0.2952646234375,0.688022284375,0.3231197765625,0.7548746515625,0.3844011140625,0.7883008359375
1486,1022_jpg.rf.680bdf054a55d46b5c701ff794da7b14.jpg,pituitary,0.31476323125,0.45403899687499993,0.2757660171875,0.5069637890625,0.27298050156250003,0.5654596093750001,0.37604456875,0.6128133703125,0.42618384374999996,0.6155988859375,0.4401114203125,0.6072423390624999,0.4679665734375,0.5543175484375,0.47353760468750006,0.48746518125,0.43454039062499994,0.43175487500000004,0.4150417828125,0.428969359375,0.31476323125,0.45403899687499993,0,0,0,0,0,0
1487,1870_jpg.rf.3143665d09638b3b58ecce38e62025cd.jpg,glioma,0.42339832812499995,0.4707520890625,0.3537604453125,0.46239554375,0.259052925,0.54874651875,0.23676880156250002,0.5933147625,0.2395543171875,0.62395543125,0.259052925,0.6573816156250001,0.32033426249999997,0.682451253125,0.348189415625,0.682451253125,0.3899721453125,0.6490250703125,0.428969359375,0.604456825,0.45125348125000003,0.5571030640625,0.4484679671875,0.5125348187500001,0.42339832812499995,0.4707520890625,0,0
1488,551_jpg.rf.7cfbd0ed4c538d16cdbae12729639f25.jpg,meningioma,0.62395543125,0.4401114203125,0.6183844015625,0.47353760468750006,0.5821727015625,0.49303621093750005,0.576601671875,0.5626740953125,0.6211699171875,0.568245125,0.6963788296875,0.59888579375,0.74651810625,0.601671309375,0.7715877437499999,0.5626740953125,0.7576601671875001,0.520891365625,0.6935933140625,0.459610028125,0.6601671312499999,0.4428969359375,0.62395543125,0.4401114203125,0,0,0,0
1489,2391_jpg.rf.d7867c732b4d478d47dc579a6a6226ee.jpg,glioma,0.3008356546875,0.3314763234375,0.2423398328125,0.2785515328125,0.1866295265625,0.259052925,0.114206128125,0.3064066859375,0.064066853125,0.3927576609375,0.055710306249999994,0.49303621093750005,0.07520891406249999,0.53760445625,0.10027855156250001,0.5292479109375,0.0974930359375,0.509749303125,0.10863509687499999,0.5013927578125,0.281337046875,0.515320334375,0.317548746875,0.4401114203125,0.317548746875,0.3704735375,0.3008356546875,0.3314763234375
1490,26_jpg.rf.1cd2e6dd5c89829ab40ffc0fe943e540.jpg,meningioma,0.8050139281250001,0.428969359375,0.8440111421875001,0.4401114203125,0.8746518109375,0.4178272984375,0.880222840625,0.3844011140625,0.85793871875,0.35933147656250003,0.8328690812499999,0.3537604453125,0.7855153203125,0.3844011140625,0.7855153203125,0.40389972187499995,0.8050139281250001,0.428969359375,0,0,0,0,0,0,0,0,0,0
1491,2076_jpg.rf.ae09c65dcdf88ad2951803856c128966.jpg,glioma,0.5654596093750001,0.5515320328125,0.5459610031250001,0.3927576609375,0.45125348125000003,0.3621169921875,0.2674094703125,0.3454039,0.20612813437500002,0.373259053125,0.139275765625,0.43454039062499994,0.12813370468750002,0.4568245125,0.12813370468750002,0.49860724218749997,0.14206128125,0.520891365625,0.21727019531249997,0.568245125,0.2757660171875,0.5905292484375,0.47353760468750006,0.5821727015625,0.5320334265625,0.604456825,0.5543175484375,0.5905292484375
1492,840_jpg.rf.2e070c9de205d8d58b6fe4706d19c76e.jpg,glioma,0.5320334265625,0.40111420625000005,0.5933147625,0.4178272984375,0.632311978125,0.261838440625,0.6128133703125,0.2423398328125,0.5654596093750001,0.231197771875,0.51810585,0.16155988906250002,0.484679665625,0.4094707515625,0.49582172656249995,0.4206128140625,0.5320334265625,0.40111420625000005,0,0,0,0,0,0,0,0,0,0
1493,367_jpg.rf.cc8a10bd368c2776973e84158a6a49f4.jpg,meningioma,0.1476323125,0.35933147656250003,0.11142061249999999,0.40111420625000005,0.119777159375,0.4484679671875,0.1476323125,0.46518105781249997,0.20612813437500002,0.4679665734375,0.25626740937500003,0.45403899687499993,0.2701949859375,0.43454039062499994,0.25626740937500003,0.35933147656250003,0.22841225625,0.33983286874999996,0.19777158749999998,0.33983286874999996,0.1476323125,0.35933147656250003,0,0,0,0,0,0
1494,2674_jpg.rf.0a9c55cbecb95da5a9cfc1ff782e04b4.jpg,glioma,0.4484679671875,0.8885793874999999,0.51810585,0.8690807796875,0.568245125,0.830083565625,0.5933147625,0.793871865625,0.5543175484375,0.6406685234375,0.5292479109375,0.6072423390624999,0.48746518125,0.632311978125,0.40389972187499995,0.5626740953125,0.3621169921875,0.5543175484375,0.3008356546875,0.5877437328124999,0.28969359375,0.6378830078125,0.337047353125,0.688022284375,0.4401114203125,0.7325905296874999,0.43175487500000004,0.774373259375
1495,489_jpg.rf.84fd6e01db7b93b0b044edf78143223a.jpg,meningioma,0.17827298125,0.2757660171875,0.2144846796875,0.281337046875,0.23676880156250002,0.2674094703125,0.2451253484375,0.22284122499999998,0.2200557109375,0.1922005578125,0.1894150421875,0.1866295265625,0.16713091875,0.2089136484375,0.1587743734375,0.2451253484375,0.17827298125,0.2757660171875,0,0,0,0,0,0,0,0,0,0
1496,2434_jpg.rf.89922f431fa36041d163e2abca1fcefc.jpg,glioma,0.428969359375,0.47632312031249996,0.47632312031249996,0.45125348125000003,0.43454039062499994,0.34261838437500003,0.40389972187499995,0.3314763234375,0.3231197765625,0.3899721453125,0.3231197765625,0.44568245156249997,0.3537604453125,0.47632312031249996,0.428969359375,0.47632312031249996,0,0,0,0,0,0,0,0,0,0,0,0
1497,1155_jpg.rf.63d2d18257a4f06dcdc591d555cf913e.jpg,pituitary,0.4679665734375,0.5069637890625,0.49303621093750005,0.5320334265625,0.5459610031250001,0.540389971875,0.568245125,0.5292479109375,0.5877437328124999,0.5013927578125,0.59888579375,0.45403899687499993,0.568245125,0.42618384374999996,0.5236768796875,0.42339832812499995,0.47353760468750006,0.4401114203125,0.4679665734375,0.5069637890625,0,0,0,0,0,0,0,0
1498,1335_jpg.rf.5020d85ebca11a97b8f3b72179589301.jpg,pituitary,0.367688021875,0.43175487500000004,0.317548746875,0.45403899687499993,0.28969359375,0.49582172656249995,0.28969359375,0.5320334265625,0.3008356546875,0.54874651875,0.3565459609375,0.5793871859374999,0.39554317499999997,0.568245125,0.43175487500000004,0.540389971875,0.4484679671875,0.5125348187500001,0.4484679671875,0.490250696875,0.4206128140625,0.45125348125000003,0.367688021875,0.43175487500000004,0,0,0,0
1499,1718_jpg.rf.484a71f60f0c69f4207c3dbe2ea5bd09.jpg,pituitary,0.568245125,0.31476323125,0.5459610031250001,0.3008356546875,0.509749303125,0.3008356546875,0.42618384374999996,0.3314763234375,0.40389972187499995,0.3537604453125,0.37604456875,0.40111420625000005,0.37604456875,0.43454039062499994,0.3899721453125,0.45125348125000003,0.4568245125,0.4707520890625,0.5013927578125,0.4094707515625,0.540389971875,0.4094707515625,0.5654596093750001,0.3899721453125,0.576601671875,0.3621169921875,0.568245125,0.31476323125
1500,379_jpg.rf.6d3eba644acbd1053fe78fc4fd2e9b59.jpg,meningioma,0.6991643453124999,0.20334261874999998,0.6963788296875,0.2395543171875,0.6657381609375,0.28969359375,0.662952646875,0.32869080781250004,0.6991643453124999,0.36490250625,0.7660167125,0.373259053125,0.835654596875,0.317548746875,0.8440111421875001,0.2674094703125,0.79665738125,0.21169916406249997,0.7186629531250001,0.19777158749999998,0.6991643453124999,0.20334261874999998,0,0,0,0,0,0
1501,221_jpg.rf.3c14c77ff4b17e31ea0b6138d0d25635.jpg,meningioma,0.34261838437500003,0.459610028125,0.3091922,0.459610028125,0.2785515328125,0.4401114203125,0.23676880156250002,0.4401114203125,0.21169916406249997,0.45125348125000003,0.1894150421875,0.490250696875,0.175487465625,0.53760445625,0.17827298125,0.5849582171875001,0.1922005578125,0.6100278546875,0.2200557109375,0.6295264625,0.2701949859375,0.63509749375,0.31476323125,0.62395543125,0.367688021875,0.5543175484375,0.367688021875,0.484679665625
1502,884_jpg.rf.4a2d0bcd39584f20e7b8214dd507fac7.jpg,glioma,0.3844011140625,0.3259052921875,0.3454039,0.2785515328125,0.281337046875,0.250696378125,0.194986071875,0.24791086406249999,0.144846796875,0.373259053125,0.14206128125,0.42618384374999996,0.1532033421875,0.4707520890625,0.1866295265625,0.520891365625,0.22284122499999998,0.5348189421875,0.2841225625,0.5320334265625,0.3314763234375,0.5013927578125,0.373259053125,0.45125348125000003,0.39554317499999997,0.40111420625000005,0.39554317499999997,0.35933147656250003
1503,422_jpg.rf.ec4023527ac0ce3f8fb311e2ba310dcf.jpg,meningioma,0.540389971875,0.4707520890625,0.5515320328125,0.40111420625000005,0.540389971875,0.3537604453125,0.51810585,0.33983286874999996,0.48746518125,0.3537604453125,0.48746518125,0.43175487500000004,0.509749303125,0.46518105781249997,0.540389971875,0.4707520890625,0,0,0,0,0,0,0,0,0,0,0,0
1504,298_jpg.rf.88fc1b124f1b2859823a1cbe029ecc15.jpg,meningioma,0.13649024999999998,0.5543175484375,0.1504178265625,0.5654596093750001,0.20055710312500002,0.5571030640625,0.21727019531249997,0.51810585,0.21169916406249997,0.48189415,0.1476323125,0.4707520890625,0.1337047359375,0.479108634375,0.1309192203125,0.49860724218749997,0.13649024999999998,0.5543175484375,0,0,0,0,0,0,0,0,0,0
1505,661_jpg.rf.6df856586b14a1a656f9db3c260951eb.jpg,meningioma,0.830083565625,0.6601671312499999,0.7660167125,0.5849582171875001,0.688022284375,0.5821727015625,0.6378830078125,0.5905292484375,0.576601671875,0.6740947078125,0.5877437328124999,0.7827298046875,0.5543175484375,0.8189415046875,0.5543175484375,0.8635097500000001,0.568245125,0.8830083562500001,0.6601671312499999,0.9025069640625001,0.7242339828125,0.8969359328125,0.8328690812499999,0.7827298046875,0.8440111421875001,0.6908078,0.830083565625,0.6601671312499999
1506,2615_jpg.rf.1d8d6042de9900d69d809f64d17c42c7.jpg,glioma,0.5598885796874999,0.428969359375,0.55800151875,0.505695384375,0.6036392,0.5072031703125,0.6100278546875,0.4150417828125,0.59888579375,0.4122562671875,0.5598885796874999,0.428969359375,0,0,0,0,0,0,0,0,0,0,0,0,0,0,0,0
1507,1088_jpg.rf.44c412ae0ba56a210a00c247a53143b9.jpg,pituitary,0.5515320328125,0.4707520890625,0.5292479109375,0.42618384374999996,0.49582172656249995,0.40111420625000005,0.49303621093750005,0.3844011140625,0.46518105781249997,0.37604456875,0.45125348125000003,0.398328690625,0.4484679671875,0.4373259046875,0.47632312031249996,0.49582172656249995,0.47632312031249996,0.5236768796875,0.45125348125000003,0.5626740953125,0.45403899687499993,0.5877437328124999,0.4707520890625,0.6128133703125,0.5654596093750001,0.6100278546875,0.5877437328124999,0.5459610031250001
1508,2631_jpg.rf.f5ab4652eb92ee7697ae4fc2cc52e48a.jpg,glioma,0.6100278546875,0.5264623953124999,0.626740946875,0.5041782734375,0.6128133703125,0.45125348125000003,0.5905292484375,0.45125348125000003,0.540389971875,0.47353760468750006,0.53760445625,0.51810585,0.5821727015625,0.53760445625,0.6100278546875,0.5264623953124999,0,0,0,0,0,0,0,0,0,0,0,0
1509,671_jpg.rf.578f4b1252b459dcb83aca799542868b.jpg,meningioma,0,0.7023784015625,0.0612813375,0.7660167125,0.0947075203125,0.774373259375,0.10863509687499999,0.74651810625,0.1810584953125,0.6963788296875,0.1838440109375,0.6378830078125,0.16155988906250002,0.5933147625,0.139275765625,0.57381615625,0.11142061249999999,0.5626740953125,0.0362116984375,0.5598885796874999,0.002785515625,0.568245125,0,0.5706824515625,0,0.7023784015625,0,0
1510,1346_jpg.rf.01490b17199d7ca1fa55d8bf8a1c1d52.jpg,pituitary,0.2952646234375,0.5264623953124999,0.3231197765625,0.540389971875,0.3621169921875,0.540389971875,0.398328690625,0.5264623953124999,0.3844011140625,0.46518105781249997,0.3314763234375,0.4484679671875,0.3036211703125,0.459610028125,0.2785515328125,0.490250696875,0.2952646234375,0.5264623953124999,0,0,0,0,0,0,0,0,0,0
1511,133_jpg.rf.0f508ec45900e4bd8af28d996dbac092.jpg,meningioma,0.568245125,0.46239554375,0.5905292484375,0.43175487500000004,0.5905292484375,0.40389972187499995,0.5654596093750001,0.37604456875,0.490250696875,0.367688021875,0.47353760468750006,0.34261838437500003,0.44568245156249997,0.34261838437500003,0.3816155984375,0.3816155984375,0.3509749296875,0.3871866296875,0.348189415625,0.43454039062499994,0.3259052921875,0.45403899687499993,0.32033426249999997,0.48746518125,0.3314763234375,0.509749303125,0.35933147656250003,0.5292479109375
1512,558_jpg.rf.61825fff9f04a64e15e20504e61db480.jpg,meningioma,0.5292479109375,0.317548746875,0.5571030640625,0.3788300828125,0.59888579375,0.40111420625000005,0.63509749375,0.367688021875,0.62395543125,0.337047353125,0.626740946875,0.250696378125,0.6128133703125,0.22562674062500002,0.5849582171875001,0.22284122499999998,0.540389971875,0.25626740937500003,0.5292479109375,0.317548746875,0,0,0,0,0,0,0,0
1513,690_jpg.rf.db12b5ec9d78e212978f6903ce4b1296.jpg,meningioma,0.0473537609375,0.3844011140625,0.083565459375,0.4484679671875,0.14206128125,0.459610028125,0.2089136484375,0.40389972187499995,0.22562674062500002,0.36490250625,0.22562674062500002,0.3342618390625,0.1894150421875,0.2785515328125,0.12813370468750002,0.2674094703125,0.064066853125,0.3314763234375,0.0473537609375,0.3844011140625,0,0,0,0,0,0,0,0
1514,1385_jpg.rf.03525fa9455dcdfbf3ebad75b96743b1.jpg,pituitary,0.367688021875,0.49582172656249995,0.3927576609375,0.509749303125,0.43175487500000004,0.459610028125,0.43454039062499994,0.42618384374999996,0.4206128140625,0.40111420625000005,0.3871866296875,0.40111420625000005,0.3509749296875,0.40668523749999996,0.34261838437500003,0.4428969359375,0.367688021875,0.49582172656249995,0,0,0,0,0,0,0,0,0,0
1515,1851_jpg.rf.2f546d05e7ca2d842152258c15c6bd12.jpg,glioma,0.707520890625,0.17827298125,0.707520890625,0.1587743734375,0.6713091921875,0.1337047359375,0.651810584375,0.1559888578125,0.6573816156250001,0.175487465625,0.6406685234375,0.20055710312500002,0.6211699171875,0.2841225625,0.6406685234375,0.317548746875,0.682451253125,0.3259052921875,0.7158774375,0.317548746875,0.7353760453125,0.2980501390625,0.743732590625,0.2423398328125,0.7270194984375,0.194986071875,0.707520890625,0.17827298125
1516,2753_jpg.rf.1b80b1cdc0eeb4065f456688bc3bade5.jpg,glioma,0.57381615625,0.6740947078125,0.6100278546875,0.6685236765625,0.62395543125,0.6545961,0.6183844015625,0.604456825,0.6072423390624999,0.5933147625,0.571030640625,0.5933147625,0.54874651875,0.6128133703125,0.5459610031250001,0.662952646875,0.57381615625,0.6740947078125,0,0,0,0,0,0,0,0,0,0
1517,901_jpg.rf.7ef519a6c305eaba7b4077ffcded2f26.jpg,glioma,0.1476323125,0.6768802234375,0.0445682453125,0.662952646875,0.0362116984375,0.6713091921875,0.0362116984375,0.7632311984375,0.0445682453125,0.768802228125,0.1476323125,0.7632311984375,0.16713091875,0.7660167125,0.17827298125,0.7827298046875,0.20055710312500002,0.7827298046875,0.23676880156250002,0.749303621875,0.25626740937500003,0.707520890625,0.3091922,0.6657381609375,0.311977715625,0.576601671875,0.2785515328125,0.490250696875
1518,2052_jpg.rf.95dfeeb9b6b4feaed58aedf40704974b.jpg,glioma,0.632311978125,0.6406685234375,0.6768802234375,0.6768802234375,0.740947075,0.6852367687500001,0.7576601671875001,0.6768802234375,0.7883008359375,0.6462395546875,0.7353760453125,0.6072423390624999,0.6713091921875,0.59888579375,0.6211699171875,0.5041782734375,0.6295264625,0.45403899687499993,0.7158774375,0.4150417828125,0.74651810625,0.3844011140625,0.74651810625,0.3565459609375,0.713091921875,0.3565459609375,0.5264623953124999,0.40668523749999996
1519,1500_jpg.rf.f658701321e99d00b6562520fe0d396e.jpg,pituitary,0.5236768796875,0.4401114203125,0.49860724218749997,0.4178272984375,0.479108634375,0.4150417828125,0.42339832812499995,0.4373259046875,0.3454039,0.4401114203125,0.317548746875,0.479108634375,0.31476323125,0.5236768796875,0.3565459609375,0.5626740953125,0.4094707515625,0.5515320328125,0.459610028125,0.5821727015625,0.509749303125,0.5849582171875001,0.5459610031250001,0.53760445625,0.54874651875,0.5013927578125,0.5236768796875,0.4401114203125
1520,1861_jpg.rf.cd978cf70b26a130116ef327f4783c0a.jpg,glioma,0.576601671875,0.601671309375,0.4484679671875,0.5877437328124999,0.3621169921875,0.5459610031250001,0.34261838437500003,0.5459610031250001,0.32033426249999997,0.5571030640625,0.32033426249999997,0.6211699171875,0.3314763234375,0.651810584375,0.3259052921875,0.6991643453124999,0.3342618390625,0.707520890625,0.37604456875,0.7047353765625,0.43454039062499994,0.738161559375,0.48746518125,0.740947075,0.571030640625,0.6740947078125,0.5821727015625,0.626740946875
1521,2856_jpg.rf.8c170c71524b5ccdb00f6bb4c2b23624.jpg,glioma,0.5821727015625,0.6406685234375,0.6183844015625,0.6573816156250001,0.6462395546875,0.6545961,0.6573816156250001,0.6406685234375,0.6490250703125,0.5849582171875001,0.57381615625,0.53760445625,0.53760445625,0.5598885796874999,0.5459610031250001,0.59888579375,0.5821727015625,0.6406685234375,0,0,0,0,0,0,0,0,0,0
1522,1749_jpg.rf.578eb2c4a5fee5dc85027199fb8c916b.jpg,pituitary,0.49582172656249995,0.35933147656250003,0.5292479109375,0.3871866296875,0.5654596093750001,0.3844011140625,0.5933147625,0.3454039,0.5905292484375,0.3008356546875,0.5571030640625,0.2841225625,0.5264623953124999,0.2980501390625,0.49582172656249995,0.3314763234375,0.49582172656249995,0.35933147656250003,0,0,0,0,0,0,0,0,0,0
1523,2937_jpg.rf.cb9787ef2ea90c730298ad8fd8c938bf.jpg,glioma,0.5459610031250001,0.5571030640625,0.520891365625,0.509749303125,0.5320334265625,0.3036211703125,0.5041782734375,0.2841225625,0.46518105781249997,0.2841225625,0.4094707515625,0.2980501390625,0.36490250625,0.3314763234375,0.3091922,0.484679665625,0.31476323125,0.5821727015625,0.3314763234375,0.6183844015625,0.3509749296875,0.6406685234375,0.4094707515625,0.6713091921875,0.484679665625,0.6657381609375,0.5348189421875,0.6378830078125
1524,2499_jpg.rf.def32fa61982e8ef2fe2c6b3f5cf9b4a.jpg,glioma,0.3816155984375,0.5877437328124999,0.40111420625000005,0.6211699171875,0.4206128140625,0.62395543125,0.44568245156249997,0.6072423390624999,0.49303621093750005,0.6072423390624999,0.49582172656249995,0.5793871859374999,0.4679665734375,0.5431754875,0.4178272984375,0.53760445625,0.3816155984375,0.5654596093750001,0.3816155984375,0.5877437328124999,0,0,0,0,0,0,0,0
1525,2597_jpg.rf.1a18e2ddcc3880216ff00f16abdb8289.jpg,glioma,0.28969359375,0.515320334375,0.23676880156250002,0.48189415,0.1532033421875,0.4707520890625,0.064066853125,0.49860724218749997,0.025069637500000002,0.5348189421875,0.0167130921875,0.5598885796874999,0.022284121875,0.604456825,0.10863509687499999,0.6100278546875,0.1504178265625,0.6378830078125,0.21169916406249997,0.6378830078125,0.24791086406249999,0.651810584375,0.286908078125,0.6434540390625,0.3036211703125,0.59888579375,0.28969359375,0.515320334375
1526,2988_jpg.rf.8eb02c612c7da0665788d21ccace8519.jpg,glioma,0.175487465625,0.596100278125,0.1922005578125,0.626740946875,0.194986071875,0.688022284375,0.2423398328125,0.74651810625,0.3008356546875,0.749303621875,0.33983286874999996,0.7186629531250001,0.3454039,0.682451253125,0.3844011140625,0.601671309375,0.3509749296875,0.568245125,0.3008356546875,0.54874651875,0.292479109375,0.46518105781249997,0.25626740937500003,0.4401114203125,0.25626740937500003,0.4094707515625,0.2785515328125,0.35933147656250003
1527,2697_jpg.rf.a0519f4146f052bb95317bcee0d59837.jpg,glioma,0.5041782734375,0.34261838437500003,0.5069637890625,0.261838440625,0.51810585,0.2423398328125,0.45403899687499993,0.19777158749999998,0.4094707515625,0.1922005578125,0.35933147656250003,0.20334261874999998,0.2674094703125,0.2451253484375,0.1922005578125,0.2980501390625,0.175487465625,0.3314763234375,0.175487465625,0.37604456875,0.21169916406249997,0.43454039062499994,0.2674094703125,0.46239554375,0.36490250625,0.47353760468750006,0.40668523749999996,0.459610028125
1528,2291_jpg.rf.21446cfc53ff1f2864050f0ca8d8b9f6.jpg,glioma,0.250696378125,0.682451253125,0.259052925,0.7353760453125,0.3231197765625,0.793871865625,0.43454039062499994,0.799442896875,0.49860724218749997,0.6935933140625,0.49582172656249995,0.6685236765625,0.3871866296875,0.6072423390624999,0.3231197765625,0.601671309375,0.2757660171875,0.6295264625,0.250696378125,0.682451253125,0,0,0,0,0,0,0,0
1529,731_jpg.rf.d83742c3a59965e84be6cedd6114a706.jpg,glioma,0.5598885796874999,0.45125348125000003,0.5571030640625,0.47632312031249996,0.6072423390624999,0.48189415,0.6434540390625,0.43454039062499994,0.651810584375,0.3314763234375,0.7047353765625,0.28969359375,0.71030640625,0.259052925,0.6991643453124999,0.2339832875,0.62395543125,0.17270195,0.59888579375,0.139275765625,0.5459610031250001,0.1253481890625,0.49582172656249995,0.1504178265625,0.5348189421875,0.2144846796875,0.515320334375,0.21727019531249997
1530,269_jpg.rf.47f99b1b827b9281c7ef94fbde087c75.jpg,meningioma,0.261838440625,0.22284122499999998,0.22562674062500002,0.23676880156250002,0.16155988906250002,0.292479109375,0.1559888578125,0.3231197765625,0.175487465625,0.3509749296875,0.231197771875,0.3509749296875,0.250696378125,0.3342618390625,0.2674094703125,0.33983286874999996,0.3036211703125,0.3091922,0.3091922,0.25626740937500003,0.286908078125,0.22562674062500002,0.261838440625,0.22284122499999998,0,0,0,0
1531,2082_jpg.rf.267abf5bec237f401992c82ecee6c43b.jpg,glioma,0.7660167125,0.43175487500000004,0.743732590625,0.42339832812499995,0.6657381609375,0.44568245156249997,0.6462395546875,0.479108634375,0.651810584375,0.5041782734375,0.6685236765625,0.515320334375,0.768802228125,0.5264623953124999,0.7715877437499999,0.5069637890625,0.7520891359374999,0.49860724218749997,0.738161559375,0.46518105781249997,0.74651810625,0.44568245156249997,0.7632311984375,0.4484679671875,0.7660167125,0.43175487500000004,0,0
1532,600_jpg.rf.c597a7ca0182c3c0bb50dbed2009a8d1.jpg,meningioma,0.19777158749999998,0.0445682453125,0.16991643437499998,0.0417827296875,0.114206128125,0.0779944296875,0.055710306249999994,0.16434540312499998,0.055710306249999994,0.20612813437500002,0.086350975,0.2646239546875,0.175487465625,0.2785515328125,0.194986071875,0.2646239546875,0.22284122499999998,0.20055710312500002,0.24791086406249999,0.1866295265625,0.24791086406249999,0.14206128125,0.21727019531249997,0.0612813375,0.19777158749999998,0.0445682453125,0,0
1533,2654_jpg.rf.3884effd4cf0ce55982c4201f7d12e09.jpg,glioma,0.5013927578125,0.23676880156250002,0.459610028125,0.21727019531249997,0.43454039062499994,0.21727019531249997,0.39554317499999997,0.2339832875,0.3621169921875,0.27298050156250003,0.3314763234375,0.3704735375,0.3537604453125,0.40668523749999996,0.45125348125000003,0.44568245156249997,0.45125348125000003,0.4178272984375,0.47353760468750006,0.3816155984375,0.5264623953124999,0.348189415625,0.5348189421875,0.3008356546875,0.5236768796875,0.261838440625,0.5013927578125,0.23676880156250002
1534,2609_jpg.rf.bdd529cffc2822d15d61c5b1a6beec02.jpg,glioma,0.571030640625,0.49582172656249995,0.5431754875,0.568245125,0.5793871859374999,0.62395543125,0.62395543125,0.6490250703125,0.6740947078125,0.6434540390625,0.7353760453125,0.571030640625,0.7353760453125,0.5348189421875,0.7047353765625,0.47632312031249996,0.6768802234375,0.45403899687499993,0.651810584375,0.45403899687499993,0.571030640625,0.49582172656249995,0,0,0,0,0,0
1535,2169_jpg.rf.dc83e1048462bd2b10ae478cb486780c.jpg,glioma,0.6545961,0.830083565625,0.8022284125000001,0.7715877437499999,0.7799442890625,0.7632311984375,0.707520890625,0.777158775,0.688022284375,0.740947075,0.6406685234375,0.7353760453125,0.6183844015625,0.777158775,0.6183844015625,0.830083565625,0.6545961,0.830083565625,0,0,0,0,0,0,0,0,0,0
1536,384_jpg.rf.542b5ad98f0b50913e093cb6e5a8167b.jpg,meningioma,0.3899721453125,0.46518105781249997,0.32033426249999997,0.3537604453125,0.261838440625,0.337047353125,0.21727019531249997,0.348189415625,0.1894150421875,0.3704735375,0.1559888578125,0.373259053125,0.1309192203125,0.4094707515625,0.09192200625,0.43454039062499994,0.089136490625,0.49582172656249995,0.17270195,0.54874651875,0.20612813437500002,0.5821727015625,0.37604456875,0.5933147625,0.40389972187499995,0.5292479109375,0.3899721453125,0.46518105781249997
1537,1873_jpg.rf.43f2dd2fcbed18ca304ee76f6cf594d1.jpg,glioma,0.49582172656249995,0.63509749375,0.49303621093750005,0.57381615625,0.46518105781249997,0.5320334265625,0.4122562671875,0.49582172656249995,0.3314763234375,0.48189415,0.20334261874999998,0.5264623953124999,0.16155988906250002,0.5598885796874999,0.144846796875,0.59888579375,0.1504178265625,0.6378830078125,0.16713091875,0.6657381609375,0.25348189374999996,0.738161559375,0.311977715625,0.7715877437499999,0.3899721453125,0.7576601671875001,0.4484679671875,0.7242339828125
1538,2318_jpg.rf.1910557d240a170b7c9c64236237a2c3.jpg,glioma,0.7019498609375,0.6462395546875,0.71030640625,0.6183844015625,0.7047353765625,0.57381615625,0.6657381609375,0.5598885796874999,0.6406685234375,0.520891365625,0.6100278546875,0.520891365625,0.5877437328124999,0.48189415,0.5654596093750001,0.484679665625,0.54874651875,0.46239554375,0.5236768796875,0.46239554375,0.490250696875,0.49303621093750005,0.4484679671875,0.5013927578125,0.4150417828125,0.5236768796875,0.4178272984375,0.57381615625
1539,1673_jpg.rf.3ec35074a612e4a4209a906d7ad8680d.jpg,pituitary,0.6852367687500001,0.292479109375,0.6406685234375,0.286908078125,0.626740946875,0.3036211703125,0.5877437328124999,0.3008356546875,0.5626740953125,0.31476323125,0.57381615625,0.3314763234375,0.571030640625,0.3621169921875,0.5598885796874999,0.373259053125,0.5654596093750001,0.40389972187499995,0.6072423390624999,0.40389972187499995,0.6657381609375,0.3509749296875,0.6935933140625,0.34261838437500003,0.6852367687500001,0.292479109375,0,0
1540,1465_jpg.rf.64728bc6d23cf4bb23d9dfd24c9136e3.jpg,pituitary,0.626740946875,0.43454039062499994,0.6072423390624999,0.3927576609375,0.6072423390624999,0.3342618390625,0.5933147625,0.3259052921875,0.5292479109375,0.348189415625,0.49582172656249995,0.3816155984375,0.49582172656249995,0.4206128140625,0.45403899687499993,0.479108634375,0.459610028125,0.53760445625,0.484679665625,0.5598885796874999,0.5320334265625,0.5626740953125,0.5626740953125,0.576601671875,0.6183844015625,0.5041782734375,0.6155988859375,0.45403899687499993
1541,1776_jpg.rf.4cdd8ba7ab46dabc219d758150464edc.jpg,pituitary,0.7353760453125,0.3064066859375,0.6601671312499999,0.2980501390625,0.6072423390624999,0.3231197765625,0.601671309375,0.34261838437500003,0.5515320328125,0.3899721453125,0.5459610031250001,0.428969359375,0.576601671875,0.459610028125,0.6155988859375,0.4707520890625,0.7270194984375,0.47353760468750006,0.7827298046875,0.4206128140625,0.7827298046875,0.35933147656250003,0.7660167125,0.32869080781250004,0.7353760453125,0.3064066859375,0,0
1542,2164_jpg.rf.2660188d3b66d1c6495eea25c93a8787.jpg,glioma,1,0.22905506718750002,0.9749303625,0.1866295265625,0.9220055703125001,0.1504178265625,0.8161559890625,0.1504178265625,0.740947075,0.17270195,0.6295264625,0.17270195,0.576601671875,0.1922005578125,0.5125348187500001,0.2423398328125,0.48746518125,0.3036211703125,0.490250696875,0.3844011140625,0.5013927578125,0.43175487500000004,0.5264623953124999,0.459610028125,0.62395543125,0.4679665734375,0.7827298046875,0.348189415625
1543,1514_jpg.rf.ff65848614837710da6999b1beb40e88.jpg,pituitary,0.540389971875,0.4178272984375,0.5264623953124999,0.40389972187499995,0.48746518125,0.4401114203125,0.484679665625,0.5069637890625,0.4679665734375,0.484679665625,0.44568245156249997,0.484679665625,0.4206128140625,0.509749303125,0.42339832812499995,0.53760445625,0.4373259046875,0.5543175484375,0.5013927578125,0.568245125,0.53760445625,0.5459610031250001,0.54874651875,0.4707520890625,0.540389971875,0.4178272984375,0,0
1544,2317_jpg.rf.5d1168cccc35b11c82295e9f41cb616c.jpg,glioma,0.601671309375,0.42339832812499995,0.5877437328124999,0.42339832812499995,0.5459610031250001,0.49860724218749997,0.5041782734375,0.49860724218749997,0.45125348125000003,0.5264623953124999,0.45125348125000003,0.568245125,0.5041782734375,0.626740946875,0.596100278125,0.662952646875,0.6713091921875,0.63509749375,0.682451253125,0.5431754875,0.6573816156250001,0.48746518125,0.62395543125,0.46239554375,0.601671309375,0.42339832812499995,0,0
1545,25_jpg.rf.8e96675d3d9905e6b95b5f489a5e764c.jpg,meningioma,0.5933147625,0.6740947078125,0.632311978125,0.6685236765625,0.740947075,0.6128133703125,0.8022284125000001,0.5598885796874999,0.8050139281250001,0.5348189421875,0.774373259375,0.5654596093750001,0.651810584375,0.62395543125,0.62395543125,0.626740946875,0.6183844015625,0.6406685234375,0.59888579375,0.57381615625,0.5069637890625,0.5571030640625,0.4401114203125,0.604456825,0.4206128140625,0.632311978125,0.48746518125,0.6963788296875
1546,460_jpg.rf.e6357cc206e206dce5ce105d10002e49.jpg,meningioma,0.2339832875,0.1866295265625,0.1922005578125,0.20334261874999998,0.1587743734375,0.2646239546875,0.175487465625,0.3008356546875,0.20612813437500002,0.3259052921875,0.25626740937500003,0.3231197765625,0.292479109375,0.3036211703125,0.32033426249999997,0.25626740937500003,0.3091922,0.194986071875,0.250696378125,0.16713091875,0.2339832875,0.1866295265625,0,0,0,0,0,0
1547,1605_jpg.rf.0f84ab9b748e9499c9f3c96f22a6dee3.jpg,pituitary,0.5125348187500001,0.5821727015625,0.5069637890625,0.5264623953124999,0.490250696875,0.484679665625,0.459610028125,0.47632312031249996,0.43454039062499994,0.540389971875,0.43454039062499994,0.5793871859374999,0.5013927578125,0.59888579375,0.5125348187500001,0.5821727015625,0,0,0,0,0,0,0,0,0,0,0,0
1548,118_jpg.rf.ff05a8b67515fb130413b93ad1ed8fda.jpg,meningioma,0.37604456875,0.337047353125,0.3509749296875,0.3565459609375,0.32869080781250004,0.40111420625000005,0.3454039,0.4707520890625,0.40668523749999996,0.49303621093750005,0.47353760468750006,0.49582172656249995,0.49582172656249995,0.484679665625,0.51810585,0.44568245156249997,0.51810585,0.4150417828125,0.49860724218749997,0.3788300828125,0.4679665734375,0.3565459609375,0.37604456875,0.337047353125,0,0,0,0
1549,1724_jpg.rf.3a863de8d993f78b5ca7d3c1a773470c.jpg,pituitary,0.6100278546875,0.367688021875,0.571030640625,0.37604456875,0.5598885796874999,0.40111420625000005,0.5654596093750001,0.42618384374999996,0.576601671875,0.43454039062499994,0.6963788296875,0.4401114203125,0.688022284375,0.3844011140625,0.6462395546875,0.35933147656250003,0.6295264625,0.3816155984375,0.6100278546875,0.367688021875,0,0,0,0,0,0,0,0
1550,692_jpg.rf.6bcb25a88ce6bc82919f4be01939ad12.jpg,meningioma,0.0696378828125,0.367688021875,0.07520891406249999,0.40668523749999996,0.10306406718750001,0.42618384374999996,0.16713091875,0.4122562671875,0.2089136484375,0.3704735375,0.19777158749999998,0.3064066859375,0.17827298125,0.28969359375,0.12813370468750002,0.281337046875,0.09192200625,0.311977715625,0.0696378828125,0.367688021875,0,0,0,0,0,0,0,0
1551,2879_jpg.rf.ce503806ae254752635926f2519ad504.jpg,glioma,0.3231197765625,0.520891365625,0.348189415625,0.47353760468750006,0.373259053125,0.45403899687499993,0.3927576609375,0.4094707515625,0.3259052921875,0.2200557109375,0.31476323125,0.2089136484375,0.2757660171875,0.2089136484375,0.21727019531249997,0.231197771875,0.20055710312500002,0.250696378125,0.19777158749999998,0.3844011140625,0.1532033421875,0.4428969359375,0.12813370468750002,0.44568245156249997,0.119777159375,0.4568245125,0.10306406718750001,0.5348189421875
1552,1189_jpg.rf.28b6474279f35dc7c14cab430a93b582.jpg,pituitary,0.63509749375,0.51810585,0.626740946875,0.4373259046875,0.601671309375,0.40111420625000005,0.5793871859374999,0.398328690625,0.54874651875,0.43175487500000004,0.5571030640625,0.4679665734375,0.5793871859374999,0.5041782734375,0.63509749375,0.51810585,0,0,0,0,0,0,0,0,0,0,0,0
1553,164_jpg.rf.6be885a350d99ddc748d54d091561610.jpg,meningioma,0.5793871859374999,0.3621169921875,0.53760445625,0.3509749296875,0.490250696875,0.3704735375,0.45125348125000003,0.40668523749999996,0.4428969359375,0.568245125,0.45125348125000003,0.5793871859374999,0.46518105781249997,0.576601671875,0.4679665734375,0.5543175484375,0.5236768796875,0.51810585,0.5320334265625,0.5013927578125,0.5793871859374999,0.484679665625,0.596100278125,0.3844011140625,0.5793871859374999,0.3621169921875,0,0
1554,48_jpg.rf.37cb5928f11959205c6e45b898eea103.jpg,meningioma,0.4568245125,0.25626740937500003,0.4206128140625,0.2200557109375,0.3871866296875,0.21169916406249997,0.28969359375,0.2423398328125,0.25348189374999996,0.2674094703125,0.2200557109375,0.3091922,0.22562674062500002,0.348189415625,0.2451253484375,0.3788300828125,0.281337046875,0.3871866296875,0.35933147656250003,0.3816155984375,0.4178272984375,0.3537604453125,0.4484679671875,0.3231197765625,0.46518105781249997,0.3008356546875,0.4568245125,0.25626740937500003
1555,778_jpg.rf.7a9ad0ac296eaefc524a520014df4272.jpg,glioma,0.3091922,0.4679665734375,0.17827298125,0.46518105781249997,0.11699164375,0.4707520890625,0.10027855156250001,0.49582172656249995,0.09192200625,0.53760445625,0.114206128125,0.5877437328124999,0.17827298125,0.6462395546875,0.3008356546875,0.6378830078125,0.32033426249999997,0.6128133703125,0.337047353125,0.54874651875,0.3565459609375,0.5320334265625,0.3454039,0.49303621093750005,0.3091922,0.4679665734375,0,0
1556,1974_jpg.rf.13bb8912910e4515f75be628ad795ef9.jpg,glioma,0.6378830078125,0.51810585,0.6183844015625,0.5431754875,0.62395543125,0.5821727015625,0.6128133703125,0.59888579375,0.6155988859375,0.6183844015625,0.6740947078125,0.6295264625,0.7353760453125,0.6072423390624999,0.7325905296874999,0.5877437328124999,0.6963788296875,0.5877437328124999,0.6573816156250001,0.5571030640625,0.651810584375,0.5236768796875,0.6378830078125,0.51810585,0,0,0,0
1557,827_jpg.rf.fd80f10e8b5be8a305156b36518aeebf.jpg,glioma,0.5236768796875,0.2701949859375,0.490250696875,0.25626740937500003,0.4484679671875,0.317548746875,0.4401114203125,0.398328690625,0.5125348187500001,0.3844011140625,0.5515320328125,0.34261838437500003,0.5236768796875,0.2701949859375,0,0,0,0,0,0,0,0,0,0,0,0,0,0
1558,2686_jpg.rf.e27fdc7544d0a45fa3492c085f4732a5.jpg,glioma,0.5821727015625,0.6211699171875,0.6100278546875,0.6295264625,0.6211699171875,0.6183844015625,0.626740946875,0.576601671875,0.6128133703125,0.5515320328125,0.5877437328124999,0.5459610031250001,0.571030640625,0.5543175484375,0.5626740953125,0.5877437328124999,0.5821727015625,0.6211699171875,0,0,0,0,0,0,0,0,0,0
1559,143_jpg.rf.8669af583a449b4fd7cf411beb2edee8.jpg,meningioma,0.4373259046875,0.5431754875,0.44568245156249997,0.5905292484375,0.48746518125,0.6183844015625,0.5320334265625,0.6072423390624999,0.5543175484375,0.5849582171875001,0.5626740953125,0.5543175484375,0.5571030640625,0.49303621093750005,0.5013927578125,0.48189415,0.45125348125000003,0.5041782734375,0.4373259046875,0.5431754875,0,0,0,0,0,0,0,0
1560,730_jpg.rf.98605bf98deb2322713189a488245922.jpg,glioma,0.5877437328124999,0.43454039062499994,0.63509749375,0.311977715625,0.6713091921875,0.2785515328125,0.6963788296875,0.2757660171875,0.6963788296875,0.250696378125,0.6601671312499999,0.20055710312500002,0.6155988859375,0.1838440109375,0.5821727015625,0.1476323125,0.5571030640625,0.13649024999999998,0.509749303125,0.13649024999999998,0.484679665625,0.144846796875,0.484679665625,0.16155988906250002,0.5292479109375,0.2200557109375,0.459610028125,0.2646239546875
1561,619_jpg.rf.4a5ba82c684ea47b6457c0b175a8f009.jpg,meningioma,0.48746518125,0.2200557109375,0.45125348125000003,0.23676880156250002,0.43175487500000004,0.2785515328125,0.4484679671875,0.32869080781250004,0.5264623953124999,0.3927576609375,0.5459610031250001,0.398328690625,0.5905292484375,0.3816155984375,0.632311978125,0.3342618390625,0.6211699171875,0.286908078125,0.596100278125,0.259052925,0.53760445625,0.22841225625,0.48746518125,0.2200557109375,0,0,0,0
1562,1780_jpg.rf.cbf956fedb405360da81594082ead792.jpg,pituitary,0.651810584375,0.35933147656250003,0.62395543125,0.398328690625,0.626740946875,0.4373259046875,0.6545961,0.46518105781249997,0.6908078,0.4679665734375,0.7019498609375,0.45403899687499993,0.7325905296874999,0.44568245156249997,0.749303621875,0.3844011140625,0.7186629531250001,0.3509749296875,0.7047353765625,0.3509749296875,0.651810584375,0.35933147656250003,0,0,0,0,0,0
1563,150_jpg.rf.e966e0d9f2efc0b00d33a12a3505a43b.jpg,meningioma,0.5571030640625,0.7047353765625,0.540389971875,0.651810584375,0.5125348187500001,0.601671309375,0.47632312031249996,0.5793871859374999,0.3816155984375,0.5654596093750001,0.2423398328125,0.6211699171875,0.231197771875,0.6378830078125,0.2395543171875,0.6740947078125,0.2757660171875,0.71030640625,0.31476323125,0.707520890625,0.3537604453125,0.749303621875,0.4707520890625,0.79665738125,0.5431754875,0.8077994421874999,0.57381615625,0.774373259375
1564,1960_jpg.rf.e13bf23f5c6ab5f48bd485ef0962d471.jpg,glioma,0.11142061249999999,0.2451253484375,0.10584958281250001,0.33983286874999996,0.1810584953125,0.32869080781250004,0.20055710312500002,0.311977715625,0.231197771875,0.2646239546875,0.231197771875,0.24791086406249999,0.2089136484375,0.2200557109375,0.1894150421875,0.2144846796875,0.1559888578125,0.2200557109375,0.11142061249999999,0.2451253484375,0,0,0,0,0,0,0,0
1565,1471_jpg.rf.74da9a8a782d45e154cccec0b22df69a.jpg,pituitary,0.5849582171875001,0.5459610031250001,0.596100278125,0.5320334265625,0.6211699171875,0.5292479109375,0.6295264625,0.47632312031249996,0.62395543125,0.459610028125,0.576601671875,0.44568245156249997,0.568245125,0.5013927578125,0.571030640625,0.5320334265625,0.5849582171875001,0.5459610031250001,0,0,0,0,0,0,0,0,0,0
1566,1264_jpg.rf.b15a170de05f11d807b7cccc6363bd56.jpg,pituitary,0.59888579375,0.3927576609375,0.6573816156250001,0.3844011140625,0.6768802234375,0.34261838437500003,0.6685236765625,0.3064066859375,0.632311978125,0.281337046875,0.57381615625,0.2701949859375,0.568245125,0.337047353125,0.5793871859374999,0.37604456875,0.59888579375,0.3927576609375,0,0,0,0,0,0,0,0,0,0
1567,2749_jpg.rf.cac817b48bbaf0f34bfba9ed3c499df9.jpg,glioma,0,0.6768802234375,0.1532033421875,0.6490250703125,0.1532033421875,0.632311978125,0.13649024999999998,0.6155988859375,0.114206128125,0.6100278546875,0.14206128125,0.5654596093750001,0.14206128125,0.5515320328125,0.1337047359375,0.5515320328125,0.0947075203125,0.5849582171875001,0.050139275000000004,0.5793871859374999,0.03064066875,0.5571030640625,0.002785515625,0.5626740953125,0,0.5663881140625,0,0.6768802234375
1568,1796_jpg.rf.8499cf8c6a135f1dc9b05813c05ef2e5.jpg,pituitary,0.5626740953125,0.337047353125,0.54874651875,0.3565459609375,0.5292479109375,0.32869080781250004,0.49582172656249995,0.3259052921875,0.4707520890625,0.337047353125,0.4484679671875,0.367688021875,0.4484679671875,0.40389972187499995,0.479108634375,0.46239554375,0.5320334265625,0.4484679671875,0.5543175484375,0.428969359375,0.6128133703125,0.43175487500000004,0.6378830078125,0.4122562671875,0.63509749375,0.3788300828125,0.596100278125,0.34261838437500003
1569,1547_jpg.rf.d7aafd438824125c5e3671edc98e827b.jpg,pituitary,0.662952646875,0.490250696875,0.6462395546875,0.45403899687499993,0.604456825,0.4178272984375,0.5654596093750001,0.40111420625000005,0.520891365625,0.4094707515625,0.4707520890625,0.40111420625000005,0.4401114203125,0.4150417828125,0.4178272984375,0.4428969359375,0.4206128140625,0.509749303125,0.5069637890625,0.5821727015625,0.54874651875,0.5905292484375,0.571030640625,0.6183844015625,0.596100278125,0.6128133703125,0.632311978125,0.571030640625
1570,299_jpg.rf.e801ea108f7674d2cb20e5ab7422a078.jpg,meningioma,0.3064066859375,0.42339832812499995,0.317548746875,0.3788300828125,0.3036211703125,0.3259052921875,0.25626740937500003,0.311977715625,0.20055710312500002,0.3231197765625,0.1587743734375,0.348189415625,0.10584958281250001,0.4094707515625,0.0947075203125,0.46239554375,0.1253481890625,0.520891365625,0.2089136484375,0.54874651875,0.261838440625,0.5793871859374999,0.28969359375,0.5821727015625,0.317548746875,0.5459610031250001,0.337047353125,0.46518105781249997
1571,628_jpg.rf.c25bb888c5ba2bd216a09c3f76ce44ea.jpg,meningioma,0.45403899687499993,0.7576601671875001,0.4568245125,0.7019498609375,0.43175487500000004,0.63509749375,0.4150417828125,0.5431754875,0.3621169921875,0.484679665625,0.33983286874999996,0.47353760468750006,0.24791086406249999,0.46239554375,0.1838440109375,0.47632312031249996,0.14206128125,0.5069637890625,0.11142061249999999,0.5626740953125,0.10306406718750001,0.6378830078125,0.1838440109375,0.768802228125,0.2757660171875,0.860724234375,0.3899721453125,0.8941504171875
1572,1987_jpg.rf.e0a2252570b35e7be532782015cacd7a.jpg,glioma,0.3454039,0.596100278125,0.311977715625,0.63509749375,0.311977715625,0.6573816156250001,0.32869080781250004,0.6796657374999999,0.3899721453125,0.682451253125,0.42618384374999996,0.71030640625,0.4484679671875,0.6852367687500001,0.4428969359375,0.6434540390625,0.4178272984375,0.5821727015625,0.3899721453125,0.5793871859374999,0.3454039,0.596100278125,0,0,0,0,0,0
1573,1184_jpg.rf.c39e0feb7621fc4164b0c1948fd049c0.jpg,pituitary,0.5320334265625,0.2980501390625,0.49860724218749997,0.34261838437500003,0.49582172656249995,0.3927576609375,0.51810585,0.428969359375,0.5654596093750001,0.45403899687499993,0.6768802234375,0.46518105781249997,0.7270194984375,0.4094707515625,0.7270194984375,0.3454039,0.688022284375,0.2980501390625,0.62395543125,0.2757660171875,0.5320334265625,0.2980501390625,0,0,0,0,0,0
1574,2302_jpg.rf.2140a62a8c0d4fa833ee874ec1b833e0.jpg,glioma,0.568245125,0.47632312031249996,0.53760445625,0.47632312031249996,0.515320334375,0.5013927578125,0.520891365625,0.5292479109375,0.571030640625,0.5348189421875,0.5821727015625,0.490250696875,0.568245125,0.47632312031249996,0,0,0,0,0,0,0,0,0,0,0,0,0,0
1575,253_jpg.rf.32c0a1403528ada05b0b3501c07bc7a2.jpg,meningioma,0.33983286874999996,0.5543175484375,0.367688021875,0.54874651875,0.3816155984375,0.5320334265625,0.3816155984375,0.509749303125,0.3565459609375,0.49303621093750005,0.3259052921875,0.49303621093750005,0.3036211703125,0.509749303125,0.3091922,0.540389971875,0.33983286874999996,0.5543175484375,0,0,0,0,0,0,0,0,0,0
1576,2372_jpg.rf.d8c21eb655f149935e9289429e5e7452.jpg,glioma,0.4122562671875,0.47632312031249996,0.3788300828125,0.484679665625,0.3565459609375,0.509749303125,0.3509749296875,0.568245125,0.36490250625,0.5849582171875001,0.45125348125000003,0.6211699171875,0.5543175484375,0.6100278546875,0.6378830078125,0.62395543125,0.6406685234375,0.5793871859374999,0.53760445625,0.5041782734375,0.48189415,0.48189415,0.4122562671875,0.47632312031249996,0,0,0,0
1577,2543_jpg.rf.756bb0733c4f2046d447b9524d86361c.jpg,glioma,0.311977715625,0.44568245156249997,0.194986071875,0.51810585,0.1866295265625,0.54874651875,0.20055710312500002,0.571030640625,0.25626740937500003,0.6072423390624999,0.2785515328125,0.6100278546875,0.3008356546875,0.632311978125,0.3537604453125,0.6295264625,0.3844011140625,0.601671309375,0.3788300828125,0.520891365625,0.35933147656250003,0.459610028125,0.311977715625,0.44568245156249997,0,0,0,0
1578,865_jpg.rf.66a02bab933d17ac3ea2d46a1744393e.jpg,glioma,0.3816155984375,0.47632312031249996,0.398328690625,0.46239554375,0.4178272984375,0.4150417828125,0.4373259046875,0.398328690625,0.44568245156249997,0.348189415625,0.49303621093750005,0.259052925,0.49303621093750005,0.21727019531249997,0.46239554375,0.175487465625,0.40668523749999996,0.16155988906250002,0.33983286874999996,0.22562674062500002,0.32033426249999997,0.2785515328125,0.3008356546875,0.3008356546875,0.2841225625,0.2952646234375,0.250696378125,0.3064066859375
1579,2417_jpg.rf.6539e22c25f19a6a87aae4f280c2fcd4.jpg,glioma,0.4679665734375,0.2646239546875,0.45125348125000003,0.2144846796875,0.428969359375,0.1894150421875,0.42618384374999996,0.1309192203125,0.3008356546875,0.1225626734375,0.28969359375,0.1309192203125,0.286908078125,0.1810584953125,0.2646239546875,0.231197771875,0.2757660171875,0.3314763234375,0.286908078125,0.3342618390625,0.31476323125,0.3064066859375,0.337047353125,0.32869080781250004,0.4122562671875,0.3314763234375,0.4373259046875,0.259052925
1580,1024_jpg.rf.101f0fca15af9d34751452ea35afa135.jpg,pituitary,0.3454039,0.46239554375,0.3259052921875,0.48189415,0.31476323125,0.5125348187500001,0.317548746875,0.5598885796874999,0.3231197765625,0.568245125,0.4206128140625,0.571030640625,0.4484679671875,0.5431754875,0.45125348125000003,0.49303621093750005,0.42618384374999996,0.459610028125,0.3704735375,0.4568245125,0.3454039,0.46239554375,0,0,0,0,0,0
1581,1030_jpg.rf.22b3078047c4736327f6e14c1a72df0f.jpg,pituitary,0.32869080781250004,0.5013927578125,0.36490250625,0.53760445625,0.43454039062499994,0.5292479109375,0.459610028125,0.484679665625,0.46518105781249997,0.40111420625000005,0.33983286874999996,0.39554317499999997,0.32869080781250004,0.40111420625000005,0.32033426249999997,0.46518105781249997,0.32869080781250004,0.5013927578125,0,0,0,0,0,0,0,0,0,0
1582,1728_jpg.rf.b0122e815318645ac1e06b667b0081ec.jpg,pituitary,0.3844011140625,0.3091922,0.3816155984375,0.3871866296875,0.42339832812499995,0.4568245125,0.46239554375,0.49303621093750005,0.515320334375,0.515320334375,0.5459610031250001,0.5125348187500001,0.59888579375,0.48746518125,0.63509749375,0.4428969359375,0.774373259375,0.4428969359375,0.793871865625,0.42618384374999996,0.8050139281250001,0.3788300828125,0.768802228125,0.231197771875,0.743732590625,0.2144846796875,0.6490250703125,0.20334261874999998
1583,2112_jpg.rf.c33bdb344a3088e5cb8e029865d151d5.jpg,glioma,0.5264623953124999,0.37604456875,0.5543175484375,0.3259052921875,0.5459610031250001,0.28969359375,0.5236768796875,0.2841225625,0.4206128140625,0.3036211703125,0.4094707515625,0.3565459609375,0.42339832812499995,0.39554317499999997,0.5264623953124999,0.37604456875,0,0,0,0,0,0,0,0,0,0,0,0
1584,2477_jpg.rf.590019af111fc952c483848b7a6901fe.jpg,glioma,0.33983286874999996,0.3565459609375,0.2980501390625,0.3927576609375,0.3008356546875,0.459610028125,0.286908078125,0.47353760468750006,0.35933147656250003,0.49860724218749997,0.4122562671875,0.5431754875,0.4373259046875,0.5125348187500001,0.4401114203125,0.4428969359375,0.3927576609375,0.3704735375,0.373259053125,0.373259053125,0.35933147656250003,0.3565459609375,0.33983286874999996,0.3565459609375,0,0,0,0
1585,2031_jpg.rf.f14ea066f77550f0b11c8ae8c7ddca12.jpg,glioma,0.42339832812499995,0.568245125,0.46239554375,0.5515320328125,0.48746518125,0.5125348187500001,0.49582172656249995,0.47353760468750006,0.459610028125,0.3899721453125,0.3899721453125,0.3788300828125,0.32869080781250004,0.3871866296875,0.27298050156250003,0.42339832812499995,0.259052925,0.51810585,0.21169916406249997,0.5877437328124999,0.22562674062500002,0.63509749375,0.33983286874999996,0.6406685234375,0.3565459609375,0.62395543125,0.3899721453125,0.6183844015625
1586,2996_jpg.rf.70c45c3ee6af7d96aa4d61f1af2e4a1c.jpg,glioma,0.6378830078125,0.6601671312499999,0.604456825,0.63509749375,0.5543175484375,0.626740946875,0.54874651875,0.6713091921875,0.5821727015625,0.7353760453125,0.5905292484375,0.7353760453125,0.5905292484375,0.71030640625,0.6072423390624999,0.6935933140625,0.7019498609375,0.6963788296875,0.71030640625,0.6852367687500001,0.707520890625,0.6685236765625,0.6852367687500001,0.6490250703125,0.662952646875,0.6434540390625,0.6378830078125,0.6601671312499999
1587,822_jpg.rf.d029c771d714f3b683d3a49d3495bbce.jpg,glioma,0.5236768796875,0.21169916406249997,0.515320334375,0.1866295265625,0.5013927578125,0.1810584953125,0.48746518125,0.1866295265625,0.479108634375,0.22284122499999998,0.4568245125,0.2423398328125,0.4373259046875,0.2841225625,0.4373259046875,0.3036211703125,0.46239554375,0.3231197765625,0.479108634375,0.32033426249999997,0.48189415,0.2980501390625,0.49582172656249995,0.2980501390625,0.51810585,0.2674094703125,0.5236768796875,0.21169916406249997
1588,954_jpg.rf.0c8adf0c647ce0c8c728bab0bb67ca4a.jpg,pituitary,0.40111420625000005,0.5459610031250001,0.459610028125,0.515320334375,0.4568245125,0.5041782734375,0.428969359375,0.49303621093750005,0.4206128140625,0.4679665734375,0.3844011140625,0.46518105781249997,0.36490250625,0.49303621093750005,0.3816155984375,0.540389971875,0.40111420625000005,0.5459610031250001,0,0,0,0,0,0,0,0,0,0
1589,1679_jpg.rf.4f0aada89da259641382cfdae65f1c13.jpg,pituitary,0.40668523749999996,0.3899721453125,0.3704735375,0.42339832812499995,0.3565459609375,0.45125348125000003,0.367688021875,0.49860724218749997,0.42339832812499995,0.5125348187500001,0.47353760468750006,0.46239554375,0.5292479109375,0.4401114203125,0.540389971875,0.3844011140625,0.5069637890625,0.367688021875,0.47353760468750006,0.367688021875,0.40668523749999996,0.3899721453125,0,0,0,0,0,0
1590,1553_jpg.rf.a0f3384e49b01a8e5ea46c59272d84e8.jpg,pituitary,0.6490250703125,0.515320334375,0.596100278125,0.5069637890625,0.5515320328125,0.46239554375,0.54874651875,0.4206128140625,0.5292479109375,0.4178272984375,0.47353760468750006,0.479108634375,0.44568245156249997,0.540389971875,0.45125348125000003,0.5654596093750001,0.49860724218749997,0.5626740953125,0.5459610031250001,0.5933147625,0.5626740953125,0.5905292484375,0.57381615625,0.57381615625,0.59888579375,0.57381615625,0.6211699171875,0.5933147625
1591,285_jpg.rf.122021336117c5ace90b517230093c7c.jpg,meningioma,0.086350975,0.7520891359374999,0.086350975,0.7298050140625,0.055710306249999994,0.6908078,0.0167130921875,0.682451253125,0,0.6908078,0.002785515625,0.71030640625,0.0612813375,0.7910863515625,0.086350975,0.7520891359374999,0,0,0,0,0,0,0,0,0,0,0,0
1592,625_jpg.rf.af82c403e618a31aa322fae04793109b.jpg,meningioma,0.40389972187499995,0.6935933140625,0.3704735375,0.6601671312499999,0.37604456875,0.6100278546875,0.3621169921875,0.5849582171875001,0.3036211703125,0.53760445625,0.286908078125,0.53760445625,0.23676880156250002,0.5821727015625,0.2200557109375,0.6657381609375,0.16991643437499998,0.7353760453125,0.16713091875,0.7632311984375,0.19777158749999998,0.8050139281250001,0.231197771875,0.824512534375,0.28969359375,0.8440111421875001,0.33983286874999996,0.8440111421875001
1593,1319_jpg.rf.c42772c0eaefbb9f12ba4f1dc75377e6.jpg,pituitary,0.32869080781250004,0.49303621093750005,0.348189415625,0.5849582171875001,0.36490250625,0.6155988859375,0.4401114203125,0.6183844015625,0.46239554375,0.596100278125,0.428969359375,0.5236768796875,0.4122562671875,0.4373259046875,0.36490250625,0.43175487500000004,0.33983286874999996,0.4568245125,0.32869080781250004,0.49303621093750005,0,0,0,0,0,0,0,0
1594,712_jpg.rf.3c14088c8cbbddd89729404bdde66aba.jpg,pituitary,0.286908078125,0.37604456875,0.2701949859375,0.3871866296875,0.22562674062500002,0.5041782734375,0.2785515328125,0.57381615625,0.3454039,0.5598885796874999,0.367688021875,0.5431754875,0.3816155984375,0.515320334375,0.3927576609375,0.4373259046875,0.3871866296875,0.4206128140625,0.3454039,0.4150417828125,0.311977715625,0.3788300828125,0.286908078125,0.37604456875,0,0,0,0
1595,3036_jpg.rf.1528358fba9d24f482160e9ad3629660.jpg,glioma,0.27298050156250003,0.7715877437499999,0.2339832875,0.7799442890625,0.2144846796875,0.799442896875,0.194986071875,0.824512534375,0.1894150421875,0.860724234375,0.20334261874999998,0.8830083562500001,0.2423398328125,0.8997214484375,0.32869080781250004,0.8969359328125,0.3537604453125,0.8662952640625001,0.348189415625,0.8161559890625,0.31476323125,0.7799442890625,0.27298050156250003,0.7715877437499999,0,0,0,0
1596,2819_jpg.rf.5dd608beb88f9363c272e667dd6c7812.jpg,glioma,0.2785515328125,0.740947075,0.2646239546875,0.774373259375,0.259052925,0.8412256265625,0.28969359375,0.8690807796875,0.317548746875,0.8690807796875,0.35933147656250003,0.8523676874999999,0.3871866296875,0.79665738125,0.3899721453125,0.768802228125,0.34261838437500003,0.7270194984375,0.3036211703125,0.7214484671875,0.2785515328125,0.740947075,0,0,0,0,0,0
1597,2727_jpg.rf.18ed27bd0624f4b8288df3c6f4780255.jpg,glioma,0.2952646234375,0.835654596875,0.311977715625,0.8440111421875001,0.43454039062499994,0.8690807796875,0.576601671875,0.85793871875,0.5905292484375,0.8440111421875001,0.596100278125,0.8105849578125,0.5821727015625,0.8077994421874999,0.5877437328124999,0.768802228125,0.571030640625,0.6935933140625,0.520891365625,0.6490250703125,0.49860724218749997,0.5905292484375,0.40389972187499995,0.49860724218749997,0.3788300828125,0.49303621093750005,0.3621169921875,0.49860724218749997
1598,2241_jpg.rf.302882353ccb2e68b1697f29927ce148.jpg,glioma,0.6685236765625,0.27298050156250003,0.651810584375,0.23676880156250002,0.6183844015625,0.21169916406249997,0.5933147625,0.21169916406249997,0.3704735375,0.22841225625,0.3454039,0.261838440625,0.348189415625,0.3621169921875,0.4206128140625,0.4373259046875,0.4568245125,0.459610028125,0.5125348187500001,0.45403899687499993,0.5598885796874999,0.46239554375,0.5905292484375,0.45125348125000003,0.651810584375,0.3816155984375,0.6740947078125,0.3231197765625
1599,3022_jpg.rf.de7e56b0ab6b541c2fa53198cdbf6f87.jpg,glioma,0.509749303125,0.317548746875,0.48189415,0.31476323125,0.4428969359375,0.3509749296875,0.4484679671875,0.398328690625,0.42339832812499995,0.4206128140625,0.42618384374999996,0.4428969359375,0.47353760468750006,0.43175487500000004,0.484679665625,0.44568245156249997,0.5069637890625,0.44568245156249997,0.5292479109375,0.43454039062499994,0.5431754875,0.40389972187499995,0.5431754875,0.3537604453125,0.509749303125,0.317548746875,0,0
1600,2972_jpg.rf.0735c6ac9b5d7d2806b4e5807e6435b2.jpg,glioma,0.1838440109375,0.3565459609375,0.1587743734375,0.367688021875,0.13649024999999998,0.398328690625,0.12813370468750002,0.39554317499999997,0.0974930359375,0.3621169921875,0.11699164375,0.311977715625,0.10584958281250001,0.28969359375,0.08077994375,0.311977715625,0.0417827296875,0.428969359375,0.033426184375,0.49582172656249995,0.0612813375,0.49860724218749997,0.10027855156250001,0.4568245125,0.13649024999999998,0.4484679671875,0.194986071875,0.490250696875
1601,2352_jpg.rf.285ffe0f383df4e99449c42ecbc9b6ae.jpg,glioma,0.10863509687499999,0.6406685234375,0.13649024999999998,0.6908078,0.25348189374999996,0.7632311984375,0.28154499374999997,0.6641785625,0.23676880156250002,0.5877437328124999,0.194986071875,0.571030640625,0.16991643437499998,0.5459610031250001,0.11699164375,0.5431754875,0.10584958281250001,0.5543175484375,0.10863509687499999,0.6406685234375,0,0,0,0,0,0,0,0
1602,694_jpg.rf.5a1a967c59ac7a47099c75c31941da00.jpg,meningioma,0.281337046875,0.1337047359375,0.261838440625,0.119777159375,0.2395543171875,0.119777159375,0.21727019531249997,0.14206128125,0.21169916406249997,0.1838440109375,0.16434540312499998,0.194986071875,0.1337047359375,0.2395543171875,0.1337047359375,0.2785515328125,0.144846796875,0.2980501390625,0.2144846796875,0.3314763234375,0.2646239546875,0.317548746875,0.27298050156250003,0.2701949859375,0.3091922,0.2089136484375,0.281337046875,0.1337047359375
1603,1070_jpg.rf.1a3f8b2fc6f58374c39bc062c57d367f.jpg,pituitary,0.5754189937499999,0.53072625625,0.631284915625,0.5810055859375,0.6703910609375,0.4972067046875,0.6256983234375,0.42458100625000006,0.5977653625,0.42458100625000006,0.5754189937499999,0.53072625625,0,0,0,0,0,0,0,0,0,0,0,0,0,0,0,0
1604,2790_jpg.rf.0c388ebb264a0b70b2962c12ecd97b03.jpg,glioma,0.40668523749999996,0.7158774375,0.4206128140625,0.6963788296875,0.46239554375,0.6935933140625,0.5041782734375,0.6657381609375,0.57381615625,0.651810584375,0.59888579375,0.6155988859375,0.604456825,0.57381615625,0.5821727015625,0.5459610031250001,0.5571030640625,0.459610028125,0.49582172656249995,0.40111420625000005,0.48746518125,0.34261838437500003,0.4401114203125,0.32869080781250004,0.3899721453125,0.32869080781250004,0.3259052921875,0.33983286874999996
1605,1546_jpg.rf.e5779c63a54d601c6f733b5c494baf6c.jpg,pituitary,0.4206128140625,0.45403899687499993,0.42339832812499995,0.509749303125,0.54874651875,0.604456825,0.596100278125,0.596100278125,0.6573816156250001,0.5236768796875,0.6657381609375,0.4428969359375,0.5626740953125,0.4122562671875,0.46518105781249997,0.4122562671875,0.44568245156249997,0.4206128140625,0.4206128140625,0.45403899687499993,0,0,0,0,0,0,0,0
1606,711_jpg.rf.7e7c20d1c4e6233da46ea295cd32aaba.jpg,pituitary,0.2451253484375,0.568245125,0.231197771875,0.596100278125,0.2451253484375,0.6072423390624999,0.33983286874999996,0.5933147625,0.348189415625,0.5459610031250001,0.3537604453125,0.4150417828125,0.3231197765625,0.398328690625,0.2674094703125,0.39554317499999997,0.2451253484375,0.4178272984375,0.2451253484375,0.568245125,0,0,0,0,0,0,0,0
1607,1753_jpg.rf.2cc85d230d0bfa71b72c12546d0964af.jpg,pituitary,0.5543175484375,0.3844011140625,0.5793871859374999,0.3259052921875,0.568245125,0.3091922,0.5320334265625,0.3008356546875,0.5069637890625,0.3231197765625,0.5041782734375,0.3565459609375,0.5236768796875,0.3844011140625,0.5543175484375,0.3844011140625,0,0,0,0,0,0,0,0,0,0,0,0
1608,146_jpg.rf.6b9f66aa6b75714c20071606e1437e99.jpg,meningioma,0.49582172656249995,0.8412256265625,0.568245125,0.799442896875,0.5933147625,0.6908078,0.5793871859374999,0.596100278125,0.5515320328125,0.5598885796874999,0.5264623953124999,0.54874651875,0.515320334375,0.5543175484375,0.484679665625,0.5292479109375,0.4373259046875,0.51810585,0.33983286874999996,0.5821727015625,0.2701949859375,0.6462395546875,0.259052925,0.6713091921875,0.2200557109375,0.6908078,0.16991643437499998,0.7660167125
1609,1303_jpg.rf.8065b1ff011bc9e509e71a5a49a01af5.jpg,pituitary,0.43175487500000004,0.43175487500000004,0.348189415625,0.4150417828125,0.337047353125,0.4428969359375,0.337047353125,0.509749303125,0.42618384374999996,0.509749303125,0.4401114203125,0.49303621093750005,0.43175487500000004,0.43175487500000004,0,0,0,0,0,0,0,0,0,0,0,0,0,0
1610,1384_jpg.rf.4122a461ec335bd44c19b3bb50207d3e.jpg,pituitary,0.367688021875,0.49582172656249995,0.4122562671875,0.49582172656249995,0.4428969359375,0.45403899687499993,0.4401114203125,0.40389972187499995,0.4122562671875,0.37604456875,0.367688021875,0.3704735375,0.33983286874999996,0.39554317499999997,0.3342618390625,0.4568245125,0.367688021875,0.49582172656249995,0,0,0,0,0,0,0,0,0,0
1611,1297_jpg.rf.304b32cc6b024615d48a284a2b0ea923.jpg,pituitary,0.4122562671875,0.36490250625,0.3621169921875,0.3537604453125,0.34261838437500003,0.36490250625,0.34261838437500003,0.398328690625,0.3091922,0.490250696875,0.286908078125,0.520891365625,0.3008356546875,0.5543175484375,0.33983286874999996,0.571030640625,0.367688021875,0.568245125,0.40389972187499995,0.53760445625,0.42618384374999996,0.45403899687499993,0.42618384374999996,0.3788300828125,0.4122562671875,0.36490250625,0,0
1612,380_jpg.rf.236949678a894a0dd45a2dc3bea5ca71.jpg,meningioma,0.793871865625,0.21169916406249997,0.7632311984375,0.16991643437499998,0.713091921875,0.1587743734375,0.6852367687500001,0.17270195,0.6908078,0.1866295265625,0.6657381609375,0.2200557109375,0.651810584375,0.32869080781250004,0.6935933140625,0.373259053125,0.7548746515625,0.3844011140625,0.777158775,0.37604456875,0.799442896875,0.348189415625,0.8133704734375,0.25348189374999996,0.7910863515625,0.2339832875,0.793871865625,0.21169916406249997
1613,2104_jpg.rf.a4626edc1803cf9df78f9b4fd62349a9.jpg,glioma,0.5571030640625,0.317548746875,0.5626740953125,0.1922005578125,0.48746518125,0.1838440109375,0.4428969359375,0.20055710312500002,0.40111420625000005,0.20055710312500002,0.3454039,0.2423398328125,0.32869080781250004,0.2701949859375,0.3342618390625,0.35933147656250003,0.3565459609375,0.3899721453125,0.3899721453125,0.4094707515625,0.43175487500000004,0.4150417828125,0.46239554375,0.40389972187499995,0.509749303125,0.373259053125,0.5571030640625,0.317548746875
1614,756_jpg.rf.93b37c26d229984f82833ecbabc006e0.jpg,glioma,0.48746518125,0.59888579375,0.4568245125,0.59888579375,0.428969359375,0.6183844015625,0.4122562671875,0.6545961,0.398328690625,0.6991643453124999,0.40111420625000005,0.7298050140625,0.4178272984375,0.7632311984375,0.4707520890625,0.79665738125,0.51810585,0.8022284125000001,0.57381615625,0.74651810625,0.5793871859374999,0.7270194984375,0.5320334265625,0.6211699171875,0.48746518125,0.59888579375,0,0
1615,1278_jpg.rf.f6d5361df138c3e55206351a78a1ffd2.jpg,pituitary,0.6462395546875,0.3064066859375,0.6100278546875,0.3036211703125,0.57381615625,0.32869080781250004,0.5264623953124999,0.40389972187499995,0.5292479109375,0.46239554375,0.57381615625,0.49860724218749997,0.6211699171875,0.49582172656249995,0.6573816156250001,0.46239554375,0.7019498609375,0.4484679671875,0.713091921875,0.42618384374999996,0.7158774375,0.3816155984375,0.7019498609375,0.3509749296875,0.6462395546875,0.3064066859375,0,0
1616,1841_jpg.rf.a09a8852f67ce5638f826fe570317b9b.jpg,glioma,0.3091922,0.7270194984375,0.33983286874999996,0.738161559375,0.36490250625,0.7214484671875,0.37604456875,0.6211699171875,0.373259053125,0.59888579375,0.348189415625,0.5905292484375,0.3036211703125,0.632311978125,0.2841225625,0.6768802234375,0.3091922,0.7270194984375,0,0,0,0,0,0,0,0,0,0
1617,1565_jpg.rf.71d8b5ac12bdd4d9b9aaf865cc7782f6.jpg,pituitary,0.7325905296874999,0.5598885796874999,0.7158774375,0.509749303125,0.7186629531250001,0.48189415,0.6685236765625,0.46239554375,0.662952646875,0.5264623953124999,0.6740947078125,0.57381615625,0.688022284375,0.5849582171875001,0.7325905296874999,0.5598885796874999,0,0,0,0,0,0,0,0,0,0,0,0
1618,1804_jpg.rf.e9b33b63d64f8f6b26a1e51035cb5370.jpg,pituitary,0.509749303125,0.5431754875,0.5292479109375,0.5459610031250001,0.571030640625,0.51810585,0.571030640625,0.48189415,0.5013927578125,0.44568245156249997,0.509749303125,0.5431754875,0,0,0,0,0,0,0,0,0,0,0,0,0,0,0,0
1619,2875_jpg.rf.a672a9ea219af147aa3a0aae30c8d731.jpg,glioma,0.509749303125,0.6211699171875,0.5320334265625,0.6183844015625,0.5571030640625,0.5849582171875001,0.5459610031250001,0.5041782734375,0.5125348187500001,0.48746518125,0.48189415,0.48746518125,0.42618384374999996,0.509749303125,0.4401114203125,0.57381615625,0.509749303125,0.6211699171875,0,0,0,0,0,0,0,0,0,0
1620,3047_jpg.rf.100486e14ef859d50ab88940b56fe3f3.jpg,glioma,0.3871866296875,0.7325905296874999,0.4707520890625,0.7298050140625,0.490250696875,0.713091921875,0.48189415,0.6991643453124999,0.4178272984375,0.6908078,0.3788300828125,0.662952646875,0.36490250625,0.6740947078125,0.3565459609375,0.7047353765625,0.3871866296875,0.7325905296874999,0,0,0,0,0,0,0,0,0,0
1621,1237_jpg.rf.083820b0a4651e8f349fd08894e2349e.jpg,pituitary,0.57381615625,0.3844011140625,0.5877437328124999,0.4707520890625,0.62395543125,0.479108634375,0.6295264625,0.4679665734375,0.707520890625,0.4707520890625,0.713091921875,0.42618384374999996,0.6991643453124999,0.3704735375,0.651810584375,0.367688021875,0.6183844015625,0.3871866296875,0.57381615625,0.3844011140625,0,0,0,0,0,0,0,0
1622,9_jpg.rf.938a8e9b5069fd441c323db570359749.jpg,meningioma,0.5292479109375,0.5348189421875,0.5933147625,0.571030640625,0.632311978125,0.5515320328125,0.6462395546875,0.520891365625,0.63509749375,0.484679665625,0.51810585,0.459610028125,0.5013927578125,0.4679665734375,0.5025554624999999,0.51247264375,0.5292479109375,0.5348189421875,0,0,0,0,0,0,0,0,0,0
1623,581_jpg.rf.7aca8eedcec502f69dbbe74acb29bec9.jpg,meningioma,0.6768802234375,0.6490250703125,0.6462395546875,0.62395543125,0.596100278125,0.6072423390624999,0.571030640625,0.5821727015625,0.5264623953124999,0.632311978125,0.5069637890625,0.713091921875,0.509749303125,0.7576601671875001,0.540389971875,0.799442896875,0.571030640625,0.8161559890625,0.6072423390624999,0.8272980499999999,0.6685236765625,0.8217270187500001,0.6935933140625,0.8050139281250001,0.7186629531250001,0.7632311984375,0.7158774375,0.71030640625
1624,2934_jpg.rf.de6a508003332c12f5afd31f7fbb223e.jpg,glioma,0.540389971875,0.601671309375,0.5069637890625,0.515320334375,0.5264623953124999,0.43454039062499994,0.54874651875,0.4094707515625,0.54874651875,0.3259052921875,0.51810585,0.2785515328125,0.5041782734375,0.2785515328125,0.4568245125,0.28969359375,0.42339832812499995,0.3259052921875,0.398328690625,0.337047353125,0.3342618390625,0.4428969359375,0.31476323125,0.5320334265625,0.32033426249999997,0.6128133703125,0.34261838437500003,0.6685236765625
1625,2392_jpg.rf.561fb76890fa45b6adc6593943d06abc.jpg,glioma,0.3231197765625,0.49860724218749997,0.32033426249999997,0.459610028125,0.34261838437500003,0.4206128140625,0.3342618390625,0.37604456875,0.231197771875,0.2980501390625,0.20334261874999998,0.2980501390625,0.1504178265625,0.311977715625,0.10863509687499999,0.348189415625,0.086350975,0.459610028125,0.086350975,0.509749303125,0.10584958281250001,0.5431754875,0.10584958281250001,0.5821727015625,0.119777159375,0.5793871859374999,0.1337047359375,0.540389971875
1626,1328_jpg.rf.b45784fbf6821c54fe261c1f49b47011.jpg,pituitary,0.37604456875,0.5515320328125,0.44568245156249997,0.5515320328125,0.46518105781249997,0.515320334375,0.459610028125,0.4707520890625,0.43175487500000004,0.44568245156249997,0.3788300828125,0.4373259046875,0.33983286874999996,0.4568245125,0.3314763234375,0.5041782734375,0.37604456875,0.5515320328125,0,0,0,0,0,0,0,0,0,0
1627,1381_jpg.rf.180049f6e6103b6d200199f8332342a5.jpg,pituitary,0.44568245156249997,0.4373259046875,0.4094707515625,0.428969359375,0.40111420625000005,0.5041782734375,0.490250696875,0.515320334375,0.490250696875,0.42618384374999996,0.44568245156249997,0.4373259046875,0,0,0,0,0,0,0,0,0,0,0,0,0,0,0,0
1628,2622_jpg.rf.8f15b4e5761f8292f25b46c98be74eab.jpg,glioma,0.63509749375,0.8328690812499999,0.6211699171875,0.7242339828125,0.5598885796874999,0.6211699171875,0.5348189421875,0.6100278546875,0.5264623953124999,0.6545961,0.48746518125,0.6740947078125,0.373259053125,0.8328690812499999,0.311977715625,0.880222840625,0.25626740937500003,0.885793871875,0.2646239546875,0.9108635093749999,0.348189415625,0.9331476328124999,0.4373259046875,0.9275766015625001,0.540389971875,0.9080779937499999,0.62395543125,0.8690807796875
1629,123_jpg.rf.4afe51389d984701b7e91650aa4ad7fd.jpg,meningioma,0.5626740953125,0.35933147656250003,0.5626740953125,0.39554317499999997,0.6183844015625,0.39554317499999997,0.62395543125,0.44568245156249997,0.651810584375,0.46518105781249997,0.7214484671875,0.4679665734375,0.74651810625,0.43175487500000004,0.7298050140625,0.34261838437500003,0.71030640625,0.317548746875,0.6434540390625,0.3008356546875,0.5626740953125,0.35933147656250003,0,0,0,0,0,0
1630,1865_jpg.rf.5a2ed2d3ca00388df6cb18364e6343cc.jpg,glioma,0.5905292484375,0.49860724218749997,0.6434540390625,0.40389972187499995,0.632311978125,0.292479109375,0.6155988859375,0.2757660171875,0.5515320328125,0.25348189374999996,0.47632312031249996,0.2451253484375,0.44568245156249997,0.250696378125,0.367688021875,0.292479109375,0.2674094703125,0.3788300828125,0.250696378125,0.490250696875,0.23676880156250002,0.520891365625,0.2451253484375,0.5598885796874999,0.259052925,0.57381615625,0.27298050156250003,0.571030640625
1631,1468_jpg.rf.bc2f9e780393e9cf035ae787d9b4dd0c.jpg,pituitary,0.5905292484375,0.4178272984375,0.5598885796874999,0.48746518125,0.5598885796874999,0.5041782734375,0.5793871859374999,0.5292479109375,0.6211699171875,0.48746518125,0.651810584375,0.49582172656249995,0.6657381609375,0.515320334375,0.6935933140625,0.5264623953124999,0.743732590625,0.49582172656249995,0.7353760453125,0.4707520890625,0.682451253125,0.4428969359375,0.5905292484375,0.4178272984375,0,0,0,0
1632,985_jpg.rf.67e8e1a275f2fbecef48569272effca5.jpg,pituitary,0.3537604453125,0.4373259046875,0.3231197765625,0.459610028125,0.31476323125,0.5041782734375,0.3231197765625,0.540389971875,0.3704735375,0.5626740953125,0.40111420625000005,0.5543175484375,0.4122562671875,0.540389971875,0.4206128140625,0.45125348125000003,0.40111420625000005,0.42618384374999996,0.3621169921875,0.4178272984375,0.3537604453125,0.4373259046875,0,0,0,0,0,0
1633,1143_jpg.rf.fc90f87f63cdfdcd0dcf11e2b954a0f7.jpg,pituitary,0.62395543125,0.47353760468750006,0.6072423390624999,0.4428969359375,0.604456825,0.40111420625000005,0.5264623953124999,0.3927576609375,0.49860724218749997,0.4178272984375,0.46518105781249997,0.4178272984375,0.4568245125,0.48746518125,0.47632312031249996,0.5543175484375,0.49303621093750005,0.54874651875,0.51810585,0.568245125,0.540389971875,0.571030640625,0.568245125,0.5598885796874999,0.601671309375,0.5041782734375,0.62395543125,0.490250696875
1634,1847_jpg.rf.934dee8232d0607bf492047ced7474bf.jpg,glioma,0.4150417828125,0.3091922,0.47632312031249996,0.317548746875,0.509749303125,0.2674094703125,0.5041782734375,0.2339832875,0.459610028125,0.1894150421875,0.40111420625000005,0.1866295265625,0.373259053125,0.22562674062500002,0.373259053125,0.259052925,0.4150417828125,0.3091922,0,0,0,0,0,0,0,0,0,0
1635,2737_jpg.rf.265b83b59994e224ba380c56c1e087ff.jpg,glioma,0.3509749296875,0.8272980499999999,0.2841225625,0.8022284125000001,0.2395543171875,0.8133704734375,0.2451253484375,0.860724234375,0.32033426249999997,0.8635097500000001,0.3565459609375,0.8523676874999999,0.3509749296875,0.8272980499999999,0,0,0,0,0,0,0,0,0,0,0,0,0,0
1636,126_jpg.rf.924e120f79ccf16750316aedee2eccc3.jpg,meningioma,0.5654596093750001,0.8328690812499999,0.5849582171875001,0.8384401109375,0.7019498609375,0.793871865625,0.688022284375,0.743732590625,0.6713091921875,0.7270194984375,0.5626740953125,0.6963788296875,0.53760445625,0.7158774375,0.5348189421875,0.7855153203125,0.5654596093750001,0.8328690812499999,0,0,0,0,0,0,0,0,0,0
1637,2061_jpg.rf.30ef81aba1683fd62f81e1ea3d79e8ed.jpg,glioma,0.5264623953124999,0.49303621093750005,0.540389971875,0.5292479109375,0.5821727015625,0.568245125,0.6295264625,0.5793871859374999,0.662952646875,0.5459610031250001,0.6768802234375,0.47353760468750006,0.6462395546875,0.43175487500000004,0.596100278125,0.42618384374999996,0.5320334265625,0.46239554375,0.5264623953124999,0.49303621093750005,0,0,0,0,0,0,0,0
1638,2414_jpg.rf.373c1269b08518ad237940dc3943634e.jpg,glioma,0.2674094703125,0.292479109375,0.2674094703125,0.317548746875,0.3008356546875,0.3454039,0.3537604453125,0.35933147656250003,0.3844011140625,0.3314763234375,0.40668523749999996,0.22562674062500002,0.367688021875,0.1866295265625,0.3231197765625,0.1810584953125,0.3091922,0.2339832875,0.2674094703125,0.292479109375,0,0,0,0,0,0,0,0
1639,1572_jpg.rf.6e143aec1ac5e18e1b34ec9867cf123e.jpg,pituitary,0.479108634375,0.54874651875,0.49582172656249995,0.5571030640625,0.5236768796875,0.5292479109375,0.5459610031250001,0.4568245125,0.5292479109375,0.43454039062499994,0.48746518125,0.42618384374999996,0.47353760468750006,0.459610028125,0.4707520890625,0.51810585,0.479108634375,0.54874651875,0,0,0,0,0,0,0,0,0,0
1640,1939_jpg.rf.1f9c24f13b2e4238b3d0c668e69ab1c2.jpg,glioma,0.45403899687499993,0.8050139281250001,0.49582172656249995,0.682451253125,0.49582172656249995,0.6378830078125,0.4373259046875,0.5515320328125,0.39554317499999997,0.5431754875,0.32869080781250004,0.5877437328124999,0.3091922,0.63509749375,0.286908078125,0.6573816156250001,0.2646239546875,0.662952646875,0.22284122499999998,0.6991643453124999,0.1866295265625,0.71030640625,0.14206128125,0.7604456828124999,0.1587743734375,0.7799442890625,0.2674094703125,0.824512534375
1641,1318_jpg.rf.d7503ac22e41af8762328ba300bf54a8.jpg,pituitary,0.32869080781250004,0.459610028125,0.32869080781250004,0.54874651875,0.3454039,0.59888579375,0.3816155984375,0.5821727015625,0.4401114203125,0.5877437328124999,0.45403899687499993,0.5793871859374999,0.42339832812499995,0.44568245156249997,0.39554317499999997,0.4401114203125,0.33983286874999996,0.4428969359375,0.32869080781250004,0.459610028125,0,0,0,0,0,0,0,0
1642,2534_jpg.rf.30670b391afcbeaf6fcfb5e164bade60.jpg,glioma,0,0.3133704734375,0.002785515625,0.31476323125,0.013927576562499999,0.3509749296875,0.064066853125,0.3704735375,0.19777158749999998,0.3871866296875,0.2144846796875,0.4094707515625,0.27298050156250003,0.40389972187499995,0.311977715625,0.3816155984375,0.3565459609375,0.3314763234375,0.367688021875,0.2674094703125,0.3259052921875,0.24791086406249999,0.2423398328125,0.2674094703125,0.20612813437500002,0.20055710312500002,0.20055710312500002,0.1532033421875
1643,256_jpg.rf.d01b567a547b6c1194b4e588751a0931.jpg,meningioma,0.3454039,0.479108634375,0.3509749296875,0.5459610031250001,0.4150417828125,0.5849582171875001,0.45403899687499993,0.5877437328124999,0.48746518125,0.54874651875,0.5125348187500001,0.5459610031250001,0.5348189421875,0.5264623953124999,0.5515320328125,0.4679665734375,0.5236768796875,0.43175487500000004,0.3899721453125,0.40668523749999996,0.3454039,0.479108634375,0,0,0,0,0,0
1644,1322_jpg.rf.1fe3e76a32ecf28c87d78014befcd75d.jpg,pituitary,0.348189415625,0.5292479109375,0.367688021875,0.5320334265625,0.40111420625000005,0.509749303125,0.40389972187499995,0.484679665625,0.3899721453125,0.46518105781249997,0.3621169921875,0.46239554375,0.337047353125,0.47632312031249996,0.3314763234375,0.49860724218749997,0.348189415625,0.5292479109375,0,0,0,0,0,0,0,0,0,0
1645,2611_jpg.rf.caecc4774b45ac915d17586f9a749d1e.jpg,glioma,0.5849582171875001,0.6155988859375,0.601671309375,0.6406685234375,0.6685236765625,0.662952646875,0.7158774375,0.62395543125,0.7242339828125,0.5877437328124999,0.688022284375,0.5654596093750001,0.6908078,0.49303621093750005,0.626740946875,0.484679665625,0.5905292484375,0.515320334375,0.5849582171875001,0.6155988859375,0,0,0,0,0,0,0,0
1646,1183_jpg.rf.182cc02a7372ad20409a5107c80ce963.jpg,pituitary,0.568245125,0.3008356546875,0.520891365625,0.3342618390625,0.515320334375,0.3704735375,0.5292479109375,0.4094707515625,0.5905292484375,0.44568245156249997,0.688022284375,0.4679665734375,0.7186629531250001,0.39554317499999997,0.7158774375,0.3537604453125,0.6685236765625,0.2980501390625,0.6155988859375,0.286908078125,0.568245125,0.3008356546875,0,0,0,0,0,0
1647,1789_jpg.rf.4c2ff666d561804c0153b8c542453dc2.jpg,pituitary,0.713091921875,0.34261838437500003,0.682451253125,0.3259052921875,0.6657381609375,0.3509749296875,0.6601671312499999,0.3899721453125,0.688022284375,0.42618384374999996,0.71030640625,0.3871866296875,0.713091921875,0.34261838437500003,0,0,0,0,0,0,0,0,0,0,0,0,0,0
1648,2980_jpg.rf.825ef2aafa5e0c7e596aabc148546178.jpg,glioma,0.5821727015625,0.5571030640625,0.5543175484375,0.5626740953125,0.5236768796875,0.5905292484375,0.5041782734375,0.626740946875,0.5041782734375,0.651810584375,0.53760445625,0.71030640625,0.576601671875,0.7325905296874999,0.6100278546875,0.7325905296874999,0.6908078,0.6740947078125,0.6991643453124999,0.62395543125,0.6601671312499999,0.576601671875,0.5821727015625,0.5571030640625,0,0,0,0
1649,943_jpg.rf.102eab9c1d4a32e92edba3c0c8889eb0.jpg,pituitary,0.2952646234375,0.479108634375,0.292479109375,0.5125348187500001,0.311977715625,0.5348189421875,0.367688021875,0.5626740953125,0.4150417828125,0.51810585,0.4178272984375,0.47632312031249996,0.39554317499999997,0.4484679671875,0.3621169921875,0.4373259046875,0.3259052921875,0.45125348125000003,0.2952646234375,0.479108634375,0,0,0,0,0,0,0,0
1650,1081_jpg.rf.dc367716cd687dba18f6d039c880ccae.jpg,pituitary,0.6713091921875,0.5905292484375,0.6963788296875,0.5821727015625,0.713091921875,0.5236768796875,0.71030640625,0.490250696875,0.6908078,0.46518105781249997,0.7047353765625,0.4150417828125,0.6768802234375,0.3927576609375,0.6545961,0.3927576609375,0.6100278546875,0.4206128140625,0.5849582171875001,0.4568245125,0.5292479109375,0.428969359375,0.479108634375,0.4484679671875,0.4568245125,0.509749303125,0.48746518125,0.5654596093750001
1651,2992_jpg.rf.c07ba0f5602a6550a355157cb8efec68.jpg,glioma,0.3008356546875,0.8328690812499999,0.3565459609375,0.8440111421875001,0.398328690625,0.8133704734375,0.4401114203125,0.662952646875,0.48189415,0.57381615625,0.51810585,0.51810585,0.5877437328124999,0.459610028125,0.5877437328124999,0.3927576609375,0.5598885796874999,0.3704735375,0.5069637890625,0.367688021875,0.42339832812499995,0.42618384374999996,0.3927576609375,0.47632312031249996,0.3844011140625,0.515320334375,0.3537604453125,0.5515320328125
1652,1705_jpg.rf.9d4698d7ce01013383bde6209b18f409.jpg,pituitary,0.5598885796874999,0.35933147656250003,0.568245125,0.43175487500000004,0.5933147625,0.45125348125000003,0.62395543125,0.45125348125000003,0.6462395546875,0.43454039062499994,0.7047353765625,0.43454039062499994,0.7214484671875,0.4150417828125,0.713091921875,0.3621169921875,0.6796657374999999,0.3314763234375,0.6295264625,0.3259052921875,0.5598885796874999,0.35933147656250003,0,0,0,0,0,0
1653,378_jpg.rf.5610e5fc718b420af0e9400b9b95e2a8.jpg,meningioma,0.3816155984375,0.5933147625,0.33983286874999996,0.5515320328125,0.32033426249999997,0.540389971875,0.2674094703125,0.540389971875,0.16991643437499998,0.5849582171875001,0.119777159375,0.632311978125,0.09192200625,0.6796657374999999,0.09192200625,0.6991643453124999,0.1309192203125,0.774373259375,0.20055710312500002,0.8384401109375,0.2646239546875,0.835654596875,0.3537604453125,0.7827298046875,0.3621169921875,0.713091921875,0.3899721453125,0.632311978125
1654,1757_jpg.rf.3a71e5bebbf3fb23be8325f4f2754534.jpg,pituitary,0.7019498609375,0.40111420625000005,0.7270194984375,0.40668523749999996,0.740947075,0.3927576609375,0.740947075,0.33983286874999996,0.7298050140625,0.32033426249999997,0.7047353765625,0.31476323125,0.6908078,0.32869080781250004,0.688022284375,0.3788300828125,0.7019498609375,0.40111420625000005,0,0,0,0,0,0,0,0,0,0
1655,2925_jpg.rf.941faad9d4209b990d4e324aaa567064.jpg,glioma,0.33983286874999996,0.250696378125,0.292479109375,0.22841225625,0.23676880156250002,0.2841225625,0.2339832875,0.311977715625,0.3537604453125,0.3231197765625,0.35933147656250003,0.3091922,0.33983286874999996,0.250696378125,0,0,0,0,0,0,0,0,0,0,0,0,0,0
1656,897_jpg.rf.1fba3b6536a40d2628c0b9575cdb9a4b.jpg,glioma,0.2339832875,0.6406685234375,0.2646239546875,0.6462395546875,0.292479109375,0.6211699171875,0.292479109375,0.54874651875,0.2674094703125,0.4679665734375,0.2451253484375,0.459610028125,0.19777158749999998,0.5264623953124999,0.1810584953125,0.5905292484375,0.2339832875,0.6406685234375,0,0,0,0,0,0,0,0,0,0
1657,1404_jpg.rf.ce8445b2a89a9f5badde611fc1ce8719.jpg,pituitary,0.3537604453125,0.484679665625,0.40111420625000005,0.5292479109375,0.45403899687499993,0.5264623953124999,0.51810585,0.4373259046875,0.5125348187500001,0.42339832812499995,0.49860724218749997,0.42339832812499995,0.43175487500000004,0.4428969359375,0.3509749296875,0.40668523749999996,0.33983286874999996,0.4428969359375,0.3537604453125,0.484679665625,0,0,0,0,0,0,0,0
1658,1915_jpg.rf.00d9f69a1396331c8b01ca68155b4cce.jpg,glioma,0.40668523749999996,0.8662952640625001,0.45125348125000003,0.8662952640625001,0.4679665734375,0.8161559890625,0.428969359375,0.7799442890625,0.43175487500000004,0.7576601671875001,0.3704735375,0.707520890625,0.317548746875,0.8022284125000001,0.311977715625,0.835654596875,0.40668523749999996,0.8662952640625001,0,0,0,0,0,0,0,0,0,0
1659,2778_jpg.rf.710ec10536d813949bdab52ff66d1cbc.jpg,glioma,0.59888579375,0.7047353765625,0.540389971875,0.651810584375,0.4401114203125,0.63509749375,0.3816155984375,0.6796657374999999,0.3454039,0.738161559375,0.348189415625,0.8189415046875,0.3788300828125,0.8690807796875,0.40389972187499995,0.8885793874999999,0.5264623953124999,0.8913649031249999,0.5654596093750001,0.880222840625,0.601671309375,0.8467966578125001,0.6211699171875,0.8105849578125,0.6183844015625,0.7548746515625,0.59888579375,0.7047353765625
1660,2185_jpg.rf.725b0609fa7a27758d9e7de8d2a561b6.jpg,glioma,0.5821727015625,0.6657381609375,0.601671309375,0.707520890625,0.6378830078125,0.7270194984375,0.713091921875,0.7242339828125,0.8050139281250001,0.6573816156250001,0.79665738125,0.6378830078125,0.7186629531250001,0.6406685234375,0.6183844015625,0.6100278546875,0.5793871859374999,0.626740946875,0.5821727015625,0.6657381609375,0,0,0,0,0,0,0,0
1661,2804_jpg.rf.584fe92bcba2aa66d3b1ab8196556e4e.jpg,glioma,0.3259052921875,0.777158775,0.31476323125,0.799442896875,0.3509749296875,0.8077994421874999,0.4428969359375,0.7883008359375,0.4373259046875,0.7660167125,0.40668523749999996,0.7548746515625,0.3844011140625,0.7242339828125,0.36490250625,0.7186629531250001,0.32033426249999997,0.74651810625,0.3259052921875,0.777158775,0,0,0,0,0,0,0,0
1662,1066_jpg.rf.77ac6250cadc8aba00092fdbb29e448f.jpg,pituitary,0.49860724218749997,0.4484679671875,0.4707520890625,0.47353760468750006,0.42339832812499995,0.49303621093750005,0.4206128140625,0.5264623953124999,0.4484679671875,0.5571030640625,0.490250696875,0.571030640625,0.5069637890625,0.596100278125,0.51810585,0.596100278125,0.53760445625,0.5793871859374999,0.5543175484375,0.49860724218749997,0.5320334265625,0.459610028125,0.49860724218749997,0.4484679671875,0,0,0,0
1663,2696_jpg.rf.2d590b2b334d5c7ce8aed14485c464bc.jpg,glioma,0.49860724218749997,0.34261838437500003,0.5320334265625,0.32869080781250004,0.5236768796875,0.2423398328125,0.4707520890625,0.19777158749999998,0.45403899687499993,0.194986071875,0.292479109375,0.23676880156250002,0.20055710312500002,0.2785515328125,0.175487465625,0.3064066859375,0.1504178265625,0.367688021875,0.1504178265625,0.3899721453125,0.1810584953125,0.43454039062499994,0.261838440625,0.484679665625,0.3454039,0.49303621093750005,0.36490250625,0.48189415
1664,2204_jpg.rf.45a2c4055e7938fb3e5dc793ace1d6f4.jpg,glioma,0.596100278125,0.604456825,0.5292479109375,0.5236768796875,0.43175487500000004,0.49303621093750005,0.3816155984375,0.520891365625,0.37604456875,0.5598885796874999,0.3788300828125,0.6072423390624999,0.4178272984375,0.6378830078125,0.46518105781249997,0.6462395546875,0.49582172656249995,0.63509749375,0.571030640625,0.6490250703125,0.5821727015625,0.632311978125,0.6378830078125,0.6378830078125,0.63509749375,0.6183844015625,0.596100278125,0.604456825
1665,1217_jpg.rf.01b0bda2d2030be8fb66e1802979b48d.jpg,pituitary,0.42618384374999996,0.4094707515625,0.428969359375,0.43175487500000004,0.49582172656249995,0.45403899687499993,0.5292479109375,0.4484679671875,0.5459610031250001,0.42618384374999996,0.54874651875,0.398328690625,0.53760445625,0.3704735375,0.509749303125,0.3565459609375,0.44568245156249997,0.373259053125,0.42618384374999996,0.4094707515625,0,0,0,0,0,0,0,0
1666,713_jpg.rf.7479d4e9ecbbbc55f910b356b6c87f31.jpg,pituitary,0.3231197765625,0.39554317499999997,0.2952646234375,0.4206128140625,0.25348189374999996,0.43454039062499994,0.23676880156250002,0.47353760468750006,0.2339832875,0.515320334375,0.261838440625,0.5598885796874999,0.348189415625,0.5793871859374999,0.373259053125,0.57381615625,0.3871866296875,0.5571030640625,0.40111420625000005,0.44568245156249997,0.373259053125,0.40668523749999996,0.3231197765625,0.39554317499999997,0,0,0,0
1667,2590_jpg.rf.e43aab3a831744a52d2c8175183424e7.jpg,glioma,0.5459610031250001,0.428969359375,0.5236768796875,0.4568245125,0.51810585,0.5041782734375,0.5431754875,0.5654596093750001,0.6183844015625,0.5821727015625,0.6434540390625,0.5543175484375,0.688022284375,0.5292479109375,0.688022284375,0.509749303125,0.6072423390624999,0.428969359375,0.571030640625,0.4178272984375,0.5459610031250001,0.428969359375,0,0,0,0,0,0
1668,1026_jpg.rf.23041aba2749532a1d4037627757330c.jpg,pituitary,0.33983286874999996,0.5431754875,0.4428969359375,0.5431754875,0.4707520890625,0.49582172656249995,0.46239554375,0.42618384374999996,0.4150417828125,0.4094707515625,0.3565459609375,0.40668523749999996,0.337047353125,0.4178272984375,0.32869080781250004,0.4568245125,0.33983286874999996,0.5431754875,0,0,0,0,0,0,0,0,0,0
1669,2228_jpg.rf.062be2e726c2b531bf6fad7657b066cd.jpg,glioma,0.57381615625,0.626740946875,0.571030640625,0.6128133703125,0.5515320328125,0.6128133703125,0.4679665734375,0.6740947078125,0.45125348125000003,0.7576601671875001,0.4568245125,0.777158775,0.576601671875,0.7799442890625,0.6573816156250001,0.7353760453125,0.6601671312499999,0.6991643453124999,0.63509749375,0.6490250703125,0.6128133703125,0.6462395546875,0.5849582171875001,0.6740947078125,0.5459610031250001,0.6713091921875,0.57381615625,0.626740946875
1670,1152_jpg.rf.e033be1778055e51fb225eb5d58b67e9.jpg,pituitary,0.5515320328125,0.4401114203125,0.509749303125,0.4178272984375,0.49303621093750005,0.45125348125000003,0.490250696875,0.5459610031250001,0.5348189421875,0.5264623953124999,0.5598885796874999,0.4707520890625,0.5515320328125,0.4401114203125,0,0,0,0,0,0,0,0,0,0,0,0,0,0
1671,156_jpg.rf.723b0bc970a87121a61b26e6933a6027.jpg,meningioma,0.7604456828124999,0.576601671875,0.8077994421874999,0.576601671875,0.8440111421875001,0.5598885796874999,0.8913649031249999,0.5013927578125,0.916434540625,0.490250696875,0.9275766015625001,0.43454039062499994,0.91922005625,0.3844011140625,0.8440111421875001,0.3091922,0.8161559890625,0.2980501390625,0.749303621875,0.2980501390625,0.7270194984375,0.3036211703125,0.713091921875,0.3231197765625,0.6852367687500001,0.3091922,0.6434540390625,0.31476323125
1672,261_jpg.rf.6c21b0c6e55dfe2b26744b6c31d01f29.jpg,meningioma,0.6740947078125,0.5264623953124999,0.6295264625,0.51810585,0.5821727015625,0.5571030640625,0.5849582171875001,0.62395543125,0.6211699171875,0.6657381609375,0.6545961,0.6685236765625,0.6768802234375,0.6935933140625,0.6991643453124999,0.6908078,0.7019498609375,0.651810584375,0.7158774375,0.632311978125,0.71030640625,0.5933147625,0.6713091921875,0.5877437328124999,0.6740947078125,0.5264623953124999,0,0
1673,1882_jpg.rf.a03d33b4f41c312336cac96ea75164a0.jpg,glioma,0.20055710312500002,0.5933147625,0.20334261874999998,0.63509749375,0.2701949859375,0.6852367687500001,0.337047353125,0.6768802234375,0.37604456875,0.6211699171875,0.36490250625,0.576601671875,0.34261838437500003,0.5626740953125,0.27298050156250003,0.5598885796874999,0.23676880156250002,0.5654596093750001,0.20055710312500002,0.5933147625,0,0,0,0,0,0,0,0
1674,1646_jpg.rf.06c4299715ebfc50b4e62c91da463fcb.jpg,pituitary,0.6072423390624999,0.4178272984375,0.682451253125,0.42618384374999996,0.71030640625,0.3899721453125,0.6991643453124999,0.32033426249999997,0.6685236765625,0.3008356546875,0.5905292484375,0.3008356546875,0.5543175484375,0.32033426249999997,0.5571030640625,0.3816155984375,0.6072423390624999,0.4178272984375,0,0,0,0,0,0,0,0,0,0
1675,844_jpg.rf.0d057a20ce55de595bc483979650ae94.jpg,glioma,0.23676880156250002,0.17270195,0.22284122499999998,0.19777158749999998,0.21727019531249997,0.2339832875,0.22562674062500002,0.2646239546875,0.250696378125,0.281337046875,0.3231197765625,0.2785515328125,0.33983286874999996,0.25348189374999996,0.337047353125,0.20334261874999998,0.3008356546875,0.16155988906250002,0.2674094703125,0.1504178265625,0.23676880156250002,0.17270195,0,0,0,0,0,0
1676,2820_jpg.rf.6292096051dc3aa6e3ee07cea3f90e6e.jpg,glioma,0.3091922,0.860724234375,0.3509749296875,0.860724234375,0.3704735375,0.8217270187500001,0.3704735375,0.7799442890625,0.3537604453125,0.7520891359374999,0.3091922,0.740947075,0.286908078125,0.7604456828124999,0.28969359375,0.8384401109375,0.3091922,0.860724234375,0,0,0,0,0,0,0,0,0,0
1677,250_jpg.rf.c84a6b7cc2f19865a9c30ac03ba3167a.jpg,meningioma,0.688022284375,0.3259052921875,0.662952646875,0.32033426249999997,0.5543175484375,0.3816155984375,0.5571030640625,0.40389972187499995,0.5849582171875001,0.428969359375,0.5821727015625,0.47632312031249996,0.5933147625,0.49303621093750005,0.6406685234375,0.490250696875,0.688022284375,0.45403899687499993,0.6768802234375,0.42339832812499995,0.7019498609375,0.40668523749999996,0.71030640625,0.373259053125,0.688022284375,0.3259052921875,0,0
1678,2177_jpg.rf.3d998e028e3cd40a4ce4d73b91cdde84.jpg,glioma,0.774373259375,0.459610028125,0.7660167125,0.4094707515625,0.74651810625,0.3844011140625,0.6908078,0.3704735375,0.62395543125,0.40111420625000005,0.568245125,0.4568245125,0.5543175484375,0.48746518125,0.5598885796874999,0.5459610031250001,0.6183844015625,0.601671309375,0.651810584375,0.6155988859375,0.6796657374999999,0.6155988859375,0.7270194984375,0.596100278125,0.7604456828124999,0.571030640625,0.768802228125,0.5515320328125
1679,2676_jpg.rf.5b1c12eea126c98c0c128a872addd75a.jpg,glioma,0.35933147656250003,0.4568245125,0.3454039,0.40668523749999996,0.2841225625,0.3537604453125,0.21727019531249997,0.3454039,0.20612813437500002,0.2980501390625,0.22284122499999998,0.250696378125,0.19777158749999998,0.22284122499999998,0.194986071875,0.20334261874999998,0.1810584953125,0.19777158749999998,0.0947075203125,0.34261838437500003,0.0724233984375,0.42618384374999996,0.0724233984375,0.4401114203125,0.083565459375,0.4428969359375,0.07520891406249999,0.49303621093750005
1680,232_jpg.rf.b05ff72c08f11ad02ca1ce46683fd7f6.jpg,meningioma,0.3704735375,0.428969359375,0.2841225625,0.4178272984375,0.20334261874999998,0.48189415,0.1838440109375,0.515320334375,0.2144846796875,0.5348189421875,0.21727019531249997,0.5793871859374999,0.25626740937500003,0.6211699171875,0.31476323125,0.6378830078125,0.3816155984375,0.6295264625,0.4150417828125,0.568245125,0.4122562671875,0.47353760468750006,0.398328690625,0.4484679671875,0.3704735375,0.428969359375,0,0
1681,1791_jpg.rf.f20edeb92a3c728e1cd761a509529b04.jpg,pituitary,0.6852367687500001,0.4094707515625,0.713091921875,0.398328690625,0.7242339828125,0.3844011140625,0.7186629531250001,0.3509749296875,0.6852367687500001,0.3231197765625,0.662952646875,0.3231197765625,0.6406685234375,0.35933147656250003,0.6490250703125,0.398328690625,0.6852367687500001,0.4094707515625,0,0,0,0,0,0,0,0,0,0
1682,2390_jpg.rf.0e0f556edfcb251abc5f2803262a0e48.jpg,glioma,0.311977715625,0.3008356546875,0.25348189374999996,0.23676880156250002,0.16434540312499998,0.22284122499999998,0.0612813375,0.286908078125,0.027855153124999997,0.3565459609375,0.0194986078125,0.43454039062499994,0.0389972140625,0.53760445625,0.055710306249999994,0.53760445625,0.0696378828125,0.515320334375,0.114206128125,0.49860724218749997,0.19777158749999998,0.520891365625,0.3537604453125,0.5264623953124999,0.32869080781250004,0.3454039,0.311977715625,0.3008356546875
1683,1386_jpg.rf.d7c6be6ffe614069637c0d59b56840d5.jpg,pituitary,0.2952646234375,0.4568245125,0.22562674062500002,0.46239554375,0.21169916406249997,0.47632312031249996,0.21169916406249997,0.49303621093750005,0.22841225625,0.5013927578125,0.231197771875,0.5320334265625,0.2674094703125,0.5654596093750001,0.28969359375,0.5571030640625,0.3036211703125,0.5292479109375,0.3314763234375,0.520891365625,0.3259052921875,0.459610028125,0.2952646234375,0.4568245125,0,0,0,0
1684,2280_jpg.rf.b839a5490d5a3cbfb419d08d0ca663c5.jpg,glioma,0.540389971875,0.604456825,0.5292479109375,0.604456825,0.47353760468750006,0.6434540390625,0.3899721453125,0.74651810625,0.348189415625,0.777158775,0.32869080781250004,0.8328690812499999,0.337047353125,0.860724234375,0.43175487500000004,0.8523676874999999,0.49860724218749997,0.799442896875,0.5626740953125,0.7715877437499999,0.576601671875,0.7353760453125,0.5821727015625,0.651810584375,0.540389971875,0.604456825,0,0
1685,1969_jpg.rf.1c51b861ca015e0e4aad64e34f46c880.jpg,glioma,0.39554317499999997,0.3231197765625,0.3704735375,0.3704735375,0.37604456875,0.4094707515625,0.42618384374999996,0.4679665734375,0.5069637890625,0.44568245156249997,0.5320334265625,0.4150417828125,0.5320334265625,0.367688021875,0.51810585,0.337047353125,0.48189415,0.3064066859375,0.45403899687499993,0.3064066859375,0.39554317499999997,0.3231197765625,0,0,0,0,0,0
1686,586_jpg.rf.cc4b42f55190aeece5affdb1e6121518.jpg,meningioma,0.250696378125,0.682451253125,0.2785515328125,0.707520890625,0.3036211703125,0.707520890625,0.3454039,0.7270194984375,0.373259053125,0.6963788296875,0.373259053125,0.571030640625,0.3509749296875,0.5543175484375,0.311977715625,0.5515320328125,0.25626740937500003,0.601671309375,0.250696378125,0.682451253125,0,0,0,0,0,0,0,0
1687,1786_jpg.rf.f323fa74ffade3afa8e5d7a5242f163f.jpg,pituitary,0.5264623953124999,0.49860724218749997,0.5236768796875,0.45125348125000003,0.509749303125,0.42618384374999996,0.490250696875,0.4206128140625,0.47353760468750006,0.49582172656249995,0.490250696875,0.515320334375,0.515320334375,0.515320334375,0.5264623953124999,0.49860724218749997,0,0,0,0,0,0,0,0,0,0,0,0
1688,219_jpg.rf.4605515197b8d2e7e8aa67c9707a95e9.jpg,meningioma,0.43175487500000004,0.6128133703125,0.484679665625,0.6601671312499999,0.5320334265625,0.6740947078125,0.5236768796875,0.59888579375,0.54874651875,0.57381615625,0.5515320328125,0.5431754875,0.520891365625,0.520891365625,0.4707520890625,0.515320334375,0.4373259046875,0.5431754875,0.43175487500000004,0.6128133703125,0,0,0,0,0,0,0,0
1689,474_jpg.rf.257aeed91d5600523b817f4ad5ae09f2.jpg,meningioma,0.6462395546875,0.4094707515625,0.6211699171875,0.42339832812499995,0.6100278546875,0.4679665734375,0.6072423390624999,0.5013927578125,0.62395543125,0.5571030640625,0.6713091921875,0.5905292484375,0.7325905296874999,0.596100278125,0.7520891359374999,0.568245125,0.7548746515625,0.5236768796875,0.6768802234375,0.46518105781249997,0.6713091921875,0.4178272984375,0.6462395546875,0.4094707515625,0,0,0,0
1690,2671_jpg.rf.f29cb444611f4722bdac4320bdb4a312.jpg,glioma,0.6183844015625,0.6908078,0.5933147625,0.651810584375,0.5821727015625,0.59888579375,0.5654596093750001,0.576601671875,0.5431754875,0.571030640625,0.515320334375,0.604456825,0.5041782734375,0.6545961,0.45403899687499993,0.7158774375,0.3844011140625,0.8440111421875001,0.3259052921875,0.8997214484375,0.3259052921875,0.9108635093749999,0.4484679671875,0.916434540625,0.5626740953125,0.9025069640625001,0.601671309375,0.8746518109375
1691,2117_jpg.rf.e3aa8dc26146be3500a76dc5708dd728.jpg,glioma,0.45125348125000003,0.2646239546875,0.40389972187499995,0.2757660171875,0.36490250625,0.311977715625,0.3621169921875,0.3871866296875,0.3844011140625,0.4401114203125,0.4401114203125,0.43175487500000004,0.49860724218749997,0.40389972187499995,0.5431754875,0.3509749296875,0.54874651875,0.3259052921875,0.53760445625,0.3008356546875,0.48189415,0.2674094703125,0.45125348125000003,0.2646239546875,0,0,0,0
1692,1185_jpg.rf.0482682c1514b35313565bec033d1be0.jpg,pituitary,0.540389971875,0.2785515328125,0.48189415,0.33983286874999996,0.47632312031249996,0.398328690625,0.5320334265625,0.4568245125,0.6768802234375,0.4568245125,0.7270194984375,0.4122562671875,0.7325905296874999,0.348189415625,0.7214484671875,0.32033426249999997,0.6601671312499999,0.2785515328125,0.6100278546875,0.2701949859375,0.540389971875,0.2785515328125,0,0,0,0,0,0
1693,796_jpg.rf.26bcba0acbc50e5e421f1db1b50ae5cf.jpg,glioma,0.46239554375,0.4373259046875,0.47632312031249996,0.398328690625,0.53760445625,0.34261838437500003,0.57381615625,0.2701949859375,0.571030640625,0.22562674062500002,0.54874651875,0.19777158749999998,0.490250696875,0.1922005578125,0.45125348125000003,0.1587743734375,0.37604456875,0.139275765625,0.3231197765625,0.1504178265625,0.25626740937500003,0.20055710312500002,0.231197771875,0.2451253484375,0.22841225625,0.317548746875,0.175487465625,0.3259052921875
1694,2378_jpg.rf.cc5fe2ad67e50c70776547b4fc8bc735.jpg,glioma,0.479108634375,0.5598885796874999,0.49303621093750005,0.568245125,0.5320334265625,0.6545961,0.57381615625,0.6852367687500001,0.5905292484375,0.7158774375,0.6378830078125,0.7270194984375,0.6796657374999999,0.6991643453124999,0.688022284375,0.59888579375,0.6657381609375,0.5598885796874999,0.662952646875,0.5264623953124999,0.6183844015625,0.509749303125,0.6100278546875,0.48189415,0.484679665625,0.48189415,0.42339832812499995,0.46239554375
1695,725_jpg.rf.1d1cf56815f098108455ef33590e7f3b.jpg,glioma,0.4679665734375,0.28969359375,0.428969359375,0.3036211703125,0.4122562671875,0.3259052921875,0.398328690625,0.3621169921875,0.398328690625,0.4094707515625,0.42618384374999996,0.47353760468750006,0.49860724218749997,0.484679665625,0.540389971875,0.45403899687499993,0.5598885796874999,0.40389972187499995,0.5654596093750001,0.3509749296875,0.5459610031250001,0.3036211703125,0.4679665734375,0.28969359375,0,0,0,0
1696,1820_jpg.rf.a921b4604cb52f4dfb798a4df5da86ad.jpg,pituitary,0.7047353765625,0.36490250625,0.6852367687500001,0.34261838437500003,0.6601671312499999,0.34261838437500003,0.63509749375,0.3621169921875,0.6155988859375,0.398328690625,0.6211699171875,0.4707520890625,0.632311978125,0.48746518125,0.7047353765625,0.479108634375,0.738161559375,0.5264623953124999,0.768802228125,0.5348189421875,0.7827298046875,0.47353760468750006,0.7353760453125,0.46518105781249997,0.7325905296874999,0.42339832812499995,0.7047353765625,0.36490250625
1697,330_jpg.rf.ab52587ac9f5181bae39b43761a7e4e1.jpg,meningioma,0.398328690625,0.16713091875,0.37604456875,0.16434540312499998,0.1838440109375,0.1922005578125,0.1253481890625,0.25348189374999996,0.1337047359375,0.311977715625,0.2144846796875,0.3899721453125,0.2423398328125,0.3871866296875,0.3008356546875,0.3509749296875,0.3704735375,0.3342618390625,0.4206128140625,0.292479109375,0.42618384374999996,0.2701949859375,0.4178272984375,0.20055710312500002,0.398328690625,0.16713091875,0,0
1698,2665_jpg.rf.18d7d2ec0d6940382fc71dacd912136f.jpg,glioma,0.626740946875,0.6378830078125,0.54874651875,0.632311978125,0.5264623953124999,0.6740947078125,0.45125348125000003,0.7548746515625,0.42339832812499995,0.8189415046875,0.428969359375,0.8440111421875001,0.509749303125,0.8495821734375,0.571030640625,0.8412256265625,0.601671309375,0.830083565625,0.651810584375,0.7799442890625,0.6685236765625,0.7186629531250001,0.6601671312499999,0.6657381609375,0.626740946875,0.6378830078125,0,0
1699,482_jpg.rf.fc7d4676e3e103bef7f89c839bffd198.jpg,meningioma,0.632311978125,0.1922005578125,0.6211699171875,0.21169916406249997,0.5933147625,0.2200557109375,0.6155988859375,0.3788300828125,0.6434540390625,0.4150417828125,0.6908078,0.4206128140625,0.738161559375,0.3927576609375,0.8022284125000001,0.2952646234375,0.7660167125,0.2423398328125,0.71030640625,0.2451253484375,0.6768802234375,0.19777158749999998,0.632311978125,0.1922005578125,0,0,0,0
1700,1899_jpg.rf.e4ab0b200dc775d7befc8974a9f1a25a.jpg,glioma,0.43454039062499994,0.2200557109375,0.39554317499999997,0.2144846796875,0.3342618390625,0.22284122499999998,0.3091922,0.2451253484375,0.40389972187499995,0.261838440625,0.4373259046875,0.2451253484375,0.43454039062499994,0.2200557109375,0,0,0,0,0,0,0,0,0,0,0,0,0,0
1701,1773_jpg.rf.121b48e67469170ead0ba2e8c2d34a7f.jpg,pituitary,0.63509749375,0.2757660171875,0.62395543125,0.2757660171875,0.601671309375,0.32869080781250004,0.6100278546875,0.42339832812499995,0.6545961,0.484679665625,0.7353760453125,0.49303621093750005,0.7827298046875,0.509749303125,0.777158775,0.43454039062499994,0.7548746515625,0.40111420625000005,0.74651810625,0.348189415625,0.7158774375,0.32033426249999997,0.6601671312499999,0.31476323125,0.63509749375,0.2757660171875,0,0
1702,2509_jpg.rf.8acddf55e864831685a5a20f23c1ed3e.jpg,glioma,0.6295264625,0.4568245125,0.5459610031250001,0.4206128140625,0.5041782734375,0.3788300828125,0.484679665625,0.37604456875,0.45403899687499993,0.39554317499999997,0.44568245156249997,0.4150417828125,0.45403899687499993,0.46239554375,0.47632312031249996,0.490250696875,0.4707520890625,0.5905292484375,0.5125348187500001,0.6155988859375,0.5431754875,0.59888579375,0.6434540390625,0.5821727015625,0.6768802234375,0.540389971875,0.6768802234375,0.509749303125
1703,2653_jpg.rf.30d92f05fa8fefad5895603bb895be83.jpg,glioma,0.520891365625,0.2952646234375,0.51810585,0.261838440625,0.48746518125,0.2200557109375,0.4428969359375,0.2089136484375,0.373259053125,0.23676880156250002,0.311977715625,0.3454039,0.311977715625,0.3788300828125,0.3342618390625,0.4206128140625,0.3899721453125,0.428969359375,0.42618384374999996,0.4568245125,0.4484679671875,0.45403899687499993,0.4707520890625,0.43175487500000004,0.490250696875,0.373259053125,0.515320334375,0.33983286874999996
1704,787_jpg.rf.19b1ae14761c0e30e1f4207c8079dbd1.jpg,glioma,0.7242339828125,0.6183844015625,0.71030640625,0.596100278125,0.6434540390625,0.576601671875,0.63509749375,0.5125348187500001,0.596100278125,0.5041782734375,0.45403899687499993,0.509749303125,0.3788300828125,0.5571030640625,0.3314763234375,0.6155988859375,0.31476323125,0.651810584375,0.3036211703125,0.7298050140625,0.32869080781250004,0.79665738125,0.373259053125,0.8523676874999999,0.6100278546875,0.8495821734375,0.6991643453124999,0.7883008359375
1705,2928_jpg.rf.22540dc61853e11a0ad2f48d5fca65b5.jpg,glioma,0.4122562671875,0.337047353125,0.4428969359375,0.3008356546875,0.4707520890625,0.20612813437500002,0.4679665734375,0.139275765625,0.428969359375,0.0473537609375,0.4178272984375,0.0445682453125,0.3064066859375,0.0947075203125,0.1922005578125,0.20055710312500002,0.17827298125,0.2785515328125,0.2395543171875,0.311977715625,0.2701949859375,0.3064066859375,0.281337046875,0.367688021875,0.337047353125,0.3704735375,0.3704735375,0.317548746875
1706,1785_jpg.rf.e0c55d334ae8cce9fdaa12dd9f49411c.jpg,pituitary,0.662952646875,0.42618384374999996,0.7520891359374999,0.4373259046875,0.7799442890625,0.3899721453125,0.774373259375,0.3537604453125,0.738161559375,0.32033426249999997,0.7047353765625,0.32033426249999997,0.6963788296875,0.3231197765625,0.6935933140625,0.3788300828125,0.662952646875,0.42618384374999996,0,0,0,0,0,0,0,0,0,0
1707,2039_jpg.rf.fea03a9250b94b7a6640534ecb21be25.jpg,glioma,0.3008356546875,0.54874651875,0.2646239546875,0.5654596093750001,0.2395543171875,0.59888579375,0.231197771875,0.6434540390625,0.24791086406249999,0.6685236765625,0.3091922,0.71030640625,0.3844011140625,0.707520890625,0.42339832812499995,0.6908078,0.4568245125,0.632311978125,0.4401114203125,0.57381615625,0.40111420625000005,0.5515320328125,0.3008356546875,0.54874651875,0,0,0,0
1708,1054_jpg.rf.5ed7b511e8a2b49f9bcd1b46c279bbb2.jpg,pituitary,0.5013927578125,0.44568245156249997,0.4373259046875,0.4428969359375,0.4178272984375,0.4679665734375,0.4178272984375,0.5041782734375,0.5292479109375,0.568245125,0.6128133703125,0.5821727015625,0.6211699171875,0.57381615625,0.6155988859375,0.48189415,0.601671309375,0.4428969359375,0.571030640625,0.43175487500000004,0.5013927578125,0.44568245156249997,0,0,0,0,0,0
1709,2486_jpg.rf.1492ddbe9b6607107d0b1fc1829e475b.jpg,glioma,0.3871866296875,0.398328690625,0.28969359375,0.3788300828125,0.3008356546875,0.490250696875,0.2646239546875,0.571030640625,0.2144846796875,0.596100278125,0.2200557109375,0.6183844015625,0.250696378125,0.632311978125,0.3871866296875,0.6128133703125,0.42339832812499995,0.57381615625,0.43175487500000004,0.5041782734375,0.45403899687499993,0.47353760468750006,0.4428969359375,0.4484679671875,0.3871866296875,0.398328690625,0,0
1710,862_jpg.rf.e58daec92487d3506b4220e94f992ebd.jpg,glioma,0.5125348187500001,0.7604456828124999,0.540389971875,0.7019498609375,0.6295264625,0.6211699171875,0.6545961,0.54874651875,0.7019498609375,0.515320334375,0.7214484671875,0.459610028125,0.6935933140625,0.3509749296875,0.682451253125,0.33983286874999996,0.62395543125,0.3342618390625,0.5933147625,0.311977715625,0.5543175484375,0.23676880156250002,0.5041782734375,0.231197771875,0.43175487500000004,0.25626740937500003,0.3509749296875,0.34261838437500003
1711,1376_jpg.rf.7b1b50aa1f1d986ba260b5904e6393a8.jpg,pituitary,0.3008356546875,0.515320334375,0.32869080781250004,0.540389971875,0.3704735375,0.5320334265625,0.3871866296875,0.509749303125,0.3899721453125,0.4484679671875,0.35933147656250003,0.43175487500000004,0.311977715625,0.4484679671875,0.292479109375,0.47632312031249996,0.3008356546875,0.515320334375,0,0,0,0,0,0,0,0,0,0
1712,1944_jpg.rf.26fc84a7895199eefd56ec3599c79883.jpg,glioma,0.43175487500000004,0.774373259375,0.3342618390625,0.6685236765625,0.2952646234375,0.651810584375,0.259052925,0.6183844015625,0.16434540312499998,0.601671309375,0.1532033421875,0.6295264625,0.16713091875,0.662952646875,0.194986071875,0.7047353765625,0.24791086406249999,0.743732590625,0.2952646234375,0.799442896875,0.39554317499999997,0.8523676874999999,0.4428969359375,0.855153203125,0.47632312031249996,0.8384401109375,0.46239554375,0.8105849578125
1713,2758_jpg.rf.de8ee953545492a5eaf87f5e4d9062a0.jpg,glioma,0.5013927578125,1,0.5069637890625,0.9331476328124999,0.5431754875,0.8941504171875,0.5348189421875,0.6935933140625,0.57381615625,0.540389971875,0.5431754875,0.540389971875,0.479108634375,0.62395543125,0.45403899687499993,0.62395543125,0.43175487500000004,0.6378830078125,0.4122562671875,0.6908078,0.42339832812499995,0.9052924796875,0.4399721453125,1,0.5013927578125,1,0,0
1714,688_jpg.rf.c0ab23a6cb2d4d3c1e9b50ec40df8495.jpg,meningioma,0.0779944296875,0.317548746875,0.050139275000000004,0.3537604453125,0.0473537609375,0.398328690625,0.10027855156250001,0.44568245156249997,0.1532033421875,0.4401114203125,0.20334261874999998,0.37604456875,0.20612813437500002,0.3454039,0.1922005578125,0.317548746875,0.16713091875,0.2952646234375,0.139275765625,0.292479109375,0.0779944296875,0.317548746875,0,0,0,0,0,0
1715,2670_jpg.rf.d2137f5b42917bfdb2447f2e1838742a.jpg,glioma,0.6155988859375,0.8467966578125001,0.626740946875,0.8189415046875,0.626740946875,0.7353760453125,0.6155988859375,0.6490250703125,0.59888579375,0.604456825,0.5654596093750001,0.5821727015625,0.5431754875,0.63509749375,0.459610028125,0.7158774375,0.3816155984375,0.768802228125,0.373259053125,0.835654596875,0.3537604453125,0.8774373265625,0.3565459609375,0.9080779937499999,0.3844011140625,0.8997214484375,0.4373259046875,0.9080779937499999
1716,2949_jpg.rf.2ec051d46f211216f4e0fca389cd2571.jpg,glioma,0,0.5774587515625,0.0612813375,0.5821727015625,0.17827298125,0.5459610031250001,0.2423398328125,0.509749303125,0.281337046875,0.45403899687499993,0.2757660171875,0.3844011140625,0.25626740937500003,0.3454039,0.21727019531249997,0.3036211703125,0.16713091875,0.27298050156250003,0.1476323125,0.22841225625,0.10306406718750001,0.2089136484375,0.0696378828125,0.23676880156250002,0,0.34261838437500003,0,0.5774587515625
1717,1076_jpg.rf.5f15e47f91e22f3cf86b0332b54f3bd7.jpg,pituitary,0.7150837984375,0.3128491625,0.7150837984375,0.3854748609375,0.7541899437499999,0.480446928125,0.7206703906249999,0.6592178765625001,0.7262569828125,0.731843575,0.765363128125,0.7374301671875,0.8156424578125,0.6871508375000001,0.8659217874999999,0.5027932953125,0.8044692734375,0.3072625703125,0.743016759375,0.2849162015625,0.7150837984375,0.3128491625,0,0,0,0,0,0
1718,2807_jpg.rf.41de5d38a5e185b529942ab28fc2303c.jpg,glioma,0.2089136484375,0.6796657374999999,0.2674094703125,0.6991643453124999,0.3064066859375,0.59888579375,0.3064066859375,0.5598885796874999,0.27298050156250003,0.51810585,0.20334261874999998,0.51810585,0.1587743734375,0.5431754875,0.1504178265625,0.5849582171875001,0.2089136484375,0.6796657374999999,0,0,0,0,0,0,0,0,0,0
1719,951_jpg.rf.aaca9acbb4b530c0d75da7b0188ec482.jpg,pituitary,0.36490250625,0.5654596093750001,0.3871866296875,0.5821727015625,0.4428969359375,0.576601671875,0.45403899687499993,0.5236768796875,0.4401114203125,0.43175487500000004,0.4094707515625,0.4206128140625,0.367688021875,0.4373259046875,0.3537604453125,0.479108634375,0.36490250625,0.5654596093750001,0,0,0,0,0,0,0,0,0,0
1720,866_jpg.rf.a29ce700fdcd0efcc9d15e4584ef1fa2.jpg,glioma,0.5459610031250001,0.3454039,0.5431754875,0.2785515328125,0.520891365625,0.20612813437500002,0.484679665625,0.175487465625,0.4679665734375,0.12813370468750002,0.42618384374999996,0.1225626734375,0.3509749296875,0.144846796875,0.32033426249999997,0.21169916406249997,0.2339832875,0.2395543171875,0.20334261874999998,0.28969359375,0.2089136484375,0.3927576609375,0.2451253484375,0.459610028125,0.317548746875,0.484679665625,0.3899721453125,0.540389971875
1721,1298_jpg.rf.c2c8cfe8f13fca05ab9730703e1fbc63.jpg,pituitary,0.286908078125,0.520891365625,0.2980501390625,0.5459610031250001,0.3342618390625,0.5571030640625,0.3844011140625,0.5543175484375,0.4206128140625,0.4679665734375,0.4206128140625,0.4178272984375,0.398328690625,0.373259053125,0.3454039,0.367688021875,0.3342618390625,0.4178272984375,0.286908078125,0.520891365625,0,0,0,0,0,0,0,0
1722,742_jpg.rf.0a2198229e5822b56ec3f6e3e8a5ac79.jpg,glioma,0.651810584375,0.8022284125000001,0.7019498609375,0.8077994421874999,0.7214484671875,0.7827298046875,0.7520891359374999,0.7047353765625,0.743732590625,0.5905292484375,0.7715877437499999,0.5292479109375,0.7660167125,0.48746518125,0.749303621875,0.47353760468750006,0.7158774375,0.47353760468750006,0.6462395546875,0.49303621093750005,0.57381615625,0.4568245125,0.5264623953124999,0.4484679671875,0.4484679671875,0.4707520890625,0.42618384374999996,0.5069637890625
1723,709_jpg.rf.e0bbb0f8e8011b46a29925983a798004.jpg,pituitary,0.3621169921875,0.373259053125,0.3259052921875,0.3788300828125,0.3064066859375,0.40668523749999996,0.2674094703125,0.40668523749999996,0.25626740937500003,0.4178272984375,0.25348189374999996,0.48189415,0.2646239546875,0.49860724218749997,0.3091922,0.49303621093750005,0.34261838437500003,0.459610028125,0.3788300828125,0.3871866296875,0.37604456875,0.373259053125,0.3621169921875,0.373259053125,0,0,0,0
1724,1986_jpg.rf.075a875a000d273432333ec9c8922dc4.jpg,glioma,0.4484679671875,0.337047353125,0.42339832812499995,0.3091922,0.398328690625,0.3008356546875,0.34261838437500003,0.3091922,0.24791086406249999,0.36490250625,0.2200557109375,0.3537604453125,0.1838440109375,0.3927576609375,0.16991643437499998,0.4401114203125,0.20612813437500002,0.4401114203125,0.2451253484375,0.4150417828125,0.3314763234375,0.42618384374999996,0.4122562671875,0.4122562671875,0.4428969359375,0.3871866296875,0.4484679671875,0.337047353125
1725,1634_jpg.rf.ef0ddae6a03f11c282a70c6f29129bd4.jpg,pituitary,0.604456825,0.53760445625,0.62395543125,0.49860724218749997,0.62395543125,0.4707520890625,0.5849582171875001,0.459610028125,0.5626740953125,0.47353760468750006,0.5654596093750001,0.5125348187500001,0.5821727015625,0.5348189421875,0.604456825,0.53760445625,0,0,0,0,0,0,0,0,0,0,0,0
1726,1781_jpg.rf.ddb789233686a01e6964377976870c60.jpg,pituitary,0.6434540390625,0.45125348125000003,0.6740947078125,0.45403899687499993,0.6991643453124999,0.428969359375,0.7047353765625,0.39554317499999997,0.6685236765625,0.3454039,0.6573816156250001,0.3454039,0.6406685234375,0.36490250625,0.6295264625,0.42339832812499995,0.6434540390625,0.45125348125000003,0,0,0,0,0,0,0,0,0,0
1727,2842_jpg.rf.a7a8f9b40b65145bee227cb377fda943.jpg,glioma,0.5069637890625,0.5654596093750001,0.51810585,0.5793871859374999,0.51810585,0.6378830078125,0.5515320328125,0.6573816156250001,0.5626740953125,0.6462395546875,0.5320334265625,0.5292479109375,0.490250696875,0.47632312031249996,0.4568245125,0.4707520890625,0.37604456875,0.51810585,0.2952646234375,0.604456825,0.286908078125,0.6462395546875,0.292479109375,0.6963788296875,0.3342618390625,0.7576601671875001,0.3927576609375,0.7576601671875001
1728,2736_jpg.rf.7402c2d04a6bd2a5773d53255a8ce6ef.jpg,glioma,0.3091922,0.835654596875,0.25348189374999996,0.94428969375,0.3008356546875,0.94428969375,0.31476323125,0.9275766015625001,0.3342618390625,0.9303621171875,0.3704735375,0.9108635093749999,0.39554317499999997,0.880222840625,0.4122562671875,0.8077994421874999,0.428969359375,0.9247910859375,0.4428969359375,0.9331476328124999,0.479108634375,0.9275766015625001,0.48189415,0.9025069640625001,0.4484679671875,0.8635097500000001,0.45125348125000003,0.774373259375
1729,1488_jpg.rf.b824424252938995faa7400f73a7d47d.jpg,pituitary,0.707520890625,0.54874651875,0.662952646875,0.5041782734375,0.6545961,0.45125348125000003,0.6406685234375,0.44568245156249997,0.6295264625,0.459610028125,0.632311978125,0.48746518125,0.601671309375,0.5013927578125,0.604456825,0.51810585,0.6295264625,0.5236768796875,0.63509749375,0.5793871859374999,0.651810584375,0.5849582171875001,0.6740947078125,0.5626740953125,0.6908078,0.5849582171875001,0.7047353765625,0.5849582171875001
1730,2159_jpg.rf.95f53ab367bac0ab6cc32b3b918d2768.jpg,glioma,0.4178272984375,0.259052925,0.42339832812499995,0.317548746875,0.46149121718749997,0.3711191390625,0.47353760468750006,0.3621169921875,0.484679665625,0.32033426249999997,0.5069637890625,0.292479109375,0.5654596093750001,0.292479109375,0.5654596093750001,0.2757660171875,0.5459610031250001,0.250696378125,0.4484679671875,0.22284122499999998,0.4178272984375,0.259052925,0,0,0,0,0,0
1731,2358_jpg.rf.bed023922778e4ee259b81e1dbef1de1.jpg,glioma,0.2980501390625,0.6796657374999999,0.2395543171875,0.6657381609375,0.20334261874999998,0.6128133703125,0.1559888578125,0.632311978125,0.1309192203125,0.5933147625,0.0417827296875,0.5654596093750001,0.025069637500000002,0.596100278125,0.025069637500000002,0.626740946875,0.07520891406249999,0.713091921875,0.089136490625,0.7576601671875001,0.1253481890625,0.7910863515625,0.194986071875,0.8217270187500001,0.25626740937500003,0.8217270187500001,0.3036211703125,0.774373259375
1732,127_jpg.rf.0cf19d63fb26952e846147853723adc7.jpg,meningioma,0.57381615625,0.740947075,0.5654596093750001,0.7604456828124999,0.568245125,0.8050139281250001,0.5849582171875001,0.830083565625,0.626740946875,0.8328690812499999,0.6713091921875,0.8161559890625,0.6796657374999999,0.7910863515625,0.6685236765625,0.7604456828124999,0.63509749375,0.7325905296874999,0.59888579375,0.7298050140625,0.57381615625,0.740947075,0,0,0,0,0,0
1733,1552_jpg.rf.fba2fb4f4710b612ca597dde7ef7be6c.jpg,pituitary,0.490250696875,0.5571030640625,0.568245125,0.5654596093750001,0.5877437328124999,0.53760445625,0.5793871859374999,0.49860724218749997,0.53760445625,0.44568245156249997,0.515320334375,0.4373259046875,0.479108634375,0.47353760468750006,0.479108634375,0.5459610031250001,0.490250696875,0.5571030640625,0,0,0,0,0,0,0,0,0,0
1734,2152_jpg.rf.611aa2683397f5e0ece70ef4c2645222.jpg,glioma,0.626740946875,0.3788300828125,0.6462395546875,0.37604456875,0.6601671312499999,0.3537604453125,0.6601671312499999,0.32869080781250004,0.626740946875,0.3036211703125,0.596100278125,0.3008356546875,0.5654596093750001,0.31476323125,0.5626740953125,0.3342618390625,0.626740946875,0.3788300828125,0,0,0,0,0,0,0,0,0,0
1735,1417_jpg.rf.f3ba881548b33c5244c01539bb82ea5b.jpg,pituitary,0.3314763234375,0.5013927578125,0.37604456875,0.53760445625,0.4094707515625,0.53760445625,0.4401114203125,0.484679665625,0.4401114203125,0.45403899687499993,0.398328690625,0.43454039062499994,0.337047353125,0.4568245125,0.32869080781250004,0.479108634375,0.3314763234375,0.5013927578125,0,0,0,0,0,0,0,0,0,0
1736,1255_jpg.rf.3d115b993b842f648a3f9009d516fda0.jpg,pituitary,0.5905292484375,0.428969359375,0.5348189421875,0.4094707515625,0.49582172656249995,0.4428969359375,0.47632312031249996,0.490250696875,0.5793871859374999,0.5125348187500001,0.5933147625,0.4707520890625,0.5905292484375,0.428969359375,0,0,0,0,0,0,0,0,0,0,0,0,0,0
1737,195_jpg.rf.15008f3dceafe313dd451c61f46683e4.jpg,meningioma,0.7883008359375,0.4428969359375,0.8189415046875,0.40389972187499995,0.830083565625,0.33983286874999996,0.8217270187500001,0.250696378125,0.7548746515625,0.1838440109375,0.6545961,0.14206128125,0.626740946875,0.16434540312499998,0.5626740953125,0.16713091875,0.53760445625,0.1810584953125,0.4679665734375,0.2339832875,0.4428969359375,0.281337046875,0.4401114203125,0.3314763234375,0.484679665625,0.4428969359375,0.5013927578125,0.46239554375
1738,1536_jpg.rf.3b181459200ef84c5c9878258eb51acb.jpg,pituitary,0.6406685234375,0.5320334265625,0.6462395546875,0.4568245125,0.62395543125,0.4206128140625,0.6072423390624999,0.4178272984375,0.5849582171875001,0.43175487500000004,0.568245125,0.4707520890625,0.53760445625,0.47632312031249996,0.51810585,0.49860724218749997,0.509749303125,0.5320334265625,0.5236768796875,0.5543175484375,0.5571030640625,0.5571030640625,0.571030640625,0.53760445625,0.5905292484375,0.5626740953125,0.6128133703125,0.5654596093750001
1739,2663_jpg.rf.66624488d18757c9d0f5a0d5dfa34070.jpg,glioma,0.13649024999999998,0.398328690625,0.31476323125,0.40111420625000005,0.348189415625,0.2451253484375,0.2674094703125,0.23676880156250002,0.19777158749999998,0.2785515328125,0.119777159375,0.35933147656250003,0.119777159375,0.3788300828125,0.13649024999999998,0.398328690625,0,0,0,0,0,0,0,0,0,0,0,0
1740,2359_jpg.rf.d6ab4f8f8855fd2aa3eaaf563520190a.jpg,glioma,0.292479109375,0.6796657374999999,0.231197771875,0.6852367687500001,0.1866295265625,0.596100278125,0.1476323125,0.604456825,0.119777159375,0.6295264625,0.0974930359375,0.5877437328124999,0.0417827296875,0.57381615625,0.0389972140625,0.6211699171875,0.0612813375,0.6573816156250001,0.07520891406249999,0.7325905296874999,0.089136490625,0.7520891359374999,0.1504178265625,0.799442896875,0.24791086406249999,0.8328690812499999,0.2841225625,0.830083565625
1741,700_jpg.rf.eb1a67eb6551ddc01b5d494c26185ca3.jpg,meningioma,0.11699164375,0.651810584375,0.083565459375,0.626740946875,0.0389972140625,0.6211699171875,0.013927576562499999,0.6378830078125,0.0167130921875,0.7242339828125,0.064066853125,0.8105849578125,0.1476323125,0.8941504171875,0.20612813437500002,0.8941504171875,0.2395543171875,0.855153203125,0.25626740937500003,0.8105849578125,0.25348189374999996,0.7353760453125,0.22841225625,0.6908078,0.16991643437499998,0.651810584375,0.11699164375,0.651810584375
1742,1611_jpg.rf.9780ca45d12afe20d95e06ff8602ff1b.jpg,pituitary,0.5598885796874999,0.40389972187499995,0.5264623953124999,0.4206128140625,0.49860724218749997,0.4568245125,0.5013927578125,0.509749303125,0.540389971875,0.5598885796874999,0.576601671875,0.568245125,0.6072423390624999,0.5571030640625,0.6462395546875,0.5849582171875001,0.6768802234375,0.5626740953125,0.6935933140625,0.4122562671875,0.682451253125,0.40389972187499995,0.5598885796874999,0.40389972187499995,0,0,0,0
1743,52_jpg.rf.85febf81a9f540459e815e8e11ce8847.jpg,meningioma,0.62395543125,0.6573816156250001,0.5431754875,0.743732590625,0.53760445625,0.7715877437499999,0.5515320328125,0.8328690812499999,0.5877437328124999,0.8662952640625001,0.6657381609375,0.8495821734375,0.799442896875,0.768802228125,0.799442896875,0.6935933140625,0.777158775,0.6601671312499999,0.6685236765625,0.6406685234375,0.62395543125,0.6573816156250001,0,0,0,0,0,0
1744,1543_jpg.rf.352600bc70c17a30364c883bdcc6a285.jpg,pituitary,0.54874651875,0.40668523749999996,0.5348189421875,0.3899721453125,0.5069637890625,0.3844011140625,0.46239554375,0.4206128140625,0.40111420625000005,0.5320334265625,0.4094707515625,0.5905292484375,0.4401114203125,0.6295264625,0.46239554375,0.6378830078125,0.5654596093750001,0.6211699171875,0.6183844015625,0.57381615625,0.6295264625,0.54874651875,0.626740946875,0.4122562671875,0.5877437328124999,0.40111420625000005,0.54874651875,0.40668523749999996
1745,2310_jpg.rf.9d10ee2bef73b07f0eec3601c09bd4de.jpg,glioma,0.509749303125,0.4206128140625,0.4568245125,0.484679665625,0.4568245125,0.515320334375,0.4707520890625,0.540389971875,0.5654596093750001,0.5515320328125,0.6155988859375,0.5069637890625,0.6155988859375,0.4568245125,0.576601671875,0.42339832812499995,0.568245125,0.40111420625000005,0.5459610031250001,0.40111420625000005,0.509749303125,0.4206128140625,0,0,0,0,0,0
1746,807_jpg.rf.7261b02a723a7d98402dd929dcfd2d5c.jpg,glioma,0.3091922,0.5125348187500001,0.3091922,0.490250696875,0.281337046875,0.4428969359375,0.2451253484375,0.4679665734375,0.1894150421875,0.47353760468750006,0.175487465625,0.459610028125,0.16713091875,0.4206128140625,0.1587743734375,0.4206128140625,0.1532033421875,0.44568245156249997,0.11699164375,0.479108634375,0.0779944296875,0.48189415,0.10027855156250001,0.5125348187500001,0.1337047359375,0.51810585,0.1337047359375,0.5598885796874999
1747,634_jpg.rf.48a32f01083cb9687e0965e089332c1d.jpg,meningioma,0.23676880156250002,0.6490250703125,0.3036211703125,0.6490250703125,0.31476323125,0.6100278546875,0.3091922,0.5598885796874999,0.27298050156250003,0.5431754875,0.23676880156250002,0.5431754875,0.2144846796875,0.568245125,0.22562674062500002,0.6378830078125,0.23676880156250002,0.6490250703125,0,0,0,0,0,0,0,0,0,0
1748,69_jpg.rf.cdad8bfd92c35ef9a38eadd81b46d59a.jpg,meningioma,0.8133704734375,0.2952646234375,0.7883008359375,0.32033426249999997,0.774373259375,0.3927576609375,0.8022284125000001,0.43454039062499994,0.8495821734375,0.46239554375,0.8746518109375,0.46239554375,0.9220055703125001,0.4178272984375,0.9275766015625001,0.373259053125,0.9052924796875,0.3008356546875,0.85793871875,0.2757660171875,0.8133704734375,0.2952646234375,0,0,0,0,0,0
1749,1296_jpg.rf.7330f4f90b3670269c30e03888f26310.jpg,pituitary,0.32033426249999997,0.48189415,0.3231197765625,0.51810585,0.348189415625,0.5348189421875,0.4094707515625,0.5264623953124999,0.4206128140625,0.509749303125,0.4206128140625,0.4150417828125,0.40389972187499995,0.39554317499999997,0.373259053125,0.39554317499999997,0.34261838437500003,0.4150417828125,0.32033426249999997,0.48189415,0,0,0,0,0,0,0,0
1750,2184_jpg.rf.c2729d77d860e216284ad12b6f6c4c46.jpg,glioma,0.8467966578125001,0.5515320328125,0.880222840625,0.576601671875,0.9108635093749999,0.53760445625,0.9387186625,0.5292479109375,0.94428969375,0.45125348125000003,0.935933146875,0.4373259046875,0.8495821734375,0.42339832812499995,0.74651810625,0.3565459609375,0.713091921875,0.3565459609375,0.6963788296875,0.3899721453125,0.6100278546875,0.43175487500000004,0.5877437328124999,0.459610028125,0.5905292484375,0.479108634375,0.6100278546875,0.49303621093750005
1751,74_jpg.rf.85f487487482e2863af5f770d82d842e.jpg,meningioma,0.5905292484375,0.47632312031249996,0.5264623953124999,0.367688021875,0.49582172656249995,0.34261838437500003,0.46239554375,0.33983286874999996,0.43175487500000004,0.3036211703125,0.348189415625,0.3091922,0.32869080781250004,0.3008356546875,0.2646239546875,0.373259053125,0.2674094703125,0.46239554375,0.2339832875,0.5041782734375,0.2339832875,0.5348189421875,0.24791086406249999,0.5626740953125,0.2841225625,0.5877437328124999,0.4122562671875,0.6183844015625
1752,1205_jpg.rf.bfa79adc971e1a4f0ba7746b791ad5c2.jpg,pituitary,0.6536312843750001,0.3519553078125,0.6145251390625,0.3519553078125,0.5754189937499999,0.3966480453125,0.5977653625,0.4413407828125,0.6480446921875,0.435754190625,0.6703910609375,0.4078212296875,0.6536312843750001,0.3519553078125,0,0,0,0,0,0,0,0,0,0,0,0,0,0
1753,936_jpg.rf.86c290fceb65493e9270f62eab5770d8.jpg,pituitary,0.3091922,0.4206128140625,0.28969359375,0.4679665734375,0.292479109375,0.5041782734375,0.337047353125,0.5515320328125,0.4094707515625,0.571030640625,0.44568245156249997,0.5571030640625,0.4707520890625,0.5292479109375,0.479108634375,0.4428969359375,0.428969359375,0.3816155984375,0.3788300828125,0.37604456875,0.3091922,0.4206128140625,0,0,0,0,0,0
1754,2637_jpg.rf.be65728bce3e3af2e2ee5e60e2840e45.jpg,glioma,0.5543175484375,0.139275765625,0.47353760468750006,0.1253481890625,0.4568245125,0.1337047359375,0.45403899687499993,0.1476323125,0.4568245125,0.2339832875,0.4679665734375,0.2785515328125,0.5320334265625,0.40389972187499995,0.5459610031250001,0.4206128140625,0.601671309375,0.44568245156249997,0.6740947078125,0.459610028125,0.6908078,0.286908078125,0.662952646875,0.20055710312500002,0.5543175484375,0.139275765625,0,0
1755,649_jpg.rf.2ff88e83603e779d4f1e2620c88c83ba.jpg,meningioma,0.49303621093750005,0.3008356546875,0.48189415,0.2701949859375,0.37604456875,0.21727019531249997,0.3342618390625,0.25348189374999996,0.3064066859375,0.3537604453125,0.27298050156250003,0.367688021875,0.2423398328125,0.42618384374999996,0.2757660171875,0.484679665625,0.3509749296875,0.5125348187500001,0.3871866296875,0.509749303125,0.428969359375,0.490250696875,0.4707520890625,0.44568245156249997,0.490250696875,0.3871866296875,0.49303621093750005,0.3008356546875
1756,977_jpg.rf.4cb19ccf06bb026d716d085feed15c55.jpg,pituitary,0.4401114203125,0.5793871859374999,0.4568245125,0.568245125,0.4568245125,0.479108634375,0.43454039062499994,0.47353760468750006,0.3621169921875,0.48746518125,0.3565459609375,0.5543175484375,0.36490250625,0.571030640625,0.4401114203125,0.5793871859374999,0,0,0,0,0,0,0,0,0,0,0,0
1757,1675_jpg.rf.f75622fcc94ad3c8d29b9140db225bbe.jpg,pituitary,0.5849582171875001,0.3816155984375,0.571030640625,0.39554317499999997,0.576601671875,0.4122562671875,0.651810584375,0.3871866296875,0.6935933140625,0.3314763234375,0.6852367687500001,0.3064066859375,0.6685236765625,0.2952646234375,0.6295264625,0.292479109375,0.5877437328124999,0.317548746875,0.5849582171875001,0.3816155984375,0,0,0,0,0,0,0,0
1758,20_jpg.rf.b154379dcab28b92a42ded235d8541aa.jpg,meningioma,0.568245125,0.490250696875,0.5571030640625,0.5933147625,0.5905292484375,0.6434540390625,0.596100278125,0.6991643453124999,0.6295264625,0.71030640625,0.6601671312499999,0.6908078,0.743732590625,0.5543175484375,0.7214484671875,0.5069637890625,0.6685236765625,0.459610028125,0.604456825,0.45403899687499993,0.568245125,0.490250696875,0,0,0,0,0,0
1759,1395_jpg.rf.1988c7bd18eedf84019ad2fd5011c05b.jpg,pituitary,0.40668523749999996,0.540389971875,0.4401114203125,0.49860724218749997,0.45403899687499993,0.43454039062499994,0.4094707515625,0.4178272984375,0.3454039,0.4679665734375,0.3454039,0.5264623953124999,0.3565459609375,0.53760445625,0.40668523749999996,0.540389971875,0,0,0,0,0,0,0,0,0,0,0,0
1760,1439_jpg.rf.f598d997ffc2e0a9b08dedb2be5321dd.jpg,pituitary,0.42618384374999996,0.40111420625000005,0.373259053125,0.4178272984375,0.317548746875,0.4206128140625,0.2952646234375,0.4401114203125,0.261838440625,0.5320334265625,0.2785515328125,0.571030640625,0.3537604453125,0.59888579375,0.39554317499999997,0.59888579375,0.459610028125,0.5348189421875,0.46518105781249997,0.4373259046875,0.4428969359375,0.40389972187499995,0.42618384374999996,0.40111420625000005,0,0,0,0
1761,2284_jpg.rf.e9a3d1ee9d2358463b6b88c69051337b.jpg,glioma,0.3454039,0.7827298046875,0.3454039,0.8217270187500001,0.3788300828125,0.8997214484375,0.4428969359375,0.8913649031249999,0.47632312031249996,0.8690807796875,0.48746518125,0.8467966578125001,0.45125348125000003,0.7632311984375,0.4206128140625,0.7520891359374999,0.3788300828125,0.7576601671875001,0.3454039,0.7827298046875,0,0,0,0,0,0,0,0
1762,2467_jpg.rf.f5b9371fea3bf1cbc8e867626b42d925.jpg,glioma,0.39554317499999997,0.311977715625,0.37604456875,0.286908078125,0.3314763234375,0.286908078125,0.311977715625,0.250696378125,0.281337046875,0.24791086406249999,0.25626740937500003,0.2757660171875,0.34261838437500003,0.34261838437500003,0.3036211703125,0.4094707515625,0.31476323125,0.43454039062499994,0.37604456875,0.4373259046875,0.4401114203125,0.4150417828125,0.44568245156249997,0.40111420625000005,0.46518105781249997,0.4094707515625,0.46518105781249997,0.367688021875
1763,526_jpg.rf.6871f76faab93ad7ae2b14180d60abd2.jpg,meningioma,0.2089136484375,0.2841225625,0.19777158749999998,0.25348189374999996,0.17827298125,0.2423398328125,0.139275765625,0.24791086406249999,0.083565459375,0.28969359375,0.058495821875,0.3231197765625,0.055710306249999994,0.40111420625000005,0.089136490625,0.4373259046875,0.1225626734375,0.45403899687499993,0.1894150421875,0.45125348125000003,0.261838440625,0.3871866296875,0.2646239546875,0.3537604453125,0.25348189374999996,0.3259052921875,0.2089136484375,0.2841225625
1764,2569_jpg.rf.d99828e39b6f214c6afc254e1abdf8eb.jpg,glioma,0.3342618390625,0.5626740953125,0.2423398328125,0.540389971875,0.17827298125,0.5515320328125,0.16713091875,0.5877437328124999,0.16991643437499998,0.63509749375,0.1894150421875,0.688022284375,0.22562674062500002,0.7353760453125,0.286908078125,0.749303621875,0.38907265468749996,0.6996866296875,0.40389972187499995,0.6601671312499999,0.40111420625000005,0.6072423390624999,0.3816155984375,0.5849582171875001,0.3342618390625,0.5626740953125,0,0
1765,2093_jpg.rf.41d29634d7363508ab5c66f97aa596c5.jpg,glioma,0.4122562671875,0.6963788296875,0.4428969359375,0.74651810625,0.5348189421875,0.743732590625,0.5654596093750001,0.7270194984375,0.5571030640625,0.7047353765625,0.48746518125,0.6991643453124999,0.42339832812499995,0.632311978125,0.4122562671875,0.632311978125,0.40389972187499995,0.6601671312499999,0.4122562671875,0.6963788296875,0,0,0,0,0,0,0,0
1766,757_jpg.rf.41057195ae8f1bc63632f5664c50fd50.jpg,glioma,0.5236768796875,0.6128133703125,0.48189415,0.6072423390624999,0.4484679671875,0.6211699171875,0.4122562671875,0.6601671312499999,0.40111420625000005,0.738161559375,0.4150417828125,0.7632311984375,0.459610028125,0.777158775,0.48189415,0.79665738125,0.5013927578125,0.79665738125,0.5515320328125,0.768802228125,0.568245125,0.7186629531250001,0.54874651875,0.63509749375,0.5236768796875,0.6128133703125,0,0
1767,665_jpg.rf.771bfb8c29e28751f61f6388f6838968.jpg,meningioma,0.311977715625,0.6852367687500001,0.2451253484375,0.6406685234375,0.16991643437499998,0.6378830078125,0.139275765625,0.6462395546875,0.114206128125,0.6713091921875,0.10027855156250001,0.7047353765625,0.10306406718750001,0.7353760453125,0.1587743734375,0.8077994421874999,0.20334261874999998,0.8440111421875001,0.231197771875,0.8495821734375,0.2785515328125,0.830083565625,0.3231197765625,0.768802228125,0.3231197765625,0.7158774375,0.311977715625,0.6852367687500001
1768,2411_jpg.rf.1270a8fdfd8008b2d761da2933650118.jpg,glioma,0.373259053125,0.16434540312499998,0.32869080781250004,0.1587743734375,0.286908078125,0.17827298125,0.286908078125,0.2423398328125,0.25626740937500003,0.286908078125,0.2646239546875,0.34261838437500003,0.317548746875,0.3704735375,0.348189415625,0.367688021875,0.3704735375,0.348189415625,0.373259053125,0.2980501390625,0.398328690625,0.281337046875,0.40389972187499995,0.22284122499999998,0.373259053125,0.16434540312499998,0,0
1769,458_jpg.rf.aec360fb637e4e5982a7cc37800ce493.jpg,meningioma,0.3927576609375,0.5069637890625,0.3565459609375,0.46518105781249997,0.3036211703125,0.4484679671875,0.231197771875,0.48189415,0.20612813437500002,0.5320334265625,0.20612813437500002,0.5905292484375,0.22562674062500002,0.63509749375,0.25626740937500003,0.6685236765625,0.2841225625,0.682451253125,0.337047353125,0.6852367687500001,0.367688021875,0.6740947078125,0.398328690625,0.632311978125,0.40668523749999996,0.5431754875,0.3927576609375,0.5069637890625
1770,1562_jpg.rf.2656fc4d9e9140133945ed106b722a42.jpg,pituitary,0.571030640625,0.6128133703125,0.596100278125,0.5849582171875001,0.5905292484375,0.46239554375,0.5515320328125,0.43454039062499994,0.515320334375,0.46518105781249997,0.5125348187500001,0.54874651875,0.5459610031250001,0.604456825,0.571030640625,0.6128133703125,0,0,0,0,0,0,0,0,0,0,0,0
1771,1792_jpg.rf.795fc162edd7de942ee1747288e88a84.jpg,pituitary,0.6768802234375,0.39554317499999997,0.6935933140625,0.3704735375,0.688022284375,0.32869080781250004,0.6657381609375,0.32033426249999997,0.63509749375,0.3509749296875,0.6378830078125,0.3844011140625,0.651810584375,0.398328690625,0.6768802234375,0.39554317499999997,0,0,0,0,0,0,0,0,0,0,0,0
1772,2829_jpg.rf.7488e7b18557063200f4148d27874d17.jpg,glioma,0.3036211703125,0.835654596875,0.3704735375,0.835654596875,0.3899721453125,0.8050139281250001,0.3844011140625,0.7576601671875001,0.3314763234375,0.7214484671875,0.3064066859375,0.7214484671875,0.2701949859375,0.7632311984375,0.2785515328125,0.8217270187500001,0.3036211703125,0.835654596875,0,0,0,0,0,0,0,0,0,0
1773,1389_jpg.rf.50d797164f477d821a1133cb1c0c0fe3.jpg,pituitary,0.261838440625,0.5459610031250001,0.3314763234375,0.5459610031250001,0.36490250625,0.490250696875,0.35933147656250003,0.46518105781249997,0.3454039,0.45125348125000003,0.259052925,0.43454039062499994,0.22562674062500002,0.47353760468750006,0.2395543171875,0.5320334265625,0.261838440625,0.5459610031250001,0,0,0,0,0,0,0,0,0,0
1774,2798_jpg.rf.26950d348897c57de69009ee7a100d69.jpg,glioma,0.5849582171875001,0.596100278125,0.576601671875,0.5905292484375,0.54874651875,0.6211699171875,0.51810585,0.632311978125,0.4428969359375,0.6295264625,0.43454039062499994,0.6434540390625,0.40389972187499995,0.6462395546875,0.3537604453125,0.5905292484375,0.3342618390625,0.5849582171875001,0.31476323125,0.59888579375,0.31476323125,0.6545961,0.3509749296875,0.7158774375,0.35933147656250003,0.7576601671875001,0.3927576609375,0.7855153203125
1775,2658_jpg.rf.68de2e72e26e338963cef77880b31349.jpg,glioma,0.43175487500000004,0.337047353125,0.43175487500000004,0.3064066859375,0.398328690625,0.2674094703125,0.3788300828125,0.25626740937500003,0.2701949859375,0.259052925,0.2785515328125,0.2089136484375,0.311977715625,0.17270195,0.317548746875,0.1476323125,0.2423398328125,0.13649024999999998,0.16991643437499998,0.1504178265625,0.10863509687499999,0.1838440109375,0.0194986078125,0.337047353125,0.0083565453125,0.3816155984375,0.0194986078125,0.398328690625
1776,304_jpg.rf.724bc2a7ffeeb17dcdf1c054e6b96af4.jpg,meningioma,0.383472609375,1,0.3899721453125,0.9972144843749999,0.42618384374999996,0.9526462390624999,0.42618384374999996,0.9220055703125001,0.40668523749999996,0.9025069640625001,0.45403899687499993,0.8774373265625,0.4679665734375,0.85793871875,0.45125348125000003,0.8105849578125,0.428969359375,0.7883008359375,0.36490250625,0.7604456828124999,0.19777158749999998,0.7186629531250001,0.1504178265625,0.7604456828124999,0.1587743734375,0.885793871875,0.1894150421875,0.9582172703125
1777,2063_jpg.rf.3d79de79e8479a5eae6df33dbde898bc.jpg,glioma,0.6740947078125,0.44568245156249997,0.6908078,0.42618384374999996,0.688022284375,0.3899721453125,0.6685236765625,0.373259053125,0.632311978125,0.3704735375,0.59888579375,0.3844011140625,0.5877437328124999,0.4122562671875,0.5348189421875,0.43175487500000004,0.520891365625,0.4484679671875,0.5292479109375,0.54874651875,0.54874651875,0.5793871859374999,0.626740946875,0.5849582171875001,0.6657381609375,0.568245125,0.688022284375,0.5431754875
1778,1539_jpg.rf.05ba2f396ec0cd967c00734709ce95b0.jpg,pituitary,0.4150417828125,0.6211699171875,0.4484679671875,0.6378830078125,0.49303621093750005,0.6378830078125,0.53760445625,0.6295264625,0.601671309375,0.5905292484375,0.6545961,0.6155988859375,0.6963788296875,0.6100278546875,0.7325905296874999,0.6183844015625,0.7715877437499999,0.601671309375,0.7883008359375,0.49303621093750005,0.7660167125,0.4178272984375,0.7214484671875,0.39554317499999997,0.6740947078125,0.39554317499999997,0.6211699171875,0.3788300828125
1779,1355_jpg.rf.ca0914cbf4dadfaf1c7f667f5a47cc27.jpg,pituitary,0.45125348125000003,0.490250696875,0.4150417828125,0.40668523749999996,0.3509749296875,0.3927576609375,0.311977715625,0.4094707515625,0.286908078125,0.4373259046875,0.24791086406249999,0.4428969359375,0.22841225625,0.48189415,0.22284122499999998,0.5348189421875,0.24791086406249999,0.5793871859374999,0.337047353125,0.6072423390624999,0.3899721453125,0.6100278546875,0.4150417828125,0.596100278125,0.44568245156249997,0.5571030640625,0.45125348125000003,0.490250696875
1780,439_jpg.rf.897b0c4790a66e407d1b8d6aaa0f55ed.jpg,meningioma,0,0.71547950625,0.0111420609375,0.7353760453125,0.0612813375,0.7855153203125,0.1559888578125,0.7827298046875,0.194986071875,0.7047353765625,0.20055710312500002,0.6713091921875,0.2395543171875,0.6155988859375,0.23676880156250002,0.576601671875,0.20055710312500002,0.5292479109375,0.1587743734375,0.5041782734375,0.10863509687499999,0.5041782734375,0.002785515625,0.520891365625,0,0.5218861921875,0,0.71547950625
1781,479_jpg.rf.0e5b41a2941d8564a9e615e9540b4fdf.jpg,meningioma,0.3036211703125,0.1838440109375,0.2757660171875,0.194986071875,0.2646239546875,0.22562674062500002,0.22562674062500002,0.261838440625,0.22562674062500002,0.2785515328125,0.2701949859375,0.28969359375,0.311977715625,0.2646239546875,0.337047353125,0.261838440625,0.3314763234375,0.1587743734375,0.317548746875,0.1532033421875,0.3036211703125,0.1838440109375,0,0,0,0,0,0
1782,1111_jpg.rf.5303dc530503918d37a8cb2d6cc857ed.jpg,pituitary,0.54874651875,0.57381615625,0.5515320328125,0.6072423390624999,0.5320334265625,0.6295264625,0.5543175484375,0.682451253125,0.5793871859374999,0.6601671312499999,0.601671309375,0.6072423390624999,0.6434540390625,0.568245125,0.651810584375,0.5320334265625,0.63509749375,0.484679665625,0.57381615625,0.47353760468750006,0.54874651875,0.57381615625,0,0,0,0,0,0
1783,2106_jpg.rf.c12407a72b9f669762bd54f6a3e02b72.jpg,glioma,0.57381615625,0.3509749296875,0.6072423390624999,0.231197771875,0.6072423390624999,0.1922005578125,0.5933147625,0.1587743734375,0.4707520890625,0.144846796875,0.3899721453125,0.17827298125,0.3565459609375,0.2144846796875,0.3565459609375,0.25348189374999996,0.3788300828125,0.2980501390625,0.3788300828125,0.3314763234375,0.4094707515625,0.373259053125,0.4178272984375,0.42339832812499995,0.45403899687499993,0.4484679671875,0.515320334375,0.42618384374999996
1784,2174_jpg.rf.5cfed75fc0d54144589f79f6994eacad.jpg,glioma,0.6852367687500001,0.3871866296875,0.6462395546875,0.3816155984375,0.5571030640625,0.39554317499999997,0.515320334375,0.4206128140625,0.47353760468750006,0.46239554375,0.47632312031249996,0.5264623953124999,0.6100278546875,0.5821727015625,0.707520890625,0.5849582171875001,0.7214484671875,0.5626740953125,0.7242339828125,0.5013927578125,0.749303621875,0.459610028125,0.74651810625,0.428969359375,0.6852367687500001,0.3871866296875,0,0
1785,1901_jpg.rf.04ac7641cd69bb92d5a3f1913a995261.jpg,glioma,0.5320334265625,0.27298050156250003,0.515320334375,0.22284122499999998,0.47632312031249996,0.20334261874999998,0.4094707515625,0.194986071875,0.311977715625,0.22562674062500002,0.2757660171875,0.22562674062500002,0.25348189374999996,0.2423398328125,0.22841225625,0.3008356546875,0.2339832875,0.3342618390625,0.261838440625,0.37604456875,0.42618384374999996,0.3816155984375,0.44568245156249997,0.373259053125,0.4679665734375,0.34261838437500003,0.51810585,0.317548746875
1786,2770_jpg.rf.651819a3bd9b89a3b048c19340404ad8.jpg,glioma,0.540389971875,0.6991643453124999,0.5598885796874999,0.6573816156250001,0.5598885796874999,0.6211699171875,0.540389971875,0.5877437328124999,0.5236768796875,0.5877437328124999,0.484679665625,0.62395543125,0.4568245125,0.6211699171875,0.4484679671875,0.6295264625,0.44568245156249997,0.6963788296875,0.4707520890625,0.7214484671875,0.48189415,0.7520891359374999,0.5041782734375,0.7632311984375,0.5654596093750001,0.7576601671875001,0.5877437328124999,0.740947075
1787,3049_jpg.rf.10d50db1de19b041f0007cef522e2d8b.jpg,glioma,0.317548746875,0.1922005578125,0.3036211703125,0.1922005578125,0.28969359375,0.22841225625,0.2423398328125,0.2423398328125,0.27298050156250003,0.3036211703125,0.3454039,0.3036211703125,0.3816155984375,0.286908078125,0.4094707515625,0.2980501390625,0.4206128140625,0.25626740937500003,0.45125348125000003,0.2200557109375,0.44568245156249997,0.20334261874999998,0.317548746875,0.21727019531249997,0.317548746875,0.1922005578125,0,0
1788,2969_jpg.rf.55fa55b7178dba32c331e4fa1eef1222.jpg,glioma,0.5626740953125,0.85793871875,0.5598885796874999,0.7019498609375,0.632311978125,0.49860724218749997,0.6573816156250001,0.4679665734375,0.688022284375,0.45125348125000003,0.6991643453124999,0.428969359375,0.707520890625,0.3844011140625,0.6935933140625,0.3816155984375,0.6183844015625,0.4568245125,0.5905292484375,0.5069637890625,0.5793871859374999,0.571030640625,0.5571030640625,0.6128133703125,0.5069637890625,0.6545961,0.43454039062499994,0.6908078
1789,1735_jpg.rf.4a3204a4d79b6f9c11e30115bab4cb78.jpg,pituitary,0.596100278125,0.2423398328125,0.48189415,0.2423398328125,0.42618384374999996,0.250696378125,0.39554317499999997,0.27298050156250003,0.3927576609375,0.33983286874999996,0.4122562671875,0.367688021875,0.46518105781249997,0.398328690625,0.5013927578125,0.398328690625,0.5849582171875001,0.3844011140625,0.6128133703125,0.36490250625,0.6378830078125,0.311977715625,0.632311978125,0.2674094703125,0.596100278125,0.2423398328125,0,0
1790,1323_jpg.rf.2aa46ec3a4294baa291cb9de108dd6cf.jpg,pituitary,0.43175487500000004,0.5515320328125,0.43454039062499994,0.4679665734375,0.42339832812499995,0.45403899687499993,0.3927576609375,0.4484679671875,0.35933147656250003,0.47353760468750006,0.35933147656250003,0.49860724218749997,0.4122562671875,0.54874651875,0.43175487500000004,0.5515320328125,0,0,0,0,0,0,0,0,0,0,0,0
1791,199_jpg.rf.78b41a6b14da7e352e80e1714e5ef5ba.jpg,meningioma,0.651810584375,0.6935933140625,0.6573816156250001,0.7298050140625,0.71030640625,0.7855153203125,0.7910863515625,0.774373259375,0.8217270187500001,0.7270194984375,0.8133704734375,0.6685236765625,0.7520891359374999,0.6434540390625,0.7158774375,0.6434540390625,0.6601671312499999,0.6713091921875,0.651810584375,0.6935933140625,0,0,0,0,0,0,0,0
1792,85_jpg.rf.0e6cf299a7dac7149702c9c98b5c2b62.jpg,meningioma,0.5905292484375,0.7632311984375,0.509749303125,0.7186629531250001,0.46518105781249997,0.7047353765625,0.42339832812499995,0.71030640625,0.3899721453125,0.7019498609375,0.3537604453125,0.7270194984375,0.348189415625,0.7632311984375,0.2980501390625,0.8133704734375,0.3064066859375,0.8885793874999999,0.3927576609375,0.9554317546875,0.46518105781249997,0.9805013921875,0.509749303125,0.9721448468749999,0.54874651875,0.9470752093750001,0.6155988859375,0.8523676874999999
1793,2997_jpg.rf.383509b59ed8a8de92c5ef530a563df8.jpg,glioma,0.520891365625,0.6183844015625,0.51810585,0.632311978125,0.5654596093750001,0.7186629531250001,0.6072423390624999,0.6963788296875,0.626740946875,0.7158774375,0.6545961,0.7158774375,0.6852367687500001,0.6935933140625,0.6908078,0.6657381609375,0.6796657374999999,0.6490250703125,0.6406685234375,0.651810584375,0.5821727015625,0.6211699171875,0.520891365625,0.6183844015625,0,0,0,0
1794,131_jpg.rf.5e581b2be636af588a2a2acdbb8a2287.jpg,meningioma,0.428969359375,0.6211699171875,0.3844011140625,0.6100278546875,0.3565459609375,0.626740946875,0.3537604453125,0.59888579375,0.2980501390625,0.596100278125,0.261838440625,0.632311978125,0.2423398328125,0.6796657374999999,0.28969359375,0.7910863515625,0.317548746875,0.8189415046875,0.348189415625,0.8272980499999999,0.3704735375,0.793871865625,0.4428969359375,0.7576601671875001,0.4679665734375,0.707520890625,0.4679665734375,0.6852367687500001
1795,2960_jpg.rf.be3f91eee59d2ad1c3cb0a9468ffc5c5.jpg,glioma,0.45125348125000003,0.39554317499999997,0.42339832812499995,0.3844011140625,0.3871866296875,0.3899721453125,0.3565459609375,0.34261838437500003,0.35933147656250003,0.311977715625,0.373259053125,0.3091922,0.3927576609375,0.317548746875,0.4178272984375,0.3509749296875,0.4484679671875,0.337047353125,0.4568245125,0.36490250625,0.490250696875,0.3565459609375,0.490250696875,0.3036211703125,0.4373259046875,0.25626740937500003,0.4150417828125,0.19777158749999998
1796,193_jpg.rf.b46c8ddba64b7b92deef3e42844d7ba1.jpg,meningioma,0.79665738125,0.3454039,0.7604456828124999,0.27298050156250003,0.6657381609375,0.194986071875,0.63509749375,0.1810584953125,0.5905292484375,0.1810584953125,0.5292479109375,0.20055710312500002,0.49582172656249995,0.24791086406249999,0.490250696875,0.32869080781250004,0.520891365625,0.398328690625,0.520891365625,0.42339832812499995,0.5626740953125,0.4484679671875,0.6490250703125,0.45403899687499993,0.7242339828125,0.4428969359375,0.7715877437499999,0.42339832812499995
1797,1722_jpg.rf.1e2afcaa75f89e7626d956096dd871e9.jpg,pituitary,0.6155988859375,0.4206128140625,0.6295264625,0.4373259046875,0.6908078,0.42339832812499995,0.6935933140625,0.3816155984375,0.682451253125,0.367688021875,0.6072423390624999,0.3509749296875,0.57381615625,0.3899721453125,0.57381615625,0.4206128140625,0.6155988859375,0.4206128140625,0,0,0,0,0,0,0,0,0,0
1798,2271_jpg.rf.a4f17625c2a84812d59fba279c4daf32.jpg,glioma,0.25348189374999996,0.8690807796875,0.3314763234375,0.8746518109375,0.348189415625,0.8440111421875001,0.3231197765625,0.7632311984375,0.337047353125,0.6490250703125,0.32033426249999997,0.6295264625,0.3231197765625,0.5933147625,0.3064066859375,0.5292479109375,0.2841225625,0.5292479109375,0.20612813437500002,0.5933147625,0.175487465625,0.6434540390625,0.175487465625,0.6713091921875,0.21169916406249997,0.7186629531250001,0.2451253484375,0.740947075
1799,1015_jpg.rf.73895cd1f6cef42fc0fe11b67a449baf.jpg,pituitary,0.3454039,0.4428969359375,0.3537604453125,0.49582172656249995,0.3816155984375,0.5515320328125,0.43454039062499994,0.51810585,0.4679665734375,0.4484679671875,0.4568245125,0.4122562671875,0.4401114203125,0.40111420625000005,0.40668523749999996,0.40111420625000005,0.3621169921875,0.4178272984375,0.3454039,0.4428969359375,0,0,0,0,0,0,0,0
1800,273_jpg.rf.7913999e006145dfe288040ca2036206.jpg,meningioma,0.292479109375,0.16991643437499998,0.2451253484375,0.16713091875,0.1476323125,0.22562674062500002,0.1225626734375,0.25348189374999996,0.11699164375,0.2841225625,0.1253481890625,0.3036211703125,0.16991643437499998,0.348189415625,0.25626740937500003,0.3509749296875,0.32033426249999997,0.32869080781250004,0.348189415625,0.292479109375,0.348189415625,0.25348189374999996,0.32033426249999997,0.194986071875,0.292479109375,0.16991643437499998,0,0
1801,1247_jpg.rf.9f92fc3ea0ee2e80594155f85b8a712f.jpg,pituitary,0.3816155984375,0.36490250625,0.3704735375,0.4150417828125,0.4094707515625,0.46518105781249997,0.43175487500000004,0.47632312031249996,0.5013927578125,0.479108634375,0.53760445625,0.43454039062499994,0.53760445625,0.3788300828125,0.5041782734375,0.3342618390625,0.479108634375,0.3231197765625,0.43454039062499994,0.3231197765625,0.3816155984375,0.36490250625,0,0,0,0,0,0
1802,1052_jpg.rf.2755e60667fcbf905e9a5f52f4dcff86.jpg,pituitary,0.63509749375,0.601671309375,0.632311978125,0.5348189421875,0.6462395546875,0.5013927578125,0.651810584375,0.40389972187499995,0.62395543125,0.3509749296875,0.6100278546875,0.348189415625,0.5877437328124999,0.35933147656250003,0.5598885796874999,0.39554317499999997,0.46518105781249997,0.44568245156249997,0.4401114203125,0.4707520890625,0.43175487500000004,0.540389971875,0.43454039062499994,0.5543175484375,0.459610028125,0.571030640625,0.5292479109375,0.5654596093750001
1803,1048_jpg.rf.80ba3d49e9d84e776dbde4dcc0816bbb.jpg,pituitary,0.5654596093750001,0.3788300828125,0.46518105781249997,0.4150417828125,0.42618384374999996,0.4568245125,0.4122562671875,0.51810585,0.45403899687499993,0.576601671875,0.49860724218749997,0.5793871859374999,0.5515320328125,0.5571030640625,0.6128133703125,0.5793871859374999,0.6573816156250001,0.54874651875,0.662952646875,0.49860724218749997,0.6434540390625,0.398328690625,0.5654596093750001,0.3788300828125,0,0,0,0
1804,915_jpg.rf.dd64efb077c97a82c81b13e093acc030.jpg,glioma,0.43175487500000004,0.8774373265625,0.45125348125000003,0.8217270187500001,0.459610028125,0.7019498609375,0.5264623953124999,0.6183844015625,0.5654596093750001,0.5236768796875,0.5571030640625,0.428969359375,0.5348189421875,0.4122562671875,0.49860724218749997,0.40668523749999996,0.45125348125000003,0.4206128140625,0.40668523749999996,0.459610028125,0.3704735375,0.5236768796875,0.3509749296875,0.6211699171875,0.3565459609375,0.6685236765625,0.39554317499999997,0.7047353765625
1805,1420_jpg.rf.0e87a7801331419ecf39d2984e7b4d33.jpg,pituitary,0.3314763234375,0.46518105781249997,0.3314763234375,0.49303621093750005,0.36490250625,0.5125348187500001,0.40389972187499995,0.515320334375,0.428969359375,0.49582172656249995,0.43175487500000004,0.46239554375,0.40389972187499995,0.4428969359375,0.3788300828125,0.4401114203125,0.3509749296875,0.44568245156249997,0.3314763234375,0.46518105781249997,0,0,0,0,0,0,0,0
1806,2967_jpg.rf.0281a66ebca6e761c36bfb329bbdd016.jpg,glioma,0.5236768796875,0.662952646875,0.484679665625,0.6434540390625,0.45403899687499993,0.6434540390625,0.4373259046875,0.5849582171875001,0.4122562671875,0.571030640625,0.3509749296875,0.49860724218749997,0.317548746875,0.49303621093750005,0.3008356546875,0.5236768796875,0.3008356546875,0.53760445625,0.311977715625,0.540389971875,0.3091922,0.59888579375,0.32869080781250004,0.6128133703125,0.3342618390625,0.6545961,0.373259053125,0.7158774375
1807,2387_jpg.rf.f07985bf8899c3f77316dd6c600b8d2a.jpg,glioma,0,0.4828226546875,0.022284121875,0.5069637890625,0.050139275000000004,0.515320334375,0.0779944296875,0.5041782734375,0.1866295265625,0.5013927578125,0.2785515328125,0.4373259046875,0.34261838437500003,0.4122562671875,0.292479109375,0.3036211703125,0.250696378125,0.24791086406249999,0.20612813437500002,0.22562674062500002,0.1559888578125,0.22562674062500002,0.083565459375,0.24791086406249999,0,0.373259053125,0,0.4828226546875
1808,2567_jpg.rf.c52b6e70a37b7b67ea6f9003d334237c.jpg,glioma,0.3816155984375,0.601671309375,0.31476323125,0.54874651875,0.1838440109375,0.5348189421875,0.25626740937500003,0.6963788296875,0.2841225625,0.7270194984375,0.32033426249999997,0.7298050140625,0.3871866296875,0.632311978125,0.3816155984375,0.601671309375,0,0,0,0,0,0,0,0,0,0,0,0
1809,1390_jpg.rf.ac14f93d047a043e142bc6c67dae22e7.jpg,pituitary,0.3816155984375,0.49582172656249995,0.3788300828125,0.459610028125,0.367688021875,0.44568245156249997,0.3259052921875,0.43454039062499994,0.317548746875,0.4122562671875,0.292479109375,0.40668523749999996,0.23676880156250002,0.4150417828125,0.21169916406249997,0.4373259046875,0.21727019531249997,0.5041782734375,0.2089136484375,0.5320334265625,0.2200557109375,0.5431754875,0.2757660171875,0.5459610031250001,0.292479109375,0.5654596093750001,0.32869080781250004,0.57381615625
1810,2888_jpg.rf.1260153835e6d9e14dfec3d87aca53f1.jpg,glioma,0.348189415625,0.9108635093749999,0.37604456875,0.9220055703125001,0.39554317499999997,0.9554317546875,0.4206128140625,0.9554317546875,0.43454039062499994,0.94428969375,0.44568245156249997,0.9080779937499999,0.48746518125,0.8690807796875,0.5125348187500001,0.777158775,0.49582172656249995,0.7604456828124999,0.46239554375,0.7632311984375,0.43454039062499994,0.749303621875,0.3621169921875,0.8022284125000001,0.3231197765625,0.793871865625,0.31476323125,0.740947075
1811,1132_jpg.rf.99dc58246019f9297947d17809c84efc.jpg,pituitary,0.4707520890625,0.43175487500000004,0.4428969359375,0.4428969359375,0.4122562671875,0.484679665625,0.40111420625000005,0.5571030640625,0.4428969359375,0.5821727015625,0.5292479109375,0.5877437328124999,0.5543175484375,0.5793871859374999,0.571030640625,0.5543175484375,0.571030640625,0.5264623953124999,0.5515320328125,0.4484679671875,0.520891365625,0.43454039062499994,0.4707520890625,0.43175487500000004,0,0,0,0
1812,856_jpg.rf.6eb8ad0daa0edf7540d4d6efca3aacc9.jpg,glioma,0.32033426249999997,0.4206128140625,0.1838440109375,0.4094707515625,0.13649024999999998,0.43454039062499994,0.09192200625,0.5125348187500001,0.10584958281250001,0.5849582171875001,0.1253481890625,0.6211699171875,0.1559888578125,0.6434540390625,0.194986071875,0.6434540390625,0.2674094703125,0.601671309375,0.317548746875,0.54874651875,0.33983286874999996,0.49860724218749997,0.3342618390625,0.4428969359375,0.32033426249999997,0.4206128140625,0,0
1813,592_jpg.rf.d6446ee1c9c744ca1428a48aa70a4b25.jpg,meningioma,0.43454039062499994,0.31476323125,0.4178272984375,0.2952646234375,0.39554317499999997,0.3091922,0.3927576609375,0.3231197765625,0.4094707515625,0.4122562671875,0.428969359375,0.4484679671875,0.4568245125,0.4707520890625,0.5069637890625,0.484679665625,0.5626740953125,0.46239554375,0.57381615625,0.43454039062499994,0.51810585,0.367688021875,0.5013927578125,0.3314763234375,0.43454039062499994,0.31476323125,0,0
1814,1078_jpg.rf.1d3b3f1e0aac7b73534a5143e49e879b.jpg,pituitary,0.5877437328124999,0.46239554375,0.5543175484375,0.428969359375,0.509749303125,0.428969359375,0.484679665625,0.45125348125000003,0.4707520890625,0.48746518125,0.47353760468750006,0.5348189421875,0.490250696875,0.5598885796874999,0.5431754875,0.571030640625,0.601671309375,0.5571030640625,0.6378830078125,0.576601671875,0.6713091921875,0.5626740953125,0.682451253125,0.5041782734375,0.6490250703125,0.45125348125000003,0.5877437328124999,0.46239554375
1815,1863_jpg.rf.a350f3627738eeabe57ea88b1ff5abf2.jpg,glioma,0.5431754875,0.44568245156249997,0.5264623953124999,0.40111420625000005,0.479108634375,0.35933147656250003,0.39554317499999997,0.367688021875,0.3899721453125,0.3565459609375,0.4094707515625,0.32869080781250004,0.40668523749999996,0.3064066859375,0.3899721453125,0.2841225625,0.3704735375,0.281337046875,0.348189415625,0.3064066859375,0.34261838437500003,0.3704735375,0.3064066859375,0.3927576609375,0.3036211703125,0.4178272984375,0.3314763234375,0.4401114203125
1816,324_jpg.rf.b559ce15b73363d09312427b2b905c31.jpg,meningioma,0.5626740953125,0.286908078125,0.5041782734375,0.3342618390625,0.490250696875,0.3621169921875,0.5041782734375,0.43454039062499994,0.5348189421875,0.459610028125,0.5459610031250001,0.459610028125,0.54874651875,0.4122562671875,0.576601671875,0.3704735375,0.6657381609375,0.33983286874999996,0.6545961,0.3091922,0.601671309375,0.286908078125,0.5626740953125,0.286908078125,0,0,0,0
1817,591_jpg.rf.dd49ebff820634972395d6f21d5d9a7c.jpg,meningioma,0.4568245125,0.261838440625,0.4484679671875,0.261838440625,0.4178272984375,0.2757660171875,0.373259053125,0.32869080781250004,0.367688021875,0.3927576609375,0.3871866296875,0.459610028125,0.428969359375,0.479108634375,0.5431754875,0.49303621093750005,0.576601671875,0.45125348125000003,0.5793871859374999,0.3816155984375,0.5320334265625,0.32869080781250004,0.46518105781249997,0.2952646234375,0.4568245125,0.261838440625,0,0
1818,2058_jpg.rf.080a592e0dce064033d2a854912a3085.jpg,glioma,0.3704735375,0.484679665625,0.398328690625,0.484679665625,0.4178272984375,0.47353760468750006,0.428969359375,0.4428969359375,0.4122562671875,0.4178272984375,0.3816155984375,0.4150417828125,0.3621169921875,0.4401114203125,0.3621169921875,0.47353760468750006,0.3704735375,0.484679665625,0,0,0,0,0,0,0,0,0,0
1819,2785_jpg.rf.965c048d07bd9dbe27c1a00b34941c6e.jpg,glioma,0.6128133703125,0.53760445625,0.5793871859374999,0.5459610031250001,0.484679665625,0.5320334265625,0.459610028125,0.5459610031250001,0.4568245125,0.576601671875,0.484679665625,0.6378830078125,0.48746518125,0.713091921875,0.5125348187500001,0.7214484671875,0.5515320328125,0.7019498609375,0.5821727015625,0.6545961,0.6295264625,0.6462395546875,0.6295264625,0.5849582171875001,0.6490250703125,0.5598885796874999,0.6128133703125,0.53760445625
1820,2651_jpg.rf.0291c75f225726a5e66ceca3654cecf2.jpg,glioma,0.48746518125,0.2674094703125,0.47353760468750006,0.23676880156250002,0.4428969359375,0.2200557109375,0.367688021875,0.2646239546875,0.32869080781250004,0.3231197765625,0.32869080781250004,0.34261838437500003,0.34261838437500003,0.35933147656250003,0.3788300828125,0.3899721453125,0.43454039062499994,0.4150417828125,0.4707520890625,0.398328690625,0.5013927578125,0.34261838437500003,0.5013927578125,0.311977715625,0.479108634375,0.2841225625,0.48746518125,0.2674094703125
1821,1241_jpg.rf.37431c235968b90d9ad0c73decb1c8e0.jpg,pituitary,0.42618384374999996,0.3899721453125,0.44568245156249997,0.4206128140625,0.4679665734375,0.4373259046875,0.5459610031250001,0.4401114203125,0.5793871859374999,0.4206128140625,0.5793871859374999,0.3621169921875,0.515320334375,0.317548746875,0.48189415,0.31476323125,0.42618384374999996,0.35933147656250003,0.42618384374999996,0.3899721453125,0,0,0,0,0,0,0,0
1822,2560_jpg.rf.ebdb99239dd5edd59048cf0b44715315.jpg,glioma,0.5654596093750001,0.4484679671875,0.540389971875,0.4122562671875,0.42339832812499995,0.3871866296875,0.3704735375,0.42339832812499995,0.3342618390625,0.484679665625,0.317548746875,0.54874651875,0.2841225625,0.5933147625,0.292479109375,0.6406685234375,0.33983286874999996,0.6796657374999999,0.3844011140625,0.682451253125,0.4679665734375,0.6490250703125,0.5459610031250001,0.5793871859374999,0.57381615625,0.5264623953124999,0.5654596093750001,0.4484679671875
1823,1282_jpg.rf.4d0f3aab409be7c710eb383a995fe62c.jpg,pituitary,0.62395543125,0.2980501390625,0.6183844015625,0.40111420625000005,0.662952646875,0.428969359375,0.7047353765625,0.4373259046875,0.7660167125,0.4401114203125,0.79665738125,0.428969359375,0.8050139281250001,0.3788300828125,0.7799442890625,0.317548746875,0.7353760453125,0.281337046875,0.6908078,0.27298050156250003,0.62395543125,0.2980501390625,0,0,0,0,0,0
1824,2500_jpg.rf.a20536b1d5c34230264235f5cd331089.jpg,glioma,0.4178272984375,0.7047353765625,0.48746518125,0.7186629531250001,0.515320334375,0.6796657374999999,0.51810585,0.604456825,0.4679665734375,0.5515320328125,0.42339832812499995,0.5459610031250001,0.373259053125,0.5598885796874999,0.36490250625,0.6183844015625,0.4178272984375,0.7047353765625,0,0,0,0,0,0,0,0,0,0
1825,2874_jpg.rf.45c881e4e5132dc5f8171c0cdba13057.jpg,glioma,0.4401114203125,0.5626740953125,0.490250696875,0.62395543125,0.5348189421875,0.62395543125,0.5543175484375,0.6072423390624999,0.54874651875,0.576601671875,0.5571030640625,0.54874651875,0.540389971875,0.5013927578125,0.49860724218749997,0.48746518125,0.44568245156249997,0.5069637890625,0.4401114203125,0.5626740953125,0,0,0,0,0,0,0,0
1826,236_jpg.rf.0b2b8dadaf488e0c01255457d1999c62.jpg,meningioma,0.738161559375,0.6796657374999999,0.7548746515625,0.6545961,0.8050139281250001,0.6657381609375,0.824512534375,0.6378830078125,0.7520891359374999,0.5515320328125,0.7047353765625,0.54874651875,0.6545961,0.5626740953125,0.63509749375,0.5849582171875001,0.6295264625,0.6183844015625,0.6406685234375,0.6796657374999999,0.6545961,0.7019498609375,0.7019498609375,0.7214484671875,0.738161559375,0.7604456828124999,0.7576601671875001,0.7604456828124999
1827,1466_jpg.rf.77216b82477ae30f097f766409c951e2.jpg,pituitary,0.515320334375,0.36490250625,0.490250696875,0.45125348125000003,0.49582172656249995,0.5125348187500001,0.5292479109375,0.5515320328125,0.5654596093750001,0.5515320328125,0.601671309375,0.51810585,0.6155988859375,0.48746518125,0.6155988859375,0.36490250625,0.59888579375,0.337047353125,0.576601671875,0.3259052921875,0.515320334375,0.36490250625,0,0,0,0,0,0
1828,115_jpg.rf.df6fe721ec4af6308204001500000f4b.jpg,meningioma,0.3788300828125,0.3314763234375,0.3342618390625,0.35933147656250003,0.2952646234375,0.4150417828125,0.3008356546875,0.46239554375,0.3314763234375,0.49303621093750005,0.398328690625,0.51810585,0.49860724218749997,0.49860724218749997,0.5125348187500001,0.45125348125000003,0.49860724218749997,0.4178272984375,0.4484679671875,0.3537604453125,0.4122562671875,0.3342618390625,0.3788300828125,0.3314763234375,0,0,0,0
1829,45_jpg.rf.c01aeca15cc90a550547eff3b1768ee2.jpg,meningioma,0.3788300828125,0.175487465625,0.261838440625,0.2144846796875,0.21727019531249997,0.250696378125,0.21169916406249997,0.3008356546875,0.2395543171875,0.348189415625,0.3008356546875,0.367688021875,0.3927576609375,0.367688021875,0.4707520890625,0.3036211703125,0.484679665625,0.2674094703125,0.48189415,0.231197771875,0.4178272984375,0.1838440109375,0.3788300828125,0.175487465625,0,0,0,0
1830,817_jpg.rf.da0a91bcdc61d978795ae90917beb060.jpg,glioma,0.2200557109375,0.25626740937500003,0.1866295265625,0.25348189374999996,0.13649024999999998,0.27298050156250003,0.10306406718750001,0.32033426249999997,0.10306406718750001,0.373259053125,0.13649024999999998,0.4373259046875,0.22562674062500002,0.509749303125,0.3036211703125,0.5125348187500001,0.348189415625,0.5013927578125,0.35933147656250003,0.43454039062499994,0.3454039,0.36490250625,0.261838440625,0.281337046875,0.2200557109375,0.25626740937500003,0,0
1831,1042_jpg.rf.a79c45d8f4d5550a8886993cbd342886.jpg,pituitary,0.4568245125,0.54874651875,0.49303621093750005,0.571030640625,0.5125348187500001,0.571030640625,0.5626740953125,0.51810585,0.571030640625,0.48746518125,0.490250696875,0.428969359375,0.4206128140625,0.479108634375,0.4150417828125,0.49303621093750005,0.4568245125,0.54874651875,0,0,0,0,0,0,0,0,0,0
1832,201_jpg.rf.88f89cf70809ab4d59c065d25166c5a2.jpg,meningioma,0.2757660171875,0.5236768796875,0.2646239546875,0.5793871859374999,0.281337046875,0.62395543125,0.3008356546875,0.6434540390625,0.3454039,0.662952646875,0.373259053125,0.6601671312499999,0.45403899687499993,0.5877437328124999,0.459610028125,0.5236768796875,0.43175487500000004,0.5013927578125,0.32033426249999997,0.49582172656249995,0.2757660171875,0.5236768796875,0,0,0,0,0,0
1833,2837_jpg.rf.eb1ed80adf8aeb1841f9bf17e113982b.jpg,glioma,0.459610028125,0.2785515328125,0.4122562671875,0.2785515328125,0.34261838437500003,0.3036211703125,0.32033426249999997,0.37604456875,0.39554317499999997,0.3788300828125,0.4707520890625,0.4178272984375,0.4568245125,0.3844011140625,0.43175487500000004,0.37604456875,0.428969359375,0.34261838437500003,0.4401114203125,0.32033426249999997,0.47632312031249996,0.3036211703125,0.47632312031249996,0.28969359375,0.459610028125,0.2785515328125,0,0
1834,1795_jpg.rf.cc27a549713eb9bcd329836bafb03479.jpg,pituitary,0.5459610031250001,0.36490250625,0.540389971875,0.3342618390625,0.509749303125,0.3259052921875,0.47353760468750006,0.33983286874999996,0.4568245125,0.35933147656250003,0.45403899687499993,0.3844011140625,0.4679665734375,0.4206128140625,0.5125348187500001,0.4373259046875,0.54874651875,0.4206128140625,0.601671309375,0.4401114203125,0.62395543125,0.40111420625000005,0.6128133703125,0.3509749296875,0.5905292484375,0.34261838437500003,0.5459610031250001,0.36490250625
1835,1911_jpg.rf.8be6b7d670f01383b2bb71524e9b9616.jpg,glioma,0.5041782734375,0.5654596093750001,0.5571030640625,0.57381615625,0.5821727015625,0.5571030640625,0.5877437328124999,0.5320334265625,0.568245125,0.490250696875,0.5348189421875,0.48189415,0.490250696875,0.5069637890625,0.48189415,0.5431754875,0.5041782734375,0.5654596093750001,0,0,0,0,0,0,0,0,0,0
1836,404_jpg.rf.c66de66a8e514960aceba3a1bc280532.jpg,meningioma,0.2646239546875,0.5877437328124999,0.2395543171875,0.604456825,0.23676880156250002,0.626740946875,0.2451253484375,0.749303621875,0.3259052921875,0.8133704734375,0.39554317499999997,0.8161559890625,0.4122562671875,0.793871865625,0.4206128140625,0.740947075,0.3871866296875,0.6908078,0.3788300828125,0.632311978125,0.3091922,0.5905292484375,0.2646239546875,0.5877437328124999,0,0,0,0
1837,1653_jpg.rf.c8d3109b5dd97411970862811eb64661.jpg,pituitary,0.63509749375,0.3509749296875,0.59888579375,0.3342618390625,0.57381615625,0.35933147656250003,0.576601671875,0.3899721453125,0.6100278546875,0.4094707515625,0.6378830078125,0.4094707515625,0.63509749375,0.3509749296875,0,0,0,0,0,0,0,0,0,0,0,0,0,0
1838,518_jpg.rf.6423bbde42b291c9924e0bd70328203f.jpg,meningioma,0.003125,0.50078125,0.00625,0.0546875,0,0,0,0,0,0,0,0,0,0,0,0,0,0,0,0,0,0,0,0,0,0,0,0
1839,1839_jpg.rf.56c3191d03e7181937586cf6a5aecd8b.jpg,pituitary,0.7520891359374999,0.398328690625,0.7576601671875001,0.36490250625,0.749303621875,0.3008356546875,0.7214484671875,0.292479109375,0.6935933140625,0.32033426249999997,0.6462395546875,0.3008356546875,0.62395543125,0.3091922,0.5849582171875001,0.3036211703125,0.5654596093750001,0.3231197765625,0.5598885796874999,0.3621169921875,0.5793871859374999,0.3871866296875,0.59888579375,0.3871866296875,0.632311978125,0.4150417828125,0.713091921875,0.4206128140625
1840,1840_jpg.rf.abcd0a635b635d3e1a95372d1b5784a3.jpg,pituitary,0.62395543125,0.4150417828125,0.688022284375,0.4150417828125,0.7186629531250001,0.3871866296875,0.7158774375,0.3621169921875,0.7019498609375,0.3342618390625,0.6434540390625,0.31476323125,0.6100278546875,0.34261838437500003,0.604456825,0.3899721453125,0.62395543125,0.4150417828125,0,0,0,0,0,0,0,0,0,0
1841,737_jpg.rf.7d31165ef1a40c84e6b3bea084ba7e4b.jpg,glioma,0.5598885796874999,0.738161559375,0.601671309375,0.7270194984375,0.71030640625,0.604456825,0.7158774375,0.57381615625,0.6908078,0.540389971875,0.6183844015625,0.51810585,0.5905292484375,0.49860724218749997,0.5515320328125,0.49860724218749997,0.40111420625000005,0.520891365625,0.40668523749999996,0.57381615625,0.43454039062499994,0.6128133703125,0.42339832812499995,0.6406685234375,0.3844011140625,0.662952646875,0.40389972187499995,0.7325905296874999
1842,371_jpg.rf.0680daf003fb61412b2c0fcd90d01a09.jpg,meningioma,0.089136490625,0.6211699171875,0.13649024999999998,0.6100278546875,0.175487465625,0.571030640625,0.16991643437499998,0.5320334265625,0.13649024999999998,0.5013927578125,0.0696378828125,0.48746518125,0.058495821875,0.5041782734375,0.0668523671875,0.6072423390624999,0.089136490625,0.6211699171875,0,0,0,0,0,0,0,0,0,0
1843,631_jpg.rf.06afa9481ffc5e955cc8b752324d8a49.jpg,meningioma,0.20055710312500002,0.568245125,0.20612813437500002,0.6183844015625,0.2339832875,0.6434540390625,0.317548746875,0.63509749375,0.3314763234375,0.5849582171875001,0.317548746875,0.5543175484375,0.2980501390625,0.53760445625,0.250696378125,0.5292479109375,0.22284122499999998,0.540389971875,0.20055710312500002,0.568245125,0,0,0,0,0,0,0,0
1844,3033_jpg.rf.3364732863659734c0bb4d861ab20758.jpg,glioma,0.1587743734375,0.8328690812499999,0.20334261874999998,0.8523676874999999,0.28969359375,0.8440111421875001,0.367688021875,0.8077994421874999,0.4206128140625,0.74651810625,0.4401114203125,0.6935933140625,0.43175487500000004,0.6211699171875,0.3621169921875,0.43454039062499994,0.32033426249999997,0.3899721453125,0.261838440625,0.3788300828125,0.21727019531249997,0.398328690625,0.1894150421875,0.4401114203125,0.1337047359375,0.4568245125,0.0779944296875,0.5125348187500001
1845,2017_jpg.rf.7d268dfa479e2513c04b384b67093423.jpg,glioma,0.835654596875,0.5013927578125,0.8412256265625,0.47353760468750006,0.8105849578125,0.367688021875,0.7827298046875,0.348189415625,0.7576601671875001,0.348189415625,0.662952646875,0.3704735375,0.5849582171875001,0.4178272984375,0.5515320328125,0.46239554375,0.5515320328125,0.509749303125,0.5654596093750001,0.5431754875,0.6211699171875,0.6072423390624999,0.6490250703125,0.6211699171875,0.7214484671875,0.6183844015625,0.7799442890625,0.5905292484375
1846,2329_jpg.rf.20e91350d445779bae082f66c9bce6ab.jpg,glioma,0.5877437328124999,0.5431754875,0.5793871859374999,0.5292479109375,0.5264623953124999,0.568245125,0.490250696875,0.6545961,0.4206128140625,0.6183844015625,0.32033426249999997,0.6768802234375,0.311977715625,0.7576601671875001,0.3259052921875,0.8105849578125,0.37604456875,0.824512534375,0.45125348125000003,0.8189415046875,0.5264623953124999,0.7632311984375,0.5849582171875001,0.5905292484375,0.5877437328124999,0.5431754875,0,0
1847,963_jpg.rf.f7f42277b178219c074c5df30dbd893e.jpg,pituitary,0.398328690625,0.576601671875,0.44568245156249997,0.576601671875,0.47632312031249996,0.5125348187500001,0.47353760468750006,0.45403899687499993,0.4428969359375,0.42618384374999996,0.3899721453125,0.4122562671875,0.35933147656250003,0.47632312031249996,0.35933147656250003,0.520891365625,0.398328690625,0.576601671875,0,0,0,0,0,0,0,0,0,0
1848,1832_jpg.rf.17d5026753ce5ab2cec2e730c9d9b670.jpg,pituitary,0.6462395546875,0.3314763234375,0.596100278125,0.3091922,0.5125348187500001,0.3064066859375,0.47632312031249996,0.32033426249999997,0.4484679671875,0.36490250625,0.459610028125,0.42618384374999996,0.48746518125,0.46518105781249997,0.515320334375,0.479108634375,0.54874651875,0.479108634375,0.596100278125,0.4568245125,0.6462395546875,0.45125348125000003,0.6740947078125,0.42618384374999996,0.682451253125,0.3788300828125,0.6462395546875,0.3314763234375
1849,205_jpg.rf.a2e24e2d489d252c1b07fa357b683c3b.jpg,meningioma,0.8440111421875001,0.8133704734375,0.885793871875,0.7353760453125,0.885793871875,0.7047353765625,0.824512534375,0.5821727015625,0.7799442890625,0.5515320328125,0.740947075,0.54874651875,0.632311978125,0.5654596093750001,0.604456825,0.5877437328124999,0.59888579375,0.6545961,0.6128133703125,0.6991643453124999,0.63509749375,0.71030640625,0.6378830078125,0.7715877437499999,0.651810584375,0.8105849578125,0.7158774375,0.8690807796875
1850,1648_jpg.rf.6e909a104ebd64134010f892500e923b.jpg,pituitary,0.6211699171875,0.43175487500000004,0.6908078,0.42618384374999996,0.7019498609375,0.40668523749999996,0.6963788296875,0.311977715625,0.6740947078125,0.3008356546875,0.5821727015625,0.3008356546875,0.5459610031250001,0.337047353125,0.5598885796874999,0.398328690625,0.6211699171875,0.43175487500000004,0,0,0,0,0,0,0,0,0,0
1851,435_jpg.rf.1d84dea28406066f6417f08c8eeec092.jpg,meningioma,0,0.6530043765625,0.0111420609375,0.6601671312499999,0.0668523671875,0.6462395546875,0.10863509687499999,0.601671309375,0.10584958281250001,0.540389971875,0.08077994375,0.49860724218749997,0.025069637500000002,0.49582172656249995,0,0.50037984375,0,0.6530043765625,0,0,0,0,0,0,0,0,0,0
1852,2998_jpg.rf.2ca83bdc110ae4621d8ad59479bf778f.jpg,glioma,0.3844011140625,0.682451253125,0.4122562671875,0.6768802234375,0.4707520890625,0.626740946875,0.49860724218749997,0.6211699171875,0.5236768796875,0.63509749375,0.57381615625,0.7158774375,0.59888579375,0.7186629531250001,0.63509749375,0.688022284375,0.62395543125,0.651810584375,0.5905292484375,0.6295264625,0.5125348187500001,0.604456825,0.46518105781249997,0.5543175484375,0.4679665734375,0.49582172656249995,0.5069637890625,0.45125348125000003
1853,1516_jpg.rf.84ce80f621155f6ec500dc48d72211c3.jpg,pituitary,0.707520890625,0.4206128140625,0.6796657374999999,0.43175487500000004,0.601671309375,0.428969359375,0.568245125,0.47353760468750006,0.571030640625,0.49860724218749997,0.6155988859375,0.5431754875,0.6908078,0.51810585,0.7242339828125,0.520891365625,0.7353760453125,0.48746518125,0.7186629531250001,0.4568245125,0.7214484671875,0.4206128140625,0.707520890625,0.4206128140625,0,0,0,0
1854,2476_jpg.rf.c76d53e7b3221b5c7d269aa3ebeceba8.jpg,glioma,0.3509749296875,0.47353760468750006,0.42618384374999996,0.47632312031249996,0.42618384374999996,0.4568245125,0.40389972187499995,0.43175487500000004,0.3899721453125,0.3871866296875,0.3509749296875,0.36490250625,0.3036211703125,0.40111420625000005,0.2980501390625,0.45125348125000003,0.3509749296875,0.47353760468750006,0,0,0,0,0,0,0,0,0,0
1855,811_jpg.rf.e9cdd05efb9bf4b5034d452d3709f387.jpg,glioma,0.39554317499999997,0.6462395546875,0.3064066859375,0.6434540390625,0.2646239546875,0.6908078,0.25626740937500003,0.74651810625,0.281337046875,0.830083565625,0.3064066859375,0.8412256265625,0.3537604453125,0.8412256265625,0.37604456875,0.8050139281250001,0.4122562671875,0.774373259375,0.4373259046875,0.7298050140625,0.4428969359375,0.6852367687500001,0.43175487500000004,0.6657381609375,0.39554317499999997,0.6462395546875,0,0
1856,1528_jpg.rf.df40ea2aa3dc97f9c97b5b1f856bb4a0.jpg,pituitary,0.5515320328125,0.5348189421875,0.601671309375,0.49303621093750005,0.6072423390624999,0.367688021875,0.5821727015625,0.35933147656250003,0.49860724218749997,0.479108634375,0.5013927578125,0.49860724218749997,0.53760445625,0.5125348187500001,0.5515320328125,0.5348189421875,0,0,0,0,0,0,0,0,0,0,0,0
1857,2455_jpg.rf.5885e17e2ae26fe306fd70a0fbf39f8e.jpg,glioma,0.459610028125,0.6657381609375,0.509749303125,0.7270194984375,0.571030640625,0.7520891359374999,0.5933147625,0.74651810625,0.6211699171875,0.7186629531250001,0.6155988859375,0.6740947078125,0.5348189421875,0.6490250703125,0.5654596093750001,0.5849582171875001,0.5626740953125,0.509749303125,0.54874651875,0.484679665625,0.459610028125,0.479108634375,0.4373259046875,0.4707520890625,0.3899721453125,0.42339832812499995,0.3314763234375,0.4206128140625
1858,2072_jpg.rf.65006fd2cde0c0c851172cc18dd9bd3f.jpg,glioma,0.6072423390624999,0.6211699171875,0.5654596093750001,0.632311978125,0.49860724218749997,0.682451253125,0.490250696875,0.7353760453125,0.5041782734375,0.768802228125,0.5320334265625,0.793871865625,0.6434540390625,0.8022284125000001,0.7298050140625,0.7576601671875001,0.7186629531250001,0.6908078,0.6852367687500001,0.651810584375,0.6490250703125,0.626740946875,0.6072423390624999,0.6211699171875,0,0,0,0
1859,2384_jpg.rf.10da98e064d86db78f2346048b3ec96d.jpg,glioma,0.052924790624999996,0.34261838437500003,0.027855153124999997,0.37604456875,0.0167130921875,0.43175487500000004,0.0167130921875,0.484679665625,0.033426184375,0.515320334375,0.07520891406249999,0.520891365625,0.16991643437499998,0.5013927578125,0.2089136484375,0.48189415,0.20612813437500002,0.40389972187499995,0.10306406718750001,0.3844011140625,0.0668523671875,0.34261838437500003,0.052924790624999996,0.34261838437500003,0,0,0,0
1860,2838_jpg.rf.664ba22629b99785c525f97debd7477d.jpg,glioma,0.45403899687499993,0.259052925,0.37604456875,0.25348189374999996,0.348189415625,0.2701949859375,0.3342618390625,0.2980501390625,0.311977715625,0.4122562671875,0.317548746875,0.45125348125000003,0.348189415625,0.48189415,0.47632312031249996,0.4568245125,0.515320334375,0.43175487500000004,0.5431754875,0.3927576609375,0.5320334265625,0.3259052921875,0.51810585,0.3064066859375,0.45403899687499993,0.259052925,0,0
1861,773_jpg.rf.3e1dda8c056573ad0d91c6bb895b3d34.jpg,glioma,0.32869080781250004,0.5292479109375,0.2701949859375,0.5125348187500001,0.20055710312500002,0.5236768796875,0.1504178265625,0.5041782734375,0.1253481890625,0.5125348187500001,0.1225626734375,0.54874651875,0.12813370468750002,0.5849582171875001,0.16155988906250002,0.6462395546875,0.21169916406249997,0.707520890625,0.2785515328125,0.7576601671875001,0.3091922,0.7632311984375,0.3231197765625,0.7047353765625,0.32033426249999997,0.62395543125,0.337047353125,0.576601671875
1862,1426_jpg.rf.e21c7dd868a428433d30dbc7cfb71e25.jpg,pituitary,0.3091922,0.5348189421875,0.34261838437500003,0.5598885796874999,0.373259053125,0.5626740953125,0.40389972187499995,0.5431754875,0.4150417828125,0.520891365625,0.4206128140625,0.4568245125,0.40111420625000005,0.42339832812499995,0.3509749296875,0.4150417828125,0.3091922,0.4484679671875,0.3091922,0.5348189421875,0,0,0,0,0,0,0,0
1863,935_jpg.rf.bfd2634829896dbf80d9d0e0ebbe8ab4.jpg,pituitary,0.4484679671875,0.3844011140625,0.3899721453125,0.35933147656250003,0.32033426249999997,0.398328690625,0.292479109375,0.49303621093750005,0.3091922,0.5292479109375,0.348189415625,0.53760445625,0.37604456875,0.568245125,0.40668523749999996,0.571030640625,0.46239554375,0.53760445625,0.479108634375,0.490250696875,0.479108634375,0.4401114203125,0.4679665734375,0.40389972187499995,0.4484679671875,0.3844011140625,0,0
1864,2707_jpg.rf.61ec6c94fa9d8640cda90de28abb81f9.jpg,glioma,0.48189415,0.63509749375,0.45403899687499993,0.6100278546875,0.43454039062499994,0.6100278546875,0.3314763234375,0.7186629531250001,0.32869080781250004,0.777158775,0.3509749296875,0.8133704734375,0.4401114203125,0.8050139281250001,0.459610028125,0.7548746515625,0.459610028125,0.7186629531250001,0.44568245156249997,0.6935933140625,0.479108634375,0.6963788296875,0.5069637890625,0.6768802234375,0.5041782734375,0.6378830078125,0.48189415,0.63509749375
1865,383_jpg.rf.3af5bd593eab746c06f37a73f583d1c6.jpg,meningioma,0.292479109375,0.35933147656250003,0.259052925,0.3509749296875,0.1559888578125,0.3844011140625,0.1253481890625,0.42618384374999996,0.10584958281250001,0.5013927578125,0.139275765625,0.5348189421875,0.2144846796875,0.568245125,0.367688021875,0.5905292484375,0.37604456875,0.5571030640625,0.39554317499999997,0.5348189421875,0.39554317499999997,0.5013927578125,0.373259053125,0.43454039062499994,0.292479109375,0.35933147656250003,0,0
1866,594_jpg.rf.6f57e43ea1276acf2d06d0ba92a71760.jpg,meningioma,0.21727019531249997,0.39554317499999997,0.1810584953125,0.348189415625,0.10863509687499999,0.33983286874999996,0.0724233984375,0.35933147656250003,0.0445682453125,0.4484679671875,0.0389972140625,0.5125348187500001,0.052924790624999996,0.5877437328124999,0.1309192203125,0.6128133703125,0.1894150421875,0.57381615625,0.20334261874999998,0.5320334265625,0.22284122499999998,0.51810585,0.22284122499999998,0.49860724218749997,0.20612813437500002,0.48189415,0.21727019531249997,0.39554317499999997
1867,1708_jpg.rf.ca461ae6cd7f4e3b04b687b6a9b074bd.jpg,pituitary,0.6991643453124999,0.3565459609375,0.6740947078125,0.3537604453125,0.662952646875,0.36490250625,0.5933147625,0.367688021875,0.5598885796874999,0.40111420625000005,0.5598885796874999,0.4206128140625,0.6183844015625,0.44568245156249997,0.651810584375,0.4401114203125,0.6573816156250001,0.42618384374999996,0.6740947078125,0.4428969359375,0.6908078,0.4373259046875,0.7158774375,0.3899721453125,0.6991643453124999,0.3565459609375,0,0
1868,2125_jpg.rf.5b8b4c55a850379bbd1ffe33701351c7.jpg,glioma,0.740947075,0.4178272984375,0.7548746515625,0.42618384374999996,0.7632311984375,0.373259053125,0.749303621875,0.3454039,0.749303621875,0.3036211703125,0.8412256265625,0.31476323125,0.8384401109375,0.292479109375,0.8272980499999999,0.2701949859375,0.768802228125,0.21727019531249997,0.7158774375,0.194986071875,0.662952646875,0.1559888578125,0.6462395546875,0.1587743734375,0.6128133703125,0.139275765625,0.596100278125,0.16434540312499998
1869,763_jpg.rf.9f4c213af43cbe6147d7d61dc9051112.jpg,glioma,0.5292479109375,0.250696378125,0.540389971875,0.21169916406249997,0.5320334265625,0.16155988906250002,0.4568245125,0.1504178265625,0.4206128140625,0.1894150421875,0.42339832812499995,0.24791086406249999,0.45403899687499993,0.2674094703125,0.5292479109375,0.250696378125,0,0,0,0,0,0,0,0,0,0,0,0
1870,1056_jpg.rf.61d1eadd3cfdf1ec1c942475dc6792d0.jpg,pituitary,0.4178272984375,0.4707520890625,0.4206128140625,0.5069637890625,0.5264623953124999,0.5933147625,0.6768802234375,0.5849582171875001,0.7019498609375,0.5431754875,0.6963788296875,0.46518105781249997,0.6295264625,0.42339832812499995,0.5459610031250001,0.4178272984375,0.428969359375,0.45125348125000003,0.4178272984375,0.4707520890625,0,0,0,0,0,0,0,0
1871,1334_jpg.rf.56e9e5ae0efc66cd4e3a1259e2d568f1.jpg,pituitary,0.2952646234375,0.47353760468750006,0.28969359375,0.5320334265625,0.32033426249999997,0.5598885796874999,0.3704735375,0.571030640625,0.4178272984375,0.540389971875,0.42618384374999996,0.49860724218749997,0.40389972187499995,0.45403899687499993,0.35933147656250003,0.44568245156249997,0.317548746875,0.45403899687499993,0.2952646234375,0.47353760468750006,0,0,0,0,0,0,0,0
1872,2483_jpg.rf.655553afe1834807bdb0c3582180da28.jpg,glioma,0.42618384374999996,0.484679665625,0.459610028125,0.43454039062499994,0.45403899687499993,0.3844011140625,0.4150417828125,0.32033426249999997,0.3899721453125,0.3064066859375,0.3342618390625,0.3036211703125,0.317548746875,0.311977715625,0.2785515328125,0.3704735375,0.2841225625,0.3927576609375,0.317548746875,0.40668523749999996,0.31476323125,0.42339832812499995,0.286908078125,0.45125348125000003,0.2841225625,0.479108634375,0.3259052921875,0.509749303125
1873,96_jpg.rf.ee8ed0627e5267d043e12493bbcecfc7.jpg,meningioma,0.5933147625,0.688022284375,0.596100278125,0.7186629531250001,0.632311978125,0.738161559375,0.6963788296875,0.7047353765625,0.7186629531250001,0.6768802234375,0.7047353765625,0.6295264625,0.6713091921875,0.604456825,0.6490250703125,0.601671309375,0.6072423390624999,0.626740946875,0.5933147625,0.688022284375,0,0,0,0,0,0,0,0
1874,153_jpg.rf.796ef4fac95356a3c97f93d71562c7e2.jpg,meningioma,0.7186629531250001,0.21727019531249997,0.6462395546875,0.2952646234375,0.6406685234375,0.33983286874999996,0.651810584375,0.367688021875,0.6768802234375,0.3871866296875,0.738161559375,0.398328690625,0.7910863515625,0.367688021875,0.8161559890625,0.317548746875,0.799442896875,0.2646239546875,0.774373259375,0.25348189374999996,0.7576601671875001,0.22284122499999998,0.7186629531250001,0.21727019531249997,0,0,0,0
1875,656_jpg.rf.15339ae4293fdb161676366a957966f4.jpg,meningioma,0.25626740937500003,0.6545961,0.22284122499999998,0.713091921875,0.21727019531249997,0.7827298046875,0.23676880156250002,0.8189415046875,0.3621169921875,0.8105849578125,0.4150417828125,0.7715877437499999,0.4178272984375,0.738161559375,0.40111420625000005,0.6852367687500001,0.35933147656250003,0.6490250703125,0.32033426249999997,0.6406685234375,0.25626740937500003,0.6545961,0,0,0,0,0,0
1876,340_jpg.rf.ecd07560f3c06eac0de30a451c9f15a4.jpg,meningioma,0.20055710312500002,0.194986071875,0.2200557109375,0.2144846796875,0.2395543171875,0.2144846796875,0.25626740937500003,0.19777158749999998,0.24791086406249999,0.144846796875,0.20055710312500002,0.194986071875,0,0,0,0,0,0,0,0,0,0,0,0,0,0,0,0
1877,265_jpg.rf.cd27cf5e2e266aa34486bc4a16739be2.jpg,meningioma,0.54874651875,0.59888579375,0.540389971875,0.626740946875,0.5933147625,0.743732590625,0.6406685234375,0.7520891359374999,0.713091921875,0.71030640625,0.7548746515625,0.6406685234375,0.7632311984375,0.59888579375,0.7298050140625,0.5654596093750001,0.6908078,0.5515320328125,0.62395543125,0.54874651875,0.54874651875,0.59888579375,0,0,0,0,0,0
1878,1998_jpg.rf.3183a0a9053677dac8ddd9a2747c6fb2.jpg,glioma,0.292479109375,0.688022284375,0.3509749296875,0.688022284375,0.3788300828125,0.651810584375,0.3816155984375,0.6211699171875,0.3621169921875,0.5905292484375,0.32869080781250004,0.5849582171875001,0.2646239546875,0.6128133703125,0.23676880156250002,0.6573816156250001,0.292479109375,0.688022284375,0,0,0,0,0,0,0,0,0,0
1879,2249_jpg.rf.d6233fdbe4d30dee02bf4065f1980e1e.jpg,glioma,0,0.644273309375,0.0417827296875,0.6713091921875,0.0612813375,0.6713091921875,0.16434540312499998,0.6128133703125,0.16434540312499998,0.5933147625,0.14206128125,0.5654596093750001,0.09192200625,0.540389971875,0.0696378828125,0.540389971875,0,0.55110349375,0,0.644273309375,0,0,0,0,0,0,0,0
1880,1121_jpg.rf.cc20d0e08a32d1c662164811469e2cb2.jpg,pituitary,0.49582172656249995,0.571030640625,0.49860724218749997,0.5041782734375,0.49303621093750005,0.49303621093750005,0.4484679671875,0.49303621093750005,0.4401114203125,0.5041782734375,0.4401114203125,0.5654596093750001,0.46239554375,0.5933147625,0.49582172656249995,0.571030640625,0,0,0,0,0,0,0,0,0,0,0,0
1881,1412_jpg.rf.18e48e505098ded2b436b50489295b51.jpg,pituitary,0.3927576609375,0.53760445625,0.4373259046875,0.5571030640625,0.45403899687499993,0.5320334265625,0.46239554375,0.4707520890625,0.44568245156249997,0.4484679671875,0.40111420625000005,0.44568245156249997,0.3844011140625,0.4679665734375,0.3816155984375,0.520891365625,0.3927576609375,0.53760445625,0,0,0,0,0,0,0,0,0,0
1882,1545_jpg.rf.c1542720eb749c1150db3f2c76171880.jpg,pituitary,0.5459610031250001,0.39554317499999997,0.5264623953124999,0.3871866296875,0.49303621093750005,0.46239554375,0.490250696875,0.5013927578125,0.5125348187500001,0.571030640625,0.53760445625,0.5849582171875001,0.571030640625,0.571030640625,0.604456825,0.5264623953124999,0.6378830078125,0.5041782734375,0.6406685234375,0.4679665734375,0.6295264625,0.4568245125,0.576601671875,0.45403899687499993,0.5459610031250001,0.39554317499999997,0,0
1883,715_jpg.rf.12d44e2ba04a49d6503bd89cfebc20e8.jpg,glioma,0,0.5058495828125,0.033426184375,0.5236768796875,0.14206128125,0.540389971875,0.194986071875,0.5933147625,0.261838440625,0.6072423390624999,0.2952646234375,0.5905292484375,0.3537604453125,0.5292479109375,0.37604456875,0.40668523749999996,0.32033426249999997,0.37604456875,0.2701949859375,0.367688021875,0.22841225625,0.33983286874999996,0.19777158749999998,0.337047353125,0.16434540312499998,0.348189415625,0.13649024999999998,0.37604456875
1884,2272_jpg.rf.da09b2071f6f15e69833d684828bb52c.jpg,glioma,0.373259053125,0.53760445625,0.311977715625,0.515320334375,0.20334261874999998,0.5933147625,0.1810584953125,0.626740946875,0.22562674062500002,0.688022284375,0.2646239546875,0.6991643453124999,0.281337046875,0.7186629531250001,0.3342618390625,0.6991643453124999,0.3454039,0.6852367687500001,0.348189415625,0.6462395546875,0.40668523749999996,0.604456825,0.40668523749999996,0.5849582171875001,0.373259053125,0.53760445625,0,0
1885,525_jpg.rf.e16f77b44a6b379a144cebeca47330a8.jpg,meningioma,0.27298050156250003,0.3342618390625,0.2451253484375,0.2785515328125,0.20055710312500002,0.24791086406249999,0.1532033421875,0.2423398328125,0.0696378828125,0.2841225625,0.0417827296875,0.32033426249999997,0.033426184375,0.3509749296875,0.0362116984375,0.398328690625,0.055710306249999994,0.4401114203125,0.086350975,0.47353760468750006,0.11142061249999999,0.48189415,0.21169916406249997,0.4679665734375,0.250696378125,0.4373259046875,0.27298050156250003,0.3899721453125
1886,2182_jpg.rf.9c415a8e91ac26144a0cb1fd742257df.jpg,glioma,0.6713091921875,0.34261838437500003,0.6072423390624999,0.3927576609375,0.604456825,0.51810585,0.626740946875,0.5320334265625,0.6796657374999999,0.5292479109375,0.7325905296874999,0.5515320328125,0.7883008359375,0.5125348187500001,0.79665738125,0.48189415,0.8161559890625,0.46518105781249997,0.8161559890625,0.4428969359375,0.7242339828125,0.3509749296875,0.6713091921875,0.34261838437500003,0,0,0,0
1887,1262_jpg.rf.337de57dbba5b6320540de8a60dcbfc4.jpg,pituitary,0.5877437328124999,0.37604456875,0.6657381609375,0.367688021875,0.682451253125,0.34261838437500003,0.682451253125,0.32033426249999997,0.62395543125,0.2757660171875,0.571030640625,0.2646239546875,0.5571030640625,0.3064066859375,0.5626740953125,0.3621169921875,0.5877437328124999,0.37604456875,0,0,0,0,0,0,0,0,0,0
1888,1294_jpg.rf.620670c8936a143255e07f15b2f00b00.jpg,pituitary,0.36490250625,0.5013927578125,0.36490250625,0.5571030640625,0.3816155984375,0.6072423390624999,0.42618384374999996,0.6128133703125,0.4484679671875,0.596100278125,0.44568245156249997,0.48189415,0.4401114203125,0.4707520890625,0.40668523749999996,0.46518105781249997,0.3871866296875,0.4707520890625,0.36490250625,0.5013927578125,0,0,0,0,0,0,0,0
1889,2084_jpg.rf.1093ce40699257d9c66d715e6e5f8650.jpg,glioma,0,0.46880222812500005,0.025069637500000002,0.47632312031249996,0.0947075203125,0.47632312031249996,0.114206128125,0.46239554375,0.22841225625,0.4707520890625,0.2701949859375,0.479108634375,0.286908078125,0.49860724218749997,0.3231197765625,0.49860724218749997,0.3537604453125,0.48189415,0.39554317499999997,0.4401114203125,0.3816155984375,0.40668523749999996,0.348189415625,0.37604456875,0.3231197765625,0.3231197765625,0.2646239546875,0.281337046875
1890,2801_jpg.rf.116b6abf49687cdf06a6d4c0d606df7e.jpg,glioma,0.39554317499999997,0.916434540625,0.45403899687499993,0.9220055703125001,0.428969359375,0.8774373265625,0.42618384374999996,0.8412256265625,0.3844011140625,0.793871865625,0.37604456875,0.7632311984375,0.40111420625000005,0.7548746515625,0.42618384374999996,0.777158775,0.45403899687499993,0.777158775,0.48746518125,0.7325905296874999,0.484679665625,0.6796657374999999,0.45403899687499993,0.6768802234375,0.367688021875,0.6991643453124999,0.3259052921875,0.6768802234375
1891,1599_jpg.rf.b11af1f365d16a8a38d3f4d5d3a5f807.jpg,pituitary,0.6601671312499999,0.57381615625,0.6796657374999999,0.53760445625,0.6740947078125,0.4428969359375,0.6462395546875,0.42618384374999996,0.6183844015625,0.48746518125,0.6183844015625,0.53760445625,0.626740946875,0.5543175484375,0.6601671312499999,0.57381615625,0,0,0,0,0,0,0,0,0,0,0,0
1892,2541_jpg.rf.734515d1be7b9c3800faad9e352a2add.jpg,glioma,0.3036211703125,0.601671309375,0.3454039,0.601671309375,0.35933147656250003,0.5431754875,0.2952646234375,0.5236768796875,0.27298050156250003,0.5264623953124999,0.261838440625,0.540389971875,0.2701949859375,0.576601671875,0.3036211703125,0.601671309375,0,0,0,0,0,0,0,0,0,0,0,0
1893,1309_jpg.rf.19fd92da6a02c2b6179bffc8069c6ee4.jpg,pituitary,0.3788300828125,0.54874651875,0.4206128140625,0.5571030640625,0.45125348125000003,0.5320334265625,0.4568245125,0.48746518125,0.42618384374999996,0.4484679671875,0.3927576609375,0.4401114203125,0.34261838437500003,0.46518105781249997,0.3314763234375,0.5013927578125,0.3788300828125,0.54874651875,0,0,0,0,0,0,0,0,0,0
1894,2395_jpg.rf.f2228905af06149add6c8e9b2c2b7836.jpg,glioma,0.5571030640625,0.4428969359375,0.5905292484375,0.45125348125000003,0.596100278125,0.39554317499999997,0.651810584375,0.3537604453125,0.682451253125,0.292479109375,0.682451253125,0.2646239546875,0.6713091921875,0.250696378125,0.6295264625,0.2395543171875,0.5598885796874999,0.2701949859375,0.53760445625,0.2674094703125,0.51810585,0.2451253484375,0.49582172656249995,0.2451253484375,0.4707520890625,0.2674094703125,0.4679665734375,0.2952646234375
1895,2558_jpg.rf.fa7e2d886c64bddc5acfbf323c3c5c62.jpg,glioma,0.373259053125,0.5543175484375,0.373259053125,0.62395543125,0.4122562671875,0.6573816156250001,0.4401114203125,0.6573816156250001,0.46518105781249997,0.6434540390625,0.5431754875,0.5626740953125,0.5292479109375,0.5013927578125,0.47353760468750006,0.490250696875,0.40668523749999996,0.5125348187500001,0.373259053125,0.5543175484375,0,0,0,0,0,0,0,0
1896,1201_jpg.rf.59f8f935cba1231992855cf5ecb76c81.jpg,pituitary,0.5125348187500001,0.479108634375,0.54874651875,0.47632312031249996,0.5626740953125,0.43454039062499994,0.5571030640625,0.4094707515625,0.540389971875,0.39554317499999997,0.49860724218749997,0.3927576609375,0.45125348125000003,0.4178272984375,0.45403899687499993,0.45403899687499993,0.5125348187500001,0.479108634375,0,0,0,0,0,0,0,0,0,0
1897,1261_jpg.rf.101aab8af60876fd7fdb1aed1484521d.jpg,pituitary,0.59888579375,0.3788300828125,0.6406685234375,0.37604456875,0.6545961,0.3509749296875,0.6545961,0.2952646234375,0.6462395546875,0.281337046875,0.5905292484375,0.261838440625,0.5654596093750001,0.3008356546875,0.5626740953125,0.35933147656250003,0.59888579375,0.3788300828125,0,0,0,0,0,0,0,0,0,0
1898,1622_jpg.rf.1054efc70cbc46c3854ed58e8f6e0484.jpg,pituitary,0.46518105781249997,0.484679665625,0.47353760468750006,0.568245125,0.5125348187500001,0.596100278125,0.5571030640625,0.5933147625,0.596100278125,0.5598885796874999,0.596100278125,0.47632312031249996,0.54874651875,0.43454039062499994,0.5069637890625,0.42339832812499995,0.48189415,0.4401114203125,0.46518105781249997,0.484679665625,0,0,0,0,0,0,0,0
1899,2701_jpg.rf.62cab1db23512d8f517053ca5db3b273.jpg,glioma,0.4707520890625,0.3537604453125,0.459610028125,0.2395543171875,0.42339832812499995,0.2144846796875,0.3844011140625,0.2089136484375,0.3036211703125,0.22841225625,0.27298050156250003,0.250696378125,0.25626740937500003,0.286908078125,0.250696378125,0.3565459609375,0.2701949859375,0.3927576609375,0.292479109375,0.40668523749999996,0.3704735375,0.40668523749999996,0.40111420625000005,0.428969359375,0.4178272984375,0.428969359375,0.44568245156249997,0.40389972187499995
1900,788_jpg.rf.4450b4eda2e5d4101b9da87484abf3f3.jpg,glioma,0.6908078,0.74651810625,0.7047353765625,0.7047353765625,0.71030640625,0.62395543125,0.6852367687500001,0.5849582171875001,0.6852367687500001,0.49582172656249995,0.6657381609375,0.479108634375,0.5905292484375,0.479108634375,0.5125348187500001,0.5236768796875,0.428969359375,0.520891365625,0.3621169921875,0.5849582171875001,0.348189415625,0.6128133703125,0.317548746875,0.6211699171875,0.3259052921875,0.7827298046875,0.3565459609375,0.8272980499999999
1901,1130_jpg.rf.e38db23b1c4d880075d9ee9421cb03ee.jpg,pituitary,0.490250696875,0.3927576609375,0.47353760468750006,0.43175487500000004,0.39554317499999997,0.49303621093750005,0.3899721453125,0.540389971875,0.39554317499999997,0.5626740953125,0.4178272984375,0.5821727015625,0.4707520890625,0.5849582171875001,0.5069637890625,0.6072423390624999,0.5571030640625,0.57381615625,0.57381615625,0.5041782734375,0.520891365625,0.40668523749999996,0.490250696875,0.3927576609375,0,0,0,0
1902,464_jpg.rf.56a86454b5228df5f804689850e9ab97.jpg,meningioma,0.4094707515625,0.35933147656250003,0.43454039062499994,0.3927576609375,0.48746518125,0.398328690625,0.5013927578125,0.3816155984375,0.48746518125,0.3342618390625,0.49303621093750005,0.2952646234375,0.484679665625,0.2757660171875,0.46518105781249997,0.2701949859375,0.42618384374999996,0.3036211703125,0.4094707515625,0.35933147656250003,0,0,0,0,0,0,0,0
1903,348_jpg.rf.d88bacfec4bac18e55a22be62a1206d2.jpg,meningioma,0.626740946875,0.37604456875,0.6128133703125,0.4150417828125,0.7186629531250001,0.46518105781249997,0.79665738125,0.46518105781249997,0.8050139281250001,0.43175487500000004,0.7548746515625,0.3899721453125,0.738161559375,0.35933147656250003,0.7325905296874999,0.317548746875,0.7520891359374999,0.28969359375,0.738161559375,0.286908078125,0.626740946875,0.37604456875,0,0,0,0,0,0
1904,1401_jpg.rf.1ebd28e87497b4376b6b61f564e1980c.jpg,pituitary,0.3927576609375,0.571030640625,0.43454039062499994,0.576601671875,0.46518105781249997,0.540389971875,0.46518105781249997,0.4707520890625,0.428969359375,0.43175487500000004,0.3899721453125,0.42618384374999996,0.35933147656250003,0.4484679671875,0.35933147656250003,0.5320334265625,0.3927576609375,0.571030640625,0,0,0,0,0,0,0,0,0,0
1905,2983_jpg.rf.41499e115c3f7d81eb41aea9bdfa864f.jpg,glioma,0.3314763234375,0.601671309375,0.281337046875,0.5543175484375,0.292479109375,0.484679665625,0.3565459609375,0.4484679671875,0.3927576609375,0.40389972187499995,0.36490250625,0.373259053125,0.3927576609375,0.3314763234375,0.3899721453125,0.3091922,0.3036211703125,0.2980501390625,0.2451253484375,0.3509749296875,0.2339832875,0.3927576609375,0.20612813437500002,0.4373259046875,0.19777158749999998,0.5013927578125,0.1838440109375,0.5236768796875
1906,200_jpg.rf.887231354eb6ddde3b7a003f92e4c5b1.jpg,meningioma,0.28969359375,0.5905292484375,0.3008356546875,0.6183844015625,0.3259052921875,0.6378830078125,0.36490250625,0.6462395546875,0.42339832812499995,0.5877437328124999,0.42618384374999996,0.5236768796875,0.40668523749999996,0.5069637890625,0.34261838437500003,0.5041782734375,0.2952646234375,0.5292479109375,0.28969359375,0.5905292484375,0,0,0,0,0,0,0,0
1907,241_jpg.rf.5ab0c67ad23800366da79e9369df3058.jpg,meningioma,0.231197771875,0.40668523749999996,0.2646239546875,0.3704735375,0.25626740937500003,0.348189415625,0.19777158749999998,0.3008356546875,0.1559888578125,0.367688021875,0.1559888578125,0.40668523749999996,0.16713091875,0.4150417828125,0.231197771875,0.40668523749999996,0,0,0,0,0,0,0,0,0,0,0,0
1908,2218_jpg.rf.93212498921898226a500f743b942d59.jpg,glioma,0.6657381609375,0.2757660171875,0.5877437328124999,0.292479109375,0.5821727015625,0.36490250625,0.59888579375,0.3788300828125,0.59888579375,0.40111420625000005,0.6037790968750001,0.44945657656250004,0.6211699171875,0.4679665734375,0.7214484671875,0.3704735375,0.7660167125,0.3509749296875,0.749303621875,0.3064066859375,0.7214484671875,0.281337046875,0.6657381609375,0.2757660171875,0,0,0,0
1909,1135_jpg.rf.39482baa0fe7e96a3e834164d9957385.jpg,pituitary,0.42618384374999996,0.568245125,0.5069637890625,0.576601671875,0.5348189421875,0.5431754875,0.53760445625,0.490250696875,0.515320334375,0.44568245156249997,0.4707520890625,0.43454039062499994,0.4122562671875,0.484679665625,0.40668523749999996,0.540389971875,0.42618384374999996,0.568245125,0,0,0,0,0,0,0,0,0,0
1910,2370_jpg.rf.8ad794743a0dc59e9cf50848fe3132fd.jpg,glioma,0.5571030640625,0.5849582171875001,0.5849582171875001,0.601671309375,0.5821727015625,0.6601671312499999,0.6462395546875,0.688022284375,0.8440111421875001,0.7019498609375,0.8746518109375,0.6908078,0.935933146875,0.6434540390625,0.9526462390624999,0.6155988859375,0.9610027859375,0.5598885796874999,0.9331476328124999,0.520891365625,0.8133704734375,0.5041782734375,0.63509749375,0.4568245125,0.6406685234375,0.428969359375,0.6740947078125,0.4094707515625
1911,2208_jpg.rf.3a977b978d4e860d90000a7e6a53ea8a.jpg,glioma,0.520891365625,0.6963788296875,0.5933147625,0.682451253125,0.6211699171875,0.6573816156250001,0.632311978125,0.63509749375,0.632311978125,0.57381615625,0.6685236765625,0.520891365625,0.6657381609375,0.484679665625,0.626740946875,0.4428969359375,0.6183844015625,0.4150417828125,0.568245125,0.40389972187499995,0.5264623953124999,0.4150417828125,0.49303621093750005,0.4428969359375,0.47632312031249996,0.515320334375,0.3788300828125,0.6072423390624999
1912,449_jpg.rf.49976363da4d8c850a8c5b9eaba2326a.jpg,meningioma,0.51810585,0.3621169921875,0.5041782734375,0.3788300828125,0.479108634375,0.36490250625,0.47353760468750006,0.3231197765625,0.42618384374999996,0.398328690625,0.428969359375,0.4150417828125,0.459610028125,0.4401114203125,0.4707520890625,0.47353760468750006,0.48189415,0.484679665625,0.6100278546875,0.47632312031249996,0.604456825,0.44568245156249997,0.576601671875,0.42339832812499995,0.54874651875,0.4178272984375,0.5292479109375,0.398328690625
1913,353_jpg.rf.1f00cf0f324421bdd29005d139908df9.jpg,meningioma,0.367688021875,0.6991643453124999,0.3816155984375,0.7715877437499999,0.40668523749999996,0.7576601671875001,0.45125348125000003,0.6768802234375,0.459610028125,0.59888579375,0.43175487500000004,0.5933147625,0.3899721453125,0.6155988859375,0.3704735375,0.6545961,0.367688021875,0.6991643453124999,0,0,0,0,0,0,0,0,0,0
1914,1053_jpg.rf.b7089df6760ef5162f874f0824d28a44.jpg,pituitary,0.5933147625,0.373259053125,0.576601671875,0.3871866296875,0.5654596093750001,0.4206128140625,0.601671309375,0.4484679671875,0.6545961,0.4568245125,0.651810584375,0.57381615625,0.688022284375,0.5877437328124999,0.7520891359374999,0.5821727015625,0.7910863515625,0.520891365625,0.7715877437499999,0.45403899687499993,0.63509749375,0.3788300828125,0.5933147625,0.373259053125,0,0,0,0
1915,1800_jpg.rf.5911b5b7bc94fa11c380c545f72f1a54.jpg,pituitary,0.571030640625,0.4428969359375,0.6295264625,0.4707520890625,0.6155988859375,0.43454039062499994,0.6128133703125,0.3537604453125,0.59888579375,0.337047353125,0.5793871859374999,0.3342618390625,0.5515320328125,0.3621169921875,0.5515320328125,0.4094707515625,0.571030640625,0.4428969359375,0,0,0,0,0,0,0,0,0,0
1916,1388_jpg.rf.b1b900e7900715305a230a685f83a9fe.jpg,pituitary,0.20612813437500002,0.4679665734375,0.1922005578125,0.5292479109375,0.2144846796875,0.5598885796874999,0.25348189374999996,0.54874651875,0.2757660171875,0.5292479109375,0.3314763234375,0.540389971875,0.3565459609375,0.5236768796875,0.3509749296875,0.459610028125,0.3231197765625,0.4428969359375,0.2674094703125,0.4401114203125,0.20612813437500002,0.4679665734375,0,0,0,0,0,0
1917,791_jpg.rf.5e4784d0cde5c4e4a8c917bceeca450e.jpg,glioma,0.5905292484375,0.707520890625,0.571030640625,0.6713091921875,0.571030640625,0.6490250703125,0.596100278125,0.604456825,0.63509749375,0.5905292484375,0.651810584375,0.5459610031250001,0.6406685234375,0.5292479109375,0.596100278125,0.5069637890625,0.53760445625,0.49303621093750005,0.4484679671875,0.5543175484375,0.4178272984375,0.5877437328124999,0.3899721453125,0.6601671312499999,0.3899721453125,0.688022284375,0.4206128140625,0.740947075
1918,848_jpg.rf.5c0129d1ebed755b7600c7e237bb883b.jpg,glioma,0.490250696875,0.6768802234375,0.509749303125,0.604456825,0.5069637890625,0.5571030640625,0.5013927578125,0.53760445625,0.47632312031249996,0.5320334265625,0.45403899687499993,0.5069637890625,0.3565459609375,0.5515320328125,0.3454039,0.604456825,0.3231197765625,0.6295264625,0.317548746875,0.662952646875,0.2757660171875,0.7047353765625,0.281337046875,0.738161559375,0.3036211703125,0.743732590625,0.367688021875,0.7325905296874999
1919,1938_jpg.rf.271b4fc16d5d98b8dd52dc94547ea219.jpg,glioma,0.46518105781249997,0.8774373265625,0.568245125,0.8718662953124999,0.576601671875,0.7855153203125,0.5543175484375,0.7576601671875001,0.5459610031250001,0.7158774375,0.490250696875,0.6796657374999999,0.4568245125,0.6183844015625,0.4122562671875,0.6211699171875,0.367688021875,0.6072423390624999,0.281337046875,0.6462395546875,0.259052925,0.6908078,0.1894150421875,0.6963788296875,0.0947075203125,0.7270194984375,0.0724233984375,0.7604456828124999
1920,32_jpg.rf.3e8aaf811fe995f0d427f5e8f10e6909.jpg,meningioma,0.5431754875,0.39554317499999997,0.5264623953124999,0.398328690625,0.51810585,0.36490250625,0.48189415,0.3621169921875,0.337047353125,0.3816155984375,0.317548746875,0.398328690625,0.3788300828125,0.45125348125000003,0.42339832812499995,0.4568245125,0.428969359375,0.4428969359375,0.44568245156249997,0.4428969359375,0.45403899687499993,0.47632312031249996,0.47632312031249996,0.49860724218749997,0.5320334265625,0.4679665734375,0.5571030640625,0.42339832812499995
1921,2895_jpg.rf.55c95bac94e6d8acc9aa5558eba6eaff.jpg,glioma,0.4428969359375,0.571030640625,0.49582172656249995,0.5905292484375,0.515320334375,0.5654596093750001,0.509749303125,0.5236768796875,0.4679665734375,0.47353760468750006,0.43175487500000004,0.46239554375,0.398328690625,0.49860724218749997,0.40389972187499995,0.515320334375,0.4428969359375,0.571030640625,0,0,0,0,0,0,0,0,0,0
1922,513_jpg.rf.976106bcf801a8ddfd1be2df93162665.jpg,meningioma,0.4178272984375,0.662952646875,0.4206128140625,0.49860724218749997,0.40668523749999996,0.47353760468750006,0.3621169921875,0.46518105781249997,0.2841225625,0.520891365625,0.25626740937500003,0.509749303125,0.20612813437500002,0.51810585,0.1838440109375,0.5515320328125,0.1922005578125,0.596100278125,0.2451253484375,0.6378830078125,0.2646239546875,0.6740947078125,0.317548746875,0.6852367687500001,0.33983286874999996,0.7047353765625,0.3788300828125,0.6963788296875
1923,2975_jpg.rf.da5e14fa246192b549ddc8499dfdb9fe.jpg,glioma,0.568245125,0.7158774375,0.596100278125,0.7214484671875,0.62395543125,0.688022284375,0.6211699171875,0.6434540390625,0.59888579375,0.6183844015625,0.5598885796874999,0.6155988859375,0.5459610031250001,0.6378830078125,0.5515320328125,0.6935933140625,0.568245125,0.7158774375,0,0,0,0,0,0,0,0,0,0
1924,2859_jpg.rf.d4362a11ff0a4d6d50f47bf734b50630.jpg,glioma,0,0.44210107499999995,0.022284121875,0.459610028125,0.0668523671875,0.459610028125,0.1253481890625,0.4428969359375,0.17270195,0.40111420625000005,0.1866295265625,0.3537604453125,0.175487465625,0.3091922,0.13649024999999998,0.2701949859375,0.0612813375,0.261838440625,0.0083565453125,0.2980501390625,0,0.31476323125,0,0.44210107499999995,0,0,0,0
1925,1713_jpg.rf.509be151824f09209842d601b9972466.jpg,pituitary,0.6796657374999999,0.348189415625,0.662952646875,0.3231197765625,0.6295264625,0.3036211703125,0.59888579375,0.3231197765625,0.5654596093750001,0.31476323125,0.5069637890625,0.3537604453125,0.48746518125,0.37604456875,0.49860724218749997,0.4094707515625,0.53760445625,0.4206128140625,0.5877437328124999,0.40389972187499995,0.626740946875,0.4122562671875,0.6713091921875,0.40668523749999996,0.6852367687500001,0.3871866296875,0.6796657374999999,0.348189415625
1926,2202_jpg.rf.9ff03bf9ae4ad984c4147f5a88e6b057.jpg,glioma,0.571030640625,0.540389971875,0.509749303125,0.490250696875,0.4568245125,0.4122562671875,0.4401114203125,0.40668523749999996,0.373259053125,0.4150417828125,0.3064066859375,0.46518105781249997,0.3008356546875,0.5125348187500001,0.32033426249999997,0.5571030640625,0.348189415625,0.5905292484375,0.490250696875,0.6545961,0.576601671875,0.6685236765625,0.6128133703125,0.6573816156250001,0.6183844015625,0.6128133703125,0.6100278546875,0.5905292484375
1927,970_jpg.rf.7170eb177c080cecc7750fda38d030a0.jpg,pituitary,0.46239554375,0.4373259046875,0.46239554375,0.4206128140625,0.44568245156249997,0.40111420625000005,0.40389972187499995,0.3899721453125,0.37604456875,0.40668523749999996,0.373259053125,0.4373259046875,0.3314763234375,0.4428969359375,0.337047353125,0.49582172656249995,0.3537604453125,0.5013927578125,0.3788300828125,0.540389971875,0.42618384374999996,0.5348189421875,0.4401114203125,0.509749303125,0.428969359375,0.459610028125,0.4484679671875,0.4373259046875
1928,1566_jpg.rf.9700c7ba4a44d5e62d19a4245f859c36.jpg,pituitary,0.5125348187500001,0.5041782734375,0.5264623953124999,0.48189415,0.5236768796875,0.4401114203125,0.4679665734375,0.42618384374999996,0.42339832812499995,0.45125348125000003,0.42339832812499995,0.479108634375,0.45125348125000003,0.5013927578125,0.5125348187500001,0.5041782734375,0,0,0,0,0,0,0,0,0,0,0,0
1929,2293_jpg.rf.2d8e2b4db169c8d394ad0bc457281b68.jpg,glioma,0.568245125,0.7186629531250001,0.5933147625,0.6295264625,0.5877437328124999,0.604456825,0.5459610031250001,0.5793871859374999,0.45403899687499993,0.571030640625,0.42618384374999996,0.5905292484375,0.42618384374999996,0.63509749375,0.4568245125,0.682451253125,0.45125348125000003,0.6963788296875,0.398328690625,0.6991643453124999,0.337047353125,0.6685236765625,0.311977715625,0.6713091921875,0.311977715625,0.688022284375,0.37604456875,0.7353760453125
1930,2250_jpg.rf.a43647a74c89beec7b6d5ff35dc0ca17.jpg,glioma,0.3788300828125,0.509749303125,0.36490250625,0.48746518125,0.2089136484375,0.49582172656249995,0.1504178265625,0.48189415,0.1309192203125,0.515320334375,0.1587743734375,0.6211699171875,0.194986071875,0.7047353765625,0.20612813437500002,0.7019498609375,0.2089136484375,0.6295264625,0.2757660171875,0.6155988859375,0.286908078125,0.604456825,0.250696378125,0.5543175484375,0.286908078125,0.5543175484375,0.3537604453125,0.5320334265625
1931,1227_jpg.rf.45af2a6f34e3019fbfa279276988b378.jpg,pituitary,0.5264623953124999,0.4679665734375,0.53760445625,0.484679665625,0.5793871859374999,0.5013927578125,0.576601671875,0.4401114203125,0.5877437328124999,0.42339832812499995,0.5877437328124999,0.3899721453125,0.57381615625,0.373259053125,0.5431754875,0.3704735375,0.5236768796875,0.3788300828125,0.5264623953124999,0.4679665734375,0,0,0,0,0,0,0,0
1932,902_jpg.rf.78ceae441037f0bec53b37532ad4b53b.jpg,glioma,0.0724233984375,0.7186629531250001,0.086350975,0.7270194984375,0.20334261874999998,0.7576601671875001,0.2674094703125,0.7242339828125,0.3091922,0.6657381609375,0.317548746875,0.5821727015625,0.337047353125,0.51810585,0.348189415625,0.509749303125,0.3509749296875,0.459610028125,0.311977715625,0.4707520890625,0.2952646234375,0.43175487500000004,0.261838440625,0.39554317499999997,0.22841225625,0.4122562671875,0.20334261874999998,0.3899721453125
1933,651_jpg.rf.9f590535b6a1ea19555cd54d42017c7b.jpg,meningioma,0.479108634375,0.2980501390625,0.45125348125000003,0.2674094703125,0.398328690625,0.25348189374999996,0.36490250625,0.21169916406249997,0.3259052921875,0.194986071875,0.2451253484375,0.24791086406249999,0.2089136484375,0.2952646234375,0.1894150421875,0.4178272984375,0.20334261874999998,0.4484679671875,0.2646239546875,0.5125348187500001,0.317548746875,0.5348189421875,0.3537604453125,0.5348189421875,0.42618384374999996,0.49582172656249995,0.4568245125,0.46239554375
1934,1357_jpg.rf.88cbc2af11620369f02f8de990074238.jpg,pituitary,0.5013927578125,0.5515320328125,0.5013927578125,0.44568245156249997,0.49303621093750005,0.42618384374999996,0.46518105781249997,0.4094707515625,0.4178272984375,0.40389972187499995,0.36490250625,0.42618384374999996,0.2980501390625,0.4373259046875,0.2395543171875,0.46239554375,0.22841225625,0.479108634375,0.22562674062500002,0.5292479109375,0.250696378125,0.5459610031250001,0.25348189374999996,0.601671309375,0.3509749296875,0.6573816156250001,0.40668523749999996,0.6573816156250001
1935,1116_jpg.rf.cc435d70bd024f7d33bc505a7fc622be.jpg,pituitary,0.5849582171875001,0.5654596093750001,0.596100278125,0.576601671875,0.63509749375,0.57381615625,0.6490250703125,0.5571030640625,0.6545961,0.4484679671875,0.5877437328124999,0.4428969359375,0.571030640625,0.46239554375,0.5877437328124999,0.51810585,0.5849582171875001,0.5654596093750001,0,0,0,0,0,0,0,0,0,0
1936,264_jpg.rf.88988dac829642671db605eb542b783f.jpg,meningioma,0.651810584375,0.5348189421875,0.5849582171875001,0.5598885796874999,0.540389971875,0.6128133703125,0.5431754875,0.6462395546875,0.6100278546875,0.74651810625,0.62395543125,0.74651810625,0.6462395546875,0.7214484671875,0.6713091921875,0.7298050140625,0.6768802234375,0.707520890625,0.7325905296874999,0.6462395546875,0.7186629531250001,0.5626740953125,0.651810584375,0.5348189421875,0,0,0,0
1937,2244_jpg.rf.4570c5625576b356d8b9d032bc6af139.jpg,glioma,0.596100278125,0.57381615625,0.6155988859375,0.57381615625,0.63509749375,0.5626740953125,0.6406685234375,0.540389971875,0.62395543125,0.49303621093750005,0.596100278125,0.47632312031249996,0.5571030640625,0.5236768796875,0.5543175484375,0.5459610031250001,0.596100278125,0.57381615625,0,0,0,0,0,0,0,0,0,0
1938,2702_jpg.rf.a98ef50fe9c03224c50e87bacae8cd36.jpg,glioma,0.515320334375,0.8495821734375,0.51810585,0.7827298046875,0.509749303125,0.7715877437499999,0.484679665625,0.7715877437499999,0.46518105781249997,0.79665738125,0.46239554375,0.8412256265625,0.48189415,0.8523676874999999,0.515320334375,0.8495821734375,0,0,0,0,0,0,0,0,0,0,0,0
1939,802_jpg.rf.c113fbbcf5104eae0797fd9114893983.jpg,glioma,0.2674094703125,0.682451253125,0.2701949859375,0.7632311984375,0.23676880156250002,0.8050139281250001,0.20612813437500002,0.8077994421874999,0.21727019531249997,0.830083565625,0.2701949859375,0.85793871875,0.3036211703125,0.860724234375,0.337047353125,0.8328690812499999,0.3844011140625,0.6657381609375,0.4178272984375,0.6100278546875,0.4401114203125,0.6100278546875,0.4568245125,0.6295264625,0.490250696875,0.632311978125,0.5543175484375,0.7019498609375
1940,1142_jpg.rf.6e7d744a6a5ffa6bc32cd9113ffad6de.jpg,pituitary,0.4428969359375,0.49582172656249995,0.47353760468750006,0.5459610031250001,0.5236768796875,0.540389971875,0.5543175484375,0.484679665625,0.5571030640625,0.45125348125000003,0.5320334265625,0.4206128140625,0.5013927578125,0.43175487500000004,0.459610028125,0.428969359375,0.4428969359375,0.49582172656249995,0,0,0,0,0,0,0,0,0,0
1941,2124_jpg.rf.83e7bd4e0c3ea0402214fd62f6c2d734.jpg,glioma,0.743732590625,0.44568245156249997,0.7604456828124999,0.4150417828125,0.7520891359374999,0.33983286874999996,0.830083565625,0.37604456875,0.860724234375,0.3788300828125,0.8941504171875,0.36490250625,0.8885793874999999,0.32033426249999997,0.79665738125,0.22284122499999998,0.738161559375,0.1810584953125,0.5905292484375,0.1253481890625,0.57381615625,0.14206128125,0.5626740953125,0.17827298125,0.6155988859375,0.21727019531249997,0.6155988859375,0.32033426249999997
1942,1407_jpg.rf.bceec2b7113a455c35101da297912562.jpg,pituitary,0.36490250625,0.4206128140625,0.3704735375,0.4568245125,0.4568245125,0.490250696875,0.47353760468750006,0.40668523749999996,0.3844011140625,0.39554317499999997,0.36490250625,0.4206128140625,0,0,0,0,0,0,0,0,0,0,0,0,0,0,0,0
1943,2206_jpg.rf.7fd82e8b79db33d267e927c4f4757634.jpg,glioma,0.484679665625,0.6601671312499999,0.48746518125,0.6434540390625,0.4484679671875,0.604456825,0.40668523749999996,0.596100278125,0.3844011140625,0.632311978125,0.3871866296875,0.6657381609375,0.40111420625000005,0.682451253125,0.484679665625,0.6601671312499999,0,0,0,0,0,0,0,0,0,0,0,0
1944,553_jpg.rf.7c84b0804d81d4e6863b996d383be4be.jpg,meningioma,0.740947075,0.46239554375,0.682451253125,0.4679665734375,0.6462395546875,0.43175487500000004,0.62395543125,0.428969359375,0.6072423390624999,0.40389972187499995,0.568245125,0.39554317499999997,0.5515320328125,0.4401114203125,0.5654596093750001,0.47632312031249996,0.5598885796874999,0.54874651875,0.571030640625,0.5654596093750001,0.6128133703125,0.5821727015625,0.651810584375,0.576601671875,0.749303621875,0.5877437328124999,0.7883008359375,0.5543175484375
1945,2265_jpg.rf.5cf0afae0bef5d73e69ce56392b0964a.jpg,glioma,0.5598885796874999,0.2674094703125,0.6128133703125,0.2395543171875,0.5933147625,0.20612813437500002,0.5543175484375,0.1838440109375,0.4122562671875,0.1810584953125,0.3704735375,0.2089136484375,0.2952646234375,0.2144846796875,0.261838440625,0.2701949859375,0.2674094703125,0.367688021875,0.2980501390625,0.40111420625000005,0.3454039,0.42618384374999996,0.43175487500000004,0.4150417828125,0.5264623953124999,0.367688021875,0.5515320328125,0.33983286874999996
1946,2149_jpg.rf.38d34e7e17c3dde1b4a4e8999628ea5f.jpg,glioma,0.5598885796874999,0.6072423390624999,0.6183844015625,0.6128133703125,0.6378830078125,0.5821727015625,0.6406685234375,0.5459610031250001,0.62395543125,0.5236768796875,0.5905292484375,0.51810585,0.5431754875,0.54874651875,0.540389971875,0.5849582171875001,0.5598885796874999,0.6072423390624999,0,0,0,0,0,0,0,0,0,0
1947,2135_jpg.rf.931bc65cc9ed13093490e83045917842.jpg,glioma,0.1532033421875,0.46239554375,0.21727019531249997,0.4401114203125,0.3008356546875,0.43175487500000004,0.3091922,0.45403899687499993,0.39554317499999997,0.46518105781249997,0.43454039062499994,0.4401114203125,0.4122562671875,0.4094707515625,0.373259053125,0.3844011140625,0.373259053125,0.36490250625,0.39554317499999997,0.3259052921875,0.44568245156249997,0.3064066859375,0.4484679671875,0.286908078125,0.42339832812499995,0.20612813437500002,0.36490250625,0.19777158749999998
1948,1678_jpg.rf.a97d94de1f6a409a703e963af8c53794.jpg,pituitary,0.4679665734375,0.373259053125,0.367688021875,0.4373259046875,0.3621169921875,0.47353760468750006,0.37604456875,0.49582172656249995,0.42339832812499995,0.509749303125,0.46518105781249997,0.4679665734375,0.5125348187500001,0.47632312031249996,0.520891365625,0.4679665734375,0.53760445625,0.42618384374999996,0.5348189421875,0.40111420625000005,0.5041782734375,0.3788300828125,0.4679665734375,0.373259053125,0,0,0,0
1949,395_jpg.rf.1c4dca27358836290462bd51d8993694.jpg,meningioma,0.6852367687500001,0.3844011140625,0.6545961,0.34261838437500003,0.6183844015625,0.3259052921875,0.5877437328124999,0.3259052921875,0.5348189421875,0.36490250625,0.5236768796875,0.3871866296875,0.5236768796875,0.4428969359375,0.5292479109375,0.46239554375,0.5571030640625,0.48189415,0.5654596093750001,0.53760445625,0.6128133703125,0.57381615625,0.6434540390625,0.5348189421875,0.6462395546875,0.4484679671875,0.682451253125,0.40389972187499995
1950,3058_jpg.rf.2ffa1d6c7a651dcdf36c790af9f3a513.jpg,glioma,0.11699164375,0.6601671312499999,0.1337047359375,0.6963788296875,0.13649024999999998,0.7186629531250001,0.0974930359375,0.7353760453125,0.2423398328125,0.774373259375,0.2451253484375,0.7242339828125,0.32869080781250004,0.7047353765625,0.35933147656250003,0.71030640625,0.428969359375,0.515320334375,0.42618384374999996,0.4679665734375,0.398328690625,0.45403899687499993,0.36490250625,0.47632312031249996,0.3064066859375,0.568245125,0.259052925,0.604456825
1951,1158_jpg.rf.5a7f02ce025af53fcb5dd219b24499ce.jpg,pituitary,0.6852367687500001,0.576601671875,0.6657381609375,0.540389971875,0.6713091921875,0.5125348187500001,0.7019498609375,0.49860724218749997,0.7019498609375,0.48746518125,0.6713091921875,0.46518105781249997,0.682451253125,0.4094707515625,0.6545961,0.40389972187499995,0.6406685234375,0.4150417828125,0.6072423390624999,0.4150417828125,0.5905292484375,0.3899721453125,0.5598885796874999,0.3844011140625,0.5320334265625,0.40111420625000005,0.49582172656249995,0.4707520890625
1952,1208_jpg.rf.0e94fd30005f4816b9114b1cd6d91136.jpg,pituitary,0.490250696875,0.3454039,0.5069637890625,0.3788300828125,0.5515320328125,0.37604456875,0.5905292484375,0.2980501390625,0.5793871859374999,0.2701949859375,0.53760445625,0.261838440625,0.5069637890625,0.2757660171875,0.490250696875,0.3091922,0.490250696875,0.3454039,0,0,0,0,0,0,0,0,0,0
1953,1774_jpg.rf.8c1fa3c7b84b517efcdc775e9e90a7ed.jpg,pituitary,0.6183844015625,0.337047353125,0.596100278125,0.35933147656250003,0.5849582171875001,0.3788300828125,0.5877437328124999,0.4206128140625,0.6462395546875,0.484679665625,0.7214484671875,0.49303621093750005,0.7632311984375,0.4122562671875,0.7604456828124999,0.35933147656250003,0.7270194984375,0.32869080781250004,0.662952646875,0.3259052921875,0.6183844015625,0.337047353125,0,0,0,0,0,0
1954,109_jpg.rf.d0b54f4222e343c655bd640f540c6c14.jpg,meningioma,0.8189415046875,0.2646239546875,0.7715877437499999,0.20334261874999998,0.6991643453124999,0.16713091875,0.5905292484375,0.1559888578125,0.5598885796874999,0.14206128125,0.53760445625,0.1559888578125,0.5125348187500001,0.2339832875,0.5626740953125,0.3259052921875,0.596100278125,0.3342618390625,0.6155988859375,0.3231197765625,0.632311978125,0.348189415625,0.6657381609375,0.3621169921875,0.71030640625,0.3342618390625,0.7827298046875,0.32869080781250004
1955,2283_jpg.rf.1a89028f18850e03566fddd43daec44f.jpg,glioma,0.54874651875,0.7910863515625,0.5849582171875001,0.749303621875,0.571030640625,0.682451253125,0.5571030640625,0.6713091921875,0.520891365625,0.6991643453124999,0.4401114203125,0.6991643453124999,0.4094707515625,0.71030640625,0.398328690625,0.740947075,0.36490250625,0.7660167125,0.3509749296875,0.793871865625,0.33983286874999996,0.8830083562500001,0.3871866296875,0.8997214484375,0.4401114203125,0.8885793874999999,0.48746518125,0.8272980499999999
1956,2550_jpg.rf.824d4a0b14bb5f461eebe658825b9110.jpg,glioma,0.2841225625,0.49303621093750005,0.2757660171875,0.47632312031249996,0.20055710312500002,0.49860724218749997,0.089136490625,0.509749303125,0.0696378828125,0.5348189421875,0.0696378828125,0.5571030640625,0.10584958281250001,0.63509749375,0.1225626734375,0.6462395546875,0.139275765625,0.6406685234375,0.175487465625,0.596100278125,0.19777158749999998,0.5849582171875001,0.231197771875,0.5236768796875,0.2841225625,0.49303621093750005,0,0
1957,681_jpg.rf.864ff1454c3c7da29c1b26bda4d1b2be.jpg,meningioma,0,0.6796657374999999,0.002785515625,0.71030640625,0.03064066875,0.7827298046875,0.058495821875,0.8189415046875,0.10027855156250001,0.835654596875,0.13649024999999998,0.8189415046875,0.17827298125,0.7548746515625,0.23676880156250002,0.71030640625,0.261838440625,0.6601671312499999,0.261838440625,0.6100278546875,0.2423398328125,0.5626740953125,0.16434540312499998,0.4679665734375,0.139275765625,0.45403899687499993,0.089136490625,0.45125348125000003
1958,349_jpg.rf.a056b1f3c4030b54dba47cde6817a684.jpg,meningioma,0.3064066859375,0.835654596875,0.3509749296875,0.8328690812499999,0.3704735375,0.79665738125,0.36490250625,0.7325905296874999,0.32869080781250004,0.7047353765625,0.3036211703125,0.7047353765625,0.2757660171875,0.743732590625,0.2785515328125,0.8077994421874999,0.3064066859375,0.835654596875,0,0,0,0,0,0,0,0,0,0
1959,2894_jpg.rf.33e879d1a24fb8ecf6822df04bdb2bb1.jpg,glioma,0.35933147656250003,0.43454039062499994,0.35933147656250003,0.3231197765625,0.3342618390625,0.2674094703125,0.35933147656250003,0.22841225625,0.367688021875,0.1922005578125,0.348189415625,0.17827298125,0.3036211703125,0.175487465625,0.22841225625,0.194986071875,0.1225626734375,0.25626740937500003,0.10027855156250001,0.311977715625,0.055710306249999994,0.37604456875,0.0473537609375,0.4094707515625,0.050139275000000004,0.484679665625,0.09192200625,0.540389971875
1960,108_jpg.rf.706c98157f9074eab0bce5dd64099b15.jpg,meningioma,0.7186629531250001,0.348189415625,0.7660167125,0.367688021875,0.793871865625,0.36490250625,0.8189415046875,0.311977715625,0.830083565625,0.25626740937500003,0.8050139281250001,0.19777158749999998,0.749303621875,0.16434540312499998,0.6768802234375,0.1532033421875,0.6406685234375,0.1253481890625,0.5598885796874999,0.119777159375,0.5348189421875,0.13649024999999998,0.5348189421875,0.1504178265625,0.5515320328125,0.1504178265625,0.5515320328125,0.16155988906250002
1961,1287_jpg.rf.8e54a1db8ef75f60e21bb8c07af79382.jpg,pituitary,0.43175487500000004,0.5069637890625,0.43175487500000004,0.490250696875,0.4178272984375,0.4679665734375,0.3927576609375,0.46518105781249997,0.3704735375,0.5041782734375,0.3844011140625,0.5264623953124999,0.40389972187499995,0.5320334265625,0.43175487500000004,0.5069637890625,0,0,0,0,0,0,0,0,0,0,0,0
1962,1688_jpg.rf.ec8ad76fc5cfabac6124e9b4567bf281.jpg,pituitary,0.6155988859375,0.2785515328125,0.5905292484375,0.2674094703125,0.47353760468750006,0.2646239546875,0.43454039062499994,0.292479109375,0.43454039062499994,0.3454039,0.45125348125000003,0.3844011140625,0.48189415,0.40111420625000005,0.5264623953124999,0.40389972187499995,0.59888579375,0.428969359375,0.62395543125,0.4178272984375,0.6601671312499999,0.3788300828125,0.6657381609375,0.3565459609375,0.6545961,0.3259052921875,0.6155988859375,0.2785515328125
1963,1606_jpg.rf.b4d2d98005fd5c28b51c64c67b603d70.jpg,pituitary,0.490250696875,0.596100278125,0.5125348187500001,0.576601671875,0.5041782734375,0.479108634375,0.48746518125,0.47353760468750006,0.45125348125000003,0.48189415,0.43454039062499994,0.571030640625,0.4401114203125,0.5877437328124999,0.490250696875,0.596100278125,0,0,0,0,0,0,0,0,0,0,0,0
1964,314_jpg.rf.d5eb46d070447fc170caf816261de353.jpg,meningioma,0.7186629531250001,0.662952646875,0.740947075,0.6378830078125,0.743732590625,0.6128133703125,0.71030640625,0.5041782734375,0.6796657374999999,0.49303621093750005,0.6155988859375,0.49303621093750005,0.57381615625,0.49860724218749997,0.5543175484375,0.515320334375,0.53760445625,0.5459610031250001,0.53760445625,0.576601671875,0.5515320328125,0.6155988859375,0.6378830078125,0.6991643453124999,0.63509749375,0.768802228125,0.6462395546875,0.7715877437499999
1965,2565_jpg.rf.105fe27fc31b4cd6d92402bdaab1042c.jpg,glioma,0.3342618390625,0.7158774375,0.3704735375,0.7353760453125,0.48746518125,0.7604456828124999,0.5626740953125,0.79665738125,0.6183844015625,0.793871865625,0.6378830078125,0.7604456828124999,0.63509749375,0.6852367687500001,0.5821727015625,0.651810584375,0.5515320328125,0.604456825,0.5598885796874999,0.540389971875,0.5877437328124999,0.5236768796875,0.5654596093750001,0.45125348125000003,0.49303621093750005,0.3871866296875,0.47353760468750006,0.3565459609375
1966,2345_jpg.rf.d797596b9aaa3c9df26b25bb83f766b4.jpg,glioma,0.6713091921875,0.4150417828125,0.6935933140625,0.37604456875,0.6963788296875,0.2952646234375,0.632311978125,0.1922005578125,0.5793871859374999,0.1922005578125,0.5125348187500001,0.16155988906250002,0.46518105781249997,0.1559888578125,0.4122562671875,0.1894150421875,0.3621169921875,0.20055710312500002,0.337047353125,0.22562674062500002,0.31476323125,0.281337046875,0.311977715625,0.3454039,0.33983286874999996,0.40111420625000005,0.4178272984375,0.46518105781249997
1967,44_jpg.rf.4c64fc7a9cd58a0d6733824831488252.jpg,meningioma,0.46239554375,0.62395543125,0.47353760468750006,0.651810584375,0.5571030640625,0.6908078,0.59888579375,0.6908078,0.6155988859375,0.6601671312499999,0.6100278546875,0.596100278125,0.54874651875,0.5598885796874999,0.490250696875,0.54874651875,0.46518105781249997,0.5933147625,0.46239554375,0.62395543125,0,0,0,0,0,0,0,0
1968,1435_jpg.rf.e439d0c0c43cc79b66deb7bb1c385f90.jpg,pituitary,0.48189415,0.3314763234375,0.4707520890625,0.311977715625,0.4568245125,0.311977715625,0.40389972187499995,0.34261838437500003,0.398328690625,0.3899721453125,0.3454039,0.3927576609375,0.3231197765625,0.43454039062499994,0.32033426249999997,0.47632312031249996,0.3342618390625,0.5431754875,0.373259053125,0.5905292484375,0.4094707515625,0.5849582171875001,0.43175487500000004,0.490250696875,0.48189415,0.46518105781249997,0.48189415,0.3314763234375
1969,274_jpg.rf.dc7281a0d48143359f131fee69f1158c.jpg,meningioma,0.3259052921875,0.261838440625,0.32033426249999997,0.2200557109375,0.2952646234375,0.1894150421875,0.2646239546875,0.1838440109375,0.2339832875,0.20612813437500002,0.231197771875,0.22562674062500002,0.1894150421875,0.231197771875,0.16155988906250002,0.25348189374999996,0.16155988906250002,0.28969359375,0.17827298125,0.3091922,0.23676880156250002,0.311977715625,0.259052925,0.2952646234375,0.2952646234375,0.2980501390625,0.31476323125,0.286908078125
1970,969_jpg.rf.a01c8516a936165ac4af68321e27684d.jpg,pituitary,0.48189415,0.3899721453125,0.40668523749999996,0.3899721453125,0.3565459609375,0.4178272984375,0.3314763234375,0.4484679671875,0.317548746875,0.5292479109375,0.348189415625,0.540389971875,0.3314763234375,0.57381615625,0.337047353125,0.5877437328124999,0.3927576609375,0.5905292484375,0.4094707515625,0.5821727015625,0.43454039062499994,0.49582172656249995,0.484679665625,0.4178272984375,0.48189415,0.3899721453125,0,0
1971,2344_jpg.rf.ef648a4278a29d8c7a6da4aa99170ee6.jpg,glioma,0.6128133703125,0.43454039062499994,0.6545961,0.39554317499999997,0.6852367687500001,0.3342618390625,0.6852367687500001,0.2757660171875,0.651810584375,0.19777158749999998,0.53760445625,0.1587743734375,0.49303621093750005,0.175487465625,0.4428969359375,0.16991643437499998,0.37604456875,0.1922005578125,0.3342618390625,0.22562674062500002,0.3231197765625,0.25348189374999996,0.31476323125,0.3314763234375,0.337047353125,0.3899721453125,0.40668523749999996,0.4484679671875
1972,2561_jpg.rf.dd16f0862a4ecfa5ed7dc33f5f6b5f42.jpg,glioma,0.45403899687499993,0.6768802234375,0.571030640625,0.49582172656249995,0.5654596093750001,0.46239554375,0.53760445625,0.4206128140625,0.4707520890625,0.373259053125,0.47353760468750006,0.3871866296875,0.428969359375,0.3816155984375,0.35933147656250003,0.4122562671875,0.3454039,0.509749303125,0.27298050156250003,0.596100278125,0.27298050156250003,0.626740946875,0.286908078125,0.651810584375,0.337047353125,0.688022284375,0.3816155984375,0.6935933140625
1973,1290_jpg.rf.5cec0ffa811b1686bb249f656f6caef1.jpg,pituitary,0.2980501390625,0.520891365625,0.3064066859375,0.5515320328125,0.3259052921875,0.5654596093750001,0.3704735375,0.5543175484375,0.3871866296875,0.5236768796875,0.3816155984375,0.47353760468750006,0.36490250625,0.459610028125,0.3064066859375,0.44568245156249997,0.2980501390625,0.45403899687499993,0.2980501390625,0.520891365625,0,0,0,0,0,0,0,0
1974,159_jpg.rf.181cc3cff5c3a55293e88a86e894dc71.jpg,meningioma,0.774373259375,0.484679665625,0.8467966578125001,0.47353760468750006,0.8662952640625001,0.44568245156249997,0.85793871875,0.3788300828125,0.8217270187500001,0.348189415625,0.777158775,0.33983286874999996,0.6991643453124999,0.367688021875,0.662952646875,0.367688021875,0.6072423390624999,0.4122562671875,0.576601671875,0.42339832812499995,0.5459610031250001,0.47353760468750006,0.53760445625,0.5320334265625,0.5571030640625,0.5459610031250001,0.6183844015625,0.5459610031250001
1975,2932_jpg.rf.ae78e975095a4fd7a06d4b9ce596b60c.jpg,glioma,0.33983286874999996,0.11142061249999999,0.28969359375,0.12813370468750002,0.261838440625,0.16713091875,0.281337046875,0.2674094703125,0.2952646234375,0.28969359375,0.3231197765625,0.2952646234375,0.3537604453125,0.2952646234375,0.3927576609375,0.2757660171875,0.42618384374999996,0.231197771875,0.40389972187499995,0.1337047359375,0.37604456875,0.114206128125,0.33983286874999996,0.11142061249999999,0,0,0,0
1976,1597_jpg.rf.545029cd9b4d8903d64153679cb754ac.jpg,pituitary,0.59888579375,0.5236768796875,0.632311978125,0.5654596093750001,0.6713091921875,0.5571030640625,0.688022284375,0.5292479109375,0.6852367687500001,0.43454039062499994,0.6462395546875,0.4178272984375,0.601671309375,0.45403899687499993,0.596100278125,0.48746518125,0.59888579375,0.5236768796875,0,0,0,0,0,0,0,0,0,0
1977,520_jpg.rf.300f6c879a7e3aef98e61c67ddbb5335.jpg,meningioma,0.064066853125,0.49860724218749997,0.050139275000000004,0.5877437328124999,0.0724233984375,0.6490250703125,0.1253481890625,0.6601671312499999,0.1922005578125,0.626740946875,0.2089136484375,0.57381615625,0.2089136484375,0.5348189421875,0.1838440109375,0.484679665625,0.144846796875,0.4679665734375,0.114206128125,0.4679665734375,0.064066853125,0.49860724218749997,0,0,0,0,0,0
1978,2942_jpg.rf.cb1c7b8a8f4b6fb9afb6b55d26492d7b.jpg,glioma,0.571030640625,0.799442896875,0.6100278546875,0.7242339828125,0.662952646875,0.51810585,0.7158774375,0.4150417828125,0.713091921875,0.39554317499999997,0.6740947078125,0.3927576609375,0.6183844015625,0.4401114203125,0.57381615625,0.520891365625,0.515320334375,0.5793871859374999,0.3704735375,0.576601671875,0.3537604453125,0.596100278125,0.348189415625,0.6545961,0.36490250625,0.707520890625,0.4122562671875,0.7548746515625
1979,1953_jpg.rf.40d593503735bad3ac4b7bd5d23b7c7b.jpg,glioma,0.259052925,0.16713091875,0.2451253484375,0.1866295265625,0.24791086406249999,0.31476323125,0.2646239546875,0.337047353125,0.3342618390625,0.348189415625,0.40668523749999996,0.31476323125,0.4206128140625,0.2674094703125,0.3844011140625,0.16713091875,0.3537604453125,0.1476323125,0.3064066859375,0.144846796875,0.259052925,0.16713091875,0,0,0,0,0,0
1980,1979_jpg.rf.8218f247dea85333b459c472a8ade4f3.jpg,glioma,0.8050139281250001,0.5348189421875,0.7298050140625,0.49860724218749997,0.7047353765625,0.46518105781249997,0.6685236765625,0.46239554375,0.6545961,0.47632312031249996,0.601671309375,0.490250696875,0.5877437328124999,0.5236768796875,0.5905292484375,0.5654596093750001,0.626740946875,0.6295264625,0.7298050140625,0.6796657374999999,0.8105849578125,0.6796657374999999,0.85793871875,0.6601671312499999,0.8690807796875,0.6434540390625,0.860724234375,0.5849582171875001
1981,1799_jpg.rf.fcaa5276d79d814e1043e95302ec51d1.jpg,pituitary,0.62395543125,0.3565459609375,0.568245125,0.3314763234375,0.540389971875,0.3871866296875,0.5125348187500001,0.3537604453125,0.5013927578125,0.3537604453125,0.47353760468750006,0.37604456875,0.4679665734375,0.4094707515625,0.5041782734375,0.42339832812499995,0.5431754875,0.4150417828125,0.5793871859374999,0.4373259046875,0.6211699171875,0.43175487500000004,0.6295264625,0.4150417828125,0.62395543125,0.3565459609375,0,0
1982,1317_jpg.rf.269c761e9ab6e78bbfb735d8c196fcf2.jpg,pituitary,0.3231197765625,0.5598885796874999,0.34261838437500003,0.576601671875,0.4178272984375,0.5793871859374999,0.428969359375,0.5236768796875,0.4150417828125,0.4428969359375,0.3704735375,0.4373259046875,0.317548746875,0.484679665625,0.311977715625,0.515320334375,0.3231197765625,0.5598885796874999,0,0,0,0,0,0,0,0,0,0
1983,2123_jpg.rf.295489a961406aeff25363e32913ea76.jpg,glioma,0.6991643453124999,0.44568245156249997,0.7353760453125,0.49303621093750005,0.7632311984375,0.49303621093750005,0.7715877437499999,0.46518105781249997,0.793871865625,0.46518105781249997,0.8328690812499999,0.373259053125,0.835654596875,0.3314763234375,0.8523676874999999,0.3091922,0.8384401109375,0.25626740937500003,0.7632311984375,0.194986071875,0.6713091921875,0.1476323125,0.5821727015625,0.1225626734375,0.5125348187500001,0.1225626734375,0.484679665625,0.139275765625
1984,2465_jpg.rf.a18b0a9623d49a74224892db2e367231.jpg,glioma,0.2952646234375,0.367688021875,0.337047353125,0.40111420625000005,0.36490250625,0.45403899687499993,0.4094707515625,0.4707520890625,0.367688021875,0.3899721453125,0.373259053125,0.3816155984375,0.40668523749999996,0.42339832812499995,0.3704735375,0.337047353125,0.4206128140625,0.3454039,0.479108634375,0.37604456875,0.490250696875,0.3621169921875,0.490250696875,0.3259052921875,0.48189415,0.3091922,0.4484679671875,0.292479109375
1985,385_jpg.rf.fbeff7873d93cbb698609185a9f19b37.jpg,meningioma,0.292479109375,0.6100278546875,0.3621169921875,0.568245125,0.398328690625,0.5626740953125,0.4122562671875,0.51810585,0.3927576609375,0.42339832812499995,0.3621169921875,0.3927576609375,0.34261838437500003,0.348189415625,0.292479109375,0.3091922,0.25348189374999996,0.3064066859375,0.2144846796875,0.3231197765625,0.1810584953125,0.3565459609375,0.1504178265625,0.3565459609375,0.12813370468750002,0.373259053125,0.07520891406249999,0.479108634375
1986,2229_jpg.rf.9407e87f1d6d961d133a38afa0295aa3.jpg,glioma,0.63509749375,0.7047353765625,0.632311978125,0.6852367687500001,0.604456825,0.6768802234375,0.47353760468750006,0.6740947078125,0.459610028125,0.6991643453124999,0.49303621093750005,0.7242339828125,0.6183844015625,0.7214484671875,0.63509749375,0.7047353765625,0,0,0,0,0,0,0,0,0,0,0,0
1987,838_jpg.rf.d90703c3de457de0b371ce7a3436b736.jpg,glioma,0.42618384374999996,0.682451253125,0.45125348125000003,0.7242339828125,0.49303621093750005,0.740947075,0.5292479109375,0.7242339828125,0.5459610031250001,0.7019498609375,0.54874651875,0.626740946875,0.5264623953124999,0.596100278125,0.479108634375,0.5905292484375,0.4373259046875,0.62395543125,0.42618384374999996,0.682451253125,0,0,0,0,0,0,0,0
1988,2505_jpg.rf.05886e03a80669b20aab605af2a3af9e.jpg,glioma,0.45125348125000003,0.7576601671875001,0.45403899687499993,0.79665738125,0.48189415,0.8189415046875,0.540389971875,0.8189415046875,0.5626740953125,0.8077994421874999,0.5821727015625,0.7214484671875,0.5849582171875001,0.63509749375,0.576601671875,0.6072423390624999,0.59888579375,0.5793871859374999,0.5933147625,0.5459610031250001,0.568245125,0.53760445625,0.5571030640625,0.54874651875,0.53760445625,0.540389971875,0.5236768796875,0.5543175484375
1989,2219_jpg.rf.a9d232a000f5fcb3fd3cd497bfa1742b.jpg,glioma,0.79665738125,0.479108634375,0.8077994421874999,0.4568245125,0.799442896875,0.39554317499999997,0.8635097500000001,0.42339832812499995,0.885793871875,0.4206128140625,0.8969359328125,0.3621169921875,0.8830083562500001,0.3008356546875,0.8690807796875,0.2841225625,0.7548746515625,0.20334261874999998,0.6183844015625,0.1559888578125,0.5905292484375,0.1559888578125,0.5849582171875001,0.1838440109375,0.6211699171875,0.25626740937500003,0.6183844015625,0.32033426249999997
1990,2836_jpg.rf.5878a1a0a0c492b0d99aca3039e75ec8.jpg,glioma,0.40668523749999996,0.7186629531250001,0.4178272984375,0.7047353765625,0.4178272984375,0.6713091921875,0.367688021875,0.662952646875,0.3509749296875,0.6685236765625,0.3565459609375,0.6991643453124999,0.3788300828125,0.7214484671875,0.40668523749999996,0.7186629531250001,0,0,0,0,0,0,0,0,0,0,0,0
1991,1307_jpg.rf.9ec75dc6e049f9ece241378d0a0e59a8.jpg,pituitary,0.367688021875,0.5626740953125,0.40668523749999996,0.5626740953125,0.4373259046875,0.540389971875,0.4401114203125,0.48746518125,0.398328690625,0.45125348125000003,0.3621169921875,0.4484679671875,0.3259052921875,0.4679665734375,0.3231197765625,0.5264623953124999,0.367688021875,0.5626740953125,0,0,0,0,0,0,0,0,0,0
1992,512_jpg.rf.fbf025d84f840e497e41ae813d89e292.jpg,meningioma,0.4373259046875,0.6490250703125,0.4428969359375,0.5905292484375,0.479108634375,0.5125348187500001,0.479108634375,0.49582172656249995,0.45403899687499993,0.459610028125,0.4150417828125,0.4373259046875,0.37604456875,0.43454039062499994,0.31476323125,0.4568245125,0.2646239546875,0.5069637890625,0.20055710312500002,0.51810585,0.16991643437499998,0.5543175484375,0.16713091875,0.5849582171875001,0.17827298125,0.6072423390624999,0.2841225625,0.7047353765625
1993,142_jpg.rf.c924e8dd6b4439504d94a54488ceeb87.jpg,meningioma,0.48189415,0.6072423390624999,0.5292479109375,0.6100278546875,0.5543175484375,0.5821727015625,0.5598885796874999,0.5292479109375,0.5292479109375,0.49582172656249995,0.484679665625,0.49303621093750005,0.4484679671875,0.515320334375,0.43454039062499994,0.5654596093750001,0.48189415,0.6072423390624999,0,0,0,0,0,0,0,0,0,0
1994,2069_jpg.rf.980d437a280a003cb3cf4036aa0f3e8e.jpg,glioma,0.3788300828125,0.6601671312499999,0.373259053125,0.6991643453124999,0.3871866296875,0.7325905296874999,0.42618384374999996,0.768802228125,0.479108634375,0.777158775,0.5264623953124999,0.713091921875,0.5125348187500001,0.6462395546875,0.5292479109375,0.5849582171875001,0.5013927578125,0.5543175484375,0.459610028125,0.54874651875,0.3788300828125,0.6601671312499999,0,0,0,0,0,0
1995,3052_jpg.rf.edeaa33db3e3b95a0c0aeedd7b908041.jpg,glioma,0.46518105781249997,0.286908078125,0.5125348187500001,0.2646239546875,0.49860724218749997,0.119777159375,0.479108634375,0.0779944296875,0.4373259046875,0.050139275000000004,0.33983286874999996,0.027855153124999997,0.25348189374999996,0.08077994375,0.2200557109375,0.114206128125,0.194986071875,0.1532033421875,0.1838440109375,0.21169916406249997,0.16991643437499998,0.22284122499999998,0.1532033421875,0.2701949859375,0.17270195,0.32033426249999997,0.24791086406249999,0.3509749296875
1996,2139_jpg.rf.e36ae43bb507b3116f165e1531a96fb6.jpg,glioma,0.3927576609375,0.4568245125,0.4484679671875,0.42618384374999996,0.4484679671875,0.4150417828125,0.42339832812499995,0.4122562671875,0.4150417828125,0.40111420625000005,0.36490250625,0.398328690625,0.3788300828125,0.3537604453125,0.398328690625,0.3342618390625,0.40111420625000005,0.281337046875,0.37604456875,0.259052925,0.3509749296875,0.259052925,0.31476323125,0.2785515328125,0.3064066859375,0.31476323125,0.311977715625,0.3537604453125
1997,461_jpg.rf.8921cc5dd32fe6421844981639449de0.jpg,meningioma,0.459610028125,0.4150417828125,0.5543175484375,0.40389972187499995,0.5515320328125,0.3844011140625,0.49582172656249995,0.3621169921875,0.48189415,0.2646239546875,0.4707520890625,0.259052925,0.4094707515625,0.31476323125,0.4150417828125,0.373259053125,0.459610028125,0.4150417828125,0,0,0,0,0,0,0,0,0,0
1998,2885_jpg.rf.eb1499e7a55caac84fe8aca877a521f1.jpg,glioma,0.3454039,0.7883008359375,0.3704735375,0.682451253125,0.367688021875,0.6601671312499999,0.3565459609375,0.6601671312499999,0.25348189374999996,0.713091921875,0.2701949859375,0.7660167125,0.317548746875,0.79665738125,0.3454039,0.7883008359375,0,0,0,0,0,0,0,0,0,0,0,0
1999,2127_jpg.rf.2c535af7b6dbe80c1b66c39eb7494fa4.jpg,glioma,0.6601671312499999,0.311977715625,0.7019498609375,0.317548746875,0.7158774375,0.28969359375,0.7325905296874999,0.292479109375,0.7353760453125,0.24791086406249999,0.6796657374999999,0.20334261874999998,0.6462395546875,0.1866295265625,0.53760445625,0.16713091875,0.49860724218749997,0.1838440109375,0.49303621093750005,0.20055710312500002,0.515320334375,0.20612813437500002,0.51810585,0.231197771875,0.47632312031249996,0.250696378125,0.48189415,0.2674094703125
2000,666_jpg.rf.131f797aeb22c0473403bb735ab605df.jpg,meningioma,0.24791086406249999,0.6378830078125,0.21727019531249997,0.6378830078125,0.14206128125,0.651810584375,0.114206128125,0.688022284375,0.11142061249999999,0.713091921875,0.12813370468750002,0.7660167125,0.231197771875,0.860724234375,0.25626740937500003,0.8272980499999999,0.281337046875,0.8217270187500001,0.317548746875,0.7827298046875,0.3231197765625,0.71030640625,0.2841225625,0.6573816156250001,0.24791086406249999,0.6378830078125,0,0
2001,2275_jpg.rf.5a78a1413c00dd311610c7fe842ade04.jpg,glioma,0.34261838437500003,0.740947075,0.373259053125,0.662952646875,0.428969359375,0.6685236765625,0.43454039062499994,0.6601671312499999,0.4206128140625,0.5626740953125,0.3704735375,0.5292479109375,0.3259052921875,0.5264623953124999,0.2785515328125,0.5431754875,0.23676880156250002,0.601671309375,0.23676880156250002,0.6211699171875,0.25348189374999996,0.6434540390625,0.25348189374999996,0.6908078,0.231197771875,0.7353760453125,0.2674094703125,0.749303621875
2002,2576_jpg.rf.768280b67c52d958df14e3593ebe764a.jpg,glioma,0.1838440109375,0.51810585,0.052924790624999996,0.51810585,0.025069637500000002,0.5431754875,0.022284121875,0.5849582171875001,0.0473537609375,0.6740947078125,0.10027855156250001,0.7632311984375,0.144846796875,0.774373259375,0.22562674062500002,0.7158774375,0.27298050156250003,0.6991643453124999,0.2952646234375,0.6740947078125,0.3091922,0.596100278125,0.292479109375,0.5654596093750001,0.1838440109375,0.51810585,0,0
2003,2587_jpg.rf.97e26ae7ec6c2ea1738d83c727b37cc9.jpg,glioma,0.089136490625,0.5905292484375,0.114206128125,0.632311978125,0.175487465625,0.6128133703125,0.22562674062500002,0.6128133703125,0.231197771875,0.4373259046875,0.2089136484375,0.42618384374999996,0.11699164375,0.428969359375,0.09192200625,0.47353760468750006,0.089136490625,0.5905292484375,0,0,0,0,0,0,0,0,0,0
2004,412_jpg.rf.c7e91402123a29eaa6295e6e3248c098.jpg,meningioma,0.050139275000000004,0.5041782734375,0.175487465625,0.5069637890625,0.20334261874999998,0.45403899687499993,0.20055710312500002,0.3899721453125,0.16991643437499998,0.348189415625,0.10863509687499999,0.33983286874999996,0.0724233984375,0.3509749296875,0.0473537609375,0.3844011140625,0.050139275000000004,0.5041782734375,0,0,0,0,0,0,0,0,0,0
2005,1252_jpg.rf.132c78250ff9b73889485e3122679a92.jpg,pituitary,0.5125348187500001,0.509749303125,0.5849582171875001,0.51810585,0.6155988859375,0.47632312031249996,0.6072423390624999,0.43454039062499994,0.568245125,0.4094707515625,0.5236768796875,0.40668523749999996,0.479108634375,0.4484679671875,0.484679665625,0.490250696875,0.5125348187500001,0.509749303125,0,0,0,0,0,0,0,0,0,0
2006,1930_jpg.rf.b9f94aefda045cc7aca48dfe1b705760.jpg,glioma,0.3008356546875,0.835654596875,0.4373259046875,0.8997214484375,0.5041782734375,0.9052924796875,0.5320334265625,0.8662952640625001,0.5320334265625,0.8050139281250001,0.459610028125,0.6796657374999999,0.45125348125000003,0.63509749375,0.3816155984375,0.5626740953125,0.2646239546875,0.5543175484375,0.1922005578125,0.5905292484375,0.1476323125,0.63509749375,0.114206128125,0.6462395546875,0.0696378828125,0.6935933140625,0.0668523671875,0.71030640625
2007,2850_jpg.rf.09cef5fe28a92e75d0f1866ded68d860.jpg,glioma,0.3704735375,0.348189415625,0.33983286874999996,0.2785515328125,0.2785515328125,0.2339832875,0.2144846796875,0.22284122499999998,0.13649024999999998,0.27298050156250003,0.10027855156250001,0.3091922,0.0668523671875,0.3816155984375,0.0724233984375,0.4428969359375,0.0974930359375,0.520891365625,0.1894150421875,0.571030640625,0.2757660171875,0.5626740953125,0.317548746875,0.540389971875,0.35933147656250003,0.49860724218749997,0.3704735375,0.4401114203125
2008,252_jpg.rf.6692c975977bc5dad47a955779514be8.jpg,meningioma,0.21727019531249997,0.4484679671875,0.175487465625,0.43454039062499994,0.1532033421875,0.4484679671875,0.13649024999999998,0.48746518125,0.16713091875,0.5041782734375,0.22284122499999998,0.5013927578125,0.21727019531249997,0.4484679671875,0,0,0,0,0,0,0,0,0,0,0,0,0,0
2009,267_jpg.rf.3c533e3f6ad7687499ca5db305835a41.jpg,meningioma,0.6211699171875,0.5292479109375,0.568245125,0.5933147625,0.576601671875,0.63509749375,0.651810584375,0.7214484671875,0.6963788296875,0.713091921875,0.7298050140625,0.6796657374999999,0.74651810625,0.6768802234375,0.7827298046875,0.5543175484375,0.7660167125,0.520891365625,0.662952646875,0.5069637890625,0.6211699171875,0.5292479109375,0,0,0,0,0,0
2010,1619_jpg.rf.c7154fcd030cff4094fa627025ccc116.jpg,pituitary,0.6434540390625,0.5069637890625,0.6462395546875,0.4484679671875,0.6295264625,0.42618384374999996,0.6295264625,0.40111420625000005,0.6155988859375,0.398328690625,0.576601671875,0.43175487500000004,0.5598885796874999,0.479108634375,0.515320334375,0.47632312031249996,0.49303621093750005,0.5013927578125,0.48746518125,0.5654596093750001,0.5041782734375,0.5905292484375,0.540389971875,0.596100278125,0.5793871859374999,0.57381615625,0.6100278546875,0.604456825
2011,1423_jpg.rf.79e2cdff77a31e77f0d0f448519dd2ac.jpg,pituitary,0.36490250625,0.5654596093750001,0.4206128140625,0.568245125,0.43454039062499994,0.54874651875,0.43454039062499994,0.5125348187500001,0.4122562671875,0.4707520890625,0.3816155984375,0.46239554375,0.348189415625,0.49582172656249995,0.34261838437500003,0.5543175484375,0.36490250625,0.5654596093750001,0,0,0,0,0,0,0,0,0,0
2012,611_jpg.rf.4c50f427c19bf646c6ce4babef390f8f.jpg,meningioma,0.367688021875,0.3064066859375,0.35933147656250003,0.2646239546875,0.3231197765625,0.2144846796875,0.259052925,0.16991643437499998,0.20055710312500002,0.16155988906250002,0.10584958281250001,0.28969359375,0.064066853125,0.398328690625,0.064066853125,0.509749303125,0.1225626734375,0.576601671875,0.16434540312499998,0.59888579375,0.1810584953125,0.5877437328124999,0.250696378125,0.5905292484375,0.3064066859375,0.540389971875,0.3259052921875,0.5041782734375
2013,2254_jpg.rf.08e80c7587492f9d354977ac5bbcde44.jpg,glioma,0.292479109375,0.62395543125,0.337047353125,0.6183844015625,0.373259053125,0.5320334265625,0.39554317499999997,0.5598885796874999,0.40389972187499995,0.5543175484375,0.40389972187499995,0.515320334375,0.3899721453125,0.49582172656249995,0.3788300828125,0.42618384374999996,0.3259052921875,0.3704735375,0.31476323125,0.3927576609375,0.22562674062500002,0.459610028125,0.2144846796875,0.484679665625,0.1587743734375,0.49582172656249995,0.1532033421875,0.509749303125
2014,2353_jpg.rf.fa945a8e4701ce70b26a81874acedfcb.jpg,glioma,0.12813370468750002,0.596100278125,0.1504178265625,0.6601671312499999,0.17827298125,0.6852367687500001,0.2423398328125,0.7047353765625,0.27298050156250003,0.7019498609375,0.286908078125,0.6796657374999999,0.281337046875,0.6601671312499999,0.194986071875,0.5654596093750001,0.1838440109375,0.5320334265625,0.13649024999999998,0.5292479109375,0.12813370468750002,0.596100278125,0,0,0,0,0,0
2015,41_jpg.rf.e6de2a6c4b707ce4300b8ba2eb732d1c.jpg,meningioma,0.459610028125,0.5236768796875,0.4428969359375,0.44568245156249997,0.4178272984375,0.4150417828125,0.39554317499999997,0.40668523749999996,0.35933147656250003,0.428969359375,0.337047353125,0.46518105781249997,0.2952646234375,0.48746518125,0.2841225625,0.5125348187500001,0.292479109375,0.5626740953125,0.3259052921875,0.568245125,0.34261838437500003,0.5571030640625,0.3927576609375,0.5571030640625,0.42339832812499995,0.53760445625,0.44568245156249997,0.540389971875
2016,2706_jpg.rf.bf5c3b1622279d0014ba7ae9d77a1f23.jpg,glioma,0.484679665625,0.768802228125,0.4484679671875,0.7270194984375,0.48746518125,0.7186629531250001,0.509749303125,0.7019498609375,0.5125348187500001,0.6406685234375,0.45403899687499993,0.5905292484375,0.42339832812499995,0.5877437328124999,0.398328690625,0.6072423390624999,0.3927576609375,0.6657381609375,0.36490250625,0.6713091921875,0.34261838437500003,0.7019498609375,0.348189415625,0.79665738125,0.3621169921875,0.8077994421874999,0.42339832812499995,0.8161559890625
2017,622_jpg.rf.bdfdeb8a06c1bfde745dc520adcce200.jpg,meningioma,0.6657381609375,0.5041782734375,0.662952646875,0.39554317499999997,0.6211699171875,0.35933147656250003,0.5821727015625,0.3621169921875,0.5459610031250001,0.348189415625,0.49860724218749997,0.2952646234375,0.48746518125,0.2952646234375,0.4428969359375,0.32869080781250004,0.428969359375,0.3537604453125,0.4094707515625,0.40668523749999996,0.4150417828125,0.42618384374999996,0.479108634375,0.46239554375,0.5069637890625,0.520891365625,0.540389971875,0.5515320328125
2018,467_jpg.rf.f94b0013f280e12d215baecc8c0aa3fe.jpg,meningioma,0.144846796875,0.571030640625,0.16991643437499998,0.7158774375,0.24791086406249999,0.7576601671875001,0.3342618390625,0.768802228125,0.367688021875,0.7548746515625,0.39554317499999997,0.707520890625,0.3927576609375,0.6100278546875,0.367688021875,0.5793871859374999,0.2980501390625,0.5431754875,0.2144846796875,0.5320334265625,0.144846796875,0.571030640625,0,0,0,0,0,0
2019,1176_jpg.rf.0bf098059ddcb3620789da80b5a867d6.jpg,pituitary,0.5515320328125,0.33983286874999996,0.51810585,0.32033426249999997,0.5041782734375,0.3704735375,0.5125348187500001,0.4206128140625,0.53760445625,0.44568245156249997,0.5933147625,0.44568245156249997,0.5515320328125,0.33983286874999996,0,0,0,0,0,0,0,0,0,0,0,0,0,0
2020,777_jpg.rf.d5586330890abd73df2c13d741030b46.jpg,glioma,0.1866295265625,0.6211699171875,0.21169916406249997,0.6462395546875,0.2785515328125,0.6490250703125,0.3342618390625,0.59888579375,0.337047353125,0.5821727015625,0.32033426249999997,0.5626740953125,0.22841225625,0.5264623953124999,0.19777158749999998,0.5264623953124999,0.17270195,0.5626740953125,0.1866295265625,0.6211699171875,0,0,0,0,0,0,0,0
2021,745_jpg.rf.5de5643fc55d2e6cb784db57c6b9db75.jpg,glioma,0.7214484671875,0.5793871859374999,0.520891365625,0.5292479109375,0.47632312031249996,0.5292479109375,0.2841225625,0.59888579375,0.25626740937500003,0.6406685234375,0.2646239546875,0.6991643453124999,0.292479109375,0.7353760453125,0.31476323125,0.824512534375,0.34261838437500003,0.835654596875,0.484679665625,0.8412256265625,0.713091921875,0.7353760453125,0.738161559375,0.71030640625,0.74651810625,0.62395543125,0.7214484671875,0.5793871859374999
2022,1610_jpg.rf.5c50e03ba8bf6725e31f43c05daf8ec3.jpg,pituitary,0.515320334375,0.5236768796875,0.5598885796874999,0.5598885796874999,0.63509749375,0.5431754875,0.63509749375,0.45125348125000003,0.5821727015625,0.4178272984375,0.5515320328125,0.4150417828125,0.520891365625,0.4373259046875,0.5041782734375,0.46518105781249997,0.515320334375,0.5236768796875,0,0,0,0,0,0,0,0,0,0
2023,1499_jpg.rf.43a0cc6f6a3be4b08b019e6b97e16fff.jpg,pituitary,0.48189415,0.43454039062499994,0.45403899687499993,0.428969359375,0.348189415625,0.4401114203125,0.32033426249999997,0.484679665625,0.3259052921875,0.5320334265625,0.348189415625,0.54874651875,0.4206128140625,0.54874651875,0.45125348125000003,0.5626740953125,0.48746518125,0.5598885796874999,0.5264623953124999,0.53760445625,0.5348189421875,0.509749303125,0.520891365625,0.47353760468750006,0.48189415,0.43454039062499994,0,0
2024,2430_jpg.rf.3d731e84787f03c2f5c8cc0061c8a8fd.jpg,glioma,0.490250696875,0.3509749296875,0.44568245156249997,0.3259052921875,0.3844011140625,0.3231197765625,0.33983286874999996,0.34261838437500003,0.317548746875,0.36490250625,0.3036211703125,0.40389972187499995,0.3091922,0.45403899687499993,0.398328690625,0.51810585,0.484679665625,0.515320334375,0.5041782734375,0.49582172656249995,0.51810585,0.45125348125000003,0.51810585,0.40111420625000005,0.5069637890625,0.373259053125,0.490250696875,0.3509749296875
2025,689_jpg.rf.b26162f48bd8e3be4f82a27333495c2c.jpg,meningioma,0.055710306249999994,0.34261838437500003,0.0473537609375,0.3621169921875,0.052924790624999996,0.398328690625,0.10584958281250001,0.45403899687499993,0.14206128125,0.45403899687499993,0.16155988906250002,0.4428969359375,0.21727019531249997,0.373259053125,0.20334261874999998,0.3008356546875,0.17270195,0.2785515328125,0.13649024999999998,0.27298050156250003,0.055710306249999994,0.34261838437500003,0,0,0,0,0,0
2026,1517_jpg.rf.0e39df7acab34c2d81a33f0b9f4dd240.jpg,pituitary,0.7576601671875001,0.490250696875,0.7325905296874999,0.43454039062499994,0.7047353765625,0.398328690625,0.6908078,0.398328690625,0.662952646875,0.42618384374999996,0.6128133703125,0.42618384374999996,0.5821727015625,0.4484679671875,0.57381615625,0.5013927578125,0.604456825,0.53760445625,0.6406685234375,0.5459610031250001,0.688022284375,0.53760445625,0.6963788296875,0.54874651875,0.7270194984375,0.5515320328125,0.7576601671875001,0.51810585
2027,457_jpg.rf.532b4aef0f197334999b9ea320a6b827.jpg,meningioma,0.45125348125000003,0.604456825,0.45403899687499993,0.53760445625,0.428969359375,0.48189415,0.39554317499999997,0.45125348125000003,0.32869080781250004,0.4178272984375,0.286908078125,0.4150417828125,0.22841225625,0.4401114203125,0.1922005578125,0.479108634375,0.17270195,0.520891365625,0.16155988906250002,0.5849582171875001,0.16991643437499998,0.63509749375,0.21169916406249997,0.6991643453124999,0.2674094703125,0.7214484671875,0.32033426249999997,0.7242339828125
2028,466_jpg.rf.3a90702a4b982a541e8b19520fe536c8.jpg,meningioma,0.1922005578125,0.53760445625,0.16434540312499998,0.5626740953125,0.17827298125,0.6713091921875,0.20055710312500002,0.713091921875,0.22841225625,0.738161559375,0.3342618390625,0.7576601671875001,0.3871866296875,0.6963788296875,0.3899721453125,0.6155988859375,0.3314763234375,0.5515320328125,0.250696378125,0.5348189421875,0.1922005578125,0.53760445625,0,0,0,0,0,0
2029,2160_jpg.rf.e993551bbdfa590440be0167b0fb51e7.jpg,glioma,0.459610028125,0.22562674062500002,0.44568245156249997,0.311977715625,0.45403899687499993,0.3314763234375,0.5125348187500001,0.33983286874999996,0.5654596093750001,0.311977715625,0.604456825,0.32869080781250004,0.6295264625,0.3231197765625,0.626740946875,0.20055710312500002,0.5571030640625,0.2144846796875,0.49860724218749997,0.194986071875,0.459610028125,0.22562674062500002,0,0,0,0,0,0
2030,2941_jpg.rf.ad18774db89f6ad209b04ef553ef37f4.jpg,glioma,0.32033426249999997,0.515320334375,0.3064066859375,0.5348189421875,0.3008356546875,0.6685236765625,0.32869080781250004,0.7019498609375,0.3537604453125,0.7604456828124999,0.4178272984375,0.824512534375,0.47632312031249996,0.860724234375,0.5348189421875,0.8635097500000001,0.5654596093750001,0.855153203125,0.5793871859374999,0.8384401109375,0.6100278546875,0.662952646875,0.6768802234375,0.5125348187500001,0.7270194984375,0.47353760468750006,0.740947075,0.4401114203125
2031,1349_jpg.rf.3b7a4b1f50760d83d952eeea5af95ded.jpg,pituitary,0.45403899687499993,0.5571030640625,0.45403899687499993,0.48189415,0.4373259046875,0.4679665734375,0.4178272984375,0.4679665734375,0.3927576609375,0.48189415,0.3871866296875,0.5125348187500001,0.4094707515625,0.5571030640625,0.45403899687499993,0.5571030640625,0,0,0,0,0,0,0,0,0,0,0,0
2032,2607_jpg.rf.e0c6e34536227345222f42d7798533de.jpg,glioma,0.25626740937500003,0.5793871859374999,0.2701949859375,0.5320334265625,0.31476323125,0.484679665625,0.3704735375,0.4679665734375,0.3704735375,0.3871866296875,0.2646239546875,0.32033426249999997,0.2423398328125,0.317548746875,0.19777158749999998,0.3342618390625,0.1894150421875,0.398328690625,0.16713091875,0.4150417828125,0.1559888578125,0.4428969359375,0.064066853125,0.48189415,0.033426184375,0.51810585,0.0194986078125,0.5821727015625
2033,2349_jpg.rf.a7724a972786c1bd40344b4245b17b91.jpg,glioma,0.7214484671875,0.799442896875,0.768802228125,0.7715877437499999,0.7715877437499999,0.7270194984375,0.7242339828125,0.71030640625,0.6713091921875,0.743732590625,0.6657381609375,0.777158775,0.6768802234375,0.79665738125,0.7214484671875,0.799442896875,0,0,0,0,0,0,0,0,0,0,0,0
2034,357_jpg.rf.b5b25a8c1b83b55d3185bc21c91f78f8.jpg,meningioma,0.09192200625,0.490250696875,0.1309192203125,0.509749303125,0.1866295265625,0.5069637890625,0.2200557109375,0.47632312031249996,0.22284122499999998,0.45125348125000003,0.1810584953125,0.4178272984375,0.1532033421875,0.373259053125,0.1225626734375,0.3704735375,0.089136490625,0.42339832812499995,0.09192200625,0.490250696875,0,0,0,0,0,0,0,0
2035,437_jpg.rf.54baf4cb09ed6789b782d696ab4329b5.jpg,meningioma,0.1559888578125,0.571030640625,0.1922005578125,0.5626740953125,0.20055710312500002,0.5459610031250001,0.194986071875,0.520891365625,0.17270195,0.5041782734375,0.144846796875,0.5041782734375,0.11142061249999999,0.5236768796875,0.11699164375,0.540389971875,0.1559888578125,0.571030640625,0,0,0,0,0,0,0,0,0,0
2036,2042_jpg.rf.129eb38972c6d5e3c91d7f4342242efd.jpg,glioma,0.45125348125000003,0.7715877437499999,0.459610028125,0.7158774375,0.484679665625,0.6768802234375,0.484679665625,0.596100278125,0.45125348125000003,0.5292479109375,0.3816155984375,0.5041782734375,0.3342618390625,0.5236768796875,0.2451253484375,0.520891365625,0.22841225625,0.5348189421875,0.22841225625,0.576601671875,0.250696378125,0.6573816156250001,0.2785515328125,0.6908078,0.3454039,0.743732590625,0.39554317499999997,0.7576601671875001
2037,972_jpg.rf.8704b7c936937591ab01650aeaa7d9b9.jpg,pituitary,0.28969359375,0.51810585,0.3008356546875,0.53760445625,0.3342618390625,0.53760445625,0.348189415625,0.5013927578125,0.34261838437500003,0.4428969359375,0.25348189374999996,0.43454039062499994,0.2451253484375,0.48189415,0.25626740937500003,0.5292479109375,0.28969359375,0.51810585,0,0,0,0,0,0,0,0,0,0
2038,1295_jpg.rf.803ac3f6207475a826d58d576a1f9047.jpg,pituitary,0.348189415625,0.509749303125,0.3816155984375,0.5125348187500001,0.4094707515625,0.49303621093750005,0.42339832812499995,0.4373259046875,0.39554317499999997,0.4206128140625,0.36490250625,0.4206128140625,0.34261838437500003,0.43454039062499994,0.3314763234375,0.484679665625,0.348189415625,0.509749303125,0,0,0,0,0,0,0,0,0,0
2039,653_jpg.rf.6f8a27ef3e1be6afde179dc3bbddef17.jpg,meningioma,0.42339832812499995,0.317548746875,0.373259053125,0.25348189374999996,0.3231197765625,0.250696378125,0.2395543171875,0.2701949859375,0.2200557109375,0.286908078125,0.1922005578125,0.3927576609375,0.1922005578125,0.43175487500000004,0.20612813437500002,0.45403899687499993,0.2451253484375,0.49303621093750005,0.281337046875,0.509749303125,0.3899721453125,0.5013927578125,0.42618384374999996,0.44568245156249997,0.43454039062499994,0.34261838437500003,0.42339832812499995,0.317548746875
2040,1943_jpg.rf.09bf1371c7cba39a389639e1c13030d0.jpg,glioma,0.39554317499999997,0.57381615625,0.2674094703125,0.5654596093750001,0.2339832875,0.5793871859374999,0.194986071875,0.6155988859375,0.21169916406249997,0.71030640625,0.3231197765625,0.8077994421874999,0.4150417828125,0.8495821734375,0.46239554375,0.85793871875,0.45403899687499993,0.799442896875,0.47632312031249996,0.707520890625,0.4707520890625,0.6406685234375,0.45403899687499993,0.604456825,0.39554317499999997,0.57381615625,0,0
2041,1235_jpg.rf.5403963a306c07e7b1d6f0932edece52.jpg,pituitary,0.5821727015625,0.47632312031249996,0.6128133703125,0.48189415,0.6545961,0.44568245156249997,0.6573816156250001,0.40111420625000005,0.6406685234375,0.3844011140625,0.59888579375,0.3816155984375,0.5626740953125,0.39554317499999997,0.5626740953125,0.4373259046875,0.5821727015625,0.47632312031249996,0,0,0,0,0,0,0,0,0,0
2042,7_jpg.rf.927c763a99e152b8c88667b453dd2e67.jpg,meningioma,0.3231197765625,0.5459610031250001,0.2980501390625,0.5849582171875001,0.398328690625,0.6545961,0.4428969359375,0.6573816156250001,0.47353760468750006,0.601671309375,0.4707520890625,0.5598885796874999,0.4373259046875,0.51810585,0.3899721453125,0.5041782734375,0.36490250625,0.5292479109375,0.3231197765625,0.5459610031250001,0,0,0,0,0,0,0,0
2043,2056_jpg.rf.422b617cdf4047879966afe6fc0b5d41.jpg,glioma,0.39554317499999997,0.54874651875,0.4094707515625,0.484679665625,0.45125348125000003,0.4484679671875,0.459610028125,0.42339832812499995,0.4568245125,0.4122562671875,0.3899721453125,0.47353760468750006,0.3565459609375,0.48189415,0.292479109375,0.484679665625,0.2339832875,0.4707520890625,0.2144846796875,0.4373259046875,0.2144846796875,0.3816155984375,0.2451253484375,0.3342618390625,0.2395543171875,0.32869080781250004,0.21169916406249997,0.3509749296875
2044,3005_jpg.rf.21670292789c624394bac13c3d177646.jpg,glioma,0.4178272984375,0.6573816156250001,0.3816155984375,0.6406685234375,0.3537604453125,0.6434540390625,0.32869080781250004,0.6657381609375,0.3036211703125,0.6713091921875,0.281337046875,0.6991643453124999,0.286908078125,0.7883008359375,0.31476323125,0.8440111421875001,0.3314763234375,0.8328690812499999,0.3454039,0.799442896875,0.39554317499999997,0.8077994421874999,0.40389972187499995,0.6935933140625,0.4178272984375,0.6573816156250001,0,0
2045,1118_jpg.rf.3f707ac340d7829a09bcbf8064fd23ff.jpg,pituitary,0.367688021875,0.5821727015625,0.4122562671875,0.5933147625,0.4679665734375,0.57381615625,0.48189415,0.54874651875,0.47632312031249996,0.4707520890625,0.3788300828125,0.45125348125000003,0.35933147656250003,0.46518105781249997,0.348189415625,0.49303621093750005,0.367688021875,0.5821727015625,0,0,0,0,0,0,0,0,0,0
2046,416_jpg.rf.d8c40845317cdfb5e7bcc97eff27c366.jpg,meningioma,0.5125348187500001,0.48189415,0.5431754875,0.484679665625,0.5933147625,0.43454039062499994,0.604456825,0.3816155984375,0.571030640625,0.3565459609375,0.5292479109375,0.3565459609375,0.5041782734375,0.3871866296875,0.49860724218749997,0.4484679671875,0.5125348187500001,0.48189415,0,0,0,0,0,0,0,0,0,0
2047,2585_jpg.rf.260cb5347fae83044955a84304b95167.jpg,glioma,0.3008356546875,0.5459610031250001,0.231197771875,0.5320334265625,0.21727019531249997,0.5543175484375,0.23676880156250002,0.5905292484375,0.1894150421875,0.6378830078125,0.1532033421875,0.6490250703125,0.16434540312499998,0.6935933140625,0.194986071875,0.7298050140625,0.25626740937500003,0.682451253125,0.2841225625,0.6768802234375,0.31476323125,0.6295264625,0.31476323125,0.5821727015625,0.3008356546875,0.5459610031250001,0,0
2048,1276_jpg.rf.50c773670efba934fec0fc0fbd95ea27.jpg,pituitary,0.7047353765625,0.3565459609375,0.6462395546875,0.3008356546875,0.6128133703125,0.2980501390625,0.576601671875,0.3231197765625,0.540389971875,0.40111420625000005,0.5431754875,0.459610028125,0.568245125,0.49860724218749997,0.6295264625,0.48746518125,0.662952646875,0.4679665734375,0.6713091921875,0.45125348125000003,0.6908078,0.4568245125,0.707520890625,0.4484679671875,0.7158774375,0.428969359375,0.7047353765625,0.3565459609375
2049,2860_jpg.rf.ea64cb63cde7e73b85f8fe87ea09627f.jpg,glioma,0,0.420148559375,0.0417827296875,0.459610028125,0.0974930359375,0.46239554375,0.16155988906250002,0.4122562671875,0.16713091875,0.34261838437500003,0.139275765625,0.286908078125,0.11699164375,0.27298050156250003,0.055710306249999994,0.2646239546875,0.013927576562499999,0.3064066859375,0,0.34421010937499996,0,0.420148559375,0,0,0,0,0,0
2050,976_jpg.rf.1c74c41a20fd5949dfc7e18e4094f837.jpg,pituitary,0.35933147656250003,0.479108634375,0.3621169921875,0.5236768796875,0.34261838437500003,0.5571030640625,0.3621169921875,0.6072423390624999,0.42339832812499995,0.5793871859374999,0.45403899687499993,0.596100278125,0.48189415,0.5821727015625,0.48189415,0.5320334265625,0.46518105781249997,0.47353760468750006,0.40111420625000005,0.46239554375,0.35933147656250003,0.479108634375,0,0,0,0,0,0
2051,212_jpg.rf.f6c5bb6b5355547198da255702762ac1.jpg,meningioma,0.5348189421875,0.8328690812499999,0.6100278546875,0.8189415046875,0.6713091921875,0.777158775,0.6852367687500001,0.7520891359374999,0.682451253125,0.7186629531250001,0.5877437328124999,0.63509749375,0.53760445625,0.626740946875,0.5348189421875,0.5459610031250001,0.515320334375,0.5515320328125,0.484679665625,0.540389971875,0.47353760468750006,0.5626740953125,0.428969359375,0.5598885796874999,0.4178272984375,0.57381615625,0.4178272984375,0.6128133703125
2052,1045_jpg.rf.986640c134e26f4a02261a252e22595c.jpg,pituitary,0.54874651875,0.4428969359375,0.5320334265625,0.4178272984375,0.5125348187500001,0.4150417828125,0.46518105781249997,0.44568245156249997,0.4178272984375,0.4373259046875,0.39554317499999997,0.4484679671875,0.37604456875,0.49582172656249995,0.3816155984375,0.51810585,0.40389972187499995,0.53760445625,0.45125348125000003,0.5459610031250001,0.48746518125,0.576601671875,0.5431754875,0.5654596093750001,0.5543175484375,0.5431754875,0.54874651875,0.4428969359375
2053,2194_jpg.rf.a4a2fc9340cf66bd3d78edf1b59dee3b.jpg,glioma,0.6406685234375,0.596100278125,0.5821727015625,0.6072423390624999,0.5543175484375,0.626740946875,0.5431754875,0.6490250703125,0.5515320328125,0.7158774375,0.576601671875,0.774373259375,0.6462395546875,0.7883008359375,0.6963788296875,0.7855153203125,0.7855153203125,0.707520890625,0.7883008359375,0.6908078,0.743732590625,0.63509749375,0.6406685234375,0.596100278125,0,0,0,0
2054,2926_jpg.rf.232f8e4e176afcd036288eeb8f3d3505.jpg,glioma,0.4150417828125,0.1532033421875,0.317548746875,0.19777158749999998,0.3091922,0.24791086406249999,0.3259052921875,0.3008356546875,0.3454039,0.3064066859375,0.3704735375,0.27298050156250003,0.45125348125000003,0.2089136484375,0.48746518125,0.19777158749999998,0.5125348187500001,0.16155988906250002,0.49582172656249995,0.144846796875,0.4150417828125,0.1532033421875,0,0,0,0,0,0
2055,1446_jpg.rf.86123090cfc24667065c35b4d31ac7a1.jpg,pituitary,0.3454039,0.4206128140625,0.3091922,0.4568245125,0.31476323125,0.515320334375,0.337047353125,0.53760445625,0.3704735375,0.54874651875,0.4679665734375,0.520891365625,0.47632312031249996,0.49582172656249995,0.44568245156249997,0.4373259046875,0.42339832812499995,0.4206128140625,0.3788300828125,0.4150417828125,0.3454039,0.4206128140625,0,0,0,0,0,0
2056,500_jpg.rf.7be695c8b5b6030af543eee90da16d11.jpg,meningioma,0.5626740953125,0.4484679671875,0.53760445625,0.42339832812499995,0.49582172656249995,0.40668523749999996,0.484679665625,0.3871866296875,0.4428969359375,0.3788300828125,0.4178272984375,0.39554317499999997,0.4122562671875,0.4206128140625,0.44568245156249997,0.45403899687499993,0.46518105781249997,0.5459610031250001,0.48746518125,0.5264623953124999,0.5125348187500001,0.5348189421875,0.54874651875,0.5292479109375,0.5793871859374999,0.5013927578125,0.6072423390624999,0.49582172656249995
2057,5_jpg.rf.f9a2ac5006efa866bd3792829bff23b8.jpg,meningioma,0.5459610031250001,0.8384401109375,0.568245125,0.8022284125000001,0.571030640625,0.707520890625,0.5849582171875001,0.6908078,0.6072423390624999,0.71030640625,0.62395543125,0.71030640625,0.6295264625,0.6991643453124999,0.596100278125,0.6378830078125,0.5598885796874999,0.6128133703125,0.520891365625,0.6211699171875,0.515320334375,0.6406685234375,0.49582172656249995,0.6406685234375,0.43454039062499994,0.601671309375,0.39554317499999997,0.596100278125
2058,2121_jpg.rf.5623d0e230fb8edd6462702f34d587e9.jpg,glioma,0.8272980499999999,0.23676880156250002,0.793871865625,0.22841225625,0.7799442890625,0.2646239546875,0.79665738125,0.2841225625,0.8161559890625,0.2841225625,0.8523676874999999,0.259052925,0.8272980499999999,0.23676880156250002,0,0,0,0,0,0,0,0,0,0,0,0,0,0
2059,1034_jpg.rf.f70e516616d47336965da4c3ecfb689c.jpg,pituitary,0.6462395546875,0.40668523749999996,0.6183844015625,0.39554317499999997,0.5849582171875001,0.43454039062499994,0.5933147625,0.459610028125,0.626740946875,0.45125348125000003,0.6462395546875,0.43175487500000004,0.6462395546875,0.40668523749999996,0,0,0,0,0,0,0,0,0,0,0,0,0,0
2060,980_jpg.rf.fbb9dea930251dc53b70c25443c96eaf.jpg,pituitary,0.428969359375,0.49860724218749997,0.4428969359375,0.4679665734375,0.4401114203125,0.4428969359375,0.33983286874999996,0.4428969359375,0.281337046875,0.47632312031249996,0.292479109375,0.5069637890625,0.3927576609375,0.520891365625,0.428969359375,0.49860724218749997,0,0,0,0,0,0,0,0,0,0,0,0
2061,72_jpg.rf.49d061c462d0bec8b31b54cb27e4697c.jpg,meningioma,0.8718662953124999,0.540389971875,0.913649025,0.5515320328125,0.9387186625,0.5125348187500001,0.9387186625,0.490250696875,0.916434540625,0.4428969359375,0.9052924796875,0.4401114203125,0.8635097500000001,0.4568245125,0.8495821734375,0.49860724218749997,0.8718662953124999,0.540389971875,0,0,0,0,0,0,0,0,0,0
2062,305_jpg.rf.ba7ce9eb2a9b9f312d86b86146c92b4e.jpg,meningioma,0.41318477187499997,1,0.4150417828125,0.9972144843749999,0.4150417828125,0.916434540625,0.46518105781249997,0.8997214484375,0.490250696875,0.8746518109375,0.48746518125,0.8384401109375,0.46239554375,0.8022284125000001,0.373259053125,0.7325905296874999,0.16434540312499998,0.707520890625,0.14206128125,0.7298050140625,0.1309192203125,0.7660167125,0.1309192203125,0.835654596875,0.14206128125,0.9025069640625001,0.16991643437499998,0.9582172703125
2063,527_jpg.rf.1026b1828326c2cca9ed85dd82e9f9cf.jpg,meningioma,0.2674094703125,0.8718662953124999,0.259052925,0.9275766015625001,0.3091922,0.9554317546875,0.3899721453125,0.9526462390624999,0.4122562671875,0.9247910859375,0.4122562671875,0.8635097500000001,0.367688021875,0.824512534375,0.32869080781250004,0.8189415046875,0.3036211703125,0.830083565625,0.2674094703125,0.8718662953124999,0,0,0,0,0,0,0,0
2064,2220_jpg.rf.7439420f47bc96815fabdb53ccb22c22.jpg,glioma,0.7548746515625,0.484679665625,0.774373259375,0.484679665625,0.79665738125,0.47632312031249996,0.8495821734375,0.4206128140625,0.9080779937499999,0.40389972187499995,0.9080779937499999,0.36490250625,0.8941504171875,0.3342618390625,0.8412256265625,0.2757660171875,0.7158774375,0.1894150421875,0.62395543125,0.17827298125,0.568245125,0.1838440109375,0.5654596093750001,0.21727019531249997,0.57381615625,0.2395543171875,0.6295264625,0.286908078125
2065,2480_jpg.rf.4d4ca12a8877859912589ed1223d864e.jpg,glioma,0.4428969359375,0.5292479109375,0.44568245156249997,0.5013927578125,0.43175487500000004,0.459610028125,0.48189415,0.46239554375,0.49582172656249995,0.42339832812499995,0.4679665734375,0.36490250625,0.4206128140625,0.3509749296875,0.3844011140625,0.317548746875,0.3231197765625,0.3064066859375,0.286908078125,0.32869080781250004,0.2785515328125,0.3509749296875,0.2451253484375,0.3788300828125,0.2395543171875,0.40111420625000005,0.25626740937500003,0.42618384374999996
2066,2976_jpg.rf.8fff39fe9eea46d9f7b149700c4da6c6.jpg,glioma,0.6128133703125,0.7047353765625,0.632311978125,0.6211699171875,0.6155988859375,0.601671309375,0.5626740953125,0.596100278125,0.5320334265625,0.6685236765625,0.568245125,0.7242339828125,0.5877437328124999,0.7242339828125,0.6128133703125,0.7047353765625,0,0,0,0,0,0,0,0,0,0,0,0
2067,610_jpg.rf.11c1eaeaca2e8626706052b4cebb64ce.jpg,meningioma,0.337047353125,0.292479109375,0.317548746875,0.2395543171875,0.28969359375,0.21169916406249997,0.2339832875,0.194986071875,0.16991643437499998,0.1922005578125,0.1225626734375,0.22562674062500002,0.0612813375,0.32869080781250004,0.0417827296875,0.40111420625000005,0.0417827296875,0.490250696875,0.12813370468750002,0.5654596093750001,0.21169916406249997,0.59888579375,0.281337046875,0.57381615625,0.3231197765625,0.5320334265625,0.33983286874999996,0.46518105781249997
2068,1459_jpg.rf.56ebc7d5a4b8eee6e053428148a3da10.jpg,pituitary,0.5654596093750001,0.5543175484375,0.59888579375,0.540389971875,0.63509749375,0.45125348125000003,0.6211699171875,0.42618384374999996,0.5793871859374999,0.42339832812499995,0.54874651875,0.40668523749999996,0.5236768796875,0.4150417828125,0.5125348187500001,0.43175487500000004,0.490250696875,0.43175487500000004,0.479108634375,0.4484679671875,0.48189415,0.484679665625,0.515320334375,0.5069637890625,0.5264623953124999,0.5292479109375,0.5236768796875,0.571030640625
2069,408_jpg.rf.5b1b7c6132044a3c0bd6dd764e359e3f.jpg,meningioma,0.0779944296875,0.3342618390625,0.03064066875,0.3704735375,0.0167130921875,0.39554317499999997,0.013927576562499999,0.42339832812499995,0.027855153124999997,0.459610028125,0.07520891406249999,0.5041782734375,0.1587743734375,0.515320334375,0.1866295265625,0.4568245125,0.17827298125,0.36490250625,0.1532033421875,0.35933147656250003,0.1337047359375,0.33983286874999996,0.0779944296875,0.3342618390625,0,0,0,0
2070,1160_jpg.rf.ef4f98eaef00bdd6b11ae28114672ab3.jpg,pituitary,0.5069637890625,0.4401114203125,0.49303621093750005,0.5125348187500001,0.5292479109375,0.5598885796874999,0.5877437328124999,0.57381615625,0.6378830078125,0.5236768796875,0.63509749375,0.428969359375,0.596100278125,0.398328690625,0.5654596093750001,0.398328690625,0.5348189421875,0.40668523749999996,0.5069637890625,0.4401114203125,0,0,0,0,0,0,0,0
2071,22_jpg.rf.9a24e64bf5324274fcb91b05d736eab6.jpg,meningioma,0.749303621875,0.48746518125,0.7270194984375,0.4568245125,0.6100278546875,0.43454039062499994,0.5654596093750001,0.44568245156249997,0.5431754875,0.4707520890625,0.5320334265625,0.5013927578125,0.5292479109375,0.5793871859374999,0.5877437328124999,0.6991643453124999,0.6406685234375,0.71030640625,0.6740947078125,0.6991643453124999,0.6935933140625,0.6796657374999999,0.71030640625,0.63509749375,0.7632311984375,0.5626740953125,0.749303621875,0.48746518125
2072,2406_jpg.rf.9eeae9f9a6056b15022e733f0dacc812.jpg,glioma,0.3314763234375,0.1559888578125,0.2952646234375,0.1532033421875,0.2339832875,0.20612813437500002,0.194986071875,0.2144846796875,0.1838440109375,0.2423398328125,0.1866295265625,0.281337046875,0.259052925,0.3231197765625,0.3454039,0.3091922,0.3816155984375,0.2757660171875,0.3927576609375,0.250696378125,0.3927576609375,0.21727019531249997,0.3621169921875,0.17270195,0.3314763234375,0.1559888578125,0,0
2073,2044_jpg.rf.5b05d5abff705deb326dfe53f825e932.jpg,glioma,0.32869080781250004,0.4206128140625,0.2757660171875,0.5013927578125,0.28969359375,0.601671309375,0.3537604453125,0.6713091921875,0.428969359375,0.651810584375,0.4568245125,0.6295264625,0.479108634375,0.5013927578125,0.49303621093750005,0.49303621093750005,0.46518105781249997,0.3844011140625,0.3871866296875,0.3704735375,0.32869080781250004,0.4206128140625,0,0,0,0,0,0
2074,364_jpg.rf.426321f34bf7134b6cb08dca0af4105c.jpg,meningioma,0.0668523671875,0.3231197765625,0.0362116984375,0.3454039,0.0167130921875,0.398328690625,0.0111420609375,0.49303621093750005,0.086350975,0.5125348187500001,0.16991643437499998,0.509749303125,0.21169916406249997,0.4484679671875,0.21169916406249997,0.36490250625,0.16434540312499998,0.3231197765625,0.10584958281250001,0.317548746875,0.0668523671875,0.3231197765625,0,0,0,0,0,0
2075,2766_jpg.rf.816a7b8ce83be882fb6fce9d2e7a35e4.jpg,glioma,0.4679665734375,0.459610028125,0.5571030640625,0.43175487500000004,0.6072423390624999,0.35933147656250003,0.6072423390624999,0.3008356546875,0.5933147625,0.2674094703125,0.5236768796875,0.23676880156250002,0.4484679671875,0.25348189374999996,0.40389972187499995,0.2785515328125,0.3454039,0.348189415625,0.3064066859375,0.44568245156249997,0.3064066859375,0.49582172656249995,0.3342618390625,0.6100278546875,0.398328690625,0.6545961,0.45403899687499993,0.6573816156250001
2076,2518_jpg.rf.0bd43d2678f13c3def460438dca9205d.jpg,glioma,0.568245125,0.5459610031250001,0.5598885796874999,0.4568245125,0.51810585,0.39554317499999997,0.459610028125,0.3816155984375,0.428969359375,0.40111420625000005,0.428969359375,0.42618384374999996,0.459610028125,0.484679665625,0.459610028125,0.5125348187500001,0.45125348125000003,0.5515320328125,0.42339832812499995,0.5626740953125,0.4206128140625,0.5933147625,0.46518105781249997,0.62395543125,0.5041782734375,0.62395543125,0.5571030640625,0.576601671875
2077,1568_jpg.rf.944f82490a842e7135ce52007d85fd33.jpg,pituitary,0.5013927578125,0.509749303125,0.5236768796875,0.49860724218749997,0.5348189421875,0.47632312031249996,0.5348189421875,0.4428969359375,0.5125348187500001,0.40111420625000005,0.48746518125,0.398328690625,0.4568245125,0.4428969359375,0.459610028125,0.49860724218749997,0.5013927578125,0.509749303125,0,0,0,0,0,0,0,0,0,0
2078,2722_jpg.rf.da1bf7b3aa208d94a883fa8c76c81006.jpg,glioma,0.5905292484375,0.53760445625,0.596100278125,0.484679665625,0.57381615625,0.373259053125,0.5264623953124999,0.3509749296875,0.46518105781249997,0.4150417828125,0.4122562671875,0.45125348125000003,0.3871866296875,0.490250696875,0.3704735375,0.49582172656249995,0.367688021875,0.540389971875,0.40111420625000005,0.576601671875,0.490250696875,0.6128133703125,0.520891365625,0.6490250703125,0.5431754875,0.651810584375,0.540389971875,0.5431754875
2079,1890_jpg.rf.3cdf869a639ba81eef379ef7ee7e159a.jpg,glioma,0.4959491890625,0.6619764734375,0.3899721453125,0.6072423390624999,0.373259053125,0.571030640625,0.4178272984375,0.5543175484375,0.4122562671875,0.51810585,0.3899721453125,0.5041782734375,0.2980501390625,0.49860724218749997,0.2646239546875,0.5236768796875,0.22841225625,0.5264623953124999,0.21169916406249997,0.49860724218749997,0.17827298125,0.49303621093750005,0.1504178265625,0.515320334375,0.1532033421875,0.576601671875,0.175487465625,0.63509749375
2080,1830_jpg.rf.f63fcc343ac81ec1d004a9c918813383.jpg,pituitary,0.651810584375,0.3621169921875,0.6211699171875,0.3259052921875,0.5933147625,0.3231197765625,0.5543175484375,0.367688021875,0.5320334265625,0.34261838437500003,0.49860724218749997,0.34261838437500003,0.479108634375,0.35933147656250003,0.47353760468750006,0.40389972187499995,0.5013927578125,0.4401114203125,0.5543175484375,0.45125348125000003,0.57381615625,0.42339832812499995,0.626740946875,0.43175487500000004,0.6490250703125,0.4150417828125,0.651810584375,0.3621169921875
2081,1094_jpg.rf.6e1381b3a2d47204488ed26286c5256d.jpg,pituitary,0.490250696875,0.32033426249999997,0.46239554375,0.3537604453125,0.4707520890625,0.48189415,0.4428969359375,0.49303621093750005,0.46239554375,0.5459610031250001,0.48189415,0.5543175484375,0.49860724218749997,0.5320334265625,0.51810585,0.5292479109375,0.5348189421875,0.484679665625,0.509749303125,0.3565459609375,0.5013927578125,0.3259052921875,0.490250696875,0.32033426249999997,0,0,0,0
2082,2021_jpg.rf.edfad9298ea38dcf33ccba4e2698418c.jpg,glioma,0.4178272984375,0.42618384374999996,0.398328690625,0.42339832812499995,0.3844011140625,0.39554317499999997,0.3308355578125,0.3981400890625,0.3214537890625,0.45028387187499996,0.3537604453125,0.49582172656249995,0.317548746875,0.5069637890625,0.2952646234375,0.5320334265625,0.292479109375,0.576601671875,0.317548746875,0.5877437328124999,0.373259053125,0.5877437328124999,0.4178272984375,0.571030640625,0.4401114203125,0.520891365625,0.4428969359375,0.47353760468750006
2083,803_jpg.rf.1d2dc3879d250d7479ecdb752714e16c.jpg,glioma,0.5654596093750001,0.7019498609375,0.5431754875,0.6768802234375,0.5431754875,0.6545961,0.576601671875,0.601671309375,0.576601671875,0.568245125,0.5626740953125,0.54874651875,0.5459610031250001,0.5459610031250001,0.5125348187500001,0.626740946875,0.49860724218749997,0.6072423390624999,0.49582172656249995,0.5543175484375,0.5041782734375,0.46518105781249997,0.5320334265625,0.40111420625000005,0.5571030640625,0.37604456875,0.5515320328125,0.2674094703125
2084,2763_jpg.rf.61e42fc81a8017d5146787eb8c9e0940.jpg,glioma,0.5531237578125,1,0.5543175484375,0.9916434546874999,0.5515320328125,0.9582172703125,0.51810585,0.9108635093749999,0.51810585,0.8885793874999999,0.53760445625,0.8495821734375,0.5348189421875,0.8050139281250001,0.568245125,0.7325905296874999,0.5654596093750001,0.6100278546875,0.596100278125,0.5598885796874999,0.6490250703125,0.5236768796875,0.6796657374999999,0.484679665625,0.7242339828125,0.4707520890625,0.774373259375,0.47632312031249996
2085,2213_jpg.rf.a1d1991b236401463aae3829ec690a99.jpg,glioma,0.568245125,0.6378830078125,0.604456825,0.6490250703125,0.6072423390624999,0.5236768796875,0.5933147625,0.5013927578125,0.6183844015625,0.4707520890625,0.6740947078125,0.4401114203125,0.6768802234375,0.4206128140625,0.662952646875,0.4178272984375,0.5292479109375,0.4484679671875,0.46518105781249997,0.42618384374999996,0.40111420625000005,0.428969359375,0.3454039,0.47632312031249996,0.337047353125,0.5431754875,0.3816155984375,0.5598885796874999
2086,2288_jpg.rf.2b8ecece2b9f106eb0ca3cf803087d83.jpg,glioma,0.16991643437499998,0.8384401109375,0.20055710312500002,0.860724234375,0.24791086406249999,0.8718662953124999,0.3036211703125,0.8662952640625001,0.3314763234375,0.8830083562500001,0.43454039062499994,0.8774373265625,0.45125348125000003,0.8384401109375,0.48189415,0.830083565625,0.490250696875,0.8050139281250001,0.5320334265625,0.7827298046875,0.5515320328125,0.74651810625,0.568245125,0.738161559375,0.568245125,0.707520890625,0.49582172656249995,0.7325905296874999
2087,845_jpg.rf.2858a7267658172ed33a71dd30d5278c.jpg,glioma,0.22284122499999998,0.17270195,0.22562674062500002,0.22841225625,0.2423398328125,0.261838440625,0.32033426249999997,0.261838440625,0.3509749296875,0.24791086406249999,0.3621169921875,0.21727019531249997,0.348189415625,0.1866295265625,0.3036211703125,0.17827298125,0.2674094703125,0.1504178265625,0.2451253484375,0.1504178265625,0.22284122499999998,0.17270195,0,0,0,0,0,0
2088,2432_jpg.rf.22e83703b7014e01b24ea0057dc9d294.jpg,glioma,0.3899721453125,0.317548746875,0.3342618390625,0.3314763234375,0.3064066859375,0.3621169921875,0.2952646234375,0.398328690625,0.2952646234375,0.46239554375,0.3259052921875,0.49303621093750005,0.4094707515625,0.49582172656249995,0.4679665734375,0.520891365625,0.490250696875,0.49582172656249995,0.49303621093750005,0.3788300828125,0.4568245125,0.33983286874999996,0.3899721453125,0.317548746875,0,0,0,0
2089,643_jpg.rf.781b911a694f733cb682d9d9cae31215.jpg,meningioma,0.44568245156249997,0.5069637890625,0.4568245125,0.53760445625,0.5041782734375,0.5849582171875001,0.54874651875,0.59888579375,0.59888579375,0.5459610031250001,0.6211699171875,0.47353760468750006,0.5626740953125,0.3871866296875,0.5236768796875,0.3816155984375,0.44568245156249997,0.44568245156249997,0.44568245156249997,0.5069637890625,0,0,0,0,0,0,0,0
2090,2103_jpg.rf.7fbf415df877f0b44ce29f565b5c3920.jpg,glioma,0.4094707515625,0.6963788296875,0.4206128140625,0.651810584375,0.4094707515625,0.6406685234375,0.37604456875,0.6406685234375,0.35933147656250003,0.6545961,0.3565459609375,0.688022284375,0.3844011140625,0.7019498609375,0.4094707515625,0.6963788296875,0,0,0,0,0,0,0,0,0,0,0,0
2091,2400_jpg.rf.be065066c839b762547bc4ce179a035c.jpg,glioma,0.5905292484375,0.16991643437499998,0.5543175484375,0.1476323125,0.47632312031249996,0.14206128125,0.4178272984375,0.1532033421875,0.3844011140625,0.175487465625,0.367688021875,0.250696378125,0.3816155984375,0.3036211703125,0.45125348125000003,0.3231197765625,0.5292479109375,0.3259052921875,0.6100278546875,0.292479109375,0.6601671312499999,0.2841225625,0.6657381609375,0.22562674062500002,0.6211699171875,0.17270195,0.5905292484375,0.16991643437499998
2092,1096_jpg.rf.7badab333f551171ddf30c6d62f0f358.jpg,pituitary,0.4707520890625,0.3899721453125,0.45403899687499993,0.39554317499999997,0.45125348125000003,0.48746518125,0.49582172656249995,0.479108634375,0.540389971875,0.5069637890625,0.576601671875,0.46518105781249997,0.5933147625,0.43454039062499994,0.5292479109375,0.3816155984375,0.5013927578125,0.40111420625000005,0.4707520890625,0.3899721453125,0,0,0,0,0,0,0,0
2093,1550_jpg.rf.872792ab3243638d0127b82993b70333.jpg,pituitary,0.520891365625,0.40389972187499995,0.4679665734375,0.4206128140625,0.44568245156249997,0.4428969359375,0.4373259046875,0.459610028125,0.4401114203125,0.51810585,0.5236768796875,0.5933147625,0.5626740953125,0.5849582171875001,0.59888579375,0.596100278125,0.63509749375,0.5598885796874999,0.6406685234375,0.46239554375,0.6183844015625,0.4178272984375,0.520891365625,0.40389972187499995,0,0,0,0
2094,1149_jpg.rf.b39567d42d56e6da5177a8bb6c129733.jpg,pituitary,0.7715877437499999,0.4568245125,0.7576601671875001,0.4568245125,0.7270194984375,0.459610028125,0.7186629531250001,0.48746518125,0.6908078,0.49860724218749997,0.688022284375,0.515320334375,0.71030640625,0.520891365625,0.7214484671875,0.5933147625,0.768802228125,0.5821727015625,0.793871865625,0.5933147625,0.8105849578125,0.571030640625,0.8050139281250001,0.5264623953124999,0.7715877437499999,0.4568245125,0,0
2095,790_jpg.rf.7a3bd36621a400296bdd0c4b669420be.jpg,glioma,0.37604456875,0.7855153203125,0.42618384374999996,0.8161559890625,0.49303621093750005,0.835654596875,0.5320334265625,0.835654596875,0.5626740953125,0.8161559890625,0.6155988859375,0.8050139281250001,0.6601671312499999,0.71030640625,0.632311978125,0.59888579375,0.6434540390625,0.5877437328124999,0.6713091921875,0.5877437328124999,0.6852367687500001,0.5515320328125,0.6545961,0.515320334375,0.6545961,0.49860724218749997,0.6128133703125,0.484679665625
2096,1215_jpg.rf.ab46b605ab083b4109f21922e0d4ebfb.jpg,pituitary,0.49582172656249995,0.46518105781249997,0.5236768796875,0.4679665734375,0.5571030640625,0.4401114203125,0.5571030640625,0.3899721453125,0.5292479109375,0.3621169921875,0.490250696875,0.35933147656250003,0.47632312031249996,0.373259053125,0.47632312031249996,0.4373259046875,0.49582172656249995,0.46518105781249997,0,0,0,0,0,0,0,0,0,0
2097,283_jpg.rf.eca54a929c4a460bb1e4468235c2dcf6.jpg,meningioma,0,0.7205913875000001,0.002785515625,0.7242339828125,0.022284121875,0.7242339828125,0.0445682453125,0.6963788296875,0.0473537609375,0.6685236765625,0.027855153124999997,0.6378830078125,0.002785515625,0.63509749375,0,0.63649025,0,0.7205913875000001,0,0,0,0,0,0,0,0,0,0
2098,767_jpg.rf.a72c443e18546f979ae4664e123e2cb2.jpg,glioma,0.4568245125,0.3816155984375,0.48746518125,0.42339832812499995,0.49860724218749997,0.4679665734375,0.51810585,0.47353760468750006,0.5571030640625,0.45125348125000003,0.5654596093750001,0.4150417828125,0.53760445625,0.32869080781250004,0.5069637890625,0.32033426249999997,0.46518105781249997,0.3537604453125,0.4568245125,0.3816155984375,0,0,0,0,0,0,0,0
2099,2374_jpg.rf.ec0f013c9359b8c6050dcb7ca40a701c.jpg,glioma,0.4206128140625,0.6462395546875,0.47632312031249996,0.707520890625,0.515320334375,0.707520890625,0.5543175484375,0.682451253125,0.5543175484375,0.6657381609375,0.540389971875,0.6545961,0.490250696875,0.62395543125,0.4428969359375,0.6100278546875,0.4206128140625,0.632311978125,0.4206128140625,0.6462395546875,0,0,0,0,0,0,0,0
2100,946_jpg.rf.cc7b57482990504d2e32181d0ed58ec3.jpg,pituitary,0.3509749296875,0.5515320328125,0.3621169921875,0.5821727015625,0.3927576609375,0.6072423390624999,0.4206128140625,0.5905292484375,0.45403899687499993,0.5905292484375,0.4707520890625,0.5654596093750001,0.44568245156249997,0.5069637890625,0.40111420625000005,0.490250696875,0.37604456875,0.5041782734375,0.3509749296875,0.5515320328125,0,0,0,0,0,0,0,0
2101,2075_jpg.rf.ce10b227c2be71e15446bf1ea703c164.jpg,glioma,0.21740801875,0.6171560671874999,0.347833971875,0.6198690421874999,0.40726796875,0.5745923281249999,0.5182436734375,0.5976574593749999,0.5488843421875,0.56980230625,0.560026403125,0.5280195765625,0.5544553734375001,0.4528106625,0.53774228125,0.41938447968750003,0.4959595515625,0.37760175,0.3789679078125,0.37203071875,0.3260431171875,0.405456903125,0.2926169328125,0.40267138750000003,0.275903840625,0.42216999375,0.23412111093750002,0.43609757031249996
2102,1382_jpg.rf.fc779c7b928174a74f78c65d98d295c1.jpg,pituitary,0.48189415,0.484679665625,0.47632312031249996,0.44568245156249997,0.4568245125,0.43175487500000004,0.4094707515625,0.43175487500000004,0.398328690625,0.45125348125000003,0.398328690625,0.49303621093750005,0.4679665734375,0.515320334375,0.48189415,0.484679665625,0,0,0,0,0,0,0,0,0,0,0,0
2103,361_jpg.rf.f1892701666e92755069587e4702bed3.jpg,meningioma,0.1337047359375,0.32869080781250004,0.11142061249999999,0.3259052921875,0.08077994375,0.35933147656250003,0.052924790624999996,0.4401114203125,0.055710306249999994,0.5348189421875,0.16155988906250002,0.5264623953124999,0.19777158749999998,0.5013927578125,0.194986071875,0.4679665734375,0.2089136484375,0.428969359375,0.19777158749999998,0.3871866296875,0.1866295265625,0.373259053125,0.16155988906250002,0.367688021875,0.1337047359375,0.32869080781250004,0,0
2104,1356_jpg.rf.52b77011f8b0e0e178a72f4aede39570.jpg,pituitary,0.5041782734375,0.515320334375,0.48746518125,0.49303621093750005,0.48746518125,0.4401114203125,0.44568245156249997,0.4094707515625,0.4094707515625,0.40668523749999996,0.28969359375,0.45125348125000003,0.22841225625,0.49860724218749997,0.2395543171875,0.5543175484375,0.2674094703125,0.5877437328124999,0.3036211703125,0.6100278546875,0.3342618390625,0.6072423390624999,0.3704735375,0.6378830078125,0.43454039062499994,0.632311978125,0.484679665625,0.5793871859374999
2105,774_jpg.rf.e6d5548144b10d18bff117cbc3da4076.jpg,glioma,0.119777159375,0.5515320328125,0.114206128125,0.5821727015625,0.17270195,0.6963788296875,0.2423398328125,0.7186629531250001,0.2785515328125,0.71030640625,0.32869080781250004,0.6601671312499999,0.3454039,0.63509749375,0.3621169921875,0.568245125,0.3008356546875,0.5320334265625,0.23676880156250002,0.5236768796875,0.119777159375,0.5515320328125,0,0,0,0,0,0
2106,260_jpg.rf.bc5b2f28d7fe66b2036ac0780fa4635c.jpg,meningioma,0.36490250625,0.5236768796875,0.373259053125,0.53760445625,0.459610028125,0.520891365625,0.47353760468750006,0.509749303125,0.479108634375,0.4484679671875,0.43175487500000004,0.43454039062499994,0.3927576609375,0.4484679671875,0.373259053125,0.4679665734375,0.36490250625,0.5236768796875,0,0,0,0,0,0,0,0,0,0
2107,999_jpg.rf.717eab787dc882d726e46cdbe21a0483.jpg,pituitary,0.36490250625,0.46518105781249997,0.35933147656250003,0.5236768796875,0.3816155984375,0.571030640625,0.4401114203125,0.568245125,0.4679665734375,0.5431754875,0.4679665734375,0.46239554375,0.4428969359375,0.43175487500000004,0.4122562671875,0.428969359375,0.3788300828125,0.4401114203125,0.36490250625,0.46518105781249997,0,0,0,0,0,0,0,0
2108,925_jpg.rf.3198b42dd65c36fe3228c1020357234c.jpg,pituitary,0.250696378125,0.5236768796875,0.2701949859375,0.5626740953125,0.3064066859375,0.5849582171875001,0.3342618390625,0.5877437328124999,0.39554317499999997,0.5571030640625,0.40668523749999996,0.49582172656249995,0.3816155984375,0.4484679671875,0.317548746875,0.42618384374999996,0.2646239546875,0.47353760468750006,0.250696378125,0.5236768796875,0,0,0,0,0,0,0,0
2109,1150_jpg.rf.7370e00ce0ec58e7f0126691ed7a7ee2.jpg,pituitary,0.7158774375,0.484679665625,0.7158774375,0.568245125,0.799442896875,0.576601671875,0.8077994421874999,0.5571030640625,0.79665738125,0.5125348187500001,0.768802228125,0.48189415,0.774373259375,0.4568245125,0.7576601671875001,0.4568245125,0.7298050140625,0.46518105781249997,0.7158774375,0.484679665625,0,0,0,0,0,0,0,0
2110,1709_jpg.rf.abe7cdefe6622c6d7fb50c933d3f2652.jpg,pituitary,0.6796657374999999,0.3454039,0.6573816156250001,0.3259052921875,0.5877437328124999,0.317548746875,0.51810585,0.34261838437500003,0.490250696875,0.3871866296875,0.4401114203125,0.40389972187499995,0.4401114203125,0.43175487500000004,0.48746518125,0.4484679671875,0.5013927578125,0.43175487500000004,0.5515320328125,0.43454039062499994,0.5933147625,0.4122562671875,0.6713091921875,0.42618384374999996,0.6852367687500001,0.3871866296875,0.6796657374999999,0.3454039
2111,1848_jpg.rf.82b20c161a6a34cb93bb9826573ae34a.jpg,glioma,0.5654596093750001,0.1253481890625,0.5041782734375,0.1225626734375,0.4122562671875,0.2200557109375,0.4094707515625,0.25626740937500003,0.42618384374999996,0.2952646234375,0.459610028125,0.3064066859375,0.5013927578125,0.2451253484375,0.5013927578125,0.3231197765625,0.520891365625,0.3314763234375,0.53760445625,0.261838440625,0.576601671875,0.22284122499999998,0.5821727015625,0.1922005578125,0.5654596093750001,0.1253481890625,0,0
2112,3053_jpg.rf.0a5ed2a02ec1edf738bae63694c874fa.jpg,glioma,0.5041782734375,0.25348189374999996,0.509749303125,0.22841225625,0.5069637890625,0.10306406718750001,0.47632312031249996,0.0612813375,0.4373259046875,0.0417827296875,0.3454039,0.03064066875,0.2395543171875,0.086350975,0.17827298125,0.139275765625,0.12813370468750002,0.2089136484375,0.12813370468750002,0.2757660171875,0.1866295265625,0.3565459609375,0.3816155984375,0.35933147656250003,0.428969359375,0.37604456875,0.459610028125,0.4094707515625
2113,1740_jpg.rf.b6de1fd427b9cc2c3c7cff1b9506aef4.jpg,pituitary,0.46239554375,0.33983286874999996,0.5069637890625,0.4094707515625,0.5626740953125,0.4178272984375,0.601671309375,0.337047353125,0.604456825,0.3064066859375,0.5905292484375,0.2785515328125,0.5598885796874999,0.25626740937500003,0.5125348187500001,0.24791086406249999,0.46239554375,0.3064066859375,0.46239554375,0.33983286874999996,0,0,0,0,0,0,0,0
2114,2243_jpg.rf.7662c25fdcf77e9fb566eb7a10dbfe44.jpg,glioma,0.3565459609375,0.626740946875,0.35933147656250003,0.5543175484375,0.2089136484375,0.540389971875,0.17270195,0.54874651875,0.12813370468750002,0.5793871859374999,0.1337047359375,0.6100278546875,0.17270195,0.6155988859375,0.1922005578125,0.632311978125,0.16991643437499998,0.6657381609375,0.1476323125,0.6740947078125,0.1476323125,0.6908078,0.194986071875,0.713091921875,0.31476323125,0.6963788296875,0.3565459609375,0.626740946875
2115,181_jpg.rf.d2b1848f5867c1f055b8d15d107384ee.jpg,meningioma,0.7883008359375,0.37604456875,0.6768802234375,0.348189415625,0.6545961,0.3537604453125,0.6295264625,0.3788300828125,0.6072423390624999,0.4428969359375,0.62395543125,0.484679665625,0.6211699171875,0.5125348187500001,0.6462395546875,0.5515320328125,0.7047353765625,0.5654596093750001,0.777158775,0.5320334265625,0.830083565625,0.46239554375,0.8133704734375,0.40668523749999996,0.7883008359375,0.37604456875,0,0
2116,597_jpg.rf.34440751ef703af3e0707b92cef2799f.jpg,meningioma,0.3565459609375,0.6908078,0.398328690625,0.6991643453124999,0.4122562671875,0.682451253125,0.4150417828125,0.6462395546875,0.398328690625,0.6128133703125,0.3816155984375,0.6128133703125,0.3454039,0.6295264625,0.33983286874999996,0.662952646875,0.3565459609375,0.6908078,0,0,0,0,0,0,0,0,0,0
2117,1567_jpg.rf.b09649960422ffdb70af08141bdf8af5.jpg,pituitary,0.46518105781249997,0.5125348187500001,0.49582172656249995,0.520891365625,0.5125348187500001,0.509749303125,0.5292479109375,0.44568245156249997,0.515320334375,0.428969359375,0.47353760468750006,0.428969359375,0.4568245125,0.4373259046875,0.45125348125000003,0.490250696875,0.46518105781249997,0.5125348187500001,0,0,0,0,0,0,0,0,0,0
2118,1171_jpg.rf.cf1afaf4a079d654863b604a1a54f2dd.jpg,pituitary,0.63509749375,0.317548746875,0.59888579375,0.28969359375,0.540389971875,0.281337046875,0.45403899687499993,0.2952646234375,0.39554317499999997,0.337047353125,0.3816155984375,0.373259053125,0.3844011140625,0.4178272984375,0.4150417828125,0.459610028125,0.490250696875,0.47353760468750006,0.5320334265625,0.4484679671875,0.5905292484375,0.4401114203125,0.62395543125,0.4178272984375,0.6434540390625,0.367688021875,0.63509749375,0.317548746875
2119,332_jpg.rf.4281b84b77eaf71dd16df38e91d5d555.jpg,meningioma,0.515320334375,0.5849582171875001,0.5236768796875,0.626740946875,0.54874651875,0.6545961,0.6545961,0.6713091921875,0.6657381609375,0.651810584375,0.6601671312499999,0.6211699171875,0.6155988859375,0.5821727015625,0.5877437328124999,0.5348189421875,0.601671309375,0.4679665734375,0.5598885796874999,0.46518105781249997,0.515320334375,0.5849582171875001,0,0,0,0,0,0
2120,1931_jpg.rf.dc36adaa38999abefd29f97c01a1cb70.jpg,glioma,0.35933147656250003,0.740947075,0.3342618390625,0.6963788296875,0.311977715625,0.6963788296875,0.2952646234375,0.6991643453124999,0.286908078125,0.7242339828125,0.25348189374999996,0.743732590625,0.25626740937500003,0.8077994421874999,0.2952646234375,0.8440111421875001,0.3537604453125,0.8690807796875,0.398328690625,0.8718662953124999,0.3927576609375,0.8328690812499999,0.3537604453125,0.8105849578125,0.367688021875,0.7827298046875,0.35933147656250003,0.740947075
2121,2664_jpg.rf.37d4c9fdfae83f1de889c5753c00bac3.jpg,glioma,0.44568245156249997,0.7827298046875,0.3927576609375,0.824512534375,0.40668523749999996,0.8523676874999999,0.6211699171875,0.8077994421874999,0.6406685234375,0.74651810625,0.6378830078125,0.707520890625,0.6211699171875,0.6796657374999999,0.5543175484375,0.6490250703125,0.51810585,0.6796657374999999,0.44568245156249997,0.7827298046875,0,0,0,0,0,0,0,0
2122,1337_jpg.rf.e091e2ad677c61bb5eae7dacfa8f1551.jpg,pituitary,0.337047353125,0.46518105781249997,0.3259052921875,0.509749303125,0.33983286874999996,0.54874651875,0.3704735375,0.576601671875,0.3899721453125,0.576601671875,0.4401114203125,0.540389971875,0.4568245125,0.49860724218749997,0.45125348125000003,0.47632312031249996,0.4178272984375,0.44568245156249997,0.37604456875,0.43454039062499994,0.337047353125,0.46518105781249997,0,0,0,0,0,0
2123,15_jpg.rf.eed685ca0ef3fe5d65bd7f0222b2d4d1.jpg,meningioma,0.515320334375,0.5348189421875,0.520891365625,0.5933147625,0.57381615625,0.632311978125,0.6378830078125,0.632311978125,0.6852367687500001,0.6100278546875,0.707520890625,0.576601671875,0.707520890625,0.53760445625,0.6908078,0.490250696875,0.6462395546875,0.4679665734375,0.5626740953125,0.46518105781249997,0.515320334375,0.5348189421875,0,0,0,0,0,0
2124,368_jpg.rf.41826df43d6b9c73459a66e88f30b9dc.jpg,meningioma,0.20055710312500002,0.32869080781250004,0.16155988906250002,0.34261838437500003,0.139275765625,0.36490250625,0.12813370468750002,0.4401114203125,0.1476323125,0.46239554375,0.21727019531249997,0.47632312031249996,0.250696378125,0.46518105781249997,0.2701949859375,0.44568245156249997,0.292479109375,0.40668523749999996,0.292479109375,0.3704735375,0.2674094703125,0.337047353125,0.20055710312500002,0.32869080781250004,0,0,0,0
2125,237_jpg.rf.389d7b14f1f56cea2dd815775d2c718c.jpg,meningioma,0.707520890625,0.5515320328125,0.6434540390625,0.568245125,0.6378830078125,0.62395543125,0.6601671312499999,0.6796657374999999,0.7186629531250001,0.7353760453125,0.71030640625,0.6657381609375,0.7186629531250001,0.6545961,0.7520891359374999,0.6601671312499999,0.774373259375,0.6295264625,0.774373259375,0.604456825,0.738161559375,0.5571030640625,0.707520890625,0.5515320328125,0,0,0,0
2126,73_jpg.rf.0ca54dded7ca7aac8acaf9b5e712ba55.jpg,meningioma,0.5431754875,0.4206128140625,0.5069637890625,0.3899721453125,0.4150417828125,0.37604456875,0.373259053125,0.3927576609375,0.286908078125,0.4568245125,0.2757660171875,0.515320334375,0.3008356546875,0.5543175484375,0.3509749296875,0.57381615625,0.39554317499999997,0.62395543125,0.43175487500000004,0.6295264625,0.5348189421875,0.5793871859374999,0.571030640625,0.509749303125,0.571030640625,0.4707520890625,0.5431754875,0.4206128140625
2127,595_jpg.rf.9ab9db2a640d7e9978d1e0b6c349de09.jpg,meningioma,0.17827298125,0.35933147656250003,0.139275765625,0.34261838437500003,0.10863509687499999,0.34261838437500003,0.09192200625,0.3621169921875,0.055710306249999994,0.46239554375,0.050139275000000004,0.5571030640625,0.08077994375,0.5849582171875001,0.1476323125,0.5933147625,0.194986071875,0.5571030640625,0.21727019531249997,0.5236768796875,0.21169916406249997,0.48189415,0.22562674062500002,0.4373259046875,0.2144846796875,0.40389972187499995,0.17827298125,0.35933147656250003
2128,105_jpg.rf.77eb94f86f7ec88deb2aabad4354024c.jpg,meningioma,0.74651810625,0.32033426249999997,0.7715877437499999,0.281337046875,0.8105849578125,0.259052925,0.8161559890625,0.21727019531249997,0.835654596875,0.20612813437500002,0.824512534375,0.1894150421875,0.6545961,0.119777159375,0.6128133703125,0.119777159375,0.6183844015625,0.16713091875,0.6295264625,0.175487465625,0.626740946875,0.2144846796875,0.596100278125,0.2200557109375,0.568245125,0.261838440625,0.568245125,0.286908078125
2129,888_jpg.rf.a0dffcab77afa02c992e57f2d06d8674.jpg,glioma,0.5041782734375,0.3008356546875,0.47353760468750006,0.292479109375,0.398328690625,0.311977715625,0.3927576609375,0.34261838437500003,0.337047353125,0.43175487500000004,0.34261838437500003,0.5821727015625,0.40111420625000005,0.6072423390624999,0.4094707515625,0.6211699171875,0.42618384374999996,0.6211699171875,0.48746518125,0.5654596093750001,0.53760445625,0.46239554375,0.53760445625,0.35933147656250003,0.5041782734375,0.3008356546875,0,0
2130,2274_jpg.rf.643c6b3865a56ef0060b01b14c682d57.jpg,glioma,0.3091922,0.8077994421874999,0.33983286874999996,0.7715877437499999,0.34261838437500003,0.749303621875,0.3704735375,0.740947075,0.3899721453125,0.713091921875,0.4178272984375,0.749303621875,0.46239554375,0.7548746515625,0.490250696875,0.6991643453124999,0.48189415,0.62395543125,0.4568245125,0.5821727015625,0.3871866296875,0.5236768796875,0.34261838437500003,0.5041782734375,0.31476323125,0.5041782734375,0.2701949859375,0.5626740953125
2131,2230_jpg.rf.62d3f81351c3989d9941ec990a35592b.jpg,glioma,0.651810584375,0.6100278546875,0.743732590625,0.6155988859375,0.8133704734375,0.5543175484375,0.8384401109375,0.5459610031250001,0.8412256265625,0.47632312031249996,0.8662952640625001,0.4373259046875,0.8662952640625001,0.4150417828125,0.8440111421875001,0.37604456875,0.7632311984375,0.32869080781250004,0.738161559375,0.3259052921875,0.707520890625,0.33983286874999996,0.6768802234375,0.3844011140625,0.596100278125,0.373259053125,0.5543175484375,0.3454039
2132,3018_jpg.rf.aee4c82ed0b1a2ebb504935a79768e84.jpg,glioma,0.4122562671875,0.793871865625,0.48189415,0.6768802234375,0.571030640625,0.6072423390624999,0.6155988859375,0.54874651875,0.71030640625,0.46518105781249997,0.7298050140625,0.398328690625,0.71030640625,0.3314763234375,0.6713091921875,0.3008356546875,0.6406685234375,0.3008356546875,0.5793871859374999,0.3565459609375,0.5459610031250001,0.4206128140625,0.515320334375,0.5041782734375,0.520891365625,0.5543175484375,0.5069637890625,0.5793871859374999
2133,1035_jpg.rf.a852b16bbb7e744048ca63940b0c5aa6.jpg,pituitary,0.5905292484375,0.44568245156249997,0.5013927578125,0.4401114203125,0.459610028125,0.4568245125,0.42339832812499995,0.49303621093750005,0.4206128140625,0.5543175484375,0.4373259046875,0.5821727015625,0.479108634375,0.5905292484375,0.5264623953124999,0.57381615625,0.5877437328124999,0.571030640625,0.626740946875,0.5515320328125,0.63509749375,0.49860724218749997,0.6072423390624999,0.4568245125,0.5905292484375,0.44568245156249997,0,0
2134,169_jpg.rf.c35dc57b121974835c181319969cc6a1.jpg,meningioma,0.45125348125000003,0.6713091921875,0.36490250625,0.6490250703125,0.2785515328125,0.688022284375,0.2395543171875,0.743732590625,0.2451253484375,0.8022284125000001,0.2674094703125,0.8467966578125001,0.34261838437500003,0.8774373265625,0.3788300828125,0.8746518109375,0.45403899687499993,0.835654596875,0.48189415,0.777158775,0.484679665625,0.7353760453125,0.4679665734375,0.6852367687500001,0.45125348125000003,0.6713091921875,0,0
2135,2740_jpg.rf.cf42ef60a19d8583932843e70bff109d.jpg,glioma,0.6545961,0.6490250703125,0.662952646875,0.515320334375,0.688022284375,0.4707520890625,0.6852367687500001,0.4122562671875,0.6545961,0.37604456875,0.5933147625,0.348189415625,0.571030640625,0.3259052921875,0.5264623953124999,0.32033426249999997,0.484679665625,0.3342618390625,0.4707520890625,0.3537604453125,0.4428969359375,0.540389971875,0.4484679671875,0.62395543125,0.46239554375,0.688022284375,0.47632312031249996,0.7047353765625
2136,1085_jpg.rf.4e9e9d25c637561815221447e6f2f503.jpg,pituitary,0.45125348125000003,0.4401114203125,0.4484679671875,0.46239554375,0.4707520890625,0.5515320328125,0.5041782734375,0.5793871859374999,0.5069637890625,0.601671309375,0.5348189421875,0.6100278546875,0.5431754875,0.5598885796874999,0.5292479109375,0.54874651875,0.520891365625,0.43454039062499994,0.5041782734375,0.3788300828125,0.45125348125000003,0.4401114203125,0,0,0,0,0,0
2137,1198_jpg.rf.6dda91a2b19c13703873693ece6eab19.jpg,pituitary,0.5571030640625,0.49582172656249995,0.5849582171875001,0.49860724218749997,0.5905292484375,0.4707520890625,0.5543175484375,0.40668523749999996,0.53760445625,0.3927576609375,0.5013927578125,0.3899721453125,0.49582172656249995,0.4373259046875,0.5069637890625,0.4679665734375,0.5571030640625,0.49582172656249995,0,0,0,0,0,0,0,0,0,0
2138,2431_jpg.rf.bd38321f90e9437568de201411b599ec.jpg,glioma,0.5041782734375,0.4094707515625,0.490250696875,0.35933147656250003,0.46239554375,0.3259052921875,0.3871866296875,0.311977715625,0.337047353125,0.32869080781250004,0.3091922,0.3565459609375,0.292479109375,0.4094707515625,0.2952646234375,0.4568245125,0.32869080781250004,0.49303621093750005,0.40668523749999996,0.49860724218749997,0.4428969359375,0.5292479109375,0.479108634375,0.5292479109375,0.5013927578125,0.515320334375,0.5069637890625,0.490250696875
2139,2306_jpg.rf.fa6be0bb9106c68c4bc72b973e09c456.jpg,glioma,0.139275765625,0.3259052921875,0.12813370468750002,0.3816155984375,0.139275765625,0.42618384374999996,0.2200557109375,0.42618384374999996,0.2757660171875,0.37604456875,0.27298050156250003,0.259052925,0.250696378125,0.2423398328125,0.20055710312500002,0.23676880156250002,0.17270195,0.25626740937500003,0.139275765625,0.3259052921875,0,0,0,0,0,0,0,0
2140,1706_jpg.rf.e054cd14b9bfc1f983b683183f343ddf.jpg,pituitary,0.5821727015625,0.32869080781250004,0.5543175484375,0.3509749296875,0.5543175484375,0.40111420625000005,0.5849582171875001,0.45125348125000003,0.626740946875,0.459610028125,0.6545961,0.4373259046875,0.6963788296875,0.4373259046875,0.7158774375,0.42339832812499995,0.7242339828125,0.37604456875,0.7047353765625,0.348189415625,0.662952646875,0.32869080781250004,0.5821727015625,0.32869080781250004,0,0,0,0
2141,425_jpg.rf.17149ecd34827255b34ddf4463f7a4b2.jpg,meningioma,0,0.520891365625,0.033426184375,0.520891365625,0.16155988906250002,0.479108634375,0.2089136484375,0.4373259046875,0.2646239546875,0.3509749296875,0.2701949859375,0.2785515328125,0.2423398328125,0.2144846796875,0.175487465625,0.17827298125,0.086350975,0.16991643437499998,0.055710306249999994,0.1810584953125,0.027855153124999997,0.21727019531249997,0,0.2899358140625,0,0.520891365625,0,0
2142,1361_jpg.rf.2b534ce7c445dcd461b97980223e23e4.jpg,pituitary,0.259052925,0.515320334375,0.3259052921875,0.6295264625,0.3621169921875,0.6490250703125,0.3565459609375,0.59888579375,0.4150417828125,0.5821727015625,0.40668523749999996,0.47353760468750006,0.3704735375,0.428969359375,0.31476323125,0.42339832812499995,0.2701949859375,0.45403899687499993,0.259052925,0.515320334375,0,0,0,0,0,0,0,0
2143,2442_jpg.rf.36e63550e5f08054cba1b81bc5466d5d.jpg,glioma,0.337047353125,0.6155988859375,0.286908078125,0.6545961,0.2785515328125,0.6796657374999999,0.2841225625,0.7186629531250001,0.32033426249999997,0.738161559375,0.35933147656250003,0.7855153203125,0.428969359375,0.79665738125,0.45403899687499993,0.7353760453125,0.45403899687499993,0.7047353765625,0.4373259046875,0.6685236765625,0.3871866296875,0.626740946875,0.337047353125,0.6155988859375,0,0,0,0
